participant_id,emergency_department_work_stressors,workload,shift_hours,traumatic_exposure,work_life_balance,coping_strategies,supervisor_support,weekly_work_hours,sleep_hours,staffing_adequacy,job_control,team_support,workplace_conflict,infection_worry,commute_minutes,age_years,ed_experience_years,break_minutes,recovery_days_week,financial_strain,exercise_minutes_week,professional_role,shift_pattern,employment_status,gender,dependent_care,postgraduate_training,debrief_access,contract_temporary,recent_violence,peer_support_program,burnout
T07_0001,6,1.3,10,4,5.6,5.3,4.3,43,7.7,5.3,6,5.9,7.2,1.9,24,48,5.5,23,3,3.7,84,medical,day,part_time,woman,yes,no,yes,no,yes,yes,7
T07_0002,4.25,3.6,10.8,8,7.8,2.1,9.8,28,5.4,7.6,2.7,8.1,4.7,5.9,45,30,10,29,3,2.6,207,allied_health,rotating,part_time,woman,yes,no,no,no,no,no,4
T07_0003,5,4,10.2,2,4.4,2.5,5.5,48,6.5,4.3,7.6,5.2,3.8,7.2,22,44,13.2,30,2,5.5,69,medical,day,part_time,woman,no,yes,no,no,yes,yes,4.83333
T07_0004,6.25,6.9,7.3,9,8.1,7,5.9,52,6.1,5.4,5.4,4.2,5.3,4.8,23,37,8.1,31,2,3.6,156,medical,rotating,part_time,woman,no,no,no,no,yes,no,6.66667
T07_0005,2.75,4.6,9.5,5,5.1,8.6,3.5,47,7.1,4.4,4.6,6.3,5.6,5.3,47,37,8.3,32,3,8.3,131,nursing,rotating,full_time,woman,no,no,no,no,no,no,5.83333
T07_0006,6.25,5.6,12.2,5,3.7,5.8,6,19,5.9,1.4,4.4,4.8,3,5.8,21,29,9,35,3,7,222,nursing,night,full_time,woman,yes,yes,yes,yes,no,yes,4.33333
T07_0007,5,5.4,9.3,3,6.7,3.4,2.2,44,6.1,7.4,5.2,2.8,5.2,5.3,41,41,9.6,32,3,5.5,7,nursing,rotating,full_time,woman,no,no,yes,no,no,yes,4.5
T07_0008,6,6.5,10.9,6,5.9,6.1,5,34,7.7,2.1,3.1,2.5,6.4,2.4,32,42,14.8,20,3,6,294,medical,day,full_time,woman,yes,yes,no,no,no,no,4.16667
T07_0009,4.75,4.4,9.7,2,3.6,6.8,2.1,42,7.8,5.6,2.1,7.9,6.2,7.6,8,42,10,32,3,5.1,172,nursing,night,part_time,man,no,no,no,no,yes,no,3
T07_0010,6,1.8,7.2,6,5,6.3,6.8,33,6.3,7.1,4.2,5.3,4.5,1.2,8,31,11,25,3,2.5,119,support,rotating,part_time,woman,no,no,no,no,no,yes,3.83333
T07_0011,5.5,2.8,9.4,4,7.2,5.8,2.4,42,5.5,6.5,5,4.7,6.1,6.5,21,29,9,16,2,5.1,235,nursing,night,full_time,man,no,yes,no,no,yes,yes,7.33333
T07_0012,5.5,5.6,11.3,6,3.8,5.8,1.9,31,6.4,1.7,4.6,6.3,2.8,3,44,38,14.3,5,4,6.7,35,medical,rotating,full_time,man,yes,no,no,yes,yes,no,6
T07_0013,3.5,8.1,12.5,1,3.7,4.2,2.5,35,7.4,5.4,5.4,5.8,3.9,6.3,11,50,3.4,40,1,2.9,38,medical,day,full_time,woman,yes,no,yes,no,no,no,5.5
T07_0014,6.5,5.1,8.7,5,6,2.9,7.2,37,6.4,2,6.6,5.2,6.3,1.7,53,33,9.3,46,1,4.2,117,nursing,rotating,full_time,woman,no,no,no,no,no,no,7.33333
T07_0015,3,5.8,13.2,3,1.9,6.6,3.2,19,7.7,4.7,4.3,5,5.3,4.7,32,30,0.7,39,2,3.5,170,allied_health,night,full_time,man,yes,yes,no,yes,no,yes,5
T07_0016,4,4.7,8.6,4,5,1.6,5.2,32,5.4,3.6,4.5,2.3,6.8,2.9,67,34,6.8,30,3,5.1,111,support,rotating,part_time,man,no,yes,yes,no,no,yes,6.66667
T07_0017,6,5.8,10.6,5,5.8,3.7,7.2,35,6.5,6.4,3.9,2.9,6.8,4.1,50,29,9,41,2,4.8,41,nursing,night,full_time,man,yes,yes,no,yes,yes,yes,5.5
T07_0018,6.5,4.3,7.3,8,4.1,2.1,5.8,56,7.8,4.5,4.6,5.1,4,7.6,55,27,7,30,3,3.8,138,nursing,day,part_time,woman,no,yes,yes,no,no,no,5.66667
T07_0019,1.25,4.2,9.1,5,3.3,6.9,3.6,34,5.5,5.6,5.3,2.3,2,4.7,39,55,7.3,29,1,2.6,29,nursing,day,part_time,woman,no,no,no,yes,yes,no,7.33333
T07_0020,2.5,5.7,7.5,8,4.6,4.4,4.8,19,5.5,5,9.2,4.1,5.7,2.5,25,32,5.7,31,2,6.2,181,nursing,rotating,full_time,man,yes,no,no,yes,no,no,6.83333
T07_0021,2,4.8,9.9,3,5.5,3.4,3.1,46,9.3,6,4.7,5.9,5.5,4.4,39,42,6.9,28,1,4,124,support,day,part_time,woman,no,yes,yes,yes,no,no,3.66667
T07_0022,2.5,5.2,11.4,9,3.8,5,6.3,32,6.2,2.3,4.4,8.4,5,2.7,21,51,5.1,36,1,2.1,192,nursing,rotating,full_time,woman,yes,no,yes,yes,no,yes,5
T07_0023,6,2.3,9.8,3,3.7,6.1,7.5,38,7.2,5.6,8.5,7.4,6.4,4.2,22,42,4.3,24,2,5,217,nursing,day,full_time,woman,yes,no,yes,no,no,no,4
T07_0024,9.5,5.6,10.5,3,4.1,6.7,7.5,29,5.6,5.3,4.3,1.2,7.3,6.8,43,29,9,21,3,6.7,49,nursing,day,part_time,woman,yes,no,no,no,yes,no,7.5
T07_0025,2,4.2,8.5,3,6.6,1.7,5.7,39,8.4,7.2,4.6,6,4,3.3,19,38,13.1,16,2,4.9,286,medical,day,full_time,woman,no,yes,no,no,yes,no,4.66667
T07_0026,4.75,3.5,8.8,6,5.6,6.8,6.8,44,5,0.9,1.8,3,3.4,6.1,55,47,12.5,12,4,6,126,nursing,day,part_time,man,yes,yes,no,yes,no,no,5.83333
T07_0027,2.5,6.9,7.3,1,7.8,8.7,1.3,48,7.8,6.1,2.1,5,1.3,6.9,22,26,6,1,1,3.7,123,medical,night,full_time,man,no,no,no,no,no,yes,4.83333
T07_0028,3.5,6.8,9.8,2,2.9,3.2,8.6,51,8.8,3.4,6.6,4.3,2.9,4.9,14,50,5.5,24,1,6.7,56,support,rotating,full_time,man,no,no,no,yes,no,no,6.5
T07_0029,5.75,1.6,8.8,0,6.5,4.9,7.4,44,4.8,0.6,4.5,5.8,4.7,5.5,7,30,4.5,27,3,4.6,105,nursing,rotating,full_time,woman,no,no,yes,no,no,no,6
T07_0030,4.5,2.5,7.2,1,4.1,6.3,6.4,31,7.3,3.2,4.3,4.2,5.2,4.6,43,40,2.8,7,1,7.2,82,nursing,rotating,full_time,woman,no,yes,yes,yes,no,yes,3.16667
T07_0031,2.25,5.9,13.3,4,6,5,6,42,6.6,6.1,5.9,3.6,6,4.7,9,47,19,29,0,2.6,172,nursing,rotating,full_time,man,no,yes,no,no,yes,yes,4.66667
T07_0032,4,4.5,7.9,3,1.3,3.6,7.1,44,8.1,8.8,4.1,6.7,4.7,3.7,12,41,7.6,24,2,2.4,109,support,rotating,full_time,woman,yes,yes,yes,no,no,no,3.5
T07_0033,5.75,5.3,9.3,4,4,6.9,1.4,51,7.3,8.9,5,3.6,4.7,4.7,17,40,12.8,29,3,4.3,201,medical,rotating,full_time,woman,yes,yes,yes,no,yes,no,4.5
T07_0034,3.5,4.3,7.3,2,6.6,4.6,3.2,39,6,6.7,4,4.4,2.9,5.5,49,36,10,21,3,7.6,159,medical,night,full_time,woman,no,no,no,yes,no,yes,6.5
T07_0035,7,3.3,6.4,4,3.1,4.5,7.4,52,6.6,7.5,1.4,5.2,4.5,3.6,32,37,7,10,1,8.9,165,medical,rotating,full_time,woman,no,no,no,no,no,yes,5.5
T07_0036,6,4.4,8.7,9,4.5,7.3,2.6,54,6.9,6,6.9,6.5,5.3,5.1,43,39,16.5,16,2,3.3,110,nursing,day,full_time,man,no,yes,no,no,yes,no,5.66667
T07_0037,2,4.6,11.5,8,5.8,3.8,3.4,41,6.5,5,3.1,6,3.3,4.3,57,42,9.2,45,2,6.2,78,nursing,day,full_time,woman,no,yes,yes,no,no,no,5
T07_0038,7,5.4,10.1,4,2.7,5.3,5.4,34,7.1,4.8,4.1,3.1,5.1,6.8,75,41,1.1,4,2,6.1,231,nursing,day,full_time,man,no,no,yes,no,yes,no,4.83333
T07_0039,4.25,3.3,10,3,6.9,4.7,2.1,14,6,2.3,5,6,5.6,5.1,27,46,10.1,18,2,5.2,77,nursing,day,full_time,woman,no,no,no,no,no,no,4
T07_0040,3.5,3.6,12,6,7,7.1,5.8,18,5.8,8.5,7.7,6,5.6,6.8,41,44,2.5,4,1,3.8,94,medical,night,full_time,woman,no,yes,no,no,no,no,6.33333
T07_0041,8.5,3.8,9.7,4,4.4,6.6,2.6,41,7.6,2.9,4.1,4.2,3.2,1.6,38,35,11.6,10,2,7.4,43,support,night,part_time,man,no,yes,yes,no,no,yes,4.5
T07_0042,1.25,4.9,10.7,5,7,5.2,4.1,36,6.1,2.7,5.1,3.4,4.6,6.6,88,38,6.4,16,3,2.3,238,medical,rotating,full_time,woman,yes,no,no,no,no,no,5
T07_0043,5,1.6,9.7,1,1.7,4.1,6.5,41,6.6,6.3,6.6,9.1,6.5,5.1,47,35,9.5,27,4,4.7,105,nursing,rotating,full_time,man,yes,no,yes,yes,yes,yes,6.33333
T07_0044,5.25,6.4,8.4,2,8.5,2.5,3.7,49,5.9,5.5,2.6,3.9,1.1,6.2,48,51,1.7,24,2,5,80,nursing,night,part_time,man,yes,no,yes,no,yes,yes,4.16667
T07_0045,4,5.7,8.1,0,2.4,4.5,5.3,52,6.9,4.6,6.6,3.1,4,4.8,16,44,4,38,1,4.4,72,medical,rotating,full_time,man,yes,no,no,no,no,no,6.33333
T07_0046,4.5,4.6,8.7,1,9.4,5.7,7.6,36,6.5,6.5,2,6.8,7.7,5.3,21,36,5.3,18,2,6.2,55,nursing,day,full_time,woman,no,no,yes,yes,yes,no,5
T07_0047,3.5,5.2,13,7,5.5,3.2,5.8,29,6.2,1.5,6.2,2,3,3.7,34,30,6.9,15,1,3.8,250,nursing,day,full_time,man,yes,yes,yes,no,yes,yes,6.5
T07_0048,3.25,2.7,10.4,8,5.5,6.1,4.4,57,6,5.8,4.4,4.5,6.1,0.9,34,42,6.2,17,4,6,73,medical,day,part_time,woman,yes,yes,yes,no,yes,no,4.5
T07_0049,2.5,4.4,11,5,6.9,5.6,6.3,21,8.1,7.1,3.1,4.2,3.8,1.2,25,21,1,13,2,7.1,117,support,day,full_time,man,yes,no,yes,no,no,no,2.33333
T07_0050,6.5,0.1,8.7,4,3.5,3.1,6.7,41,6.9,3.5,5.2,7.9,2,0.5,51,29,7.9,48,3,6.7,81,support,day,full_time,woman,no,no,yes,yes,no,no,3.66667
T07_0051,5,8.1,8.4,3,4.8,3.4,3.3,21,5,4.3,3.7,4.6,5.5,4.3,17,34,5.1,40,2,3.1,147,support,night,full_time,woman,yes,no,no,yes,no,no,6.66667
T07_0052,3.25,3.9,8.1,1,6.3,7,6,61,5,3.9,5.8,1.2,3,6.2,28,33,1.3,5,3,3.4,147,medical,night,full_time,man,no,no,yes,no,yes,no,5.33333
T07_0053,5.25,6.5,10.5,7,4.6,6.8,4.7,37,9.1,4.8,5.1,5.2,5.2,5.3,19,27,7,38,0,5.8,164,nursing,rotating,full_time,man,no,no,yes,no,no,no,5.33333
T07_0054,4.75,7.1,8.9,1,5.6,5.8,7.3,34,5.3,8.9,4,2.5,4,4.7,32,38,4.3,35,3,4.5,4,support,rotating,full_time,woman,no,yes,yes,yes,no,no,3.66667
T07_0055,7.5,6.1,9.4,2,5.9,4.2,5.8,27,5.6,6.7,2.2,6.1,3.7,9.9,6,29,7.6,16,2,3.4,48,medical,rotating,full_time,nonbinary_or_self_described,no,yes,yes,no,no,no,4.5
T07_0056,6.25,4.5,11.3,2,6.9,3.6,4.7,54,6.4,6.2,6.3,4.5,3.2,7.3,40,26,2.5,17,3,3.7,226,nursing,rotating,full_time,woman,yes,yes,no,no,yes,no,7.83333
T07_0057,5.75,6.4,9.6,4,5.5,8.2,7.2,47,6.3,5.3,3.1,5.9,4.8,6.4,15,30,10,27,1,7.1,116,nursing,night,full_time,woman,yes,no,yes,yes,yes,yes,6
T07_0058,4.5,6.8,6.8,2,8.7,4.4,2.9,44,8.4,3.1,0.7,5.4,7.3,5.3,31,49,14,10,2,3.6,179,medical,night,full_time,man,yes,no,yes,no,no,no,4.16667
T07_0059,4,5.8,8.8,4,4.3,5.5,6.5,43,7.6,7.6,2.4,3.7,6.3,5.4,55,42,5.3,33,3,4.9,131,nursing,night,full_time,woman,no,no,no,no,yes,yes,6.33333
T07_0060,4.25,3.3,11.4,4,4.1,4.5,3.4,24,5.4,5,4.3,1.9,6.7,3.7,35,36,12.9,30,3,3.5,79,nursing,night,part_time,woman,no,no,yes,no,yes,no,5.5
T07_0061,1.75,2.8,7.8,4,6.8,2.2,1.2,33,6.4,4.3,6.6,4.2,6.4,2.7,31,34,5,5,1,8.1,63,allied_health,night,part_time,man,yes,yes,yes,no,no,yes,6
T07_0062,4,5.4,11.6,4,4.8,4.9,6.5,48,8,5.2,6.8,5.6,4.9,7.9,9,61,15.1,24,3,5.9,170,support,rotating,full_time,man,yes,no,yes,no,no,yes,5
T07_0063,5.25,3.1,8,7,2.4,4.4,4.1,33,6.7,7.4,2,3.1,5.1,5.9,5,22,2,32,2,5.4,126,support,day,full_time,woman,yes,no,yes,yes,no,yes,5.66667
T07_0064,3.25,6.1,8.4,5,6.4,5.3,9.2,29,5.5,6.2,8.8,4.9,0.6,6,55,40,9.4,11,3,3.4,241,nursing,night,full_time,man,no,no,yes,no,yes,no,6.33333
T07_0065,7,7,8.8,6,4.3,5.4,8.4,25,8.7,6.4,4.8,4.1,2.3,4.8,49,50,0.9,27,3,4.7,18,nursing,day,full_time,man,yes,no,yes,no,yes,no,6.16667
T07_0066,3.25,6.4,6.2,3,2.9,4.1,6.3,38,4.8,6.5,5.1,6.6,5.5,4.7,30,26,6,25,3,4.2,148,medical,night,full_time,woman,yes,no,yes,no,yes,no,7
T07_0067,1.25,4,7.3,10,5.5,1.9,4.4,40,6.8,4.8,3.1,6.9,6.3,7.8,3,39,12.6,31,2,5.4,46,nursing,night,full_time,man,yes,no,no,yes,yes,yes,6
T07_0068,6,4,9.3,4,3.7,7.7,6.2,33,6.7,5,4.1,6.6,1.7,6.3,7,35,10.8,29,2,9.4,205,nursing,day,full_time,man,no,no,yes,yes,no,no,4.66667
T07_0069,5,4.3,9.8,5,5.7,6,5.9,35,3.9,4.6,6.2,1.4,6.1,5.8,13,26,6,24,2,4.5,17,nursing,day,full_time,woman,no,no,yes,no,no,no,3.33333
T07_0070,4,5.5,10,1,7.1,5.4,3.2,42,7.7,7.5,7.2,2.4,4.7,1.7,31,36,16,20,1,4.3,61,allied_health,night,full_time,man,no,no,yes,no,yes,yes,6.16667
T07_0071,4.5,4.9,12.8,8,3.1,7.3,4.7,33,7,2,8.2,4.5,6.4,2.7,53,33,9.9,20,2,2,141,medical,day,full_time,woman,no,yes,no,no,no,yes,6.5
T07_0072,7.25,6.1,9.6,2,6.3,5.4,4.5,45,5.7,4.4,3.6,3.7,7.2,1.4,16,56,9.7,24,4,6.2,229,nursing,rotating,full_time,man,yes,yes,yes,no,yes,yes,3.33333
T07_0073,6,5.6,12.6,5,6.8,6.6,5.1,49,6.4,4.4,6.1,4.6,6.1,7.3,54,35,10.3,20,1,2.5,139,nursing,night,full_time,man,no,no,no,no,no,yes,5
T07_0074,3.25,4.5,11.6,6,5.4,3.5,3.4,32,5.9,5.5,4.9,5,5.8,1.6,40,50,16.2,30,2,7.1,190,medical,day,full_time,woman,no,no,no,yes,no,yes,5.16667
T07_0075,5.5,4.4,11,4,7.9,4.6,7.6,43,6.9,7.4,7.1,5.7,4.6,3.8,46,40,11.6,12,2,3.3,3,nursing,day,part_time,nonbinary_or_self_described,no,no,yes,no,no,no,4.5
T07_0076,3,6.8,10.7,3,3.6,4.1,6.1,40,6.7,6,4.5,4.6,9.1,8,23,52,9.2,13,4,0.5,182,medical,rotating,part_time,woman,yes,no,yes,no,no,yes,4.66667
T07_0077,9.5,6.2,8.1,7,4.9,2,7.3,25,6.3,6.3,4.7,3.5,5,6.9,37,30,6.8,39,2,4.3,124,allied_health,night,part_time,woman,no,no,no,no,yes,yes,3.66667
T07_0078,7,6.7,9.1,1,6.6,3.1,0.8,43,7.1,4.1,2.1,3.9,6.7,7.2,6,34,7.2,3,3,7.9,113,support,day,full_time,man,yes,no,no,no,yes,no,7.5
T07_0079,5.75,6.3,9.8,7,4.6,5.6,5.5,15,4.9,3.2,0.5,7.8,4.7,3.8,54,36,10.8,8,2,8.2,120,medical,rotating,full_time,man,no,yes,yes,yes,no,yes,4.16667
T07_0080,7,8.6,11.5,2,6.5,6.7,6.6,42,6.5,7.8,4.6,2,6.8,5,34,40,8.9,16,2,3.1,201,medical,rotating,full_time,woman,no,no,yes,no,yes,yes,3.33333
T07_0081,3.75,4.6,12.2,8,5.3,5.4,4.2,36,8.1,4.3,2.8,5.4,6.7,2.2,23,28,8,23,2,5.5,178,allied_health,day,part_time,woman,yes,no,no,yes,no,yes,6.5
T07_0082,6.5,4.6,10.6,4,8.2,4.8,7.8,42,6.4,4,5.8,3.9,3.4,3.9,38,34,4.3,35,2,8.9,65,medical,rotating,full_time,man,no,yes,no,yes,no,yes,5.66667
T07_0083,5.5,3.4,9.7,6,2.2,5.5,3.4,31,6.8,4.9,5.5,6.7,2.4,6.5,32,36,0.3,6,1,3.3,141,nursing,day,full_time,man,yes,yes,yes,no,no,no,7.33333
T07_0084,7,3.9,7.4,6,5.2,5,1.6,39,6.3,7.2,4.3,5.8,0.2,2.7,16,32,7.9,28,1,2,30,medical,rotating,full_time,woman,yes,no,yes,no,no,yes,5
T07_0085,6.75,4.4,7.6,2,6.1,4,8.8,44,4.7,2.1,5.7,3.8,9,6.8,16,50,11.7,18,2,5.3,196,allied_health,rotating,full_time,man,no,yes,no,no,yes,yes,5.33333
T07_0086,3.25,8.2,11.5,5,4.9,3.5,5.3,39,6.6,5.1,4.4,7.9,6.3,3.3,35,23,3,27,3,1.6,138,nursing,rotating,part_time,woman,yes,yes,no,no,no,no,4.66667
T07_0087,4,3.5,11,3,5.7,3.7,5.9,48,6.6,4.4,3.9,4.1,5.2,6.2,27,33,12.7,20,2,8.4,53,nursing,rotating,full_time,woman,no,yes,yes,yes,no,no,3.5
T07_0088,7,9.6,10.2,2,4.5,5.7,7.4,47,4.9,5.4,4.1,5.4,7.3,5.1,26,33,2.5,6,4,7.8,197,nursing,day,full_time,woman,no,yes,yes,no,yes,yes,5.16667
T07_0089,2.75,5.9,13.2,5,6.3,2.9,4.7,18,7.8,4,6.7,5.6,3.4,1.9,43,22,2,24,2,4.8,175,support,rotating,full_time,man,no,no,yes,yes,no,yes,5.16667
T07_0090,5,3.4,8.7,4,9.4,5.6,6.7,40,6.3,4.8,7.5,6,6.4,5.7,48,47,13.1,4,3,3.7,248,medical,night,full_time,woman,yes,no,yes,no,yes,yes,6.16667
T07_0091,8.25,5.1,11.1,3,8.9,6.3,5.1,44,6.1,4.4,6.1,5.2,4.4,3.5,11,46,16.9,18,1,6.6,108,nursing,day,part_time,woman,yes,yes,yes,no,no,yes,6.5
T07_0092,3.5,4.5,9.9,1,4.3,2.8,3.1,38,8.6,6.3,4.4,6.5,7,9.8,15,33,13,9,3,5,152,support,day,full_time,man,yes,yes,no,no,no,no,4.33333
T07_0093,5,5,10.9,3,7.2,4.5,6.1,47,6,3.3,4.4,5.5,7.9,6.5,40,43,5.6,19,2,4,271,nursing,day,full_time,man,yes,yes,yes,no,yes,yes,4.83333
T07_0094,3.5,5.1,12.5,6,3.6,5.4,4.8,27,7.6,2.7,5.9,7.1,4.7,6.1,51,38,10.4,36,1,3.5,104,nursing,night,part_time,nonbinary_or_self_described,no,yes,no,no,no,yes,7
T07_0095,5.75,2.9,11.5,4,8.5,3.9,3.8,38,5.5,6.3,6.2,7.4,4,2.9,34,32,10.8,23,3,4.2,236,medical,rotating,part_time,man,yes,no,yes,no,no,no,6
T07_0096,4.25,3.2,9.4,1,4.9,3.9,3.6,28,6.1,5,3.6,6.9,6.6,4.6,22,45,7.5,31,1,8.1,67,nursing,rotating,full_time,woman,no,no,no,no,yes,no,6.16667
T07_0097,6,7.5,11.2,1,9.2,6.1,7,53,5.6,4.1,5.3,6.4,5.1,7,27,50,3.5,22,2,6.7,123,support,rotating,part_time,man,yes,no,yes,no,no,no,6.5
T07_0098,5.25,5.7,9.4,1,6.3,6.5,4.1,64,7,5.4,5.7,4.3,4.9,8,42,24,4,25,0,2.2,52,nursing,day,full_time,man,yes,no,yes,no,no,yes,5.5
T07_0099,1.5,5.7,9.8,5,6.8,3.3,5.1,52,6.7,3.4,2.4,5.8,6.5,7,14,30,10,5,1,4.7,70,support,night,full_time,man,yes,yes,yes,no,no,no,5.33333
T07_0100,6.5,8,7.6,5,3.9,7,2.6,29,6.6,7.3,2.9,6,5.3,8.9,10,47,2.9,16,3,4.9,132,nursing,night,full_time,man,no,no,yes,yes,no,no,5.83333
T07_0101,3.75,6.1,8.4,4,4.5,4.4,6.4,40,7.6,3.8,7,5.1,7.3,6.6,61,37,6.6,35,3,5.7,109,medical,day,full_time,man,no,yes,yes,no,no,no,5.33333
T07_0102,2,4.7,9.8,3,6,3,5.7,36,8.4,3.9,7.3,2.3,4.6,4.7,37,43,13.7,27,3,5.6,94,allied_health,night,part_time,woman,no,no,yes,no,yes,no,5.16667
T07_0103,3.5,6.5,9.5,6,4.4,5.5,3,37,6.4,8.6,5.3,5.9,6.3,4.1,22,22,2,20,2,6.2,206,medical,rotating,part_time,man,no,yes,yes,no,no,yes,7.66667
T07_0104,7,2.6,8.3,4,7.5,7.8,8.4,38,7.1,6.3,6.2,4.5,7.7,5.2,15,30,8.3,31,3,4.9,10,nursing,rotating,full_time,nonbinary_or_self_described,yes,no,no,yes,no,yes,5
T07_0105,5,4.8,6.9,6,5.5,3.2,3.1,39,5.9,7.5,5.5,2.5,3.3,2.2,27,42,3.7,23,1,6.4,128,nursing,night,part_time,woman,no,yes,no,yes,no,yes,6.5
T07_0106,8.5,6.8,11.6,2,4.9,2.3,2.8,29,6.2,2.1,5.7,5.5,6.7,6,22,37,14.8,25,2,3.3,118,medical,day,part_time,woman,no,no,yes,yes,no,yes,7
T07_0107,3,4,9.1,4,5.8,4.8,4.8,25,6.4,6.1,8.1,3.4,2.9,2.8,45,37,9.1,16,2,6.6,90,support,day,full_time,woman,no,yes,no,yes,no,yes,4.83333
T07_0108,5.25,5.9,9.4,4,6.3,5.9,3.1,37,6,4.4,4.1,5.6,5.2,4.5,52,35,4.8,14,3,4.9,385,nursing,rotating,full_time,woman,yes,no,no,no,no,no,6
T07_0109,2.5,4.5,10.1,4,8.1,6.9,4.1,37,6.7,4.7,3.2,6,5.8,0.2,3,35,12.8,14,0,1.9,124,medical,night,full_time,woman,no,yes,no,no,no,no,4.66667
T07_0110,4.5,6,10.2,6,5.6,3.6,5.2,27,5.6,6.3,4.4,7.2,4.8,6.8,32,34,14,10,1,7.4,93,support,day,full_time,woman,yes,yes,yes,no,no,yes,5.66667
T07_0111,6.5,6.4,8.6,2,3.1,4.7,3.4,36,5.1,5.1,7.5,4.9,4,5.9,19,37,9.9,37,2,5.3,315,support,rotating,full_time,man,no,yes,yes,no,no,yes,5
T07_0112,4.5,4.4,11.5,3,6.1,4.3,5.9,32,6,2.9,5.7,7.5,2.2,5.1,12,27,7,34,4,4.3,203,nursing,rotating,full_time,woman,yes,no,no,yes,no,no,4
T07_0113,7,8,9.8,4,6.6,3.5,6.9,38,7.5,5.3,5.8,2.2,2.9,3.9,42,27,7,37,2,6.6,37,nursing,day,full_time,woman,no,yes,yes,no,no,no,4.5
T07_0114,8.25,6.7,13,1,7.2,2.1,6.1,23,7.2,4.4,7.3,2.4,4.9,7.1,27,34,12,30,3,5.5,125,nursing,day,full_time,man,yes,no,no,no,no,yes,7.66667
T07_0115,7,5.6,10.4,3,7,8.1,6.9,44,7.2,1.8,5.6,5.6,4.7,5.9,39,48,6.9,16,3,5.2,140,nursing,day,full_time,man,no,no,yes,no,yes,no,4.16667
T07_0116,4.5,5,8.7,11,6.5,5.6,8.7,25,8.3,5.4,2.7,5.3,5.4,3.4,45,49,6.3,42,2,5.5,297,nursing,rotating,full_time,woman,yes,no,no,no,yes,no,4.83333
T07_0117,5.5,7.8,12.4,0,4.6,6.6,4.7,40,8.9,8.2,4.9,5,3,6.4,40,32,10.5,31,0,3.2,180,nursing,rotating,full_time,woman,no,yes,no,yes,yes,no,4.66667
T07_0118,3.5,2.2,6.6,4,2.5,6.2,2.7,42,6.7,5.8,3.1,7.3,5.3,7.1,23,36,15.1,22,2,6.1,67,nursing,night,part_time,woman,yes,no,yes,no,no,yes,5.16667
T07_0119,4.75,1.7,12.4,4,4.4,4.4,5.4,39,8.5,5.9,5.3,3.9,5.4,3.8,3,41,1.6,18,4,2.5,224,support,rotating,full_time,woman,yes,yes,no,no,no,yes,5.33333
T07_0120,2.25,2.7,9.6,1,5.6,3.5,2.9,55,4.9,7.6,5.2,2.7,6,5.9,18,28,5.7,17,3,8.5,244,medical,night,full_time,woman,yes,yes,no,yes,no,yes,5.83333
T07_0121,2.5,3.5,9.8,4,2.3,2.1,3.2,35,7.7,2,6.9,5,7,4.6,35,26,6,12,2,8.6,106,medical,day,full_time,nonbinary_or_self_described,no,no,no,no,no,yes,5.16667
T07_0122,0,1.5,9.7,2,5.6,6.5,7.4,44,7,2.8,3.1,3.8,3.4,5.3,20,36,6.4,6,2,3,146,support,rotating,part_time,woman,yes,yes,no,no,yes,yes,6.16667
T07_0123,3.5,3.5,12.7,9,4.8,5,2.4,30,6.4,3,4.9,4.4,5.8,1.3,33,32,8.4,6,2,4.9,245,nursing,day,full_time,woman,no,yes,no,yes,no,no,5.5
T07_0124,9,7.3,9.9,2,6.5,3.9,4.1,55,6,3.2,4.5,4.9,0.8,5.2,33,38,8.1,35,3,9,244,medical,rotating,full_time,man,no,no,yes,yes,no,yes,4.83333
T07_0125,6,3.7,9.4,5,4.2,4.5,5.8,30,8,5,3.2,6.1,5.6,4.5,7,28,6.7,14,4,9,155,nursing,rotating,part_time,man,yes,yes,no,yes,no,no,5
T07_0126,6.5,4.1,9,1,5.2,3.7,4.8,39,6.1,5.7,6.4,4.9,4.8,4.5,70,46,15.9,13,3,6.2,106,allied_health,day,full_time,man,yes,no,yes,no,yes,yes,4.66667
T07_0127,3.5,5.5,10.3,8,8,7,6.9,39,8.3,6,4.5,3.5,5.2,5.6,16,44,11.8,26,1,4.3,28,medical,rotating,full_time,woman,yes,no,yes,yes,no,no,3.66667
T07_0128,2,3.7,9.7,2,5.3,2.7,0.5,54,6,6.6,3,6.7,7.7,5.2,24,39,10.5,13,2,6.3,80,allied_health,day,full_time,man,no,no,yes,no,no,no,5.16667
T07_0129,4.5,8.7,8.2,3,5.2,3.9,6.1,34,7.5,5.6,3.6,4,3.2,6.6,1,47,11.2,28,2,0.4,111,medical,night,full_time,woman,yes,yes,no,no,no,yes,5.33333
T07_0130,2.75,8,10.4,2,5.7,6.7,6.5,42,6.8,7.4,5.7,4.1,0.6,4.1,50,34,10,7,1,3.8,211,allied_health,day,full_time,woman,yes,yes,yes,no,no,no,6.83333
T07_0131,6.75,1.6,9.8,5,3.7,1.1,6.5,30,7.2,4.8,5.6,8.4,4.4,1.7,1,36,10.1,6,4,4.9,145,medical,night,part_time,man,no,no,no,no,yes,no,7
T07_0132,5.25,2.7,11.4,5,2.7,5.9,4.3,48,6.3,3.7,5.2,7.6,3.9,5.5,49,52,2.4,32,4,2.4,138,nursing,night,full_time,man,no,no,no,yes,yes,yes,6.16667
T07_0133,7.75,1.9,9.4,4,7,8.8,6.4,47,7.2,7.3,4.7,3.2,3.9,2.9,47,44,9.3,13,1,6,106,nursing,rotating,full_time,man,yes,yes,yes,yes,yes,yes,6.16667
T07_0134,6.25,6.8,11.6,1,4.9,6.5,2.9,33,6.5,6.9,4.2,3.4,3.5,3,25,41,4.1,5,1,7.3,201,medical,rotating,full_time,woman,yes,yes,no,yes,no,yes,5
T07_0135,6.25,4.7,10,9,4.9,5.2,5.5,35,4.9,4,5.4,3.6,2.9,3.6,54,33,2.3,37,4,6.1,97,medical,night,full_time,man,yes,no,yes,no,yes,yes,5.33333
T07_0136,2.5,4.3,9.8,5,6.3,7.3,3.1,43,5.4,4.7,5,5.8,4.6,4.2,58,39,5.8,32,1,5.3,122,medical,day,full_time,man,no,no,yes,no,no,yes,5.5
T07_0137,7,3.2,9.3,5,5.9,4,3.3,12,7.9,6.7,6,7.1,3,6.8,15,24,4,19,3,6.1,47,support,day,full_time,woman,no,yes,yes,yes,no,yes,5.66667
T07_0138,5,5.4,8.6,4,4.7,4.2,3.3,33,6.5,4.8,5.7,5.8,4.6,2.9,21,45,9.1,4,1,4,120,medical,rotating,part_time,man,no,no,yes,no,no,yes,4.33333
T07_0139,6.75,6.8,7.5,1,6.4,6.4,2.5,54,6.9,6.3,5.7,4.7,4.6,1.9,49,29,5.8,22,1,2.6,152,allied_health,day,full_time,woman,yes,no,yes,yes,no,no,5
T07_0140,4.25,3.5,7.4,6,4.8,4.8,3.2,44,6.6,0.5,4.7,4.1,5.9,8.3,43,44,2.6,22,2,8.9,36,nursing,day,full_time,woman,yes,yes,yes,yes,no,yes,7
T07_0141,4.5,3.3,10.9,3,7.9,4.3,3.5,34,7.3,4,7.1,7.5,2.4,3.3,42,43,9,22,2,6,84,nursing,rotating,full_time,man,yes,yes,yes,no,no,no,4.33333
T07_0142,4.75,5.9,9.5,2,1.7,4.7,6.3,34,6.8,8,4.9,5.5,4.5,6.3,36,29,1.6,34,5,4.5,281,nursing,rotating,full_time,man,yes,no,no,no,yes,yes,5
T07_0143,4,5.1,7.5,6,2,4.3,4,50,7.7,7.3,5.5,6.8,4.1,5.9,22,25,5,14,2,6.5,121,nursing,rotating,full_time,woman,yes,no,no,yes,no,yes,7.83333
T07_0144,4.5,7.4,9.6,6,3.6,5.2,2.9,44,7.6,5.6,6.2,5.8,7.5,6.8,31,33,11.5,30,2,4.9,43,nursing,night,full_time,woman,yes,yes,no,no,no,no,5.33333
T07_0145,3.5,5.2,11.1,3,3.1,7.1,4.2,31,3.7,2.3,5.8,7.7,4.2,5.2,22,55,12.8,28,2,5.5,83,nursing,day,full_time,woman,yes,no,yes,no,yes,yes,4.5
T07_0146,7.5,5.8,10.6,5,5.5,1.7,5.4,39,6.1,6.7,0.6,3.8,1.4,5.1,7,36,1.7,27,2,4.5,136,nursing,day,full_time,man,no,yes,no,no,yes,yes,6.5
T07_0147,4.75,6.4,9.1,2,4.2,3.8,5.2,32,5.8,3.5,4.4,5.5,2.2,4.2,18,35,10.3,26,3,8.3,101,support,day,full_time,woman,no,no,no,yes,yes,no,6.5
T07_0148,3.5,6,8.4,2,0.7,5.2,5,28,7.6,5.1,3.1,7.2,5.3,3.1,28,34,7.8,31,4,2.8,143,nursing,day,part_time,woman,yes,no,no,no,no,yes,7
T07_0149,3,6.1,8.8,3,4.5,6.4,4.7,43,5.8,4.3,6.6,4.1,4.3,4.3,32,31,11,15,2,4.9,94,nursing,day,full_time,woman,no,yes,yes,yes,no,yes,3
T07_0150,4.75,9.5,8.4,8,1.7,3.6,5.8,40,6.6,7.2,3.7,7.6,2.6,5,31,25,5,8,1,6.2,75,nursing,day,full_time,woman,no,yes,no,no,no,yes,4.66667
T07_0151,8.25,4.5,9.6,5,3.9,6.9,6.5,45,7.3,4,5.4,6,3.9,8.5,26,28,6.8,26,0,7,56,nursing,rotating,full_time,woman,no,no,no,no,no,no,6
T07_0152,6.25,3.8,12.3,8,7.8,8.1,3.9,47,7.5,6.3,6.3,6.7,4.1,6.8,28,26,6,35,3,4.6,104,nursing,rotating,full_time,nonbinary_or_self_described,no,yes,no,yes,yes,yes,5.66667
T07_0153,4.5,3.9,8.6,0,5.1,5.6,6.7,39,6.3,5.1,6.5,4.1,6.7,9.4,49,38,10.7,27,1,5.2,120,allied_health,day,full_time,woman,no,yes,no,yes,no,no,6
T07_0154,2,7.6,7.8,3,5.3,7.3,4.9,29,7.9,5.1,2.9,2.8,3.5,4.5,12,51,1.5,32,3,3.1,92,nursing,day,full_time,woman,no,no,yes,no,no,no,6.33333
T07_0155,2,3.4,9.1,3,3.2,4.8,6.6,33,6.5,7.4,5.3,5.9,5.5,3.4,4,33,13,20,1,5.5,123,nursing,rotating,part_time,woman,no,no,no,no,no,no,4.33333
T07_0156,5,2.8,13.1,1,2.8,2.9,3.8,39,6.5,5.8,3.7,3.9,3.6,4.6,20,36,6.2,26,2,3.1,225,nursing,night,full_time,woman,yes,no,yes,no,no,yes,6
T07_0157,5,3.6,11.8,6,4.7,7.1,4.7,46,7,6.9,5.7,4.7,2.3,2.9,4,38,15.8,18,3,3.8,170,nursing,night,full_time,woman,no,no,yes,no,yes,yes,5.16667
T07_0158,7,3.5,11.6,3,5.2,4.5,4.2,28,6.3,1.6,4.8,6.5,5.5,6.9,4,34,8.6,23,3,4.1,117,medical,day,full_time,man,no,yes,no,no,no,yes,4.66667
T07_0159,7,4.6,10.3,9,4.8,7.9,5.1,37,7.7,5.5,6.8,7.2,4.5,3.1,51,39,15.6,2,2,3.9,117,nursing,day,full_time,woman,no,no,no,no,yes,no,5.83333
T07_0160,6.5,8.2,8.9,4,4.1,5.7,2,43,7.1,4.8,6.8,5.5,4.9,7.3,47,39,8.9,16,0,4.2,141,support,rotating,full_time,man,yes,yes,yes,no,no,no,7.66667
T07_0161,7.75,5.8,12.4,9,0.3,4.6,7.5,48,5.7,4.3,4.9,5.2,2.6,2.7,42,31,10.1,24,2,6.2,360,nursing,rotating,part_time,man,no,no,no,no,no,no,5.5
T07_0162,6.75,6.5,8.3,5,3.7,6,2.3,34,5.1,5.7,4.2,6.5,6.7,4.6,40,32,6.8,13,1,7.3,250,allied_health,rotating,full_time,woman,no,yes,no,no,yes,no,5.66667
T07_0163,6,6.8,8.9,6,5.6,3.3,6.3,32,8.4,7.4,4.8,5.5,4.6,6.6,24,30,9.6,19,3,2.3,172,nursing,day,full_time,man,yes,no,yes,no,no,yes,7.33333
T07_0164,6.5,5.3,10.3,11,4.4,3.7,4.3,39,6.2,3.6,5.7,5.6,7.3,4.7,12,40,6.4,15,1,5.5,42,nursing,day,full_time,woman,yes,no,yes,no,yes,no,7.33333
T07_0165,6,2.1,12,6,6,5,6.2,33,5.4,8.4,6.2,8.8,3.8,5.9,31,28,5.7,18,2,5.4,154,medical,rotating,full_time,man,yes,yes,no,yes,no,no,4.66667
T07_0166,5.25,5,8.7,5,5.1,5.4,6.1,39,8.5,6,8.8,6.4,4.5,4.1,45,31,3.1,35,2,4.9,109,nursing,night,full_time,man,yes,yes,no,no,yes,no,4.66667
T07_0167,2.75,6.4,9,0,3.9,4.3,6,30,6.7,5,5.2,4.9,8.4,1.8,1,28,8,2,1,4.1,33,allied_health,rotating,full_time,woman,no,no,no,no,no,no,8.5
T07_0168,6.25,6.1,10.7,3,3.5,5.7,3,37,6.8,2.4,5.4,4.2,6.9,3,29,27,4.7,47,1,5.2,246,medical,day,full_time,woman,yes,no,no,no,no,yes,5.66667
T07_0169,4.5,3.6,7.4,9,7,5.8,5.6,33,8.3,6.3,8.9,5,4.2,3,22,36,6,35,1,4,221,nursing,rotating,full_time,woman,no,yes,no,yes,no,yes,3.16667
T07_0170,3.75,7.9,9.7,3,5.7,9.3,3.1,42,7.8,2.4,3.3,6.1,5.1,2.5,41,26,3.5,9,2,4.2,105,nursing,rotating,part_time,man,yes,yes,no,no,no,yes,6
T07_0171,3.75,3.2,9,2,7.2,3.5,3.3,34,7.7,8.2,8.2,8,3.2,4.6,53,35,11.1,38,2,4.3,60,nursing,day,full_time,woman,yes,no,no,no,yes,yes,4
T07_0172,5.25,3.9,14,4,7,2.9,3.3,57,7.9,2.8,5,2.7,7,4.1,30,26,6,21,1,8.1,214,medical,day,full_time,man,no,no,yes,no,no,no,5.33333
T07_0173,4.25,1.5,10.5,6,1.8,2.4,2.7,35,6.6,7.2,2.2,5.2,4,4.4,42,40,6.9,35,2,4.3,225,nursing,day,part_time,woman,no,yes,yes,no,yes,yes,6
T07_0174,5.25,6.6,10.8,1,1.3,7,2.4,49,6.5,6.3,6.2,7.8,4.5,6.4,58,45,8.6,33,2,3.2,162,support,day,full_time,woman,yes,yes,yes,yes,no,yes,6.33333
T07_0175,4.75,3.4,9.7,4,4,6.2,7,50,6,6,3.6,5.3,3,4.7,33,32,10.1,38,4,4.2,156,nursing,day,full_time,woman,no,no,no,yes,no,yes,5.83333
T07_0176,4.75,3.5,7.6,3,3,0.7,7.6,44,5.4,4.4,3.5,8.5,4.6,5.3,37,31,6.2,24,2,7,46,medical,day,full_time,woman,no,no,yes,yes,yes,no,9.16667
T07_0177,5.25,3.4,9.8,1,6.5,7.6,4.9,31,5.5,5.9,5.9,7.3,6.6,5.2,49,56,5.1,23,1,4.9,205,nursing,day,full_time,man,no,yes,yes,no,no,yes,5.16667
T07_0178,2.5,4.5,11.1,5,6.1,3,6.1,43,6.3,5.8,4.5,5.7,6.7,4.9,24,61,1.6,9,0,6.9,123,allied_health,day,full_time,nonbinary_or_self_described,yes,no,yes,yes,yes,no,8.16667
T07_0179,3,4.7,11.7,3,4.8,3.1,1.5,25,5.1,6,3.9,0.9,4.7,5,23,43,20,22,1,7.1,44,allied_health,day,full_time,woman,no,yes,no,yes,yes,no,7.33333
T07_0180,4.25,5.1,10.8,9,4.2,5.5,3,33,6.8,3.6,1.1,4,6.7,2.6,8,41,19,2,3,4.2,144,medical,day,part_time,man,yes,yes,yes,no,no,yes,5.16667
T07_0181,3.75,7.9,7.2,7,0.3,6.3,3.9,51,7.6,6.1,7,8,6.4,4.6,42,41,7.1,28,1,4.8,149,nursing,night,full_time,woman,no,yes,yes,no,yes,yes,5
T07_0182,6,7,8.4,10,6.7,5.6,3.9,59,6,6.1,4.2,3,8.4,7.9,31,30,7.1,46,3,3.1,62,nursing,rotating,part_time,man,yes,yes,yes,no,no,yes,5
T07_0183,4.75,6.3,10,5,3.6,6.9,6.2,33,6.3,4.6,6.7,7.6,7.2,5.2,23,46,11.4,18,3,5.2,224,support,night,full_time,woman,yes,yes,yes,no,no,yes,6
T07_0184,3.25,6.3,10,4,4.8,6.7,2.9,39,8.2,4.4,6.6,5.7,3.6,4.2,10,26,6,28,1,6.4,175,support,day,full_time,man,no,yes,no,no,yes,no,4.83333
T07_0185,5.75,7.3,11.8,4,3.6,7.7,5.4,46,6.4,8.3,5,6.4,2.3,4.1,57,33,13,15,4,6.1,51,medical,rotating,full_time,woman,yes,yes,yes,yes,no,yes,7.16667
T07_0186,3.25,6.5,13.3,4,3.7,6.5,4.8,16,6,6.8,3.8,3.1,5.8,1.2,58,38,11.8,22,3,7.2,109,support,night,full_time,man,yes,no,yes,no,no,yes,5.66667
T07_0187,6.25,2.9,9.5,6,3.9,0.9,4.2,39,7.2,3.4,6,4.3,6.1,7,46,40,10.7,16,4,7,96,nursing,rotating,full_time,woman,yes,no,yes,yes,no,yes,5.83333
T07_0188,5,4.3,13,7,3.4,3.8,4.8,43,5.3,5.1,4.6,4.1,4.9,6.1,13,38,18,38,2,1,44,medical,night,full_time,woman,yes,no,no,no,no,yes,5.16667
T07_0189,6,4.7,10.8,4,1.9,2.3,2.1,30,7,3.8,7,5.6,6.5,4.4,37,30,1.2,12,1,1.5,54,allied_health,night,full_time,man,yes,no,no,no,no,no,7.33333
T07_0190,6.75,4.7,11.3,11,4.5,7.6,7.3,28,6.9,5.2,6.4,6.5,1.8,8.5,20,38,13.8,20,1,5.3,58,medical,rotating,full_time,man,yes,no,no,no,no,yes,6.16667
T07_0191,5,5.5,11.6,8,6.3,2.6,6.5,38,4.7,7.8,4.2,4.5,7.3,4.4,46,41,5.1,11,2,3.4,120,nursing,night,full_time,man,yes,yes,yes,no,yes,yes,7.33333
T07_0192,6.75,7.5,8.4,1,5.9,5.6,4.1,42,7.9,3.7,7.6,3.5,1,5.1,18,35,2.9,30,2,5.4,47,nursing,rotating,full_time,woman,no,no,no,no,yes,yes,6.16667
T07_0193,6.75,7,9.8,6,4.6,3,6.2,41,6.7,5.1,3.8,6.2,7.5,3,25,36,14.3,24,3,5.5,105,nursing,night,full_time,woman,yes,no,no,no,no,no,6.5
T07_0194,5.25,7.2,9.4,4,4.2,3.5,5.3,24,7.1,3.2,7.6,7,4.5,7.7,25,35,4.3,13,3,6.5,48,allied_health,day,full_time,woman,yes,no,no,no,no,no,2.83333
T07_0195,7,5.3,12.3,3,6.5,4.9,4.3,33,6.7,4,3.9,7.6,4.3,2.8,17,29,9,13,2,6.3,79,medical,day,part_time,woman,yes,yes,no,no,yes,no,4.33333
T07_0196,6,9,10.2,5,5.1,5.8,4.5,23,6.2,4.1,6.7,5.8,5.5,2,58,39,4.5,31,2,3.6,109,support,night,full_time,man,yes,no,yes,yes,no,yes,6.16667
T07_0197,4.5,6.4,11.9,5,5.5,9.6,4.1,25,6.6,2.3,5.6,3.4,4,5.7,57,43,19.8,42,1,6.1,245,medical,rotating,full_time,woman,yes,yes,no,yes,yes,yes,5.66667
T07_0198,4.75,6.4,11.2,4,6.9,7.3,1.6,42,7.6,4.8,7.8,5.1,7,5.5,13,39,7.8,37,2,5.3,174,medical,rotating,full_time,woman,yes,yes,yes,no,no,no,7.83333
T07_0199,2.5,4.7,9.9,1,3.3,4.1,5.6,41,7.1,3.4,5.4,6.8,4.8,7.7,30,35,9.3,31,3,2.6,88,medical,rotating,full_time,man,yes,no,yes,yes,no,no,6
T07_0200,5,4.4,11.5,0,4.5,7.8,6.2,54,6.9,2.2,5.4,6,5.1,6.8,29,51,6,29,1,8.7,114,nursing,rotating,full_time,man,no,no,no,no,yes,yes,2.33333
T07_0201,5,7,11.6,11,0.8,4.4,1.9,36,7.9,1.5,5.4,5.5,4.1,4.1,19,55,12.2,31,3,3.5,128,nursing,day,full_time,man,no,no,no,no,no,yes,8.5
T07_0202,3.25,1.6,10,5,2.9,6.1,4.1,43,8.9,4.1,2.7,4.8,5.6,7.3,26,43,4.7,13,3,4.4,62,nursing,rotating,full_time,man,yes,no,no,no,yes,no,4.33333
T07_0203,4.25,5.4,8.1,3,2.7,2.6,3.5,53,6.7,3.6,5.1,5.3,6.8,7,9,29,9,27,4,5.1,212,nursing,day,full_time,man,no,yes,no,no,no,yes,5.16667
T07_0204,9.5,1.3,10.4,3,9,3,4.3,26,5.8,3.2,5.1,4.6,9.7,6.9,26,29,4.3,19,1,7.5,152,medical,night,full_time,woman,no,no,yes,no,yes,no,7.66667
T07_0205,6,3.6,12.2,6,6.6,7.2,4,40,6.2,4.9,6,4.5,4,5.3,38,42,3,34,2,4.6,105,nursing,rotating,part_time,man,yes,no,no,no,no,no,4.16667
T07_0206,2.75,5.1,10.3,7,2.8,5.4,6.1,51,7,1.1,2.3,6.6,4.8,5.5,16,25,5,3,4,7.3,116,support,rotating,full_time,woman,no,no,no,yes,yes,no,5.83333
T07_0207,6.5,4.8,10.5,5,3.7,2.4,3.7,40,6.5,6.4,4.7,5.9,5.6,5.9,35,25,5,11,2,5.4,201,nursing,night,full_time,man,no,no,no,no,yes,yes,4.5
T07_0208,6.25,3.1,9,6,6.1,6.9,2.2,49,7.4,4,4,7.6,5.4,5,30,45,10.2,20,3,7.3,126,nursing,rotating,full_time,woman,yes,yes,yes,yes,no,no,5.83333
T07_0209,4.75,6.5,11.2,2,5.2,6.5,6.9,43,8.7,7.4,3.4,6.8,4,6.6,74,29,9,28,2,5.3,58,nursing,night,part_time,woman,yes,yes,no,no,no,no,6.83333
T07_0210,5.5,4.6,6.7,5,4.2,1.8,6.6,29,5,1.2,3.4,6,5,9,28,29,9,12,4,3.1,185,support,day,full_time,man,yes,no,no,no,no,no,7.33333
T07_0211,3,9,7.9,2,5.4,6.1,3.2,26,6.4,2.9,3.4,2.2,2.6,4.9,62,49,11,45,3,6.1,2,allied_health,rotating,full_time,man,no,yes,yes,no,no,no,6.83333
T07_0212,4.5,8,8.5,2,2.7,5,4.4,42,5.4,5.1,5.5,4,2.9,4.8,9,41,9.7,14,1,4.2,181,medical,night,full_time,woman,no,no,yes,no,no,no,7.16667
T07_0213,3.75,3.7,9.1,5,5.4,2.6,1.8,33,7.9,4.1,2.2,4.8,5.8,5,41,41,5.5,31,2,6.1,92,nursing,rotating,full_time,man,yes,no,yes,yes,yes,no,4.33333
T07_0214,4.75,5.2,7,1,7.4,6.8,5.8,35,5.7,6.7,5.8,2.8,4.6,4.8,65,38,9.7,56,2,5.1,161,nursing,day,full_time,woman,no,no,yes,no,yes,no,4.66667
T07_0215,3.5,5.8,11.7,7,4.1,5.7,5.9,35,5.4,0.1,5.4,6,5.8,4.5,14,43,7.4,16,4,6,67,medical,day,full_time,woman,no,yes,no,yes,no,yes,4.33333
T07_0216,3,6.2,9.6,2,2.5,3.8,5.7,34,8.2,7.1,2.2,6.4,8.7,3.1,40,35,1,29,2,3.8,99,support,day,full_time,woman,no,no,yes,no,yes,yes,4.33333
T07_0217,3.75,7.8,10.8,3,4.3,5.8,7.7,35,5.5,6.5,2.8,1.5,6.8,7.1,34,40,4.5,25,2,4.8,58,nursing,rotating,full_time,woman,no,yes,yes,no,no,yes,6.16667
T07_0218,6.75,3.3,9.1,11,2.6,7.1,1.4,32,5.6,5.6,4.2,5.7,5.1,6.4,42,34,14,33,1,9.9,125,nursing,day,full_time,man,no,no,no,yes,yes,yes,7.16667
T07_0219,5.25,2.5,8.9,4,6.4,4.4,6.1,47,5.6,7.9,3.6,4.3,1.5,8.5,12,41,7.9,25,1,3.9,172,nursing,day,full_time,woman,no,no,yes,yes,no,yes,6.83333
T07_0220,1.5,3.6,9.3,0,3.9,2.4,3.4,42,7.5,4.6,3,2.7,3.2,1.7,65,39,5.4,33,1,3.4,43,medical,night,full_time,man,yes,yes,yes,no,yes,no,5.66667
T07_0221,5.75,6.2,8.2,1,3.5,7.6,6.2,25,6.2,5.2,5.1,6.1,5.5,3.4,7,49,1.3,46,2,4.4,96,nursing,night,part_time,woman,no,yes,yes,yes,no,yes,5.16667
T07_0222,4.75,4.4,7.5,6,4.6,7.1,6.8,41,6.9,1.3,5.6,3.3,6.9,5.8,29,52,8.5,18,2,8.1,197,nursing,rotating,full_time,woman,yes,no,yes,no,no,yes,5.83333
T07_0223,4.75,5.7,9.8,0,5.7,2.6,3.7,41,5,5.5,7.3,4.3,4.6,4.5,19,54,11.3,33,3,4.8,28,allied_health,day,full_time,woman,yes,no,yes,no,no,yes,5.66667
T07_0224,4.25,3.3,7.8,1,4.1,4.8,5.5,33,8.7,7.1,3,5.2,4.7,6.8,16,36,16,6,4,6.2,58,support,day,full_time,woman,no,yes,no,no,no,yes,5.66667
T07_0225,4.25,0.1,9.9,4,4.3,5.5,6.8,33,8,5,1.7,5.5,6.7,5.5,42,29,3.3,17,2,3.3,20,allied_health,day,full_time,nonbinary_or_self_described,yes,yes,no,yes,no,yes,4.66667
T07_0226,7.25,6.5,12.7,1,3.4,5.4,7.9,25,7.7,6.1,4.7,10,4.2,6.8,42,38,11.3,26,1,5.3,173,nursing,night,full_time,man,yes,yes,yes,no,no,no,6.66667
T07_0227,5.25,3.4,8.4,5,5.5,5.3,4.9,42,8.3,3.9,2.1,5.2,3.4,5.6,5,47,16.8,18,2,2.7,162,nursing,day,full_time,man,no,no,yes,no,yes,no,6.33333
T07_0228,3.5,5.9,12.9,2,1.7,4.2,2.9,33,5.9,6,6.7,3.5,6.4,2.9,56,22,2,23,2,6.8,78,medical,night,part_time,man,yes,no,yes,no,yes,yes,6.33333
T07_0229,3.5,8.2,8.6,1,9,2.2,7.1,45,8.5,6.2,7,3.5,7,5.5,24,36,12.4,25,2,6.3,41,nursing,rotating,full_time,woman,yes,no,yes,yes,no,yes,7
T07_0230,2.75,5,8.4,8,5.2,0.8,5,42,7.5,8.4,3.8,3.4,6.4,4.9,63,47,8.9,24,3,7.5,121,nursing,rotating,full_time,woman,no,no,no,yes,no,yes,5.33333
T07_0231,5,5.5,12.8,4,4.8,2.5,6.8,37,7.5,2.7,3.2,4,3.8,4.7,38,37,1.5,28,3,5,101,support,day,full_time,woman,yes,no,yes,no,no,no,7
T07_0232,5.25,2.5,7.5,4,3.8,7.5,1.3,32,7.3,5.9,6.5,4.8,4.1,4.4,30,34,9.6,26,3,2.2,190,allied_health,day,full_time,woman,yes,no,no,yes,no,no,6
T07_0233,7,5.7,10.2,3,3.4,2.1,1.8,43,7.3,6.9,6.7,5.7,4.2,4.8,20,28,8,19,1,2.3,223,support,night,part_time,woman,yes,yes,yes,no,yes,no,6
T07_0234,7.25,3.8,7.4,7,4,6.4,5.3,21,7.9,2.9,3.6,6.8,5,6.6,25,36,11.7,26,2,4.8,135,medical,day,part_time,woman,yes,no,yes,no,yes,no,5
T07_0235,4.25,4.2,8.4,4,5.7,2.7,8.7,45,6.9,2.5,5.7,4.2,1.6,7,40,45,7.4,42,1,8.9,247,nursing,day,part_time,man,no,no,yes,no,yes,no,4.66667
T07_0236,4.75,4.9,10.4,3,7.2,4.9,2.8,29,5.5,7.1,4.5,3.6,7,1.4,57,52,6.5,15,3,3.7,135,medical,rotating,full_time,woman,yes,yes,yes,no,no,no,3.5
T07_0237,6,8.4,11.6,4,2.6,7.8,5.3,25,7,6.2,0.3,3,5.1,4.2,42,22,2,30,3,6.7,130,nursing,day,full_time,man,yes,no,yes,no,no,yes,5
T07_0238,4.25,5.9,9.3,3,7.3,7.8,4.1,51,4.9,4.8,5.8,5.8,4.6,4.8,40,54,9,16,2,5.5,236,nursing,day,full_time,man,no,no,no,no,no,no,3.83333
T07_0239,6.25,4.8,9.6,13,7.2,4.6,4.2,44,6.9,1.2,6.3,5.2,6.1,6.2,44,40,15.8,35,2,1.9,86,nursing,day,part_time,man,no,yes,yes,no,yes,no,5.33333
T07_0240,5.5,3.6,9.9,4,2.1,4.4,4.7,40,6.1,8.5,5.8,3.7,7,4.1,38,46,12.6,21,2,7,82,nursing,rotating,full_time,man,yes,yes,yes,no,no,yes,7
T07_0241,5.75,3.4,9.8,4,4.8,9.4,6.5,30,4.1,4.7,6,3.8,7.1,2.8,19,25,5,12,2,6.2,16,nursing,day,full_time,woman,no,yes,no,yes,yes,yes,5.16667
T07_0242,4.5,2,13,4,7,7.9,3.1,26,8.4,7.2,7.1,4.9,5.8,6,34,35,5.6,26,1,5.8,186,support,day,full_time,man,yes,yes,yes,no,yes,no,5.83333
T07_0243,6.75,4.2,11.7,2,8.2,1.8,2,42,7,6.5,5.1,5.3,4.3,6,20,25,5,4,2,3.7,129,nursing,day,part_time,man,yes,yes,yes,no,yes,yes,6.16667
T07_0244,5.5,6.7,11.6,5,5.2,5.4,7.5,21,6.8,6.4,4.3,6.4,8,5.4,41,47,8.4,39,3,4,116,nursing,rotating,full_time,woman,no,yes,no,no,yes,no,6.16667
T07_0245,8.25,5.2,8.5,6,5.9,1.2,0.8,35,8.4,8.6,2.6,3.5,3.2,5.1,17,25,5,5,3,6.6,190,medical,day,full_time,woman,yes,no,yes,yes,no,no,4.33333
T07_0246,4.5,7.9,9.4,8,7,1.6,2.7,59,7.1,5.7,2.8,6.4,2.6,7.1,49,34,12.8,45,2,4,160,allied_health,day,full_time,man,no,yes,yes,no,yes,yes,5.16667
T07_0247,6,6.7,12.4,6,9.9,4.7,5.3,22,7.5,5.4,4.3,4.2,4.7,3.9,10,24,2.3,12,2,3.2,211,medical,night,full_time,woman,no,no,yes,yes,yes,no,6.33333
T07_0248,3.5,6.4,9.3,2,6.4,7.8,6.1,42,6.2,3.8,4.6,3.3,2.2,5.3,26,47,6.8,9,3,4,203,medical,day,full_time,man,no,no,no,no,no,no,5.16667
T07_0249,1.75,5.4,8.5,2,4.8,7.1,6.1,39,6.9,2.6,5.6,6.8,7.3,4.7,33,35,6.5,17,2,6.3,105,nursing,night,full_time,man,yes,yes,no,yes,yes,yes,4.66667
T07_0250,4.25,6.5,9.6,8,2,7.9,4.2,43,7,3,6.2,6.9,4.6,6.9,34,40,4.4,27,2,4.2,67,medical,day,part_time,man,no,no,yes,no,yes,yes,5.16667
T07_0251,8.25,5.5,6.1,5,5.1,4.2,6.6,46,5.8,8.9,5.5,6.9,1.2,6.1,40,32,4.2,8,3,9.6,159,nursing,day,full_time,man,no,yes,no,no,no,no,7.33333
T07_0252,8.25,0.4,9.8,2,3.5,5.8,4.4,42,7.2,6.3,3.9,6.8,9.7,7.5,25,51,8.3,51,2,4.9,87,nursing,day,full_time,nonbinary_or_self_described,no,yes,yes,yes,no,no,4.16667
T07_0253,4.25,3.8,9.1,0,4.5,4.1,5.8,48,6.7,7.5,5.3,5.5,6.3,5.7,21,45,13.5,34,1,5.3,151,nursing,day,full_time,man,yes,no,no,no,yes,yes,6.33333
T07_0254,6,5.6,9.4,6,7.2,5.1,3.5,48,6.1,2.4,5.9,5.2,6.9,5.2,20,50,6.5,46,3,2.9,140,nursing,day,full_time,woman,yes,yes,no,no,yes,no,5.33333
T07_0255,4.5,5.4,11.4,6,5.8,4.9,4.8,41,5.7,3.1,6.2,6.6,6.4,6.7,39,27,7,28,2,3.5,157,nursing,day,part_time,woman,no,no,yes,no,no,yes,4
T07_0256,6.75,2.7,10.7,8,6.1,4.6,9,31,6.9,7.8,4,2.4,4,4.4,27,40,10.3,24,2,3.7,56,allied_health,day,part_time,man,no,no,yes,yes,no,yes,5
T07_0257,5.25,4.8,9.7,2,5.5,4.5,5.2,29,6.2,3.6,6.3,4.3,9.6,8.6,9,31,11,37,2,7.9,169,nursing,rotating,full_time,woman,no,no,yes,no,no,no,5.66667
T07_0258,4.5,2.6,11,8,5.2,9.2,4.2,38,5.5,6,4.2,7.2,5.3,1.8,21,30,6.8,13,0,2.7,232,nursing,night,part_time,man,yes,no,no,no,no,no,6.83333
T07_0259,3.75,4.9,10.2,10,8.3,5.3,8.3,51,6.3,7.8,6.4,6.1,8.7,5.7,21,34,6.5,47,2,7,209,support,day,part_time,man,no,no,no,yes,no,no,6
T07_0260,5.25,7.8,12.1,2,2.3,6.4,2.7,36,5.8,2.2,1.5,5.5,4.9,4.6,12,44,16,43,1,4.9,153,allied_health,rotating,full_time,woman,no,no,yes,no,no,yes,6.5
T07_0261,3.25,4.7,6.7,2,5.4,3.4,7.1,42,8.2,3.7,3.7,8.1,3.7,3.8,20,39,1.7,22,4,5.3,115,nursing,rotating,full_time,man,yes,no,yes,no,no,no,7.83333
T07_0262,5.5,3.5,8.3,2,0.5,3,5.3,42,5.9,5.1,4.1,4.1,5.7,5.2,9,38,18,10,3,3.8,151,nursing,night,full_time,man,yes,no,yes,no,no,yes,5.66667
T07_0263,6.25,4.3,9,4,6,8.2,5.2,39,8.5,7.6,7.2,6.2,5.2,3.2,3,25,4.4,45,3,5.8,51,nursing,rotating,part_time,woman,no,no,yes,yes,no,yes,4.5
T07_0264,0.75,5.4,9.2,5,8.2,2.5,5.5,35,8.1,5.9,5.6,3.6,10,8.3,42,36,16,13,3,6,110,support,day,full_time,woman,yes,yes,no,yes,no,no,4.16667
T07_0265,1.25,4.9,9.6,6,4,9,2.7,36,7.2,7.7,4.2,3.6,3.9,2.5,29,38,9.2,32,2,8.7,85,support,day,part_time,woman,yes,no,no,no,no,no,4.5
T07_0266,5,6.6,11.2,1,6.8,6.8,3,36,6.4,7.7,6.2,6.8,4,3.3,27,27,5.3,17,2,5.4,215,allied_health,day,full_time,woman,no,yes,yes,yes,no,yes,4.5
T07_0267,5,3.6,12.4,3,8,5.8,4.3,42,7.3,8.7,1.6,2.6,6.9,2.8,42,43,10.6,27,2,4.1,31,nursing,rotating,full_time,woman,no,yes,yes,no,no,no,5.16667
T07_0268,7.25,6,10.3,3,6.1,6.3,5.5,49,7.2,5.5,4.7,5.7,6.4,3.5,34,26,6,17,3,3.2,18,nursing,day,full_time,woman,yes,yes,yes,no,no,yes,4.5
T07_0269,7.25,9.2,7.8,10,4.6,4.5,2.7,33,7.7,2.4,8,4.7,3.4,6.3,19,51,16.2,13,2,4,90,nursing,rotating,full_time,woman,yes,no,no,no,yes,no,7
T07_0270,7.5,1.8,9.8,5,4.1,3.7,2.3,38,5,5.5,3.1,4.4,5.9,3.8,26,30,9.2,22,2,3.9,164,medical,night,full_time,woman,yes,yes,yes,no,no,yes,6.66667
T07_0271,5,2.1,7.3,1,6,6.1,2.2,40,8.1,5.1,4.3,7.3,3.2,7,30,39,6.9,35,2,1.1,217,medical,rotating,full_time,woman,no,no,yes,no,no,no,4.16667
T07_0272,4,2.3,13.1,4,5.4,6.8,7.7,39,6.1,4.7,6.9,5.7,4.4,3.2,22,54,12.2,11,1,6.9,243,nursing,day,full_time,man,yes,no,no,yes,yes,yes,5
T07_0273,5.25,4.4,10.1,2,5.9,3,6.9,34,7.1,9.2,2.9,2.8,2,9.3,14,33,10,16,2,5,160,nursing,night,full_time,man,yes,yes,yes,no,no,no,5.83333
T07_0274,6,3.9,11.1,5,8.9,4.7,2.5,44,6.7,4.8,4.4,7.8,4.9,3,28,29,9,33,2,5.3,118,nursing,night,full_time,man,yes,no,no,yes,no,no,9
T07_0275,5.25,3.9,10.5,1,4,5.6,0.5,29,6.2,7.2,5,4.8,3.7,5.2,24,48,4.2,25,2,2.5,216,nursing,rotating,full_time,woman,no,no,no,no,yes,no,4.83333
T07_0276,4.75,4.2,8.7,6,5.8,6.8,3.3,47,7.2,3.9,6.5,1.5,4.4,6.1,22,35,15,23,3,6.5,188,nursing,night,full_time,woman,no,no,no,yes,yes,yes,4.66667
T07_0277,6,5.5,7.9,4,3.9,3.9,5.9,40,9.4,3.7,5.1,6.5,5.7,3.4,21,22,1.3,35,1,6.4,153,nursing,rotating,full_time,woman,no,no,no,yes,no,no,5.16667
T07_0278,5.25,3.5,7.9,5,7.1,3.5,4.9,36,4.9,7,4.6,4.1,6.8,2.5,50,35,8.4,28,3,5.4,69,nursing,night,full_time,woman,no,yes,yes,no,no,no,2.66667
T07_0279,4.25,4.5,8.3,6,1.6,3.3,3.8,42,5.4,2,6.4,4.1,5.3,5.1,48,30,1.9,33,2,5.7,156,allied_health,day,full_time,woman,yes,yes,no,no,yes,yes,7
T07_0280,4.25,1.9,7.3,7,5.6,3.5,6.9,51,6.3,1.8,3.2,4.9,8.8,8.6,56,24,4,30,2,8.3,70,allied_health,rotating,full_time,man,yes,no,yes,no,yes,no,4.66667
T07_0281,4.75,5,10.6,6,6.1,5.4,1.8,44,7.1,4.5,4.9,4.9,3.3,7.7,45,33,12.4,23,3,4.6,233,nursing,day,part_time,woman,yes,yes,yes,yes,no,no,6.83333
T07_0282,7.75,3,13.1,5,0.8,5.9,5.9,48,6,4.3,5.8,5.9,4.7,5.2,43,33,5.4,46,1,5.4,122,support,night,full_time,man,yes,no,yes,yes,no,yes,6
T07_0283,5,6.2,11.2,7,4.2,2.9,3.5,45,6.6,3.5,3,5.7,4.3,3.6,28,43,5.7,2,1,4.7,242,nursing,night,part_time,man,yes,no,no,no,no,no,6.16667
T07_0284,3,6.2,9.5,0,4.5,6.5,4.8,33,6.1,7.4,4,2.3,6.4,4,28,46,9.3,30,2,3.6,136,nursing,rotating,full_time,man,no,yes,yes,no,no,no,4.83333
T07_0285,6,3.9,8.7,8,3.1,5.8,5.3,26,7.6,7.2,4.6,6.1,7.3,5.2,22,35,8.8,39,1,6.3,84,nursing,day,part_time,woman,yes,yes,no,no,no,yes,4.66667
T07_0286,4.5,4.5,11.3,4,5.9,1.7,7.5,37,4.3,8.1,6.5,6.6,8.5,4.6,21,36,10.7,18,3,4.4,216,medical,day,full_time,man,yes,no,yes,no,yes,no,5.33333
T07_0287,4.25,2,8.5,3,2.7,1.4,5.6,39,6.4,4.1,7,5.4,4.2,0.6,25,45,6.8,45,3,5.3,216,support,rotating,full_time,woman,yes,no,yes,no,no,yes,3.33333
T07_0288,2,2.9,11.1,4,7.1,6.5,5.7,48,4.4,6.2,6.3,7.3,7.7,3.3,49,28,8,25,3,4.6,149,allied_health,rotating,part_time,man,no,no,no,no,no,no,5
T07_0289,7.25,6.7,10.2,9,3.4,5.4,3.7,47,6.7,9.6,4.6,5.7,5.8,1.8,26,43,12.1,2,2,4.4,169,support,day,full_time,woman,no,yes,no,yes,yes,yes,6.33333
T07_0290,8,4.4,11.8,8,5.9,5.9,4.6,40,7.9,2.8,3.5,7.9,5.2,5.2,47,31,11,16,2,4,257,allied_health,day,full_time,man,yes,no,no,no,yes,no,6.16667
T07_0291,7.25,7.1,7.5,4,4.7,6.6,3.6,32,8.7,6.4,4.7,5.6,6.6,3.3,31,29,9,39,2,5.9,87,medical,night,full_time,woman,no,yes,yes,no,yes,no,5.66667
T07_0292,5.5,1.6,10.4,1,3,3.7,5.1,29,6.3,4.2,0.6,4.6,3.5,2.7,5,51,8.8,18,3,7.3,131,support,day,part_time,woman,no,no,yes,yes,no,no,5.33333
T07_0293,3,5,10.6,1,4.6,5.4,8.4,59,8.9,8.1,7.1,6,5.3,2.1,39,47,16.3,39,1,3.6,122,nursing,rotating,full_time,nonbinary_or_self_described,no,yes,no,no,yes,no,3.83333
T07_0294,1.5,7.2,10.2,4,6.3,7.8,7.3,32,8.5,6.1,6.3,6.4,4,6.2,40,30,10,23,2,3.2,24,medical,rotating,full_time,man,no,yes,yes,yes,yes,yes,4.16667
T07_0295,8.25,6.7,8.5,8,6.4,8.2,2.7,30,6.7,3.7,5.9,5.8,3.8,2,24,36,14.1,36,3,3.6,134,allied_health,day,full_time,woman,no,no,yes,yes,no,yes,5.83333
T07_0296,7.25,3.5,11.4,6,3.4,4.9,4.1,31,8.5,4.3,5.1,4.9,7.7,5.7,46,43,6.4,26,1,4.8,90,support,day,full_time,woman,yes,no,yes,no,yes,no,8.33333
T07_0297,1.75,5.3,9.3,4,7.5,7,7.1,44,5.7,4.3,5.7,6,5.1,4.9,32,41,20.2,21,2,4.9,168,medical,day,full_time,man,no,yes,yes,no,no,no,4.66667
T07_0298,4.75,7,9.2,4,6.3,5.8,6.1,35,6.6,6.8,2.4,4.1,5.6,2.4,43,26,6,37,2,2.6,200,support,day,full_time,nonbinary_or_self_described,no,no,no,no,no,yes,5
T07_0299,6.75,3.6,11.2,8,6.1,5.4,3.3,35,6,6.1,2,3.9,3.1,4.2,47,55,6.8,16,3,4.4,160,medical,night,full_time,man,yes,no,no,yes,yes,no,9
T07_0300,3.75,4.8,11.2,4,5.6,4.6,6.5,45,5.7,0.6,4.4,2.7,5.9,2.5,45,30,9.2,0,1,3.5,88,nursing,day,part_time,woman,yes,yes,yes,no,no,no,6.33333
T07_0301,6.75,4.7,9.5,2,4.6,5.4,3.6,41,7.6,7.6,5.2,3.5,3.1,4.9,32,26,6,34,2,4.2,129,support,rotating,full_time,woman,no,no,no,no,yes,yes,5.16667
T07_0302,7.5,5,13.1,2,8.9,2.7,5,41,8.5,6.7,3.9,5,5.8,5,1,43,13.4,22,3,4.4,80,nursing,night,full_time,woman,no,no,yes,no,no,no,4.33333
T07_0303,7.5,6.3,7.4,6,4.6,2.6,4.1,43,6.5,5.2,4.8,5.6,3.8,1.7,17,51,6.7,7,2,3.9,186,nursing,rotating,full_time,woman,no,no,no,yes,no,no,5.83333
T07_0304,6.25,3.2,10.1,5,7,7.4,7.3,36,6.5,3.4,2.9,6.6,6.2,2.6,42,44,7.1,7,4,6.5,44,support,night,full_time,man,no,no,yes,no,no,no,5.16667
T07_0305,2.5,3.8,10.8,2,4.6,5.3,5.1,23,6.9,7.1,5.3,4.6,1.6,2.2,44,34,7.8,28,3,3.7,77,support,night,full_time,man,yes,yes,no,no,yes,no,3
T07_0306,7.75,5.4,12.6,5,2.2,5,5,48,7.7,6.3,2.1,0.8,8.2,6.8,28,37,12.8,38,1,4.6,92,support,night,full_time,woman,yes,yes,no,no,no,no,5.5
T07_0307,5.25,4,10.9,3,2.5,3.5,2.3,32,7.4,1.6,4.5,6.1,5.5,5.5,18,31,9.2,13,2,5.3,109,nursing,day,part_time,woman,no,no,no,no,no,no,4.5
T07_0308,6.25,3.1,12,2,3.7,9.1,5.7,45,5.4,3.2,6,5.3,7.9,5,20,26,6,43,2,5.1,119,medical,night,full_time,woman,no,no,yes,no,no,no,5
T07_0309,7.5,3.3,11,4,2.3,4.3,4.5,39,7.5,3.8,5.5,3.9,4.8,6,24,36,6.2,23,3,3.1,134,support,night,full_time,man,yes,yes,yes,no,yes,no,7
T07_0310,6,5.5,8.3,4,7.2,3.9,2.2,22,6.5,7.8,7.6,1.9,6.6,5.1,24,29,7.3,5,3,6.1,51,nursing,rotating,full_time,woman,no,yes,yes,yes,no,yes,5.33333
T07_0311,6,3.2,7.9,5,3.8,4.4,3.7,41,6.8,4.1,4.5,5.8,3.8,3.7,36,21,1,31,3,5.8,118,medical,rotating,full_time,woman,yes,no,no,no,yes,yes,4.33333
T07_0312,7,6.1,9.5,5,6.2,4.6,4.5,33,6.4,5.7,6.8,3.2,6.7,4.2,38,41,6.3,30,4,5.6,166,nursing,day,full_time,woman,yes,yes,no,no,no,no,5.66667
T07_0313,1.25,6,8.6,3,6.2,8,4.3,27,8.8,4.7,4.4,7.7,2,8.5,56,34,4.6,21,1,3,144,allied_health,night,part_time,woman,no,no,yes,yes,no,yes,3.83333
T07_0314,6.25,8,7,0,8.3,4.7,1.4,45,6.3,4.7,5,6.2,4.1,4.3,33,48,6.5,9,3,3.2,47,allied_health,night,full_time,woman,no,no,no,no,no,yes,5
T07_0315,3.25,7.7,10.8,4,1.9,6,6.4,38,4.1,6,7.8,6.4,5.1,5.5,29,41,3.6,3,3,7.2,129,support,night,part_time,woman,no,no,yes,no,no,yes,5
T07_0316,3.5,3.5,11.9,9,2.8,2.5,5.1,34,8.6,5.2,7.3,3.5,5.3,5.4,47,36,6.4,31,2,6.7,91,medical,rotating,full_time,man,yes,no,no,no,no,yes,5.16667
T07_0317,7.5,4.7,10.1,1,5.9,4.1,6.6,46,6.8,8,5.5,4.7,5.6,6.7,37,34,9.1,30,2,3.5,246,nursing,night,part_time,man,no,no,no,no,yes,yes,4.66667
T07_0318,4.5,2.7,11.8,8,5.5,2.9,3.7,34,6.9,3.2,7.1,8.2,8.1,5.8,27,38,7.8,41,2,3.8,107,nursing,day,full_time,nonbinary_or_self_described,yes,no,no,no,yes,yes,5.16667
T07_0319,3.5,6.5,11.5,2,6.4,3.9,2.2,42,7.3,4.9,4.5,3.3,2.8,3.6,28,35,7.3,26,1,6.2,256,nursing,day,part_time,woman,yes,no,yes,no,no,yes,4.16667
T07_0320,5.25,5.3,8.2,2,5.2,7.2,3.7,36,8.8,4.4,5.6,4.1,8.9,4.9,47,30,10,9,2,4.8,137,nursing,night,full_time,woman,yes,yes,yes,no,yes,no,5.5
T07_0321,3.5,3.5,10,7,6.2,5.5,4,40,6.7,4.4,6.2,3.1,5.5,2.9,56,39,13.4,20,3,3.1,146,medical,day,full_time,woman,no,yes,no,no,yes,yes,3
T07_0322,4.75,3.7,10.1,1,6.3,5.8,4.6,33,7.9,5.3,6.1,4.8,6,7.3,32,46,4,13,2,3.4,64,nursing,night,part_time,man,no,no,yes,no,yes,no,4.66667
T07_0323,4.25,5.6,8.4,5,1.6,3.7,4,22,6,2.7,4.7,4.4,4.1,5.1,5,36,7.7,46,2,4.8,124,nursing,day,full_time,woman,no,yes,yes,no,yes,yes,5.5
T07_0324,7.25,6.4,7.9,5,2.3,4.3,2.9,51,5.7,4.7,5.7,2.7,3,4.8,17,36,5.8,41,4,5.6,179,support,night,full_time,woman,yes,no,no,no,no,no,6.83333
T07_0325,4.75,4.4,13.5,9,4.8,5.7,4.4,31,7.9,3.5,3.4,8.8,5.8,4.3,25,31,7.9,32,4,4.7,137,allied_health,rotating,full_time,man,no,no,yes,yes,no,yes,5.83333
T07_0326,5,4.9,9.6,6,5,2.6,7.7,21,8.2,8,6.3,3.8,3.5,6.3,13,24,4,53,1,5.9,123,nursing,day,full_time,woman,no,no,yes,yes,yes,yes,4.5
T07_0327,5,6,9.9,6,6.2,3.3,4.1,32,7.2,6.7,5.5,6.4,4.7,2.8,38,31,7.8,27,2,4.2,103,nursing,day,full_time,man,no,yes,yes,no,yes,yes,5.83333
T07_0328,3,1.3,7.4,2,3.2,1.5,4.6,37,5.6,7.1,5.7,4,2.9,7.7,27,38,3.7,22,2,5.7,152,allied_health,night,full_time,man,yes,yes,yes,yes,no,yes,6.66667
T07_0329,2.25,2.1,10.7,1,3.7,8.9,4.3,52,7,4.4,6.7,8.3,2.6,2.9,68,28,4.7,23,1,6.1,224,medical,rotating,part_time,man,yes,no,yes,no,no,yes,4
T07_0330,6.75,5.1,9.5,2,6.4,4.5,3.4,46,6.6,3.4,6.3,3.9,7.1,7.9,30,31,11,8,2,8.9,98,medical,rotating,full_time,man,yes,no,yes,no,no,no,4
T07_0331,6.5,6.7,10.8,4,5.3,2.1,2.2,40,6.2,6.3,6.6,3.9,2.2,6.3,25,40,10.4,23,3,2.5,290,nursing,night,part_time,man,no,no,yes,yes,no,yes,5.66667
T07_0332,2.75,2.7,9.8,4,4.4,4.7,3.3,37,7.6,3.8,2,5.2,2.8,7.6,50,44,15.6,20,4,6.5,209,nursing,rotating,part_time,man,yes,yes,no,no,yes,no,5.5
T07_0333,5,7.4,9.4,10,5.9,4.3,6.6,27,6.9,3.7,5.9,3.5,5.5,5.3,37,37,5.3,41,2,5,168,nursing,rotating,full_time,man,no,no,no,no,no,no,6.83333
T07_0334,3,5.3,11,2,6,7.4,5.5,38,6.1,5.9,7.8,3.7,5.6,5.7,3,45,11.7,30,2,6.3,183,nursing,night,full_time,woman,no,no,no,no,yes,yes,3.83333
T07_0335,7.5,3.9,10.1,3,4,5.1,7.5,47,6.2,3.6,6.2,0.9,5,4.7,57,31,4.7,3,3,1,30,nursing,rotating,part_time,man,yes,no,no,no,yes,yes,6.66667
T07_0336,6,6.1,11.5,3,5.8,5.5,4,35,7,3.1,4.7,2.2,5.2,6.4,39,37,13.4,42,3,5.1,16,nursing,rotating,full_time,man,no,no,yes,no,no,yes,6
T07_0337,3.25,3,10.3,3,5.2,7.9,5.4,49,7.3,4.9,1.5,3.1,6.2,4.6,45,39,3.7,14,3,5.4,227,nursing,night,full_time,nonbinary_or_self_described,no,yes,no,no,yes,no,4.83333
T07_0338,6.25,3.1,8.5,5,5.3,3.4,5.7,25,6.6,5.7,7.4,5,6.5,8.7,17,49,6.7,36,3,3.9,82,support,rotating,full_time,man,yes,no,yes,yes,no,no,4
T07_0339,6.25,6.6,9.1,2,2.7,4.3,7.4,36,5.2,3.3,4.1,5.6,6.6,6.5,1,31,11,43,3,3.9,199,support,night,part_time,woman,no,no,yes,no,no,no,4.33333
T07_0340,4.75,6.1,11.6,10,7.1,4.9,5.5,31,7.7,1.1,1.1,2.3,4.6,2.4,4,52,17.5,12,1,4.8,50,medical,rotating,full_time,man,no,yes,yes,no,yes,yes,6.83333
T07_0341,5,6.8,8.2,1,7.6,5.2,5.3,23,5.4,7.8,5.3,5,6.1,7.1,18,41,6.3,39,2,7.4,141,nursing,rotating,full_time,woman,no,yes,yes,no,no,no,5.66667
T07_0342,5,5.3,10.9,1,3.9,8.4,3.3,32,5.3,3.8,3.6,4,4.2,4.3,38,36,5.1,19,1,4,37,nursing,night,full_time,woman,yes,yes,yes,yes,no,no,6.33333
T07_0343,0,4.9,8.3,2,4.7,5.7,5.8,30,7.8,3.2,4.2,3.8,1.7,4.7,4,32,12,23,1,5.4,142,nursing,night,full_time,woman,yes,yes,no,no,yes,no,4.33333
T07_0344,3.75,4.6,8.2,5,3.5,8.9,2.9,36,8,3.7,4.8,2.6,7.3,4.1,37,30,3.9,26,4,3.7,112,nursing,day,full_time,man,yes,yes,yes,yes,no,no,6.5
T07_0345,4.75,1.6,10.5,3,5,6.7,8.7,40,7.1,7.6,4.5,5.9,6.1,3.9,17,29,1.7,43,0,4.6,124,support,rotating,full_time,woman,no,no,no,no,yes,yes,6.66667
T07_0346,5.5,4.6,9.9,3,6.4,5.7,5,52,6.3,4.5,5,7.3,5.2,6.3,29,34,5.3,44,2,4.7,138,medical,day,full_time,man,yes,yes,yes,no,yes,yes,4.83333
T07_0347,6.75,5.4,12.7,2,4.4,5,1.6,38,8.4,4.9,2.3,4.9,5.1,3.7,27,41,8.2,22,4,1.9,156,allied_health,day,full_time,woman,no,no,no,no,no,yes,7.33333
T07_0348,7.5,3.7,7.9,8,6.6,3,6.9,53,6.7,2.2,4.6,4.4,4.1,2.4,26,27,6.9,27,3,7,41,nursing,day,full_time,woman,no,no,yes,yes,yes,no,9.16667
T07_0349,6.5,5.8,11.5,0,7.6,4.7,8.9,43,6.6,5.6,2.8,6.1,5.1,5.6,61,41,7.6,7,3,7,76,medical,rotating,full_time,man,yes,no,yes,no,no,yes,5.33333
T07_0350,8.25,7.6,10.6,4,4.1,3.5,8.6,23,7,2.3,3.5,3.8,8.7,6.7,44,45,7.9,21,2,2.7,149,nursing,day,full_time,woman,yes,no,no,no,no,yes,4.66667
T07_0351,8.5,8.4,13.1,7,6.8,4.3,4.1,32,6.2,3.2,6.2,5.1,6.8,5.2,35,26,6,5,3,3.4,81,medical,day,full_time,man,no,no,no,no,no,no,5.66667
T07_0352,3,5.8,8.1,8,5.3,4.4,0.9,48,9.2,7.2,6.6,5.9,4.2,4,40,43,14.4,22,1,2.1,127,allied_health,night,full_time,man,yes,yes,yes,no,no,no,5.5
T07_0353,5.25,6.1,9.5,6,2.7,5.5,3.3,27,6,4.1,6.6,2.2,5.4,7.5,21,37,5.8,25,1,4.1,186,allied_health,rotating,full_time,man,yes,yes,yes,yes,no,yes,6.33333
T07_0354,6.75,4.3,10.1,1,7.2,3.3,4.5,33,8.6,2.9,5.6,5.2,1.4,4.2,19,39,7.6,15,2,8.1,203,nursing,day,full_time,woman,yes,yes,yes,no,no,no,5.5
T07_0355,3.5,4.1,10.7,6,5.2,4.2,2.1,53,7,5.2,4.9,7.8,4.8,0.4,31,55,9.7,22,2,3.6,180,nursing,day,part_time,man,yes,no,no,no,yes,no,5.16667
T07_0356,8.75,8,10.8,5,7.6,5,5.6,49,6.4,2.3,6.4,2.6,6.4,4.8,32,25,5,5,2,5,88,support,day,full_time,man,no,yes,no,no,yes,no,3.66667
T07_0357,6.5,3.6,9.1,5,2.7,5.6,6.1,33,7.1,3.9,8.9,4.6,1,4.7,9,51,6.5,26,2,3.2,44,allied_health,day,part_time,man,yes,no,yes,no,no,yes,2.83333
T07_0358,8.25,5.3,12.2,1,2.6,5.6,6.4,36,7.5,5,7.3,5.3,4.5,6,24,38,1.2,19,4,4.8,254,nursing,rotating,full_time,woman,yes,yes,no,no,yes,yes,5.16667
T07_0359,5.75,7,6.4,6,7.6,6.6,8.2,33,5.6,3.9,3.8,6.9,4.8,3.7,60,41,6.4,37,2,6.5,146,nursing,day,full_time,man,yes,no,yes,yes,yes,yes,5
T07_0360,4.25,3.4,9.9,5,4,4.2,5.3,45,5.3,6,5.8,5.9,5.3,7.2,13,33,1.7,34,2,5.4,214,medical,night,full_time,woman,no,yes,yes,no,yes,no,5.66667
T07_0361,1.25,2.9,11.6,6,4.6,5.4,7.1,25,8.8,5.3,5,4.3,6.9,7.6,11,49,5.9,28,2,4.7,157,allied_health,night,full_time,woman,yes,no,yes,yes,yes,no,6.16667
T07_0362,3.75,3.5,13.4,7,3.5,3,4.2,50,6.1,5.4,6.1,4.3,4,4.9,52,22,2,17,2,8.6,199,support,rotating,full_time,man,yes,yes,no,yes,no,yes,5.5
T07_0363,3.5,6.4,10.7,2,7.9,5.7,4,50,8.8,7.8,7.7,1.1,8.2,7.8,5,35,5,21,3,6.8,70,allied_health,day,full_time,woman,yes,no,no,yes,no,no,4.66667
T07_0364,3.5,4.4,7.6,5,5.8,6.6,3.8,39,5.8,1.9,3.5,3,3,3.3,38,37,8.3,26,2,3.7,143,nursing,night,part_time,man,no,yes,yes,no,yes,yes,6
T07_0365,7.25,8.3,12.4,1,4.7,4.6,8.5,37,7.3,6.6,7.6,2.9,5.4,8.2,38,46,10.6,30,2,4.6,139,nursing,day,full_time,man,yes,no,no,no,yes,yes,5.5
T07_0366,6.5,5.4,8.1,6,8.5,2.5,6,53,6.1,5.8,3.8,5.2,3.7,5.1,27,27,7,27,3,3.3,104,nursing,rotating,full_time,man,no,no,yes,no,yes,no,6.16667
T07_0367,6.75,4.4,9.1,5,7.4,5.1,5.4,31,6.7,0.8,5,8.1,2.2,6.5,45,33,8,43,3,8.1,122,support,night,full_time,man,no,no,yes,no,no,no,5.66667
T07_0368,5.25,7.2,9,3,7.3,5.3,3.2,40,6.8,8,2.4,5.5,6.3,3.1,48,51,0.9,47,2,2.6,52,nursing,rotating,part_time,man,no,no,yes,no,yes,yes,6
T07_0369,6.25,3.9,7.6,2,3.4,3.4,4.1,30,6.4,3.3,3.5,2.4,6.4,5.6,47,23,3,23,2,6.9,126,nursing,day,part_time,woman,yes,no,no,yes,no,yes,6.5
T07_0370,6.5,3.1,8.6,2,6.4,4.1,5.3,43,7.3,3,3.4,8.2,7.2,5.9,42,40,14.4,19,1,4,234,nursing,day,full_time,man,yes,yes,yes,no,no,yes,5.16667
T07_0371,3.75,5.5,9.5,7,2.5,4.6,3.4,42,4.6,3.7,3.2,1.6,4.7,2.7,51,58,10.7,29,2,6.8,168,nursing,rotating,part_time,nonbinary_or_self_described,yes,no,yes,no,no,yes,4.83333
T07_0372,1.5,4.4,12.5,2,5.2,4,4.3,35,6.8,4.4,2.4,5,3.9,5.5,23,42,15.8,30,3,4.7,122,support,night,full_time,woman,no,yes,yes,no,yes,no,5.5
T07_0373,3.75,6.3,11.8,6,6.1,3.8,7,38,7.7,2.1,1.9,1.6,7.1,5.1,55,37,2.1,12,1,1.5,119,support,night,full_time,man,yes,no,yes,no,no,yes,4.5
T07_0374,5,3.5,9.6,2,6.9,6.8,3.3,56,5.3,5.9,3.5,2.9,1.8,2.7,25,39,7.8,37,2,7.9,221,allied_health,day,full_time,woman,no,yes,no,no,no,yes,6.16667
T07_0375,5.5,4.6,9.6,3,5,6,8.6,38,6.3,6.3,6,2,5.9,7.2,48,40,11.7,28,2,4.2,24,nursing,day,full_time,woman,no,yes,yes,yes,no,yes,5.83333
T07_0376,4,5.4,7.5,0,5.5,2.8,4.1,40,7.9,1.8,5.2,7.2,5.2,3.7,51,39,6.8,1,0,5.8,212,support,day,full_time,woman,yes,no,yes,no,yes,yes,4
T07_0377,4.25,5.7,10,7,5.1,3.3,5.6,48,4.5,5,4.7,5.8,9.5,2,48,34,12.3,44,1,6,91,support,day,part_time,man,no,yes,yes,no,no,no,6.33333
T07_0378,4.5,2.4,13.8,6,4,6,2.8,46,7.6,5.2,6,4.9,3.6,5.3,46,34,14,32,2,7.4,251,nursing,rotating,full_time,man,no,no,yes,no,yes,no,5.66667
T07_0379,4,4.4,10.2,5,5.1,7.9,5.3,47,7.7,7.8,4,1.8,3.6,4.3,5,35,2.1,45,2,4.3,81,nursing,day,full_time,woman,no,no,yes,no,yes,no,3
T07_0380,4,5.7,9.2,1,7.6,1.9,9.7,36,6.4,6.3,7.7,3.1,5.7,5.9,28,26,6,9,1,6.8,120,nursing,day,full_time,woman,yes,no,no,no,no,yes,4.83333
T07_0381,4.75,4,6.4,4,6.2,4.5,5.5,33,5.2,8.3,6.5,5.4,1,6.9,31,33,13,13,1,7.1,234,nursing,night,full_time,nonbinary_or_self_described,no,yes,no,no,no,yes,4.5
T07_0382,6.75,4.5,7.4,7,2.4,5.4,1.8,40,7.6,5.2,4.1,2.5,3,4.9,23,41,5.1,12,2,5.2,126,nursing,rotating,part_time,woman,yes,yes,yes,yes,no,yes,6.16667
T07_0383,4.5,2.5,11.6,2,4.9,4.7,4,40,5.6,6.9,5.2,5.7,5.2,6.2,37,41,4.2,34,1,5,157,nursing,rotating,full_time,woman,no,no,no,no,yes,yes,6.33333
T07_0384,5,3.2,11.3,4,6.5,5.6,2.3,29,6.9,6,6.4,4.2,4.8,6.5,50,23,3,35,2,3.3,119,allied_health,rotating,full_time,woman,no,no,no,no,no,yes,6.33333
T07_0385,8.5,7,12.5,8,5,4.1,5,30,6.7,5.2,4.1,7.9,5.8,6.5,46,39,7.2,17,3,5.4,260,allied_health,night,full_time,woman,yes,no,yes,no,yes,yes,5
T07_0386,3.75,4.4,8.5,0,6.2,6,4.6,50,4.8,6.7,6.9,7.8,4.6,3.9,27,39,9,17,3,6.7,172,medical,rotating,full_time,woman,no,no,yes,no,yes,yes,6.5
T07_0387,2.25,6,11.5,2,5.8,7.3,6.8,43,7.5,5,7.4,3.4,5.4,3.5,18,38,10.8,39,1,2.2,146,nursing,day,full_time,man,no,yes,yes,no,yes,no,5.16667
T07_0388,5,7.8,11.1,3,3.9,7,5.6,45,7.7,6.7,5.4,4.8,3.6,8.6,37,38,5,30,1,3,116,nursing,rotating,full_time,woman,yes,yes,no,no,yes,yes,3.83333
T07_0389,6.25,4,8.9,6,1.3,7.8,4.1,35,7.6,4.1,3.4,6.2,6.4,4.8,48,24,4,4,3,3.8,164,nursing,day,full_time,woman,no,no,no,no,no,no,7.83333
T07_0390,4.5,4.9,7.8,3,5.5,3.8,3.8,34,7.8,3.2,8.1,2.1,6.3,5.1,25,51,12.8,10,3,5.3,97,nursing,rotating,full_time,woman,no,no,no,no,no,yes,5.5
T07_0391,5.75,2.3,7.5,4,9.5,4.6,4.2,36,5.4,7.9,4.9,3.3,3.8,6.8,33,36,9.9,33,2,3.7,246,allied_health,day,full_time,man,no,no,no,yes,no,no,5.66667
T07_0392,8.75,6.3,9.8,5,4,5.2,1.8,37,6.8,5.4,7.5,5.3,8.1,9.2,2,42,3.8,20,2,2.3,158,support,day,full_time,man,no,yes,yes,no,no,yes,5.5
T07_0393,6.5,4.5,8.5,1,1.8,4.6,3.8,47,7.3,4.4,5,5.9,7.3,6.7,23,37,5.5,32,2,4.6,155,nursing,day,full_time,woman,yes,no,yes,yes,no,yes,6.33333
T07_0394,7,3.3,10.9,7,4.3,5.6,3.4,33,6.9,3.3,6.4,3.3,4.1,8.4,15,28,8,13,2,5,200,medical,rotating,full_time,woman,no,no,yes,no,yes,yes,7
T07_0395,6,5.3,6.7,8,3.2,3,5.4,39,6.9,4.4,6.5,1.4,3.2,5,10,29,3.2,35,2,5.3,103,nursing,rotating,full_time,woman,yes,yes,yes,no,no,yes,8.33333
T07_0396,5.75,2.8,11.9,9,6,4.4,5,63,6.3,3.9,6.5,5.1,7.6,5.9,27,36,2.5,32,1,2.5,71,medical,night,part_time,woman,no,no,yes,no,yes,yes,7.33333
T07_0397,5,7.1,12.9,7,4.6,6.5,3.3,26,6.3,6,1.7,5.2,7.5,4.1,68,36,3.4,27,3,6.4,293,nursing,night,part_time,man,yes,no,yes,no,no,no,7.16667
T07_0398,3.5,4.7,10.2,5,2.9,2,5.3,46,6.9,4.5,3.6,7.3,3.7,5.3,31,43,11.7,10,3,2.8,138,medical,night,part_time,woman,no,no,yes,no,yes,yes,2.16667
T07_0399,1.5,7.5,10.1,4,2.6,6.8,4.4,36,6.5,7.7,3.5,6.3,3,8.1,45,45,6.4,54,1,0.3,192,allied_health,night,full_time,woman,yes,no,yes,no,yes,no,3.83333
T07_0400,6,7.5,6.8,4,5.9,5.9,6.6,39,7.1,3.6,7,6.6,4.2,4.1,11,46,2.7,12,3,3.4,64,nursing,rotating,full_time,man,yes,no,yes,no,no,no,4.33333
T07_0401,7,9.9,9.9,3,5.5,5.3,7.3,45,5.1,2.9,3.1,4.4,5.6,5.8,19,43,7.9,27,1,6.9,145,medical,rotating,full_time,man,yes,yes,no,no,no,yes,7
T07_0402,5.25,5.9,10,2,2.7,5.6,5.1,34,4.6,5.6,6.4,5.6,2.9,5.4,10,50,5.6,26,3,4.5,205,support,day,part_time,man,yes,no,yes,no,no,no,4.66667
T07_0403,5.75,4.6,7.9,4,5.9,2.2,5,39,7.3,2.1,1.1,7.6,4.8,4.6,9,38,3.7,1,1,3.4,123,allied_health,day,full_time,man,no,no,yes,no,no,yes,6.16667
T07_0404,7.5,3.8,9.4,1,1,3.9,6.9,41,7,1,4.3,4,4.5,6.3,60,33,13,8,1,3.7,148,medical,day,part_time,man,yes,no,no,no,yes,yes,4.83333
T07_0405,4.5,7.6,9,6,4.3,3.9,4.3,54,7,7.6,6,4.2,8.9,4,63,46,13.7,28,3,3.2,80,allied_health,day,full_time,woman,yes,yes,yes,yes,yes,yes,5.5
T07_0406,4.75,5.2,12.7,4,6.1,1.3,1.1,34,6.4,3.7,8.2,4.5,5.8,4.8,16,35,13.6,9,2,1.8,130,nursing,day,full_time,man,yes,no,yes,no,no,no,5.5
T07_0407,5.5,8.4,9.1,7,6.2,4,4.3,34,7.8,6.8,7.5,6.8,6.1,4.6,20,25,5,29,2,7.4,85,medical,day,full_time,woman,no,no,no,no,yes,yes,4.83333
T07_0408,4.75,5.8,7.6,8,4.5,3.8,5.8,59,5.3,3.9,6.6,4.5,5.8,7.9,24,48,3.1,3,3,5.9,19,nursing,rotating,part_time,man,no,no,yes,no,no,no,6.83333
T07_0409,1.75,6.9,13.8,3,7.8,6.1,6.8,48,7.7,4.8,4.5,3.4,0.1,3.6,37,33,13,19,4,3.5,158,nursing,night,full_time,man,yes,yes,no,no,yes,no,4.66667
T07_0410,5.5,5.2,8.1,6,4.7,4.6,6.5,34,8.7,4.8,5.3,7.5,4.2,5.5,32,28,3.5,11,1,5.3,139,nursing,rotating,full_time,woman,no,no,yes,no,no,no,3.16667
T07_0411,5.75,5.7,8.2,5,6,3.7,3.8,15,7.5,8.7,6.4,4,5,4,8,33,12,18,2,6.3,25,support,rotating,full_time,man,yes,no,no,no,yes,yes,5.33333
T07_0412,4.5,5.9,11.3,3,6.8,1.5,5.8,39,6.7,7.3,6.2,4.8,3.3,3.7,47,26,6,48,4,8.3,79,allied_health,night,full_time,woman,yes,no,no,yes,no,yes,6.16667
T07_0413,3.5,5.8,7.8,2,6.8,3.3,7,29,5.7,2.6,1.4,6.1,4.9,5.3,49,44,9.3,9,2,5,191,support,day,full_time,woman,no,no,yes,no,yes,no,5.5
T07_0414,2.5,1.6,9.9,6,3.6,4.2,3.3,45,6.4,8.1,3.9,2.1,9.2,5.3,11,42,9.9,28,3,6.4,214,allied_health,night,full_time,man,no,yes,no,no,yes,yes,6.5
T07_0415,3.75,0.3,10.9,3,3.3,3.8,5.5,23,5.4,5.1,4.4,5.6,4.4,4.9,20,35,5.9,31,1,3.7,175,nursing,rotating,part_time,man,yes,no,no,no,no,no,5.66667
T07_0416,5.75,5.7,10.6,3,2.7,4.3,1.9,31,6.9,5.1,2.3,5,6.5,2,8,47,2.4,12,3,3.8,253,nursing,rotating,full_time,nonbinary_or_self_described,no,yes,yes,no,no,no,5.66667
T07_0417,5.25,5.4,10.5,1,5.5,5.2,4.7,31,7,7.9,2.5,3.1,4.5,5.3,17,26,3.8,21,3,4.6,90,medical,rotating,full_time,man,yes,yes,yes,no,yes,no,4.66667
T07_0418,7,6.5,13.3,2,6.2,3.3,5,58,6.9,2.7,7.4,6,6.8,7.5,38,48,10,13,2,5,79,allied_health,day,part_time,woman,yes,yes,no,no,no,yes,6.83333
T07_0419,7.25,5.9,8.6,9,5.5,6.2,3,38,8.2,6.3,4.3,5.9,4.5,6.2,5,41,9.4,41,3,6.4,219,allied_health,day,part_time,woman,yes,no,yes,yes,no,no,6.33333
T07_0420,6.5,7,10.3,3,3.6,5.4,9.2,44,6.1,3.5,6.3,5.6,5.7,5.2,42,25,5,16,3,4.6,168,nursing,rotating,full_time,woman,no,yes,yes,no,yes,no,4.66667
T07_0421,4.75,6.4,10.2,1,4.6,5.9,7.2,40,6.3,1.7,2.1,8.2,6.4,6.3,69,42,15.3,26,2,3.8,137,nursing,rotating,full_time,woman,yes,no,no,no,no,no,4.5
T07_0422,5.5,4.4,7.9,6,8.9,6.8,4.7,36,5.8,5.4,4.8,6.8,5.4,3,24,49,11.7,19,3,6.2,103,nursing,night,full_time,man,no,no,yes,no,no,no,4.5
T07_0423,4.5,4.6,11.9,8,5.9,4.4,5.1,39,6.7,5.1,7.3,0.9,5.5,3,21,34,14,17,3,4.9,161,nursing,rotating,full_time,man,yes,yes,no,yes,yes,no,5.33333
T07_0424,5,4.7,13.6,4,4,3.5,7.1,28,7.3,5.9,2.7,4.4,5.6,4,35,29,8.8,18,2,8.3,204,nursing,night,full_time,woman,no,no,no,no,no,no,6.83333
T07_0425,7,5.4,12.3,6,4.6,6.9,5.4,39,6.7,4.1,3,4.8,3.9,6,21,36,9.6,23,4,6,210,nursing,rotating,full_time,man,no,no,yes,no,yes,no,6.83333
T07_0426,5.5,4.7,10.7,2,5.6,5.5,4.3,44,8.1,5.7,3.3,1.6,6.9,5.8,25,38,4.1,15,2,1.7,174,medical,day,full_time,man,no,yes,no,yes,yes,yes,6
T07_0427,3,5.9,9,6,5.2,5.2,4.2,44,4.5,8,5,6.2,9.1,6,46,34,8.8,22,3,6.7,104,nursing,night,full_time,woman,no,no,no,no,yes,no,6.5
T07_0428,3,7.5,7.7,3,5.2,7.1,1.6,41,9.3,5.1,8.4,3.8,5.9,6.6,35,33,7.8,25,2,6.7,147,support,rotating,full_time,man,no,yes,no,no,no,yes,6.33333
T07_0429,5,1.9,11.9,1,5.5,5.3,5,36,6,7.5,7.5,4.4,5.8,9,24,27,6.4,22,3,2.6,180,nursing,rotating,full_time,man,no,no,yes,no,yes,no,5.5
T07_0430,5.75,4,9.2,3,5,7.4,6.2,34,5,5.5,7.9,6.2,4,6.2,14,51,2.1,7,2,1.5,102,nursing,day,full_time,man,no,yes,no,no,no,yes,3.33333
T07_0431,5.75,4.5,9.2,1,4.8,5.1,7.6,35,7.7,2,4.9,3.2,5,2.5,27,32,1,23,3,3.5,165,medical,rotating,full_time,woman,no,yes,no,no,no,yes,5.66667
T07_0432,4.5,6.7,9.1,3,4,3.4,8.9,51,7.3,4.2,4.3,6.1,2.4,5,22,48,5.4,27,2,5.2,117,nursing,day,full_time,woman,no,yes,yes,no,no,no,6.16667
T07_0433,5,3.6,11.1,2,4.8,0.8,5.3,38,6.6,4,5.8,7.2,6,3.9,72,37,6.4,33,2,6.6,163,support,night,full_time,woman,no,yes,yes,no,no,yes,4.66667
T07_0434,3.5,6.3,11,3,7.8,4.3,7.8,42,7.9,6,3.5,5.4,3.1,3.9,24,43,4.3,24,1,5.7,161,support,day,full_time,woman,no,yes,no,no,no,yes,3
T07_0435,5.25,5.6,8.5,4,6.7,2.8,5.7,49,7.9,6,3.7,4.1,5,2.9,45,32,8.4,39,5,2.8,106,nursing,day,full_time,woman,no,no,no,no,yes,no,6
T07_0436,1.75,6.1,12.7,5,4.4,5.4,4.8,38,4.9,4.3,1.6,4.6,4.3,3.7,20,41,5.3,5,2,5.1,2,nursing,rotating,full_time,man,yes,no,no,no,no,yes,5
T07_0437,5.5,4.7,11.8,4,5.8,6.3,6.9,37,6.5,4.8,2.6,3.6,8.5,5.7,2,37,3.8,12,4,5.1,112,nursing,day,full_time,woman,no,yes,no,no,yes,yes,4.83333
T07_0438,2.5,5.1,8.8,7,5.6,1.1,3.8,37,5.5,6.7,7.4,4.4,3.8,4,31,32,11.6,27,2,4.6,284,support,rotating,full_time,woman,no,no,no,no,no,no,5.5
T07_0439,2.75,6.1,7.9,0,6.7,3.9,6,38,4.9,7.4,8.6,6.2,5.7,5.9,23,39,19,16,2,3,29,medical,day,full_time,woman,no,no,yes,no,no,yes,2.83333
T07_0440,4.5,6.9,11.4,2,3.9,4.5,5.8,26,6.5,8.3,4.9,4.1,6.2,2.9,21,26,6,7,2,5.1,140,medical,day,full_time,man,no,yes,yes,no,no,no,6.83333
T07_0441,8,9.7,9,2,4.1,4.8,1.1,46,5.1,5.8,6.1,6.8,4,3.9,10,37,8.3,32,1,4,163,nursing,night,full_time,man,no,no,yes,no,no,no,5.16667
T07_0442,6.5,5.1,8.8,2,3.4,3.9,5.5,42,5.6,2.9,7.3,3.6,5,5.5,29,39,3.5,18,2,8.1,92,nursing,day,part_time,man,yes,yes,no,no,yes,yes,7
T07_0443,6.5,2.2,11.7,3,4.4,8,3.9,29,6.6,5.5,5.1,5.8,4.8,8.9,45,23,3,2,3,6.5,306,nursing,rotating,full_time,man,yes,no,no,no,no,yes,6
T07_0444,5.75,7.4,8.3,6,1.9,4.2,4,34,7.5,2.6,6.2,4.2,6.1,3.5,29,29,7.4,35,2,6.8,162,nursing,day,full_time,man,no,no,yes,no,no,yes,7.33333
T07_0445,2.5,3,10.5,6,1.9,0.8,6.1,36,6.9,9.9,5,5,4.3,4.6,47,32,6.4,2,2,6.7,140,medical,day,full_time,man,yes,no,no,no,yes,yes,6.33333
T07_0446,2.25,3.6,8.1,5,4.2,4.9,3.7,41,8.8,8.2,3,5,7.7,4.4,46,33,5.1,6,2,6.9,135,nursing,day,full_time,woman,no,yes,yes,yes,yes,no,4.16667
T07_0447,6.25,5.2,12.1,1,4.5,2.5,5.9,44,5.5,5.6,4.5,4.4,5.3,4.2,30,34,13.6,19,3,5.1,131,nursing,rotating,full_time,man,no,no,yes,no,yes,no,6.33333
T07_0448,3.75,4.9,6.8,8,4.9,3.9,4.5,37,6.2,6.3,1.7,5.3,6.5,5.9,40,39,7.9,14,1,3.6,181,medical,day,full_time,woman,no,no,yes,no,yes,yes,5.66667
T07_0449,3,5.8,6.2,3,3.7,6.8,2.7,39,7,5.4,4.3,2.1,2.6,5.2,11,47,16.6,41,3,4.5,178,nursing,day,full_time,man,yes,yes,no,yes,yes,yes,4.66667
T07_0450,7,7,10.7,2,3.1,6.3,4.5,28,4.2,5.6,6.8,5.7,6.2,2.4,22,36,3.5,26,2,6.5,63,nursing,night,part_time,man,no,no,yes,yes,no,yes,4
T07_0451,3.5,6.7,10.7,0,7.4,6.6,5.8,27,5.9,5.8,6.3,4.1,2.4,8.3,56,31,11,45,2,6.7,79,medical,day,full_time,man,no,no,yes,no,yes,yes,5.16667
T07_0452,2.5,4.4,13.2,2,5,3.7,2.3,30,7.5,3.4,6.6,5.4,2.8,2.7,2,47,14.1,24,2,3.7,94,support,day,full_time,woman,no,yes,yes,no,no,yes,5.33333
T07_0453,8.75,7.2,9.8,6,3.3,6.1,5.3,48,5.9,4.3,4.4,6.1,5.3,4.6,63,23,3,25,2,5,22,nursing,rotating,full_time,woman,no,yes,no,no,yes,yes,7.16667
T07_0454,5.25,2.5,10.7,7,5.9,3,7,34,6,6,0.8,3.8,4.7,7.5,47,27,7,42,4,2.7,201,medical,rotating,full_time,man,no,yes,no,no,no,no,6.5
T07_0455,4,4.7,8.2,5,5.6,4.5,4.1,25,6.7,6.3,6.5,8.2,3.6,5.8,50,37,13.5,32,3,7.5,127,nursing,rotating,part_time,nonbinary_or_self_described,no,no,no,no,no,yes,6
T07_0456,6.25,5.8,11.1,4,8.1,5.2,5.8,41,5.8,6.8,5.7,4.7,3,6,29,31,2.5,2,3,4.7,77,medical,day,full_time,man,no,no,no,yes,no,yes,3.33333
T07_0457,3.25,5.2,9.5,3,5.4,7.3,7.6,46,6.2,6.9,1.2,5,5.2,4.1,43,31,11,34,2,5,35,medical,night,part_time,man,no,yes,yes,no,no,no,5
T07_0458,4.5,5.1,11.7,7,5.9,5.8,7.8,42,6.7,2.6,4.8,4.7,3.2,1.6,31,32,12,1,1,4.2,68,support,rotating,part_time,man,yes,no,yes,no,yes,yes,5.83333
T07_0459,6.5,4,12.8,4,2.6,4.8,8.1,37,7.7,3.5,5.7,4.7,5.8,2.3,33,41,2,32,2,7.5,136,support,day,full_time,man,no,no,no,no,no,yes,5.33333
T07_0460,2.25,3.6,12.4,2,4.9,3.4,3.8,34,6.1,5.2,1.8,3.7,3.4,5.9,52,35,7,37,1,4,134,support,day,part_time,man,no,no,no,no,yes,no,4.66667
T07_0461,4.75,4.6,8.7,8,3.6,5,5.2,39,5.4,5.1,5.9,6.1,4.1,4.2,26,42,11.6,24,4,3.2,156,nursing,day,full_time,nonbinary_or_self_described,no,no,yes,yes,yes,yes,5.66667
T07_0462,3.75,6.3,9.7,0,3.2,7,5,38,7.2,5.2,5.9,5.3,5.3,2.9,33,41,17.4,17,2,5,29,allied_health,night,full_time,man,no,yes,yes,no,yes,no,5.33333
T07_0463,4.5,4.9,9.3,10,3.8,4.8,4.3,36,6.4,6.7,6.9,5.3,7,4.4,43,49,1.3,19,4,4.7,243,allied_health,day,full_time,man,no,no,yes,no,no,yes,8
T07_0464,5.5,2.5,9.9,2,8.5,2.6,1.5,40,7.5,1.8,4,6.9,0.4,1.2,1,39,14.6,13,4,7.6,158,nursing,rotating,full_time,woman,no,no,no,yes,yes,yes,5.83333
T07_0465,6,4.4,12.5,4,4.9,2.2,3.6,26,6.6,4.5,3.5,3.7,3.2,3.6,8,36,7,19,4,6.9,112,support,night,full_time,woman,no,no,no,no,yes,yes,3.5
T07_0466,4.75,2.7,10,5,8.6,6.4,5.1,42,5.4,5,3.1,5.4,4.7,6,20,28,0.1,10,3,6.3,70,support,night,full_time,man,yes,no,yes,no,no,no,6.16667
T07_0467,3.75,6.6,9.4,1,4.5,7.7,6.7,33,5.4,5.4,2.4,6,3.9,7.7,2,38,11.3,23,3,7.3,16,support,day,full_time,man,no,no,no,no,no,no,5.5
T07_0468,5.5,3.2,9.4,6,7.4,6,5.1,35,5.1,4.8,4.9,3.6,6.1,2.3,13,45,1.5,15,2,4.4,218,nursing,day,full_time,woman,no,no,no,no,yes,yes,4.5
T07_0469,7.5,7.7,7.7,3,5.4,2.1,5.5,46,7.7,8.2,3.1,5.1,5,4.1,18,43,14.1,9,3,5.3,151,nursing,rotating,part_time,man,no,yes,yes,no,no,no,5.5
T07_0470,5.5,3.1,7.2,0,6.7,6.9,2.8,31,6,5,6.3,5.8,6.4,4.5,27,50,3.7,9,1,5.3,156,nursing,day,full_time,man,yes,no,no,no,no,yes,4.66667
T07_0471,2.5,5.5,11.1,7,4.4,4.4,2.7,46,6.4,4.6,5.3,5.6,4.1,5.8,10,23,3,16,0,4.3,56,nursing,rotating,part_time,woman,yes,no,no,no,yes,yes,7.66667
T07_0472,2,6.1,8.6,6,3.7,5.9,1.9,36,7.5,6.3,3.2,4.4,3.4,6.8,47,33,8.8,28,2,4,205,nursing,rotating,full_time,man,yes,yes,yes,no,no,no,5
T07_0473,6.5,5.5,9.6,8,6.6,5,1.4,45,6.6,6.1,5.7,4.7,3.8,5.7,32,52,8.6,8,3,4.8,190,nursing,day,full_time,woman,yes,no,yes,no,no,yes,6.5
T07_0474,5.75,5.6,9.7,5,3.9,4.3,5.9,40,6.3,4.6,3.8,5.9,5.4,4.3,20,24,4,22,2,7.9,14,support,day,part_time,woman,no,no,yes,no,no,yes,6.66667
T07_0475,5,5.5,8.6,5,6.8,6.8,1.6,43,6,3.3,4.7,6.8,5.7,6.5,55,37,7.9,15,2,5.5,206,nursing,rotating,full_time,man,yes,no,yes,no,no,no,6.5
T07_0476,6,4.5,8.4,5,6.6,4.6,3.7,54,7.5,2.4,4,7.2,2.1,5.1,34,33,4.5,22,2,3.4,226,nursing,day,part_time,man,yes,yes,yes,no,yes,yes,5.66667
T07_0477,5.75,4.2,8.5,3,3.9,5,5,38,7.8,4.6,2.9,5.1,5.8,8.5,23,37,17,22,3,2.5,242,medical,day,full_time,man,yes,yes,yes,no,yes,no,4.33333
T07_0478,6.25,5.6,10.8,7,6.8,7.6,2.4,33,6.5,5.2,4.8,3.7,7.4,4.9,28,46,4,38,3,4,55,medical,day,full_time,woman,yes,yes,yes,no,no,no,6.16667
T07_0479,4.75,6.5,11.2,5,3.3,7.5,5.3,29,6.7,5.2,6.8,6.8,5.7,5.1,32,43,4.4,32,4,1.7,3,nursing,rotating,full_time,man,yes,yes,yes,no,no,yes,6.16667
T07_0480,4,4.9,10.2,3,4.7,3.9,5.4,45,5.9,5.2,8.9,6.1,8,1.4,31,42,9.2,15,4,6.3,187,nursing,day,full_time,woman,yes,no,yes,no,yes,yes,4.5
