participant_id,exercise_frequency,age,sleep_hours,study_hours,work_hours,academic_demands,financial_strain,social_support,sleep_quality,coping_confidence,time_management,commute_minutes,sedentary_hours,caffeine_mg,screen_hours,bmi,course_credits,care_hours,neighborhood_safety,exercise_enjoyment,health_limitations,gender,college_year,housing,first_generation,caregiving,recent_injury,exercise_type,physically_active_coping,recreation_access,exam_period,stress_level
T13_0001,5.0,23.0,5.562,8.192,18.449,3.114,2.46,3.527,2.176,3.441,2.845,54.654,6.008,83.884,5.578,28.898,17.0,4.815,3.471,2.886,3.297,woman,later,with_family,yes,yes,yes,running,yes,yes,yes,18.77
T13_0002,4.0,18.0,7.23,20.298,12.677,2.775,3.666,3.098,3.633,4.404,4.374,26.512,4.569,90.392,2.888,31.638,13.0,0.0,2.71,3.498,3.497,woman,first,with_family,yes,no,no,resistance,no,no,no,12.621
T13_0003,4.0,27.0,7.858,9.192,4.034,2.895,3.266,2.837,2.561,3.092,2.352,28.843,7.008,227.237,3.57,31.063,11.0,12.859,3.218,4.034,1.824,woman,later,with_family,no,yes,no,resistance,no,no,no,15.281
T13_0004,1.0,22.0,7.789,20.795,10.95,3.563,3.902,3.997,3.524,2.24,2.089,9.059,8.28,43.462,3.014,31.669,10.0,0.0,3.416,2.419,2.967,woman,later,away_from_family,yes,no,no,running,yes,yes,yes,13.695
T13_0005,1.0,21.0,7.137,18.74,15.026,2.821,3.205,2.057,3.032,2.927,3.921,28.307,7.586,187.218,3.39,34.377,12.0,0.0,3.895,2.762,2.12,woman,first,with_family,no,no,no,resistance,yes,no,no,10.434
T13_0006,0.0,21.0,8.539,22.704,13.923,2.897,3.14,3.456,3.458,3.711,3.609,30.441,8.301,268.934,3.271,27.585,14.0,0.0,3.747,2.656,1.701,man,first,away_from_family,yes,no,yes,resistance,yes,yes,no,18.663
T13_0007,3.0,30.0,6.995,25.223,11.157,2.609,1.976,3.522,3.026,3.63,1.07,35.265,6.918,249.466,6.509,30.303,15.0,0.0,3.001,3.283,2.106,woman,first,with_family,yes,no,no,resistance,no,no,yes,19.073
T13_0008,2.0,22.0,7.393,33.751,27.693,2.867,2.507,1.991,2.944,2.47,3.309,7.064,8.547,193.178,0.851,28.705,13.0,12.407,3.824,2.125,3.126,man,first,with_family,yes,yes,no,mixed,yes,no,no,11.124
T13_0009,3.0,18.0,6.424,14.49,10.702,2.844,2.087,2.849,1.628,2.878,3.511,6.175,6.387,170.769,2.445,26.227,9.0,0.0,2.789,3.063,3.226,man,later,with_family,no,no,no,mixed,yes,yes,no,13.414
T13_0010,4.0,28.0,7.211,24.638,28.521,2.941,2.433,2.56,3.612,3.046,3.064,27.788,7.955,32.343,4.852,37.863,12.0,14.825,2.879,1.961,3.58,man,first,with_family,no,yes,yes,mixed,no,no,yes,12.201
T13_0011,3.0,24.0,5.286,20.422,14.171,3.632,2.38,4.138,2.866,2.758,2.723,41.726,7.655,121.135,2.061,33.001,15.0,0.0,2.54,1.743,3.157,woman,first,with_family,no,no,no,resistance,yes,yes,no,11.818
T13_0012,3.0,24.0,6.288,23.534,24.777,2.401,4.372,2.852,2.924,2.537,3.105,5.771,5.728,79.414,3.612,32.269,11.0,2.764,2.576,2.696,2.461,woman,later,away_from_family,no,yes,yes,mixed,no,yes,no,15.892
T13_0013,3.0,25.0,7.43,8.745,9.434,4.38,2.119,2.888,1.539,3.787,4.319,31.379,6.426,182.768,3.343,26.955,16.0,0.0,2.786,3.828,2.427,man,later,with_family,yes,no,no,running,yes,no,no,14.954
T13_0014,0.0,21.0,6.494,14.401,21.4,3.488,4.414,3.177,3.232,3.319,3.176,17.494,5.802,24.221,4.13,32.407,11.0,12.742,2.8,3.246,2.279,man,first,away_from_family,no,yes,yes,mixed,yes,no,yes,21.176
T13_0015,7.0,25.0,7.442,5.746,10.729,3.391,1.769,2.399,3.516,3.278,2.883,5.01,6.236,81.435,4.895,29.31,15.0,0.0,3.28,3.781,2.417,man,later,with_family,no,no,yes,running,yes,no,yes,9.691
T13_0016,4.0,24.0,6.741,16.747,17.316,2.999,3.542,3.396,2.588,3.458,3.425,29.692,5.553,168.003,6.178,34.437,16.0,0.0,3.681,2.178,3.393,woman,first,with_family,yes,no,no,mixed,yes,no,yes,10.309
T13_0017,6.0,23.0,5.39,13.869,10.193,3.79,3.213,1.7,2.956,2.552,2.575,27.262,5.306,63.52,5.377,33.711,14.0,0.0,3.045,3.299,3.497,woman,first,away_from_family,yes,no,no,running,no,yes,yes,23.282
T13_0018,2.0,28.0,7.371,23.227,11.537,3.102,3.065,2.072,1.898,3.316,2.225,46.644,6.159,106.076,4.804,33.977,18.0,3.849,3.23,4.285,3.176,man,later,away_from_family,no,yes,no,resistance,no,no,yes,18.214
T13_0019,2.0,27.0,7.518,12.252,14.183,2.542,2.965,2.452,2.604,3.291,3.714,18.989,3.494,84.968,3.701,27.612,13.0,3.687,4.09,4.728,2.613,man,later,away_from_family,yes,yes,yes,other_aerobic,yes,yes,no,14.684
T13_0020,0.0,25.0,7.729,9.422,36.747,3.202,3.742,1.621,2.961,2.682,2.183,27.895,9.25,71.671,3.566,29.474,13.0,4.054,2.843,3.129,2.34,man,first,away_from_family,yes,yes,yes,running,yes,no,yes,20.473
T13_0021,2.0,20.0,5.928,14.274,20.933,3.361,2.978,2.757,1.766,2.448,3.771,29.723,5.054,207.27,2.603,26.775,12.0,0.0,2.305,4.536,3.368,woman,later,away_from_family,no,no,yes,mixed,yes,yes,no,14.862
T13_0022,3.0,20.0,7.157,12.457,4.154,2.43,3.055,3.15,2.901,2.261,2.59,36.909,5.123,196.107,6.069,30.917,18.0,8.263,2.872,3.752,3.591,woman,later,with_family,no,yes,no,running,yes,no,no,15.385
T13_0023,0.0,21.0,7.405,21.662,11.047,2.87,3.214,4.009,2.791,2.868,1.524,32.835,8.071,37.441,3.232,33.984,11.0,0.0,3.997,2.35,2.877,man,later,away_from_family,yes,no,no,resistance,yes,no,yes,15.004
T13_0024,5.0,22.0,6.978,18.307,6.945,2.339,2.769,3.915,2.341,2.518,3.154,38.311,8.78,246.337,4.385,29.612,10.0,4.131,2.167,2.978,2.925,woman,first,with_family,no,yes,no,other_aerobic,yes,no,yes,14.27
T13_0025,2.0,25.0,6.766,14.718,20.073,3.503,2.909,2.181,2.985,3.363,3.467,37.355,8.616,101.706,3.438,34.631,15.0,9.072,2.202,1.829,3.43,man,first,with_family,yes,yes,no,mixed,yes,yes,yes,21.324
T13_0026,3.0,25.0,7.527,20.428,11.822,2.036,2.424,2.975,2.788,2.157,1.915,16.349,7.491,131.434,4.019,26.444,12.0,10.111,4.256,3.326,2.324,man,first,away_from_family,no,yes,no,resistance,no,yes,yes,11.588
T13_0027,2.0,26.0,6.712,14.949,12.437,2.724,4.392,3.359,4.531,3.178,3.444,2.6,6.402,247.781,3.375,34.585,15.0,0.785,3.577,2.956,3.559,man,later,away_from_family,no,yes,no,resistance,no,yes,yes,12.887
T13_0028,5.0,27.0,7.804,22.983,15.615,3.704,3.009,2.439,4.091,2.038,3.954,42.838,7.24,145.405,3.011,25.067,15.0,0.0,3.08,3.263,4.263,woman,later,with_family,yes,no,yes,other_aerobic,yes,no,yes,10.444
T13_0029,2.0,21.0,7.708,10.684,26.258,2.566,2.945,2.577,2.321,2.93,3.378,22.821,7.042,116.316,3.935,34.416,16.0,0.0,3.814,2.898,3.209,woman,later,with_family,yes,no,yes,resistance,yes,yes,yes,5.911
T13_0030,3.0,22.0,8.433,27.546,28.162,2.424,2.095,2.428,2.221,4.086,2.724,25.363,8.524,335.744,5.715,31.451,13.0,8.759,2.28,2.204,3.179,man,first,away_from_family,no,yes,yes,resistance,no,yes,no,17.433
T13_0031,3.0,20.0,5.246,16.617,23.98,1.591,2.694,3.731,3.014,2.426,3.213,8.037,6.268,33.79,4.705,38.074,13.0,0.0,2.576,3.695,2.691,woman,first,away_from_family,no,no,no,mixed,yes,no,yes,14.555
T13_0032,3.0,19.0,7.322,15.504,23.635,3.586,3.264,2.007,3.333,3.388,3.327,42.454,7.596,126.893,4.341,28.471,13.0,12.337,4.024,1.317,3.223,woman,first,away_from_family,yes,yes,no,other_aerobic,yes,no,yes,13.594
T13_0033,2.0,18.0,7.353,19.191,3.653,3.928,3.088,3.978,2.185,3.579,2.442,13.911,6.606,171.887,3.396,28.204,11.0,0.0,4.165,3.205,2.932,man,later,with_family,yes,no,yes,running,no,no,yes,18.453
T13_0034,0.0,28.0,7.187,23.551,16.555,3.733,3.031,4.209,4.173,2.811,4.891,15.239,7.328,69.965,4.857,25.427,12.0,9.526,3.091,3.866,3.785,woman,later,away_from_family,no,yes,yes,mixed,no,yes,no,23.692
T13_0035,2.0,22.0,6.656,25.032,22.373,3.567,1.747,1.898,4.475,1.655,3.563,42.696,9.179,127.69,2.232,31.236,14.0,2.842,3.482,2.817,2.776,woman,later,away_from_family,yes,yes,yes,resistance,no,yes,no,20.221
T13_0036,3.0,19.0,7.457,6.437,27.507,2.991,1.561,3.203,3.187,3.836,4.043,36.622,5.847,101.614,2.51,37.92,10.0,0.0,3.372,3.719,1.804,man,later,with_family,no,no,yes,mixed,yes,yes,yes,13.404
T13_0037,1.0,20.0,6.562,12.589,28.622,3.573,1.839,3.151,3.64,1.961,1.827,28.437,5.556,293.387,3.63,40.613,12.0,0.0,2.988,2.439,2.943,man,first,away_from_family,no,no,yes,other_aerobic,yes,no,no,20.003
T13_0038,1.0,22.0,7.416,17.578,14.222,3.859,3.256,3.201,3.12,3.939,3.631,38.021,5.696,121.647,3.444,32.721,16.0,5.54,3.159,3.568,2.402,woman,first,away_from_family,no,yes,no,resistance,yes,yes,no,16.849
T13_0039,0.0,22.0,7.95,22.247,15.559,2.06,2.789,3.574,3.484,2.803,2.696,48.952,6.463,199.606,3.272,26.098,9.0,0.0,1.991,2.028,2.881,man,first,with_family,no,no,yes,other_aerobic,no,no,yes,12.425
T13_0040,4.0,23.0,7.971,17.396,10.286,4.291,3.62,3.518,3.055,2.462,2.871,40.82,7.91,169.418,3.307,32.986,11.0,10.405,4.008,1.828,2.347,nonbinary_or_self_described,first,away_from_family,no,yes,yes,running,yes,no,no,17.613
T13_0041,3.0,27.0,8.595,15.952,6.32,2.217,2.852,3.605,2.597,2.407,3.025,29.304,4.508,157.532,5.415,30.422,14.0,0.0,1.981,2.626,3.375,woman,later,with_family,yes,no,yes,other_aerobic,no,yes,yes,10.63
T13_0042,3.0,21.0,6.124,13.277,18.279,2.029,2.905,2.201,2.115,4.309,3.839,21.892,6.662,121.795,1.715,36.259,14.0,0.0,4.711,2.213,3.239,man,first,with_family,yes,no,yes,other_aerobic,yes,no,yes,9.215
T13_0043,2.0,24.0,7.025,12.458,13.51,2.412,3.015,2.577,2.71,3.558,3.388,25.07,4.691,101.102,4.244,32.75,16.0,11.711,3.601,1.893,3.408,woman,first,away_from_family,yes,yes,no,other_aerobic,yes,yes,no,7.486
T13_0044,4.0,19.0,7.321,11.475,12.411,3.244,4.582,2.407,3.16,3.161,1.951,53.265,6.242,119.377,8.306,27.26,17.0,0.0,3.669,1.848,2.392,man,later,away_from_family,no,no,yes,running,yes,no,no,18.204
T13_0045,1.0,33.0,6.347,26.829,41.85,3.624,3.852,2.945,3.239,2.656,3.374,34.516,5.899,129.991,2.754,28.65,11.0,0.0,3.054,3.385,3.117,woman,later,with_family,yes,no,yes,other_aerobic,yes,yes,yes,21.161
T13_0046,5.0,24.0,7.537,25.612,33.481,3.66,3.283,4.502,2.696,2.273,4.26,21.606,5.325,105.977,4.037,29.542,19.0,0.0,3.033,3.074,3.796,man,later,with_family,yes,no,no,mixed,yes,no,yes,15.592
T13_0047,4.0,27.0,8.274,8.795,13.134,2.454,2.669,2.903,2.075,2.984,3.218,15.883,7.932,129.502,4.032,27.844,15.0,3.272,2.787,2.571,2.945,woman,first,away_from_family,no,yes,no,other_aerobic,yes,no,no,7.519
T13_0048,2.0,21.0,7.189,24.411,38.38,2.668,2.908,2.699,2.61,3.398,2.965,28.618,8.624,197.46,3.474,33.202,13.0,0.0,4.48,3.359,2.272,man,first,with_family,no,no,no,other_aerobic,yes,yes,no,18.507
T13_0049,5.0,18.0,6.986,9.476,15.353,2.748,3.132,2.254,3.178,3.532,3.207,33.911,6.904,265.781,2.698,29.544,13.0,0.0,2.734,3.159,3.038,woman,first,with_family,yes,no,no,running,yes,yes,no,7.039
T13_0050,6.0,28.0,7.025,24.837,21.183,3.403,3.412,3.39,3.836,4.212,2.143,12.445,9.068,217.029,6.293,29.365,20.0,0.0,3.12,2.925,2.992,woman,first,away_from_family,yes,no,no,mixed,yes,no,yes,11.933
T13_0051,3.0,27.0,7.512,13.951,9.409,2.617,2.466,2.558,3.504,2.063,4.005,51.029,8.223,136.502,6.554,32.882,14.0,2.615,2.871,4.231,2.866,woman,first,away_from_family,no,yes,no,mixed,yes,no,yes,13.37
T13_0052,3.0,21.0,7.619,21.04,13.322,3.288,1.982,1.353,3.465,3.513,1.78,20.657,5.457,144.174,4.896,27.138,13.0,0.0,3.227,2.99,3.573,woman,later,away_from_family,no,no,no,running,no,no,no,15.733
T13_0053,2.0,19.0,7.397,20.758,24.38,2.842,2.671,1.944,3.965,3.96,3.224,48.548,9.89,175.321,3.451,29.201,17.0,0.0,3.349,3.573,2.652,woman,first,with_family,yes,no,yes,other_aerobic,no,yes,yes,19.923
T13_0054,1.0,27.0,7.719,15.085,17.217,4.275,2.025,3.077,3.346,3.532,3.398,35.457,5.059,41.345,5.164,28.548,15.0,0.0,3.523,2.477,3.567,woman,later,away_from_family,no,no,yes,mixed,yes,yes,yes,23.125
T13_0055,3.0,27.0,7.312,6.703,8.597,2.095,2.143,2.099,3.983,2.398,3.635,26.943,5.277,101.037,3.705,43.301,16.0,8.523,3.15,3.109,4.296,man,first,away_from_family,yes,yes,yes,running,yes,yes,yes,13.186
T13_0056,4.0,22.0,7.254,12.184,23.212,2.954,2.79,4.143,3.502,2.025,3.464,9.985,6.021,119.898,4.66,33.331,10.0,8.623,3.666,4.338,2.665,man,first,away_from_family,no,yes,no,other_aerobic,yes,no,no,14.677
T13_0057,4.0,28.0,7.841,22.525,9.736,4.051,3.892,2.956,2.547,2.861,2.289,33.76,5.865,223.975,5.184,26.399,18.0,4.511,3.227,2.675,2.472,man,first,with_family,yes,yes,no,resistance,no,yes,yes,18.719
T13_0058,4.0,25.0,6.803,14.822,8.863,3.405,1.831,1.736,3.222,3.459,2.292,37.752,7.132,115.876,4.888,35.185,18.0,7.489,3.129,3.274,2.271,man,later,away_from_family,no,yes,yes,other_aerobic,no,yes,no,16.825
T13_0059,3.0,20.0,7.172,6.254,4.321,2.535,1.672,3.997,3.346,4.22,2.593,21.198,5.95,147.233,4.532,27.822,18.0,0.0,3.17,3.642,2.755,woman,first,away_from_family,no,no,no,running,no,no,yes,17.747
T13_0060,2.0,21.0,6.884,27.143,12.809,3.579,3.829,3.347,3.311,2.916,4.136,28.285,9.152,196.512,1.612,32.031,11.0,5.736,3.013,3.198,2.32,woman,first,away_from_family,yes,yes,yes,running,no,no,no,13.657
T13_0061,6.0,21.0,5.733,17.535,30.04,2.629,2.699,2.24,3.742,3.355,2.643,18.441,6.896,217.79,4.758,30.624,18.0,0.943,3.084,3.758,3.607,woman,later,with_family,no,yes,yes,other_aerobic,yes,yes,yes,9.678
T13_0062,3.0,22.0,7.338,35.157,14.46,1.556,2.424,3.284,2.103,4.197,2.282,39.621,6.707,100.602,3.09,28.711,8.0,0.0,2.411,2.5,3.606,man,later,away_from_family,yes,no,yes,mixed,no,yes,no,18.566
T13_0063,2.0,27.0,8.289,23.023,1.698,4.504,2.61,3.597,2.343,3.21,2.579,18.189,7.682,132.292,5.91,31.172,15.0,0.0,2.787,2.319,2.478,woman,first,with_family,yes,no,yes,mixed,no,no,no,16.955
T13_0064,4.0,26.0,5.623,34.656,6.198,2.92,3.21,2.528,1.488,2.963,2.606,47.679,6.894,122.58,4.413,31.263,11.0,8.51,3.198,2.175,2.8,man,later,with_family,no,yes,yes,other_aerobic,yes,no,yes,19.999
T13_0065,2.0,25.0,7.365,26.071,15.985,2.962,3.094,3.111,3.512,2.479,3.83,36.011,8.415,215.235,4.465,27.214,16.0,0.0,2.631,2.224,3.237,woman,later,with_family,yes,no,yes,mixed,yes,yes,yes,15.119
T13_0066,2.0,18.0,6.195,9.675,19.832,3.085,3.75,3.511,3.332,3.476,4.12,15.959,8.241,252.332,3.203,34.697,7.0,0.0,3.616,3.947,3.064,woman,later,away_from_family,no,no,yes,running,yes,no,no,11.545
T13_0067,2.0,21.0,8.818,29.321,2.681,3.241,3.016,2.516,1.86,2.099,4.384,37.826,7.804,55.3,5.29,30.467,15.0,0.0,2.185,3.631,3.082,woman,first,with_family,no,no,no,mixed,no,no,no,11.924
T13_0068,4.0,25.0,6.97,29.334,19.489,3.287,2.864,2.699,3.367,3.703,2.808,11.734,7.845,196.647,5.533,29.91,4.0,0.0,3.588,2.15,2.71,woman,first,away_from_family,no,no,no,mixed,yes,no,yes,7.933
T13_0069,2.0,21.0,7.322,26.141,4.682,2.293,2.828,2.228,2.897,4.422,3.397,51.437,6.476,139.299,4.554,33.05,15.0,0.0,2.969,2.956,2.574,woman,first,with_family,yes,no,yes,running,yes,yes,no,13.135
T13_0070,2.0,21.0,7.885,15.435,0.344,3.522,3.43,2.307,3.083,2.145,2.733,19.583,5.705,160.426,6.325,33.35,14.0,0.0,3.553,3.349,3.765,woman,later,with_family,no,no,no,mixed,yes,no,yes,16.393
T13_0071,2.0,20.0,8.349,19.377,31.796,2.452,2.229,2.776,3.115,2.903,3.203,40.011,7.357,261.944,3.376,36.861,13.0,0.0,3.563,3.001,3.139,man,later,with_family,yes,no,yes,other_aerobic,yes,no,no,17.964
T13_0072,5.0,25.0,7.928,20.53,21.56,1.917,3.822,3.352,2.094,2.484,3.857,25.881,5.291,118.617,4.3,30.775,21.0,0.0,3.152,2.854,2.543,man,first,with_family,no,no,no,resistance,yes,yes,no,4.313
T13_0073,2.0,21.0,6.542,18.565,33.989,3.235,2.939,2.077,3.224,3.735,3.092,41.993,8.554,240.893,3.331,28.138,12.0,2.508,3.401,3.221,2.812,woman,later,away_from_family,no,yes,yes,resistance,no,no,yes,20.844
T13_0074,0.0,18.0,7.109,28.865,7.046,2.305,3.469,2.562,1.991,3.04,1.957,6.872,9.729,213.807,4.264,36.293,13.0,0.0,3.133,3.229,3.261,woman,first,away_from_family,yes,no,yes,mixed,yes,yes,yes,12.789
T13_0075,6.0,24.0,6.581,33.757,10.659,3.544,1.735,2.242,2.849,2.601,2.743,39.748,6.707,201.752,2.878,33.942,13.0,0.0,3.155,3.75,2.411,woman,later,with_family,no,no,no,resistance,yes,yes,no,19.648
T13_0076,0.0,23.0,7.42,27.305,6.029,3.776,3.567,2.967,3.458,3.844,3.962,50.015,5.799,184.316,5.393,28.955,10.0,5.814,2.892,3.67,2.822,woman,later,with_family,no,yes,yes,running,yes,yes,yes,14.334
T13_0077,1.0,22.0,6.851,10.301,22.802,4.247,2.964,3.94,3.52,2.974,2.044,20.017,7.794,36.383,4.633,33.685,18.0,0.0,3.887,2.727,3.227,man,first,away_from_family,yes,no,no,running,yes,no,no,12.396
T13_0078,0.0,30.0,6.364,33.658,35.646,3.561,4.039,1.758,1.728,2.487,2.542,25.611,7.625,213.287,3.47,37.124,16.0,3.863,2.679,3.191,4.355,woman,first,away_from_family,yes,yes,no,mixed,yes,yes,yes,21.655
T13_0079,3.0,24.0,6.906,10.297,13.754,2.477,2.534,2.652,3.664,2.296,3.955,23.189,6.083,50.56,5.357,29.589,9.0,0.0,3.261,3.097,2.635,man,later,with_family,no,no,yes,running,no,yes,yes,16.836
T13_0080,2.0,22.0,7.967,19.343,7.434,2.661,2.578,2.862,3.071,3.669,3.171,39.744,9.056,42.483,2.799,32.222,14.0,0.0,2.609,3.16,2.903,man,later,away_from_family,no,no,yes,resistance,yes,no,no,6.885
T13_0081,3.0,27.0,6.526,19.069,25.5,2.417,2.658,3.045,2.618,3.167,3.543,30.684,7.84,257.304,7.031,30.114,11.0,0.0,2.132,1.792,2.357,man,later,with_family,no,no,yes,resistance,no,no,no,16.544
T13_0082,7.0,24.0,6.693,11.085,14.967,2.872,3.154,3.08,3.745,2.643,2.523,7.488,6.277,186.528,2.104,31.358,8.0,0.379,3.477,3.312,2.104,man,first,with_family,no,yes,yes,running,yes,yes,no,7.454
T13_0083,3.0,23.0,7.277,12.966,19.8,3.301,3.0,2.814,2.725,2.222,3.13,36.575,7.277,119.13,2.505,35.118,19.0,2.994,3.351,3.416,2.629,man,later,with_family,yes,yes,no,mixed,no,no,no,16.474
T13_0084,4.0,22.0,7.69,17.646,9.573,3.87,3.305,3.063,3.668,3.231,3.945,18.396,7.885,190.535,5.047,35.761,14.0,0.0,3.804,3.829,1.83,woman,later,with_family,yes,no,yes,running,no,no,no,13.557
T13_0085,2.0,23.0,7.717,30.247,3.032,3.168,2.979,3.112,3.955,2.695,3.615,40.805,5.934,190.038,5.447,27.458,10.0,9.096,2.17,3.293,3.499,woman,later,with_family,yes,yes,no,mixed,yes,no,yes,12.676
T13_0086,3.0,25.0,7.092,25.216,29.697,4.644,2.857,1.166,2.842,2.817,2.999,13.194,6.307,178.177,4.425,34.607,13.0,5.225,3.03,3.983,3.592,woman,later,with_family,no,yes,yes,resistance,yes,no,no,16.136
T13_0087,4.0,21.0,6.373,4.699,14.932,3.83,2.314,3.283,2.28,3.877,3.61,36.304,9.204,65.187,5.946,36.617,12.0,0.479,3.838,2.808,2.766,woman,first,with_family,yes,yes,yes,running,yes,no,yes,12.75
T13_0088,1.0,19.0,7.424,10.404,30.878,1.911,4.195,3.44,3.43,3.957,1.785,14.23,7.714,114.358,6.64,29.736,12.0,8.118,3.277,1.86,4.16,man,first,with_family,yes,yes,no,other_aerobic,yes,no,yes,8.049
T13_0089,1.0,25.0,6.802,11.727,20.471,3.064,3.201,3.2,3.178,3.458,3.196,17.042,6.186,268.16,2.812,29.378,15.0,0.0,3.039,4.267,3.131,man,later,with_family,no,no,yes,running,yes,yes,no,14.401
T13_0090,6.0,21.0,5.743,12.137,25.87,2.127,3.109,2.481,3.314,2.494,3.423,16.114,6.625,233.561,4.139,32.086,11.0,10.044,3.714,3.787,3.426,woman,first,away_from_family,no,yes,no,resistance,no,yes,yes,15.224
T13_0091,1.0,23.0,8.151,5.799,22.225,3.572,2.06,2.201,2.151,2.506,3.262,30.822,7.548,15.278,4.826,31.509,10.0,0.0,2.845,2.534,3.756,man,first,with_family,no,no,yes,mixed,yes,no,no,16.761
T13_0092,1.0,23.0,6.971,11.376,10.531,3.307,4.215,3.308,2.24,2.586,3.876,17.741,8.134,303.508,0.38,30.697,17.0,0.0,2.743,1.958,2.205,woman,later,with_family,yes,no,yes,resistance,yes,no,no,7.757
T13_0093,1.0,20.0,6.701,19.359,24.063,4.641,3.065,2.485,1.713,3.219,3.799,11.335,9.15,104.834,4.462,31.382,15.0,0.678,2.847,3.053,2.505,woman,first,away_from_family,no,yes,yes,mixed,no,no,yes,15.505
T13_0094,5.0,30.0,7.031,10.027,1.5,1.225,4.584,1.313,2.843,3.62,2.996,33.568,6.368,224.231,3.252,31.496,18.0,9.086,2.997,2.415,4.023,nonbinary_or_self_described,later,with_family,no,yes,no,resistance,no,no,no,15.543
T13_0095,4.0,28.0,7.287,9.25,11.661,4.128,3.851,2.932,3.877,3.234,3.401,30.653,7.771,84.279,4.251,28.753,14.0,0.0,4.039,2.648,3.41,man,later,away_from_family,no,no,yes,running,no,yes,no,20.014
T13_0096,4.0,25.0,6.283,10.868,2.208,2.699,3.05,2.872,2.0,2.478,4.017,22.712,6.397,42.358,6.96,28.944,11.0,3.959,1.275,2.54,2.092,woman,first,away_from_family,no,yes,yes,other_aerobic,yes,no,no,7.741
T13_0097,4.0,28.0,8.091,22.694,12.852,2.008,1.444,1.955,3.307,3.14,1.905,15.901,7.861,56.683,4.068,30.422,11.0,0.0,1.804,4.335,3.767,woman,later,away_from_family,yes,no,no,other_aerobic,yes,yes,no,10.689
T13_0098,4.0,26.0,5.633,24.928,20.794,3.471,2.669,3.727,4.366,3.823,2.748,8.354,7.131,142.01,4.685,36.185,15.0,0.87,3.527,2.366,2.417,woman,first,with_family,no,yes,no,running,no,yes,yes,17.604
T13_0099,2.0,24.0,7.11,16.031,17.796,2.191,3.617,2.838,2.592,3.901,2.495,47.149,10.033,169.898,2.286,34.538,10.0,0.0,2.583,2.735,2.921,woman,first,with_family,yes,no,no,mixed,yes,no,yes,9.965
T13_0100,1.0,24.0,7.797,13.749,18.331,2.693,2.924,3.269,3.275,2.641,3.622,30.154,3.839,19.377,2.586,28.259,14.0,0.0,4.36,4.02,3.544,woman,later,away_from_family,no,no,yes,mixed,yes,yes,no,12.054
T13_0101,4.0,24.0,7.32,20.076,16.75,3.947,1.994,2.329,3.325,3.12,3.707,11.079,3.981,236.677,3.068,28.85,9.0,0.0,3.178,4.246,2.893,woman,first,away_from_family,no,no,yes,resistance,no,yes,no,14.532
T13_0102,3.0,31.0,6.772,13.106,23.179,2.907,2.684,4.067,3.029,2.731,2.347,14.429,5.456,133.55,6.834,31.892,12.0,0.0,2.307,2.614,3.102,man,first,away_from_family,no,no,no,other_aerobic,no,yes,no,16.366
T13_0103,2.0,26.0,6.476,19.205,17.15,3.463,2.108,2.374,2.321,2.666,3.109,13.191,9.297,18.593,3.623,30.46,14.0,0.0,3.511,3.15,2.965,man,later,away_from_family,no,no,no,running,yes,yes,yes,12.395
T13_0104,2.0,27.0,6.524,27.606,31.59,4.955,3.106,2.86,4.374,2.743,3.177,35.14,5.079,237.234,2.132,38.283,18.0,0.0,2.791,3.652,3.139,woman,first,with_family,no,no,no,other_aerobic,yes,no,no,22.793
T13_0105,0.0,20.0,6.608,6.506,19.302,3.608,2.12,3.275,2.331,3.119,2.364,8.219,5.998,235.158,6.23,37.085,13.0,0.0,3.583,3.223,2.69,woman,first,away_from_family,no,no,yes,running,yes,yes,yes,13.477
T13_0106,0.0,21.0,8.167,23.023,34.172,2.685,2.605,2.888,2.588,3.177,2.803,39.19,5.95,168.696,1.381,30.296,18.0,0.0,2.675,3.489,3.563,man,later,with_family,no,no,no,mixed,yes,yes,no,11.294
T13_0107,4.0,22.0,7.458,5.262,20.032,3.953,2.387,2.819,3.694,4.772,1.937,23.193,6.941,157.884,4.272,30.356,12.0,1.22,2.871,2.18,2.273,woman,first,away_from_family,yes,yes,yes,running,no,yes,no,14.189
T13_0108,3.0,24.0,6.845,23.218,29.462,3.461,3.917,2.639,2.59,2.5,3.185,32.767,6.487,49.462,4.338,31.874,12.0,9.385,2.57,2.327,4.913,man,later,with_family,no,yes,yes,resistance,yes,no,no,16.11
T13_0109,0.0,19.0,6.544,14.687,0.301,2.682,2.506,2.643,2.923,3.739,3.873,42.76,6.124,61.507,0.423,30.486,19.0,0.0,3.458,2.757,4.015,woman,later,away_from_family,no,no,yes,other_aerobic,no,yes,yes,13.193
T13_0110,4.0,21.0,6.38,10.7,17.641,2.93,2.514,2.569,1.482,2.429,2.784,4.458,7.412,63.387,3.824,34.012,7.0,2.059,3.914,3.123,2.194,man,first,with_family,yes,yes,yes,mixed,yes,no,yes,16.154
T13_0111,4.0,25.0,7.071,18.835,12.34,3.325,2.672,2.607,2.658,3.823,3.974,34.47,8.976,126.137,3.451,36.123,11.0,0.0,3.77,3.253,3.733,woman,later,with_family,no,no,no,other_aerobic,yes,no,no,14.878
T13_0112,3.0,26.0,5.751,22.243,23.15,2.204,3.524,2.227,3.023,1.871,2.534,35.728,10.354,96.259,3.614,30.947,15.0,0.0,2.834,3.022,2.638,woman,first,away_from_family,no,no,yes,resistance,no,yes,no,22.399
T13_0113,2.0,22.0,6.805,12.649,21.902,2.864,2.791,4.273,2.724,4.127,3.292,16.408,7.959,82.074,2.556,31.932,11.0,5.056,4.15,2.849,3.674,woman,first,away_from_family,yes,yes,no,resistance,yes,no,no,13.961
T13_0114,1.0,22.0,6.54,15.175,9.793,3.0,2.813,2.31,2.472,3.136,1.641,9.512,11.907,128.588,3.153,34.503,12.0,0.0,2.904,3.53,3.186,man,later,away_from_family,yes,no,yes,resistance,yes,no,yes,15.324
T13_0115,3.0,23.0,7.135,14.439,25.337,3.716,3.878,3.317,2.841,3.292,3.276,22.022,7.092,75.639,5.009,30.102,16.0,0.0,1.339,2.965,3.232,woman,first,away_from_family,no,no,yes,resistance,yes,yes,no,22.999
T13_0116,6.0,35.0,5.175,16.434,14.875,3.454,3.326,2.37,4.306,3.636,3.298,11.598,6.319,271.55,4.754,32.238,13.0,0.0,4.006,3.306,4.388,woman,first,away_from_family,yes,no,yes,running,no,yes,no,16.463
T13_0117,5.0,23.0,8.246,25.163,16.768,3.52,2.645,3.162,3.173,2.954,3.031,45.39,7.302,256.19,3.859,31.98,13.0,8.911,2.491,2.993,3.303,woman,later,away_from_family,yes,yes,no,mixed,yes,no,no,8.863
T13_0118,4.0,27.0,7.081,24.758,1.043,3.498,3.454,1.549,2.963,2.583,1.76,34.051,8.015,317.857,3.068,30.877,12.0,9.414,3.636,4.337,3.268,woman,later,with_family,yes,yes,no,resistance,yes,no,no,17.951
T13_0119,4.0,27.0,5.538,17.386,26.771,4.285,1.819,2.5,3.055,3.826,2.465,8.387,4.666,211.161,2.941,27.684,15.0,12.539,3.487,2.596,2.762,man,later,with_family,yes,yes,yes,resistance,no,no,no,16.77
T13_0120,3.0,27.0,7.335,20.889,0.797,3.476,3.894,3.151,1.926,3.247,4.556,30.649,6.059,91.033,4.943,30.555,15.0,4.131,3.449,2.941,3.43,man,later,with_family,yes,yes,yes,other_aerobic,no,yes,no,20.946
T13_0121,4.0,27.0,6.418,14.787,26.898,2.897,3.13,2.82,2.706,2.654,2.355,20.361,7.092,89.803,2.566,36.58,9.0,1.866,2.541,3.29,3.484,woman,first,away_from_family,yes,yes,yes,running,yes,yes,yes,14.074
T13_0122,2.0,22.0,5.55,4.927,15.544,2.485,2.9,2.629,3.973,4.03,2.875,40.15,7.884,226.583,3.791,34.698,12.0,0.0,2.896,1.697,3.297,man,later,away_from_family,yes,no,yes,mixed,no,yes,no,14.153
T13_0123,2.0,25.0,7.4,23.301,29.529,3.095,3.13,2.926,2.747,2.954,2.532,37.89,4.867,245.625,3.918,30.927,18.0,7.983,2.337,3.276,3.792,man,later,with_family,no,yes,yes,running,yes,no,no,16.148
T13_0124,1.0,18.0,5.771,8.551,9.586,3.817,2.975,2.656,3.112,2.604,3.651,62.915,8.355,61.756,3.835,27.99,12.0,0.0,3.283,2.979,3.645,man,later,with_family,yes,no,no,other_aerobic,yes,no,no,15.328
T13_0125,3.0,26.0,6.071,32.454,9.9,2.481,3.908,2.32,3.089,4.123,2.805,23.138,7.061,167.452,5.447,39.672,12.0,4.745,3.502,2.084,1.867,woman,later,away_from_family,yes,yes,no,resistance,yes,yes,no,18.2
T13_0126,4.0,29.0,6.77,28.409,7.149,2.649,3.406,1.923,3.652,3.464,4.458,3.291,6.667,252.247,3.11,33.729,4.0,0.0,2.765,3.349,1.844,man,later,away_from_family,yes,no,yes,resistance,yes,yes,yes,13.633
T13_0127,1.0,24.0,7.6,8.376,15.33,2.445,2.541,3.681,3.642,4.568,2.173,23.22,5.979,163.743,2.519,31.075,9.0,1.362,1.885,2.57,3.375,nonbinary_or_self_described,later,with_family,no,yes,yes,other_aerobic,yes,no,no,7.967
T13_0128,1.0,33.0,6.034,25.61,35.828,2.131,3.367,3.459,3.235,2.331,3.262,4.868,7.647,123.858,3.32,31.026,17.0,0.379,2.758,2.845,2.702,woman,later,away_from_family,yes,yes,no,running,yes,yes,no,17.629
T13_0129,4.0,26.0,6.568,14.614,7.855,2.91,3.424,4.604,4.135,1.991,3.074,11.665,6.608,48.727,4.279,32.275,14.0,0.0,1.725,3.117,3.344,man,later,with_family,no,no,no,other_aerobic,no,yes,yes,12.478
T13_0130,2.0,27.0,6.592,29.269,14.0,1.837,4.113,3.246,2.339,3.531,2.488,12.834,5.761,146.26,3.403,37.29,16.0,4.242,3.623,3.511,2.981,man,first,away_from_family,no,yes,yes,running,yes,no,yes,15.592
T13_0131,3.0,22.0,7.907,17.017,10.164,3.126,3.251,3.407,3.513,2.204,2.87,51.283,6.652,208.7,3.393,33.249,16.0,0.0,2.621,3.716,2.889,man,later,with_family,yes,no,yes,running,yes,yes,yes,19.853
T13_0132,5.0,26.0,6.454,15.162,8.138,3.577,1.951,3.341,2.135,2.731,3.234,48.223,5.291,81.856,2.536,37.456,10.0,0.0,4.016,2.748,2.493,woman,later,away_from_family,no,no,yes,mixed,yes,no,yes,16.245
T13_0133,5.0,33.0,6.59,11.803,13.908,3.419,3.277,3.549,3.903,3.441,2.78,36.715,6.434,92.953,3.838,31.945,11.0,0.0,3.74,4.335,3.279,man,later,with_family,yes,no,no,other_aerobic,yes,yes,no,7.308
T13_0134,4.0,24.0,7.346,8.595,24.367,2.361,3.954,3.783,2.244,2.984,2.923,36.146,7.087,258.491,3.718,30.698,13.0,0.0,3.628,2.154,2.329,man,first,with_family,yes,no,no,other_aerobic,no,no,no,16.464
T13_0135,4.0,21.0,6.382,7.699,3.106,2.903,3.197,3.2,2.572,2.706,1.875,0.081,8.107,186.098,3.304,38.149,10.0,0.0,3.32,2.411,2.786,woman,later,away_from_family,yes,no,yes,other_aerobic,yes,yes,no,13.793
T13_0136,1.0,26.0,6.768,19.234,22.361,2.62,3.256,2.305,3.603,3.54,3.297,41.899,8.573,110.669,3.004,26.012,8.0,11.332,3.373,3.633,3.583,nonbinary_or_self_described,first,away_from_family,no,yes,no,mixed,yes,no,yes,15.169
T13_0137,6.0,27.0,7.836,18.894,7.19,2.199,3.484,3.061,3.703,2.546,2.618,6.53,7.117,67.533,4.293,30.706,14.0,0.0,2.771,3.537,3.028,woman,first,with_family,yes,no,no,resistance,yes,no,no,12.656
T13_0138,2.0,21.0,7.057,15.756,19.583,3.795,3.152,3.848,2.663,3.24,1.884,12.195,6.751,143.398,3.57,26.989,11.0,0.0,2.204,2.81,2.797,man,later,away_from_family,no,no,yes,other_aerobic,yes,yes,no,13.84
T13_0139,1.0,21.0,5.759,19.908,20.784,4.822,1.985,3.227,3.044,3.912,2.748,20.171,2.944,140.692,3.743,32.202,12.0,0.0,4.207,2.432,3.079,woman,later,away_from_family,no,no,no,other_aerobic,no,yes,yes,20.042
T13_0140,5.0,20.0,7.301,17.174,28.984,2.75,3.572,2.886,3.186,2.322,2.56,14.814,9.251,202.659,3.552,33.733,14.0,0.0,4.097,3.453,2.84,woman,later,away_from_family,no,no,yes,mixed,yes,no,no,10.646
T13_0141,5.0,19.0,8.224,34.815,13.419,3.235,3.292,3.845,2.391,2.898,3.017,18.974,7.823,100.54,3.572,39.584,14.0,0.0,3.619,3.847,3.639,man,first,with_family,yes,no,no,running,yes,yes,yes,12.717
T13_0142,2.0,32.0,6.791,16.406,20.628,2.81,3.95,3.345,2.704,2.703,4.146,31.332,8.302,108.912,4.033,34.406,11.0,4.461,2.87,2.202,2.693,woman,later,with_family,no,yes,no,mixed,yes,no,yes,19.638
T13_0143,2.0,19.0,7.181,15.053,3.341,2.294,3.094,2.429,3.175,2.207,3.045,21.54,6.188,165.626,4.794,26.581,13.0,1.282,1.703,3.811,3.691,man,later,away_from_family,yes,yes,no,running,no,no,no,21.023
T13_0144,2.0,19.0,9.089,17.961,24.146,2.965,2.902,3.431,2.408,2.781,2.61,23.746,5.955,140.242,2.649,32.637,8.0,0.0,3.426,1.918,1.244,woman,later,away_from_family,no,no,yes,running,yes,yes,yes,10.221
T13_0145,3.0,25.0,6.646,18.379,10.556,2.391,2.352,2.6,3.644,1.858,3.099,13.518,8.673,198.98,4.14,32.14,12.0,0.0,2.749,2.899,3.579,man,first,with_family,yes,no,yes,other_aerobic,yes,yes,yes,8.803
T13_0146,1.0,27.0,7.918,17.337,23.75,3.195,3.782,3.258,3.307,2.115,3.49,32.103,5.876,178.319,1.825,38.038,15.0,7.161,3.58,3.68,4.039,man,later,with_family,yes,yes,yes,running,no,no,no,18.528
T13_0147,4.0,21.0,7.864,21.126,22.489,4.067,2.404,3.859,2.686,3.74,2.835,32.401,4.802,116.69,4.893,31.286,16.0,0.0,2.614,3.323,3.68,woman,later,with_family,yes,no,yes,mixed,yes,yes,no,15.702
T13_0148,2.0,30.0,6.931,24.366,7.403,2.763,2.17,3.782,2.635,1.863,4.464,18.045,5.508,79.311,3.586,36.016,9.0,4.693,3.678,2.661,3.387,woman,later,away_from_family,no,yes,yes,mixed,yes,no,no,11.239
T13_0149,4.0,24.0,6.586,8.813,32.401,3.809,2.754,3.403,2.25,2.149,3.526,45.153,7.433,197.863,0.915,37.284,16.0,0.0,2.501,2.181,2.241,woman,first,with_family,no,no,yes,mixed,no,no,no,16.801
T13_0150,4.0,22.0,5.788,37.144,9.115,2.553,3.431,3.678,4.355,3.272,2.842,40.447,7.679,281.857,4.034,30.697,15.0,0.0,3.068,1.6,3.592,man,later,with_family,no,no,yes,resistance,yes,no,no,9.526
T13_0151,3.0,26.0,7.16,19.265,4.246,2.273,1.821,2.816,4.126,2.5,3.383,32.334,7.102,99.535,3.614,29.156,10.0,0.0,3.156,4.319,2.342,woman,first,away_from_family,no,no,yes,other_aerobic,yes,no,yes,10.494
T13_0152,5.0,28.0,7.437,17.018,1.338,1.834,4.491,4.061,3.564,3.569,4.248,4.545,6.965,178.42,2.403,30.475,6.0,0.0,2.691,2.577,2.9,man,first,away_from_family,no,no,yes,running,yes,no,yes,13.83
T13_0153,1.0,27.0,6.547,14.671,19.43,2.096,2.929,2.412,3.037,2.511,4.587,1.101,5.544,32.16,5.934,29.295,17.0,0.0,2.871,3.311,3.146,woman,first,with_family,yes,no,no,mixed,no,no,no,16.325
T13_0154,4.0,22.0,6.577,28.437,22.493,3.098,1.698,3.123,3.916,3.088,1.877,13.632,6.86,235.472,3.707,32.448,12.0,7.812,3.133,3.747,2.757,woman,later,with_family,yes,yes,yes,other_aerobic,yes,no,yes,8.401
T13_0155,3.0,19.0,7.012,16.641,37.21,2.902,4.156,3.342,3.178,3.908,2.292,48.805,6.314,38.363,4.146,26.918,15.0,0.0,2.812,3.677,3.88,man,later,with_family,yes,no,yes,running,yes,yes,yes,12.226
T13_0156,2.0,21.0,7.287,26.306,38.183,2.238,3.628,3.452,2.493,1.664,3.26,31.891,7.463,128.557,4.119,36.399,17.0,0.0,2.288,2.102,3.333,woman,later,with_family,no,no,yes,running,yes,no,no,15.798
T13_0157,2.0,24.0,5.355,29.101,11.389,2.923,2.873,3.754,3.801,1.876,1.672,37.403,7.434,184.238,5.188,25.617,13.0,0.0,3.431,2.79,4.574,man,first,away_from_family,yes,no,no,running,no,no,yes,8.79
T13_0158,5.0,28.0,7.947,19.441,21.347,3.168,3.305,3.378,2.434,3.04,3.553,19.573,6.027,246.507,4.443,34.913,17.0,0.0,3.898,2.895,1.368,woman,later,with_family,no,no,no,running,yes,yes,yes,6.575
T13_0159,5.0,21.0,7.09,22.875,35.676,3.766,3.423,2.907,3.08,3.861,2.971,23.688,9.849,170.142,2.661,32.817,9.0,12.663,3.263,3.342,1.576,man,first,with_family,yes,yes,no,resistance,no,no,no,9.27
T13_0160,5.0,21.0,6.603,20.756,33.691,3.205,2.854,1.462,2.364,3.398,3.212,15.57,5.966,281.014,4.941,29.378,9.0,0.0,2.479,3.334,3.53,woman,later,with_family,yes,no,no,other_aerobic,yes,yes,yes,16.762
T13_0161,4.0,27.0,7.268,12.575,11.879,4.734,3.543,3.488,3.82,2.901,3.333,34.442,8.417,126.124,1.783,25.921,12.0,0.0,2.952,2.895,1.993,man,first,away_from_family,yes,no,yes,resistance,yes,yes,no,13.126
T13_0162,2.0,28.0,5.903,30.717,20.622,3.497,3.509,3.751,1.84,2.471,2.05,45.921,5.507,134.769,2.146,35.006,11.0,5.403,1.725,3.812,2.602,man,later,away_from_family,no,yes,no,resistance,yes,no,no,15.163
T13_0163,1.0,26.0,7.789,16.525,4.078,2.47,1.979,3.406,3.388,3.143,2.304,38.576,6.435,16.246,3.762,32.235,13.0,0.0,2.361,3.668,3.252,man,first,away_from_family,no,no,no,running,no,yes,yes,12.775
T13_0164,3.0,30.0,8.031,15.861,5.86,2.43,2.957,2.414,3.15,2.871,2.74,40.024,8.591,163.502,5.29,26.516,12.0,0.0,4.07,3.099,3.003,woman,first,with_family,yes,no,no,mixed,yes,yes,yes,9.544
T13_0165,2.0,24.0,7.716,13.457,14.974,1.921,3.219,2.384,2.787,3.039,2.331,29.042,6.129,226.934,4.357,35.882,14.0,0.0,2.959,3.231,3.222,man,first,away_from_family,no,no,no,running,no,no,yes,11.11
T13_0166,2.0,22.0,7.238,13.734,8.357,2.828,1.737,2.963,2.914,3.452,2.775,43.3,8.705,79.12,4.38,35.342,11.0,0.0,2.549,3.266,2.59,woman,later,with_family,no,no,yes,running,yes,yes,yes,11.046
T13_0167,1.0,28.0,7.782,10.137,22.2,3.883,3.446,2.344,3.699,1.971,3.611,7.257,5.213,17.935,3.631,26.179,14.0,3.382,3.563,3.674,3.032,woman,later,away_from_family,no,yes,no,other_aerobic,no,no,no,13.201
T13_0168,3.0,22.0,7.252,13.907,13.033,3.412,3.053,2.777,2.16,2.143,2.932,38.944,8.633,158.463,3.007,27.583,9.0,5.064,3.552,2.064,2.417,man,first,with_family,no,yes,yes,mixed,no,yes,yes,10.559
T13_0169,4.0,26.0,7.272,23.432,21.565,2.137,3.627,2.298,3.17,1.785,2.666,0.158,7.76,122.787,5.691,25.393,15.0,0.0,3.982,3.094,4.222,woman,later,with_family,no,no,yes,other_aerobic,yes,no,no,11.429
T13_0170,3.0,26.0,6.817,14.758,26.469,2.512,2.727,3.266,2.934,2.511,2.477,30.262,7.409,166.582,3.933,29.304,13.0,0.0,3.918,2.971,3.047,man,first,with_family,yes,no,no,other_aerobic,no,no,yes,14.223
T13_0171,7.0,26.0,8.128,18.79,30.106,3.573,2.733,3.085,3.872,4.36,3.251,22.861,7.176,96.164,2.967,26.458,14.0,0.0,2.69,3.324,2.41,woman,first,away_from_family,no,no,no,other_aerobic,yes,no,yes,6.928
T13_0172,4.0,20.0,7.294,8.857,17.442,3.392,2.476,3.377,3.248,3.55,2.628,29.518,9.259,140.567,3.513,30.41,20.0,1.589,2.752,3.907,2.779,nonbinary_or_self_described,later,away_from_family,no,yes,no,mixed,yes,no,yes,13.678
T13_0173,3.0,20.0,7.799,8.764,30.156,3.738,3.173,3.082,2.974,2.271,2.786,31.307,8.574,120.214,2.715,26.99,12.0,1.807,2.674,1.329,2.579,woman,later,with_family,no,yes,yes,other_aerobic,yes,no,no,18.234
T13_0174,3.0,25.0,7.171,25.793,11.542,3.0,3.791,3.569,3.462,2.51,3.564,10.002,7.839,72.66,2.261,27.018,13.0,4.477,3.191,2.955,2.118,man,later,away_from_family,yes,yes,no,running,yes,no,yes,19.668
T13_0175,3.0,25.0,6.628,8.028,16.204,3.333,2.033,3.389,2.128,3.476,2.644,30.376,8.999,81.609,6.039,33.618,13.0,5.221,3.18,3.169,2.924,woman,later,with_family,yes,yes,no,resistance,no,no,yes,16.072
T13_0176,4.0,21.0,7.262,16.741,23.605,1.885,3.712,2.64,1.794,3.74,2.911,31.662,9.996,42.458,3.496,28.824,11.0,0.0,3.6,3.828,2.49,woman,later,away_from_family,no,no,no,mixed,yes,no,no,9.666
T13_0177,3.0,26.0,7.682,9.371,18.357,4.308,2.173,3.139,2.525,1.68,3.796,41.26,6.576,83.147,5.194,34.68,13.0,0.0,2.968,3.247,3.351,woman,first,away_from_family,no,no,no,resistance,yes,yes,yes,13.688
T13_0178,2.0,21.0,7.361,13.333,30.832,2.251,3.665,2.063,3.614,3.891,3.603,37.959,6.957,154.805,5.022,28.186,14.0,3.497,2.3,3.214,2.79,man,later,away_from_family,yes,yes,no,running,no,yes,no,13.225
T13_0179,1.0,20.0,8.941,17.165,7.61,3.25,1.101,3.206,3.219,2.438,3.045,21.927,6.428,144.545,4.235,27.718,17.0,0.0,2.129,2.257,2.961,man,later,with_family,yes,no,no,other_aerobic,no,no,yes,15.822
T13_0180,5.0,22.0,6.482,21.5,26.348,3.098,2.929,2.397,3.798,3.578,1.852,28.189,6.966,211.888,4.747,32.469,14.0,0.0,3.313,3.231,3.575,man,first,with_family,yes,no,yes,running,yes,no,no,20.275
T13_0181,2.0,29.0,6.993,19.437,8.417,3.148,3.536,4.216,2.228,3.501,3.648,9.42,8.339,191.13,5.709,32.483,17.0,11.581,1.615,2.828,3.522,man,later,away_from_family,yes,yes,yes,mixed,yes,yes,yes,18.028
T13_0182,0.0,20.0,7.113,21.618,23.218,3.418,2.515,2.585,2.154,2.617,3.162,29.328,6.345,201.391,2.748,25.614,7.0,0.0,4.212,4.275,4.382,man,first,away_from_family,yes,no,no,resistance,no,yes,yes,15.598
T13_0183,2.0,20.0,7.765,26.193,17.911,2.954,2.944,2.712,4.357,3.528,2.653,29.99,5.297,94.315,4.979,25.089,9.0,4.57,2.074,4.201,3.188,man,first,away_from_family,no,yes,no,resistance,yes,no,no,13.83
T13_0184,5.0,23.0,7.326,15.627,17.487,2.805,2.402,4.904,4.07,2.594,1.054,12.475,10.036,88.781,5.607,29.203,15.0,0.0,2.875,3.022,2.839,woman,later,with_family,yes,no,no,resistance,yes,no,yes,18.194
T13_0185,2.0,24.0,6.97,10.584,22.419,2.816,2.58,3.791,3.639,3.461,2.486,19.214,7.77,244.126,5.028,29.398,15.0,0.0,3.155,2.647,2.555,man,later,with_family,no,no,no,running,yes,yes,no,14.08
T13_0186,0.0,21.0,8.451,21.421,16.093,2.472,2.836,3.996,3.554,4.952,2.661,44.894,7.471,228.725,4.318,30.967,12.0,0.0,2.121,3.852,2.717,woman,first,away_from_family,yes,no,no,resistance,yes,yes,no,11.513
T13_0187,5.0,23.0,7.282,27.148,11.715,3.235,4.422,2.429,3.459,1.468,1.89,36.118,7.057,88.627,5.169,31.79,11.0,0.0,3.509,3.019,2.183,man,later,with_family,no,no,yes,other_aerobic,yes,yes,yes,14.292
T13_0188,1.0,21.0,6.494,22.983,9.607,2.888,3.168,2.739,2.704,2.951,1.626,25.327,7.857,238.242,4.515,25.195,17.0,0.0,2.587,4.411,2.963,woman,later,with_family,no,no,no,resistance,yes,yes,no,10.845
T13_0189,2.0,24.0,5.982,28.061,24.375,2.593,3.127,1.277,4.363,2.754,2.778,4.539,8.234,171.864,5.327,38.209,13.0,0.0,3.29,2.886,3.681,woman,later,away_from_family,no,no,yes,running,yes,yes,yes,17.515
T13_0190,4.0,20.0,6.9,10.205,30.447,3.478,3.869,3.522,3.457,2.625,2.363,22.557,6.911,259.293,5.443,35.871,11.0,3.777,2.626,2.338,3.828,woman,later,away_from_family,yes,yes,yes,other_aerobic,yes,yes,no,14.487
T13_0191,1.0,23.0,6.627,9.136,17.801,2.326,3.031,2.984,2.508,4.267,2.788,30.093,5.845,175.786,5.684,28.515,15.0,0.0,3.897,2.971,3.086,woman,first,away_from_family,yes,no,no,other_aerobic,yes,yes,no,11.513
T13_0192,4.0,20.0,7.766,26.935,0.813,3.348,2.935,2.857,2.833,2.997,3.614,18.144,7.033,166.719,5.317,25.059,16.0,7.37,3.982,4.538,3.111,woman,later,with_family,no,yes,no,mixed,no,yes,yes,17.602
T13_0193,4.0,29.0,7.541,17.449,9.919,1.869,3.974,3.404,3.518,2.722,2.844,22.838,5.728,134.927,3.944,38.922,16.0,0.0,3.096,3.348,2.658,woman,first,away_from_family,yes,no,no,mixed,no,no,yes,13.535
T13_0194,6.0,22.0,6.018,9.909,10.444,4.28,3.245,3.163,2.115,3.26,2.881,52.396,6.201,183.964,4.286,30.354,9.0,8.936,3.92,1.81,4.773,man,first,with_family,no,yes,yes,running,yes,no,no,17.455
T13_0195,0.0,19.0,7.156,7.129,22.093,3.065,3.01,3.84,2.577,3.765,3.594,21.649,6.117,180.73,3.931,32.472,13.0,9.747,2.117,2.889,3.01,man,first,away_from_family,yes,yes,yes,mixed,yes,yes,no,16.405
T13_0196,3.0,21.0,6.678,17.884,5.338,3.189,2.282,3.078,3.068,2.491,3.13,24.66,5.867,137.871,5.383,29.989,11.0,5.186,3.149,4.52,2.913,woman,first,away_from_family,no,yes,no,running,yes,yes,no,11.446
T13_0197,6.0,23.0,7.255,22.3,18.182,2.198,2.888,2.873,2.621,2.11,2.719,19.113,4.643,339.578,2.434,30.873,20.0,8.903,2.251,3.45,3.454,woman,later,with_family,no,yes,no,running,yes,yes,yes,13.884
T13_0198,5.0,27.0,5.902,16.584,25.062,3.222,3.457,4.379,1.939,1.717,2.794,21.493,6.217,56.829,5.709,27.985,19.0,6.472,1.712,3.299,4.425,man,first,with_family,yes,yes,no,running,yes,no,yes,19.338
T13_0199,4.0,22.0,5.534,8.709,3.434,3.32,2.761,3.147,3.317,2.443,2.808,19.813,6.858,208.052,2.024,33.951,13.0,0.0,2.801,2.065,3.125,nonbinary_or_self_described,later,away_from_family,yes,no,yes,resistance,yes,no,yes,16.192
T13_0200,3.0,26.0,7.638,29.01,1.665,2.684,3.078,3.407,2.215,3.38,3.997,0.476,4.817,202.194,4.626,33.909,14.0,0.0,2.64,2.593,4.14,man,later,away_from_family,yes,no,no,mixed,no,no,no,15.016
T13_0201,6.0,24.0,6.212,7.519,23.952,2.068,3.018,2.416,3.299,3.135,3.579,36.064,6.496,178.39,0.93,31.584,16.0,0.632,3.054,3.929,4.36,woman,first,with_family,yes,yes,no,running,yes,no,yes,17.963
T13_0202,3.0,23.0,7.199,21.97,16.894,3.357,2.546,2.681,3.886,2.993,2.376,56.662,9.033,203.256,2.179,35.204,10.0,0.0,2.723,2.412,2.432,man,later,away_from_family,yes,no,no,resistance,no,no,yes,15.22
T13_0203,3.0,22.0,5.565,18.178,21.653,3.806,4.123,3.274,3.198,3.028,3.239,6.831,6.022,261.192,4.67,32.042,15.0,1.584,2.916,3.194,3.206,woman,first,away_from_family,no,yes,yes,running,yes,no,yes,22.882
T13_0204,1.0,22.0,6.534,12.989,32.229,2.065,3.052,2.568,3.97,3.973,3.229,30.028,6.188,82.159,2.958,36.147,10.0,6.503,2.997,2.408,1.837,woman,later,away_from_family,yes,yes,yes,running,yes,no,no,10.548
T13_0205,5.0,31.0,7.273,14.659,7.061,3.423,3.072,4.987,3.17,3.212,2.644,22.912,8.013,310.313,2.505,26.351,13.0,3.59,2.921,3.249,2.187,woman,later,with_family,yes,yes,yes,resistance,yes,yes,yes,13.107
T13_0206,2.0,23.0,7.603,16.735,26.54,3.007,2.974,3.508,2.249,3.336,2.73,59.711,5.162,99.175,3.581,35.851,13.0,0.0,3.177,4.667,4.162,man,later,away_from_family,no,no,no,running,no,yes,yes,13.429
T13_0207,2.0,22.0,6.178,8.141,10.258,2.964,3.784,3.135,2.643,2.092,2.878,32.467,9.637,153.424,0.789,31.448,10.0,7.932,3.398,2.304,4.088,woman,first,with_family,yes,yes,yes,mixed,yes,no,yes,15.625
T13_0208,1.0,32.0,7.236,12.157,28.465,2.438,2.795,1.798,1.929,3.427,2.622,18.789,8.927,142.971,3.62,25.517,13.0,8.515,4.429,3.811,3.178,woman,later,away_from_family,no,yes,yes,mixed,yes,no,no,13.683
T13_0209,3.0,23.0,6.825,26.106,19.111,1.706,3.104,2.98,2.522,3.707,3.614,28.557,6.364,118.247,4.497,31.25,18.0,0.0,4.644,2.917,3.447,woman,later,with_family,yes,no,yes,other_aerobic,no,yes,no,9.418
T13_0210,4.0,21.0,6.556,11.855,19.779,3.978,3.305,1.386,3.548,3.198,1.787,35.283,6.487,120.242,2.184,31.44,19.0,1.081,3.126,2.925,2.106,man,first,with_family,yes,yes,yes,other_aerobic,no,yes,yes,21.171
T13_0211,1.0,23.0,6.43,23.173,18.146,1.548,4.263,2.771,2.701,2.282,1.316,9.949,6.909,93.951,5.511,42.683,15.0,2.162,3.02,2.469,1.945,woman,first,away_from_family,yes,yes,no,resistance,yes,yes,yes,12.625
T13_0212,5.0,18.0,6.51,17.4,32.946,3.646,3.189,3.376,3.764,3.14,2.621,32.657,8.895,119.196,4.725,30.809,12.0,9.796,4.096,3.563,3.006,man,later,away_from_family,no,yes,yes,other_aerobic,yes,no,no,12.768
T13_0213,7.0,24.0,7.462,38.076,15.615,3.623,3.571,2.808,3.551,3.311,2.261,48.18,9.781,56.377,2.177,35.983,16.0,0.0,2.424,2.332,1.555,woman,later,with_family,no,no,yes,other_aerobic,yes,no,yes,9.023
T13_0214,3.0,24.0,6.169,29.194,13.87,3.615,3.55,2.875,2.502,3.41,2.82,9.849,7.846,33.378,2.423,31.044,15.0,0.0,2.888,3.264,2.542,nonbinary_or_self_described,later,away_from_family,yes,no,yes,mixed,yes,yes,yes,13.937
T13_0215,5.0,32.0,5.516,10.676,20.24,1.756,2.751,2.325,3.413,4.12,3.475,23.146,5.824,96.596,3.645,30.413,14.0,0.743,3.246,1.751,2.897,woman,later,with_family,yes,yes,no,mixed,no,yes,no,20.128
T13_0216,2.0,28.0,7.76,25.605,33.278,1.958,3.248,1.729,4.815,2.684,2.395,25.081,6.802,124.733,4.626,26.814,13.0,1.362,2.032,4.245,2.243,woman,first,away_from_family,yes,yes,yes,mixed,no,yes,no,17.364
T13_0217,2.0,21.0,7.677,15.282,36.21,3.549,4.329,1.758,4.044,3.832,2.948,35.589,8.054,104.447,3.647,30.677,15.0,0.0,2.735,1.803,2.732,woman,first,with_family,no,no,yes,mixed,no,no,no,16.221
T13_0218,1.0,20.0,6.793,6.261,16.019,2.526,3.548,3.541,3.267,3.394,3.186,10.449,7.841,114.969,4.831,31.008,10.0,1.845,2.789,3.426,4.868,man,first,away_from_family,no,yes,yes,other_aerobic,yes,yes,yes,13.637
T13_0219,1.0,31.0,7.262,27.69,4.973,2.898,2.731,2.37,2.313,3.158,2.758,34.803,5.6,158.318,4.524,33.24,16.0,0.0,2.031,1.382,3.842,man,later,with_family,no,no,no,running,no,no,no,15.038
T13_0220,4.0,24.0,6.964,27.6,8.266,1.982,2.725,2.706,1.317,2.035,3.055,18.925,6.219,288.969,3.589,36.739,17.0,6.428,3.718,2.484,2.792,man,later,with_family,no,yes,no,other_aerobic,yes,no,no,14.796
T13_0221,4.0,26.0,7.641,13.361,12.533,2.257,2.456,1.893,2.267,4.293,2.581,23.941,6.51,220.872,4.913,31.327,7.0,6.779,2.593,1.625,3.593,woman,later,with_family,no,yes,yes,mixed,no,yes,yes,10.406
T13_0222,1.0,24.0,8.165,20.839,25.979,3.014,4.12,3.457,2.278,2.697,4.002,32.614,6.609,273.815,5.164,30.589,17.0,0.0,1.871,2.445,3.368,woman,first,with_family,yes,no,yes,running,yes,yes,yes,14.646
T13_0223,1.0,24.0,7.44,23.51,17.589,4.23,1.232,3.16,2.473,2.118,4.54,44.593,7.03,154.638,3.922,31.706,18.0,0.0,3.165,2.741,2.873,man,first,with_family,no,no,yes,resistance,yes,yes,yes,14.881
T13_0224,3.0,21.0,6.888,23.372,4.51,2.832,2.314,2.762,3.067,3.74,2.77,35.465,6.289,180.742,4.337,29.55,11.0,0.0,2.931,2.299,3.101,woman,later,with_family,no,no,yes,running,yes,yes,yes,19.755
T13_0225,6.0,27.0,7.023,5.636,5.656,2.577,1.78,2.814,3.275,1.283,3.58,27.295,3.955,217.607,3.714,43.85,12.0,2.212,4.027,2.966,2.966,woman,first,with_family,yes,yes,no,running,yes,yes,no,7.324
T13_0226,2.0,29.0,6.722,11.998,8.75,2.381,2.675,2.383,2.28,2.517,2.546,1.568,7.636,221.114,3.975,31.57,11.0,10.629,3.577,4.227,2.584,woman,first,with_family,yes,yes,yes,mixed,yes,yes,yes,9.992
T13_0227,6.0,25.0,6.17,7.632,2.297,2.613,3.05,3.166,2.527,4.53,2.574,37.544,6.015,205.616,3.696,32.238,11.0,0.0,3.368,1.214,2.247,woman,later,with_family,yes,no,yes,mixed,no,no,no,12.794
T13_0228,1.0,23.0,6.717,17.761,25.885,3.263,2.831,2.872,4.233,2.371,3.631,37.366,7.926,168.805,3.836,35.656,8.0,0.0,2.921,2.101,2.372,man,later,with_family,yes,no,no,other_aerobic,yes,no,no,5.227
T13_0229,1.0,25.0,7.118,24.549,21.677,2.648,2.886,2.803,2.211,3.775,2.861,36.493,7.533,170.972,3.92,33.216,9.0,0.0,1.936,2.021,2.899,man,later,with_family,yes,no,no,resistance,no,no,no,18.242
T13_0230,3.0,26.0,6.277,4.828,18.557,2.991,2.798,2.676,3.775,2.017,3.391,22.977,6.187,89.834,3.539,30.143,19.0,0.0,4.535,3.403,2.257,woman,later,with_family,no,no,yes,other_aerobic,yes,no,yes,12.926
T13_0231,3.0,32.0,6.637,18.783,21.648,2.464,2.457,2.907,3.55,2.945,2.952,49.891,6.941,133.553,4.651,37.688,18.0,0.0,2.623,2.173,2.727,man,later,with_family,no,no,no,mixed,yes,yes,yes,14.765
T13_0232,2.0,28.0,6.853,19.095,13.387,3.855,3.602,3.778,3.784,4.235,3.589,25.461,9.307,73.497,4.456,27.805,9.0,0.0,2.748,2.319,3.0,woman,later,away_from_family,yes,no,no,running,yes,yes,yes,17.324
T13_0233,4.0,29.0,6.652,16.619,20.692,3.264,3.106,2.841,2.272,2.347,1.649,21.302,7.843,184.015,3.487,30.753,12.0,0.0,3.285,2.81,3.348,man,first,away_from_family,no,no,no,resistance,no,no,yes,21.975
T13_0234,4.0,23.0,7.275,22.913,3.4,3.613,2.829,3.837,2.43,2.828,3.584,3.848,4.917,175.805,3.7,25.746,12.0,0.901,4.278,2.485,3.049,man,later,away_from_family,no,yes,no,other_aerobic,yes,yes,no,8.319
T13_0235,6.0,25.0,7.962,15.977,11.079,2.909,2.698,2.322,3.311,4.074,2.913,34.468,9.619,142.21,4.908,41.384,17.0,0.0,4.08,3.13,2.869,man,later,with_family,no,no,yes,mixed,yes,no,yes,15.09
T13_0236,6.0,28.0,7.168,13.457,18.486,1.433,2.572,3.241,2.388,2.731,4.625,12.455,8.579,50.059,4.593,28.289,9.0,0.0,2.101,3.849,2.219,woman,first,with_family,no,no,yes,other_aerobic,yes,yes,no,14.853
T13_0237,2.0,24.0,7.367,15.424,13.42,3.254,3.642,3.318,3.414,3.284,4.295,15.81,5.193,174.02,5.022,30.765,13.0,0.0,2.153,2.225,3.072,man,later,with_family,yes,no,no,other_aerobic,no,no,no,17.491
T13_0238,6.0,22.0,7.163,20.205,5.508,2.129,2.663,4.015,3.395,3.093,2.691,17.92,6.063,18.823,2.133,31.057,16.0,11.631,3.385,3.071,3.343,woman,later,away_from_family,yes,yes,yes,other_aerobic,yes,yes,yes,11.705
T13_0239,1.0,21.0,8.058,18.784,20.507,2.734,2.524,2.401,2.172,2.11,2.915,6.304,4.279,298.519,3.551,33.588,14.0,10.313,2.957,2.36,3.287,woman,first,away_from_family,yes,yes,no,running,yes,yes,yes,17.837
T13_0240,3.0,28.0,5.766,27.995,17.717,1.962,2.973,3.736,2.159,2.104,2.333,19.032,6.954,255.625,2.866,27.658,10.0,7.52,2.376,2.932,2.49,man,first,with_family,yes,yes,yes,resistance,no,no,no,14.424
T13_0241,4.0,24.0,7.333,31.911,10.483,3.003,4.601,3.259,1.893,1.773,3.263,5.46,8.016,115.697,6.481,34.236,14.0,2.425,3.028,3.267,3.278,man,later,with_family,yes,yes,yes,mixed,yes,no,yes,17.693
T13_0242,2.0,18.0,6.307,26.725,23.004,4.585,1.929,2.604,3.646,3.629,3.084,43.55,8.367,195.324,2.779,25.638,15.0,5.508,3.569,3.092,2.137,woman,first,away_from_family,no,yes,no,mixed,yes,yes,no,16.944
T13_0243,3.0,25.0,6.784,13.052,5.372,2.348,2.735,3.567,2.737,3.347,2.138,23.162,6.649,80.674,2.758,25.637,10.0,0.0,2.169,2.083,2.927,man,later,away_from_family,yes,no,no,other_aerobic,yes,no,yes,16.401
T13_0244,2.0,21.0,6.827,20.065,37.221,2.703,2.187,3.745,1.832,2.788,3.732,25.553,6.631,122.241,4.506,28.499,8.0,0.0,3.089,3.429,2.332,man,later,away_from_family,yes,no,no,resistance,no,no,no,10.719
T13_0245,3.0,27.0,6.722,18.732,11.85,3.681,2.925,3.278,3.062,3.878,4.23,46.581,5.089,108.422,5.94,28.709,17.0,5.481,2.65,3.032,3.487,woman,later,with_family,yes,yes,no,other_aerobic,yes,no,yes,18.555
T13_0246,5.0,22.0,7.778,16.351,31.378,2.43,3.473,3.605,4.033,2.679,2.634,28.114,10.598,172.6,5.207,33.905,10.0,9.176,3.275,3.684,2.508,man,later,away_from_family,no,yes,yes,mixed,no,yes,no,7.152
T13_0247,2.0,32.0,7.349,24.184,13.082,2.709,2.321,3.147,3.051,2.283,3.694,30.323,7.834,131.16,6.647,31.611,17.0,4.584,2.074,3.043,3.779,nonbinary_or_self_described,later,with_family,yes,yes,no,running,no,no,no,15.023
T13_0248,2.0,27.0,5.94,21.388,21.938,3.622,3.021,2.336,3.487,3.651,3.966,21.361,5.754,115.596,4.837,33.668,9.0,0.0,3.424,3.493,3.519,woman,first,with_family,yes,no,no,other_aerobic,yes,no,no,16.251
T13_0249,4.0,24.0,6.188,13.138,4.078,2.64,3.299,2.202,2.737,3.458,4.343,36.309,7.095,139.479,6.845,31.971,13.0,8.951,3.052,2.846,3.641,woman,first,with_family,no,yes,no,mixed,yes,no,no,16.474
T13_0250,5.0,24.0,7.221,16.636,4.046,3.22,1.175,3.806,3.397,2.016,2.939,21.673,9.09,59.514,2.99,40.332,13.0,0.0,3.209,3.124,3.947,woman,first,with_family,yes,no,no,other_aerobic,yes,yes,yes,13.774
T13_0251,2.0,26.0,5.342,6.528,16.825,2.939,3.62,4.547,1.755,2.8,3.058,14.333,7.198,11.739,3.805,33.875,13.0,0.0,2.528,3.28,2.795,woman,first,away_from_family,no,no,yes,mixed,yes,no,no,12.984
T13_0252,5.0,19.0,6.775,19.55,16.57,2.67,3.308,2.438,2.564,2.059,3.091,47.988,7.055,194.983,5.446,27.064,10.0,0.0,2.923,3.615,4.469,woman,later,away_from_family,no,no,yes,other_aerobic,no,no,yes,17.319
T13_0253,3.0,24.0,7.019,6.528,0.897,3.321,1.776,2.722,1.927,3.595,2.932,29.626,6.23,208.648,3.883,28.243,12.0,5.091,2.954,2.519,2.706,woman,first,with_family,yes,yes,no,resistance,yes,no,yes,9.174
T13_0254,3.0,26.0,7.177,20.775,13.8,2.752,4.278,2.407,3.485,4.273,4.268,25.99,7.576,90.886,6.906,33.369,12.0,0.0,3.477,3.367,3.223,woman,later,with_family,no,no,yes,mixed,no,yes,yes,17.468
T13_0255,2.0,25.0,6.527,17.753,16.518,3.302,4.303,2.509,3.839,2.189,3.134,46.757,7.324,243.465,5.094,33.476,14.0,0.0,3.804,2.465,3.987,woman,first,with_family,yes,no,no,mixed,no,yes,yes,15.064
T13_0256,2.0,22.0,6.233,17.034,9.812,2.876,2.823,2.784,3.463,2.717,3.819,29.866,6.541,113.172,3.57,30.8,11.0,0.77,1.458,1.94,2.893,woman,first,with_family,yes,yes,yes,other_aerobic,no,yes,no,19.401
T13_0257,5.0,29.0,7.883,20.295,26.93,3.508,2.787,3.708,3.305,3.037,3.724,41.666,9.774,334.436,5.032,30.684,14.0,0.0,3.737,1.923,2.243,man,later,with_family,yes,no,yes,mixed,no,yes,yes,16.345
T13_0258,2.0,23.0,7.354,27.864,15.16,3.301,4.486,2.157,2.113,3.812,3.586,12.122,9.582,88.364,3.564,35.112,12.0,7.906,2.789,3.012,2.661,woman,later,with_family,no,yes,yes,other_aerobic,yes,yes,no,11.695
T13_0259,1.0,20.0,7.278,5.987,6.798,2.199,2.366,3.164,2.173,3.173,2.324,24.7,6.997,165.876,3.812,29.069,16.0,5.887,3.965,3.474,2.659,man,later,away_from_family,no,yes,yes,running,yes,no,no,9.36
T13_0260,4.0,24.0,7.225,31.336,9.574,2.946,1.914,2.523,3.899,3.622,2.038,8.181,5.941,60.644,5.521,35.338,11.0,10.86,3.176,2.116,3.29,man,first,with_family,yes,yes,yes,other_aerobic,yes,yes,no,7.172
T13_0261,3.0,24.0,7.463,17.264,19.333,3.3,3.903,3.537,1.569,3.12,3.503,5.526,7.666,113.371,3.528,37.581,11.0,0.0,2.56,2.014,3.203,nonbinary_or_self_described,later,away_from_family,yes,no,yes,mixed,yes,no,no,19.375
T13_0262,3.0,25.0,7.01,7.576,19.818,3.685,3.578,3.059,3.387,3.587,3.747,32.12,6.828,97.519,1.797,32.608,13.0,7.905,2.725,1.146,2.76,man,later,away_from_family,yes,yes,yes,other_aerobic,yes,yes,no,12.365
T13_0263,1.0,21.0,7.813,9.879,8.02,2.805,4.102,1.658,2.668,2.667,3.043,2.808,5.309,116.788,2.912,33.07,16.0,0.0,3.706,2.67,1.913,woman,first,away_from_family,no,no,yes,other_aerobic,yes,no,no,11.276
T13_0264,3.0,21.0,6.22,20.116,19.7,2.674,2.497,2.83,2.974,2.054,3.339,32.262,7.205,105.418,5.163,32.817,11.0,2.889,3.629,2.879,2.411,woman,first,with_family,yes,yes,yes,other_aerobic,yes,yes,no,13.01
T13_0265,2.0,23.0,7.601,19.172,23.082,2.125,2.207,3.55,2.642,2.935,3.607,21.25,8.381,88.416,3.48,27.247,12.0,0.0,2.992,2.126,3.088,man,first,away_from_family,no,no,yes,mixed,yes,yes,yes,15.918
T13_0266,5.0,25.0,5.519,21.814,22.593,3.453,4.433,3.481,3.376,3.556,3.813,27.23,7.964,200.605,4.094,29.016,13.0,6.342,2.474,2.762,3.409,man,later,with_family,no,yes,yes,other_aerobic,yes,no,yes,15.043
T13_0267,4.0,29.0,6.016,16.663,24.936,2.574,3.782,3.758,2.105,3.669,3.743,23.097,6.583,158.191,2.867,32.878,9.0,0.0,2.465,3.46,1.747,man,later,with_family,yes,no,yes,resistance,yes,no,no,15.741
T13_0268,0.0,21.0,7.047,23.246,15.747,3.983,3.019,3.17,3.688,3.68,2.532,35.375,7.495,256.557,2.36,30.294,12.0,0.0,2.323,3.328,2.715,woman,later,with_family,no,no,yes,mixed,yes,yes,no,17.485
T13_0269,2.0,30.0,6.927,29.797,14.517,3.322,3.299,1.944,3.638,2.939,3.564,14.037,8.374,2.059,3.538,35.661,15.0,0.0,2.622,1.992,4.849,man,later,away_from_family,yes,no,no,other_aerobic,yes,yes,yes,12.803
T13_0270,2.0,23.0,7.098,26.11,34.278,1.129,3.363,3.392,3.531,2.87,3.458,19.964,6.778,175.214,3.826,28.717,13.0,5.174,2.728,3.451,1.018,man,later,away_from_family,yes,yes,yes,other_aerobic,yes,no,no,10.473
T13_0271,2.0,24.0,6.611,6.433,6.538,1.777,3.44,3.497,2.335,3.136,2.931,42.77,4.965,97.165,4.153,35.093,16.0,0.0,2.5,3.315,2.849,woman,first,with_family,yes,no,yes,running,yes,no,no,13.644
T13_0272,1.0,22.0,7.084,20.817,19.588,3.039,4.529,3.104,3.984,2.806,3.652,27.906,8.266,75.781,4.68,30.458,11.0,1.371,4.048,3.371,2.73,man,first,away_from_family,no,yes,yes,running,no,no,yes,17.76
T13_0273,1.0,25.0,7.309,25.409,26.212,2.089,2.729,3.102,2.921,2.514,3.203,16.177,6.813,64.156,2.999,28.315,16.0,0.0,2.64,1.938,4.004,woman,first,with_family,yes,no,yes,other_aerobic,no,yes,no,8.846
T13_0274,1.0,27.0,7.67,22.596,20.678,2.206,2.948,2.161,3.226,2.238,2.845,31.358,7.709,15.952,3.954,27.701,10.0,0.0,3.944,2.841,3.223,man,first,away_from_family,yes,no,yes,resistance,yes,no,no,17.462
T13_0275,2.0,20.0,7.595,10.728,17.28,1.804,2.332,2.802,2.99,2.302,3.254,41.423,7.742,207.998,3.959,28.297,12.0,5.309,2.763,3.339,3.353,man,later,with_family,yes,yes,no,other_aerobic,no,no,yes,21.555
T13_0276,5.0,22.0,8.323,20.725,11.221,2.597,3.285,2.849,2.599,3.049,3.58,23.416,7.456,60.348,2.409,31.546,21.0,0.0,2.894,2.01,3.545,man,first,with_family,yes,no,no,other_aerobic,yes,no,yes,12.82
T13_0277,4.0,25.0,7.468,5.739,18.722,4.188,2.918,2.558,2.639,2.543,2.701,16.437,7.273,95.114,2.505,32.683,11.0,6.576,2.475,3.797,2.345,woman,first,away_from_family,no,yes,yes,running,yes,yes,yes,10.306
T13_0278,5.0,26.0,7.267,25.16,29.689,2.173,3.465,2.97,2.973,3.699,3.348,9.163,9.047,187.277,5.294,30.61,12.0,0.0,2.294,2.549,2.575,woman,first,with_family,yes,no,no,mixed,no,no,no,17.047
T13_0279,6.0,23.0,8.51,10.476,8.282,3.391,1.913,3.274,3.955,3.335,1.511,37.075,6.491,204.241,2.896,29.266,14.0,7.7,3.439,2.771,3.9,nonbinary_or_self_described,first,with_family,yes,yes,yes,running,no,no,no,19.913
T13_0280,4.0,23.0,8.684,15.408,10.233,3.374,2.872,3.107,3.611,3.467,3.011,40.983,5.585,245.427,2.305,34.957,19.0,0.0,2.702,2.163,3.24,man,later,with_family,yes,no,yes,other_aerobic,yes,yes,yes,10.64
T13_0281,5.0,26.0,5.985,25.728,14.94,3.442,2.999,1.925,3.97,2.984,4.204,30.397,7.252,241.803,4.05,37.46,12.0,7.799,2.573,2.647,1.808,nonbinary_or_self_described,later,away_from_family,yes,yes,no,resistance,yes,yes,yes,16.692
T13_0282,0.0,21.0,5.853,27.665,12.248,2.095,3.156,2.695,3.162,2.855,3.606,15.646,7.906,46.138,2.832,31.632,9.0,11.968,2.289,2.093,2.459,man,first,away_from_family,yes,yes,no,resistance,no,yes,no,19.187
T13_0283,1.0,25.0,6.701,12.008,1.373,2.914,2.45,3.903,3.48,3.155,2.464,23.451,8.694,197.716,3.503,29.009,10.0,0.0,2.298,2.66,2.695,woman,first,away_from_family,no,no,yes,mixed,yes,yes,yes,7.173
T13_0284,6.0,26.0,7.017,15.62,24.132,2.812,3.863,3.363,3.337,2.85,3.012,42.416,7.328,203.945,3.22,30.913,14.0,0.0,3.146,4.307,3.042,woman,later,away_from_family,yes,no,no,resistance,yes,no,yes,19.295
T13_0285,1.0,24.0,6.441,14.914,17.948,1.948,3.835,2.42,3.448,2.616,3.671,58.242,5.342,181.65,2.674,26.825,12.0,8.618,2.382,4.051,3.687,man,first,with_family,no,yes,yes,other_aerobic,yes,yes,no,13.783
T13_0286,5.0,25.0,7.485,24.38,5.971,3.151,3.06,2.515,3.295,2.082,2.591,43.502,9.406,64.291,3.181,29.067,17.0,0.0,2.67,2.601,2.463,man,later,with_family,no,no,yes,resistance,no,yes,no,12.551
T13_0287,2.0,22.0,5.765,17.849,20.958,2.232,2.685,3.504,3.583,3.95,4.903,16.56,8.01,149.349,4.32,29.354,17.0,0.0,3.316,2.784,3.144,man,later,away_from_family,no,no,yes,running,no,no,no,12.879
T13_0288,4.0,23.0,6.779,10.258,9.269,3.039,2.201,1.975,2.359,3.548,2.859,57.596,7.019,104.721,4.002,27.591,19.0,11.629,2.902,3.699,3.104,woman,first,away_from_family,no,yes,no,running,yes,yes,yes,16.69
T13_0289,4.0,29.0,6.828,17.101,7.972,2.647,2.264,3.426,3.213,3.795,3.506,20.828,11.22,57.888,3.721,31.262,19.0,12.939,4.278,3.024,3.73,woman,first,away_from_family,no,yes,no,other_aerobic,no,yes,no,24.53
T13_0290,4.0,25.0,6.668,23.981,17.943,3.367,3.091,2.668,4.315,3.629,3.183,38.313,6.286,119.539,4.66,31.149,13.0,3.182,3.436,2.36,4.17,nonbinary_or_self_described,later,with_family,no,yes,no,running,no,yes,yes,15.704
T13_0291,1.0,25.0,7.457,21.543,24.251,2.504,2.526,2.641,2.38,3.276,2.253,42.706,5.818,258.703,7.763,26.912,10.0,0.0,2.533,4.107,2.71,woman,first,with_family,no,no,yes,running,yes,yes,no,5.946
T13_0292,3.0,29.0,6.238,11.606,14.91,2.149,2.562,4.445,4.033,2.808,1.692,19.741,8.069,98.464,3.815,39.1,13.0,0.0,3.141,2.706,2.927,man,first,away_from_family,yes,no,no,other_aerobic,yes,no,yes,6.643
T13_0293,4.0,21.0,7.002,27.991,18.25,4.554,2.525,3.003,2.947,2.75,3.757,31.337,6.841,148.386,5.726,30.234,18.0,6.822,3.659,2.775,2.391,woman,first,away_from_family,yes,yes,no,other_aerobic,no,no,no,12.793
T13_0294,1.0,25.0,7.144,9.372,20.78,2.355,3.122,1.77,2.597,1.381,3.193,45.603,4.5,327.281,3.587,31.204,11.0,6.942,3.449,2.769,4.157,woman,first,away_from_family,no,yes,yes,other_aerobic,no,no,yes,19.259
T13_0295,4.0,24.0,7.242,12.946,17.205,2.501,2.791,3.29,2.588,2.199,3.505,38.152,4.067,98.904,2.139,38.086,18.0,7.885,2.498,3.48,4.367,woman,first,away_from_family,no,yes,yes,mixed,no,no,yes,16.473
T13_0296,2.0,21.0,7.053,12.643,9.09,3.586,2.893,3.269,2.845,3.051,3.059,15.415,10.351,214.316,3.679,26.91,7.0,0.0,2.313,2.288,3.729,woman,first,with_family,no,no,no,mixed,yes,no,yes,17.922
T13_0297,2.0,19.0,6.497,25.119,15.113,1.818,3.547,2.536,2.577,2.713,2.495,46.37,5.922,50.144,3.249,32.405,11.0,7.029,2.012,3.847,2.147,woman,first,away_from_family,no,yes,yes,resistance,no,yes,no,14.167
T13_0298,3.0,23.0,7.863,11.711,26.624,3.245,3.794,2.333,2.692,3.861,3.005,33.047,9.261,166.977,3.723,30.697,15.0,0.0,2.779,4.222,1.249,woman,later,away_from_family,yes,no,yes,running,yes,no,yes,17.765
T13_0299,3.0,31.0,5.724,18.968,2.582,3.382,3.256,2.808,4.569,4.287,3.667,30.884,6.661,123.832,3.218,31.947,15.0,3.518,2.032,2.171,1.865,woman,first,with_family,yes,yes,yes,other_aerobic,yes,no,yes,8.798
T13_0300,1.0,24.0,8.251,19.906,9.19,3.955,1.878,2.888,1.687,2.27,3.594,2.759,7.352,49.908,4.811,32.928,14.0,0.0,1.848,4.216,3.358,man,later,with_family,yes,no,yes,running,yes,no,yes,12.051
T13_0301,2.0,31.0,7.084,11.858,2.565,3.562,3.515,3.351,3.032,2.751,2.085,33.169,6.097,53.665,1.67,37.256,15.0,0.0,2.993,2.26,2.95,man,later,with_family,yes,no,yes,other_aerobic,no,no,yes,17.679
T13_0302,3.0,21.0,6.518,26.629,23.793,4.59,1.533,4.514,2.275,1.962,2.344,34.449,8.671,239.135,5.622,38.809,11.0,0.0,3.112,3.938,3.251,woman,later,with_family,no,no,yes,resistance,yes,no,yes,12.391
T13_0303,2.0,27.0,7.356,24.74,29.207,3.139,2.405,3.818,3.168,3.073,4.474,25.141,6.731,63.995,5.889,34.391,18.0,3.898,2.681,3.979,3.248,man,later,with_family,no,yes,no,running,yes,yes,no,8.066
T13_0304,4.0,29.0,7.039,12.233,7.974,2.94,3.878,3.289,2.996,2.236,2.179,31.025,7.242,114.323,5.092,31.238,14.0,0.0,2.7,2.938,3.252,woman,first,away_from_family,yes,no,no,running,yes,yes,yes,10.19
T13_0305,5.0,21.0,7.445,17.34,16.32,3.73,3.781,3.756,3.602,3.701,3.468,27.228,8.446,306.689,4.827,33.996,14.0,16.218,3.102,1.532,3.144,woman,first,away_from_family,yes,yes,no,resistance,yes,yes,no,20.665
T13_0306,4.0,20.0,6.859,25.04,23.763,3.232,3.347,2.082,3.144,3.634,1.794,24.233,8.318,187.244,3.865,25.032,15.0,0.0,4.218,3.971,3.054,man,later,away_from_family,yes,no,yes,mixed,no,yes,yes,10.28
T13_0307,6.0,18.0,8.071,14.945,6.856,3.317,3.981,2.856,1.769,3.084,3.207,24.298,6.692,120.148,3.054,31.014,11.0,7.894,4.485,2.713,3.626,man,first,with_family,no,yes,yes,mixed,no,yes,no,21.816
T13_0308,4.0,21.0,6.023,17.895,13.572,2.959,2.575,2.233,3.022,2.097,2.237,16.43,6.534,110.559,3.556,32.65,8.0,0.0,3.622,3.534,2.719,woman,later,with_family,no,no,no,running,no,yes,no,27.289
T13_0309,6.0,26.0,7.721,27.437,8.805,3.418,2.784,4.108,3.31,3.187,3.204,6.019,4.544,119.762,2.64,34.168,15.0,4.55,3.162,2.346,2.072,man,later,with_family,no,yes,yes,mixed,no,no,no,12.005
T13_0310,2.0,21.0,7.144,14.245,22.785,2.795,3.086,3.337,3.253,2.915,4.189,7.837,5.894,172.617,4.802,31.38,15.0,0.0,2.134,2.242,3.0,woman,later,away_from_family,no,no,no,other_aerobic,yes,yes,yes,11.021
T13_0311,1.0,23.0,8.261,16.201,16.307,2.95,2.294,3.39,2.878,2.879,2.931,21.917,5.293,101.348,5.441,35.6,11.0,0.0,2.759,3.714,2.097,woman,later,with_family,yes,no,no,running,no,yes,yes,10.386
T13_0312,5.0,34.0,6.909,14.128,7.856,1.331,2.942,3.543,3.507,2.192,3.081,40.641,6.013,216.623,5.07,29.939,11.0,0.0,2.725,4.003,2.615,woman,later,with_family,yes,no,no,running,no,yes,yes,8.465
T13_0313,5.0,20.0,7.082,9.926,23.234,3.568,2.742,3.125,2.87,3.255,2.449,28.201,7.667,327.163,1.75,32.089,15.0,0.0,1.814,2.591,3.653,woman,first,away_from_family,yes,no,yes,resistance,yes,yes,yes,17.469
T13_0314,3.0,21.0,8.558,24.524,13.811,1.894,2.815,3.496,3.581,3.6,2.464,2.597,5.97,42.715,5.012,35.586,14.0,11.249,2.991,4.568,3.744,man,later,away_from_family,no,yes,no,resistance,yes,no,yes,12.188
T13_0315,2.0,25.0,6.289,13.499,21.807,2.077,3.053,2.992,3.965,2.177,3.571,49.848,8.285,170.995,5.195,34.39,14.0,10.113,2.637,3.791,2.658,woman,later,away_from_family,no,yes,no,other_aerobic,no,yes,yes,9.426
T13_0316,3.0,29.0,8.047,19.978,26.207,2.538,4.414,2.241,3.524,2.282,3.675,31.457,10.133,251.677,3.361,27.017,21.0,0.06,3.321,2.823,2.425,man,later,away_from_family,no,yes,no,resistance,no,yes,yes,21.277
T13_0317,1.0,28.0,7.176,31.378,11.635,3.01,3.968,1.791,3.309,2.527,2.796,20.966,8.675,62.733,4.456,31.608,7.0,0.0,2.367,2.704,2.707,woman,later,with_family,yes,no,yes,resistance,yes,yes,no,11.591
T13_0318,4.0,23.0,7.399,28.597,2.637,2.208,3.121,3.338,3.589,2.193,3.11,21.246,4.632,203.107,6.013,29.759,12.0,0.0,2.225,3.403,4.348,man,first,with_family,no,no,no,mixed,yes,no,no,7.898
T13_0319,4.0,28.0,6.399,28.859,10.495,2.989,3.077,3.268,3.075,3.432,3.222,17.316,10.324,174.068,5.85,30.377,17.0,0.0,3.441,1.863,1.439,man,later,away_from_family,no,no,no,running,yes,yes,yes,8.756
T13_0320,2.0,20.0,8.339,21.994,19.786,3.257,3.397,3.267,3.401,2.208,2.532,47.858,10.674,137.25,3.404,33.11,13.0,9.052,4.244,4.003,3.287,man,later,away_from_family,no,yes,yes,running,yes,yes,yes,9.409
T13_0321,3.0,29.0,7.926,9.299,10.626,2.8,3.1,3.085,2.65,3.073,3.077,23.643,5.364,284.491,4.742,31.399,14.0,13.413,3.581,3.286,2.677,woman,later,with_family,no,yes,yes,mixed,yes,yes,no,7.346
T13_0322,5.0,28.0,7.32,16.424,18.42,1.891,3.454,2.067,3.421,4.74,2.981,29.87,6.974,61.888,4.314,31.555,17.0,7.202,4.025,3.352,3.809,woman,later,with_family,yes,yes,no,other_aerobic,no,yes,no,12.846
T13_0323,4.0,27.0,6.281,18.878,22.83,3.707,2.091,3.485,3.428,3.197,2.245,8.378,7.373,113.475,6.514,31.674,14.0,0.0,2.099,3.129,2.489,man,first,away_from_family,no,no,no,mixed,yes,yes,no,22.217
T13_0324,3.0,20.0,7.76,24.618,16.288,2.408,2.409,3.268,3.788,2.72,3.407,21.652,6.1,221.228,5.474,28.75,9.0,16.44,2.304,2.39,1.579,woman,later,with_family,yes,yes,no,other_aerobic,yes,no,yes,10.923
T13_0325,3.0,23.0,7.868,7.545,35.74,2.776,3.683,2.239,2.126,3.924,3.072,45.595,7.337,11.913,3.014,30.981,8.0,5.271,2.747,3.135,3.285,woman,first,away_from_family,yes,yes,no,running,yes,no,yes,15.783
T13_0326,4.0,20.0,6.463,16.952,11.068,2.812,1.713,1.918,3.351,3.418,1.64,44.644,5.936,77.912,5.084,33.118,11.0,7.633,3.031,1.911,4.503,man,first,with_family,yes,yes,yes,mixed,no,no,no,20.587
T13_0327,2.0,19.0,6.958,13.303,13.849,3.308,3.243,2.904,2.635,3.989,3.119,21.403,6.943,275.867,4.36,35.953,16.0,0.0,3.112,3.185,3.848,woman,first,with_family,no,no,yes,resistance,yes,yes,no,21.439
T13_0328,4.0,23.0,6.435,18.397,23.814,2.179,2.239,1.809,3.311,3.402,2.15,36.528,6.821,16.069,7.224,35.806,11.0,2.412,2.481,3.828,3.449,woman,later,with_family,no,yes,no,other_aerobic,yes,no,no,10.614
T13_0329,1.0,27.0,6.736,21.807,9.38,4.7,1.872,2.941,2.801,2.666,3.141,19.811,4.224,232.833,4.953,31.791,9.0,0.0,2.466,3.569,3.018,man,later,with_family,yes,no,yes,mixed,yes,no,no,22.055
T13_0330,4.0,24.0,7.98,17.038,12.795,2.479,2.955,3.127,3.655,3.364,2.855,18.087,6.703,207.722,5.834,29.071,14.0,0.0,2.864,2.759,1.659,man,first,away_from_family,no,no,no,other_aerobic,no,yes,no,13.937
T13_0331,4.0,28.0,8.228,19.891,18.529,3.701,2.07,2.538,3.323,4.219,4.037,14.738,6.114,156.862,4.652,35.683,13.0,2.38,1.788,2.211,3.944,man,later,away_from_family,no,yes,no,mixed,yes,no,no,3.362
T13_0332,6.0,26.0,8.318,17.182,10.202,1.465,3.824,3.749,2.561,2.247,3.449,47.067,7.345,93.975,6.5,28.957,8.0,10.144,3.679,3.779,3.055,woman,first,away_from_family,yes,yes,yes,resistance,no,no,yes,14.062
T13_0333,1.0,26.0,6.513,15.633,33.572,3.537,2.998,2.626,2.159,3.727,2.605,27.118,6.833,164.216,3.433,30.59,9.0,10.415,3.712,2.6,3.916,man,later,away_from_family,yes,yes,no,other_aerobic,yes,no,yes,23.062
T13_0334,3.0,23.0,7.709,22.991,11.792,3.342,3.052,2.986,4.515,3.503,3.509,9.685,8.077,15.904,1.507,26.575,13.0,3.81,3.375,3.589,2.844,woman,later,with_family,yes,yes,yes,mixed,yes,no,yes,10.948
T13_0335,4.0,23.0,6.593,26.816,8.856,1.923,3.339,2.737,2.78,2.772,3.18,39.887,6.675,47.845,2.167,31.5,10.0,0.0,3.455,3.436,2.508,man,later,away_from_family,yes,no,yes,mixed,yes,no,no,9.953
T13_0336,1.0,19.0,7.825,12.311,3.929,2.689,2.886,4.035,3.732,2.35,3.204,26.201,7.345,237.114,3.277,30.109,15.0,0.0,3.182,2.489,2.56,woman,first,with_family,no,no,no,resistance,yes,yes,no,17.081
T13_0337,1.0,25.0,7.891,6.188,23.945,3.593,3.192,1.524,3.586,2.379,2.431,20.812,5.095,252.626,1.555,31.435,8.0,0.0,3.471,2.847,3.449,man,first,with_family,yes,no,no,resistance,yes,no,yes,14.674
T13_0338,3.0,27.0,5.991,18.533,11.668,3.447,3.512,2.885,3.449,2.582,3.224,49.155,7.629,191.702,3.603,34.264,15.0,7.0,4.339,4.153,2.679,man,later,with_family,no,yes,yes,running,yes,no,yes,14.389
T13_0339,2.0,23.0,6.564,25.652,15.536,2.975,2.46,3.175,3.505,2.369,3.131,29.405,9.08,307.152,1.164,31.62,9.0,0.0,2.196,3.748,4.111,woman,later,away_from_family,yes,no,yes,other_aerobic,no,no,no,17.911
T13_0340,3.0,23.0,6.378,13.787,29.479,2.278,4.384,2.833,4.572,3.064,2.789,40.415,6.667,32.291,4.084,35.25,10.0,0.0,2.538,3.521,3.97,man,later,with_family,yes,no,no,resistance,yes,yes,yes,13.145
T13_0341,3.0,25.0,6.953,13.112,7.678,3.034,1.674,2.588,3.722,3.093,2.95,10.213,5.99,89.365,4.793,28.616,13.0,3.025,2.229,2.129,3.957,man,first,away_from_family,no,yes,yes,resistance,yes,yes,yes,14.554
T13_0342,3.0,23.0,6.486,24.438,16.259,3.489,3.762,2.534,2.433,2.227,2.829,12.103,5.08,236.38,3.678,32.749,15.0,0.0,2.292,2.42,3.494,woman,later,away_from_family,yes,no,yes,resistance,no,no,no,16.686
T13_0343,3.0,27.0,5.428,8.527,14.725,2.526,2.735,2.521,2.821,3.479,2.435,19.904,5.464,20.741,2.333,27.536,15.0,0.0,2.426,2.256,4.374,woman,first,away_from_family,yes,no,yes,running,yes,no,no,16.639
T13_0344,3.0,21.0,5.018,33.39,20.308,3.31,2.152,3.391,3.352,2.743,3.275,5.152,6.862,30.727,4.996,28.414,17.0,7.525,3.639,2.529,3.542,man,later,away_from_family,yes,yes,yes,other_aerobic,no,no,yes,9.327
T13_0345,3.0,28.0,6.346,22.415,18.609,2.77,4.204,2.684,1.533,3.692,3.043,49.33,8.012,85.793,4.235,31.422,14.0,9.656,2.522,2.933,3.124,woman,first,away_from_family,no,yes,yes,other_aerobic,yes,no,yes,18.3
T13_0346,3.0,25.0,7.687,18.43,23.857,3.142,3.492,3.5,3.237,2.737,4.18,27.388,5.406,150.262,4.38,26.36,11.0,0.0,2.461,2.393,3.898,woman,later,away_from_family,yes,no,yes,running,no,yes,no,12.448
T13_0347,5.0,21.0,7.13,12.049,28.877,3.46,2.007,2.46,2.857,3.065,3.601,37.79,7.499,130.025,4.993,36.36,11.0,0.0,2.538,2.798,2.496,man,later,away_from_family,yes,no,no,mixed,yes,yes,yes,13.532
T13_0348,3.0,24.0,6.423,11.433,11.279,3.136,2.473,3.713,2.482,3.527,3.43,25.27,3.759,99.069,3.291,34.219,17.0,0.0,3.491,2.612,2.269,man,first,with_family,no,no,no,other_aerobic,yes,no,no,17.998
T13_0349,2.0,23.0,8.316,25.374,12.319,2.925,3.251,3.527,3.156,2.701,3.193,40.421,8.286,252.003,5.075,27.161,17.0,0.0,2.731,3.688,3.453,man,first,away_from_family,yes,no,yes,other_aerobic,yes,yes,yes,16.025
T13_0350,4.0,25.0,6.874,16.027,29.671,3.452,4.664,3.089,3.377,2.025,4.135,18.442,4.509,117.35,4.429,30.922,19.0,11.817,2.341,1.498,2.569,man,later,away_from_family,no,yes,yes,resistance,no,no,yes,15.328
T13_0351,4.0,26.0,7.187,19.758,27.321,2.539,2.088,3.29,3.266,2.778,2.807,27.631,6.303,120.733,4.558,33.446,13.0,0.0,2.514,2.671,3.422,woman,later,with_family,yes,no,yes,other_aerobic,yes,yes,yes,10.878
T13_0352,5.0,20.0,6.754,4.0,3.654,3.657,2.133,2.69,3.007,3.0,3.184,19.584,8.027,113.471,4.161,32.783,10.0,4.232,3.162,2.371,2.571,man,later,with_family,no,yes,yes,other_aerobic,yes,no,yes,10.439
T13_0353,2.0,18.0,6.544,18.435,7.808,3.806,3.189,3.879,1.85,3.77,2.436,32.724,6.355,123.191,6.554,42.292,10.0,0.0,1.683,2.606,2.912,woman,first,with_family,no,no,yes,running,yes,no,no,18.069
T13_0354,4.0,23.0,6.858,12.936,6.544,2.691,3.203,3.033,4.051,3.777,2.481,9.11,7.66,95.665,2.526,31.488,13.0,0.0,2.899,2.551,3.037,woman,first,away_from_family,yes,no,yes,resistance,yes,yes,yes,12.618
T13_0355,6.0,31.0,6.466,22.541,12.323,3.3,3.092,1.438,3.274,2.508,2.445,20.385,8.153,257.248,6.784,27.226,13.0,2.451,3.917,3.591,2.214,woman,later,with_family,no,yes,yes,running,yes,no,no,23.866
T13_0356,6.0,20.0,7.741,6.437,0.49,3.064,2.323,2.158,3.392,2.082,3.066,24.875,9.258,121.151,2.63,33.731,13.0,0.0,1.958,3.008,2.584,man,first,away_from_family,yes,no,yes,mixed,yes,no,no,8.922
T13_0357,3.0,24.0,5.976,26.756,17.501,3.054,3.662,3.347,1.726,2.837,3.339,12.385,7.47,20.307,5.067,28.123,13.0,6.887,3.202,2.679,2.614,woman,later,away_from_family,no,yes,no,mixed,yes,yes,no,18.048
T13_0358,2.0,29.0,8.473,10.038,6.156,3.132,3.475,2.364,2.368,3.218,3.406,15.744,9.221,179.008,4.938,26.355,10.0,0.0,2.901,2.321,3.488,woman,first,with_family,no,no,yes,running,yes,no,yes,19.214
T13_0359,6.0,23.0,7.21,12.051,29.748,3.999,3.02,2.824,2.396,2.828,2.22,28.77,6.176,84.27,4.76,29.836,18.0,3.549,4.281,3.35,3.904,woman,later,with_family,no,yes,yes,resistance,yes,no,no,12.689
T13_0360,5.0,23.0,6.099,2.428,12.186,3.314,2.125,2.851,2.329,2.459,2.603,42.552,4.957,74.36,2.314,28.774,17.0,0.0,3.118,4.168,4.347,woman,later,away_from_family,yes,no,yes,mixed,no,yes,yes,11.842
T13_0361,2.0,24.0,5.909,10.396,16.318,2.795,3.835,3.561,2.71,3.923,3.519,44.555,8.918,162.333,1.875,36.183,13.0,0.0,2.656,2.802,3.261,man,first,with_family,no,no,no,other_aerobic,yes,yes,no,13.098
T13_0362,6.0,20.0,8.145,15.487,14.862,2.291,2.428,3.872,2.743,3.477,2.428,43.472,6.652,256.826,6.001,30.936,17.0,7.859,4.245,3.237,1.584,man,later,away_from_family,yes,yes,no,resistance,no,no,no,11.687
T13_0363,1.0,25.0,6.2,13.981,17.938,1.798,3.796,2.993,3.361,3.334,1.843,22.514,8.986,150.842,5.44,28.119,8.0,13.516,2.252,2.995,2.405,woman,later,away_from_family,yes,yes,no,running,yes,yes,no,20.833
T13_0364,0.0,19.0,6.884,26.301,22.255,3.428,2.537,1.776,3.261,3.619,3.521,31.605,6.314,199.17,4.335,34.48,7.0,0.0,1.83,1.47,2.914,woman,later,with_family,no,no,no,other_aerobic,yes,no,yes,19.204
T13_0365,2.0,23.0,5.98,19.074,17.851,2.943,4.114,3.699,3.362,3.466,3.349,11.48,7.114,116.992,6.112,27.036,9.0,4.648,2.016,2.79,3.785,nonbinary_or_self_described,first,with_family,no,yes,no,resistance,yes,yes,no,12.851
T13_0366,3.0,20.0,7.387,13.63,7.845,2.138,2.4,2.6,2.831,2.982,3.626,39.341,7.347,120.528,5.041,29.495,11.0,0.0,3.819,2.497,2.068,woman,later,with_family,yes,no,yes,resistance,yes,yes,yes,12.985
T13_0367,3.0,21.0,6.967,29.442,20.11,1.109,3.406,2.131,2.581,3.419,3.175,42.308,6.105,67.548,4.953,34.226,12.0,1.723,2.69,2.087,2.935,woman,later,with_family,yes,yes,yes,running,no,yes,yes,15.59
T13_0368,3.0,22.0,8.364,5.113,19.054,4.722,2.96,3.566,3.277,3.359,2.839,20.722,7.013,141.527,3.366,31.992,15.0,12.097,3.042,3.19,3.22,man,later,with_family,yes,yes,no,mixed,yes,yes,no,8.807
T13_0369,2.0,24.0,6.856,18.677,11.069,4.07,3.278,2.439,4.495,3.035,3.045,38.708,6.026,218.963,3.477,30.087,14.0,0.0,2.894,3.935,3.598,woman,first,away_from_family,yes,no,no,running,no,no,no,14.799
T13_0370,4.0,20.0,5.195,8.151,20.511,3.25,2.868,2.869,3.231,1.942,3.242,29.693,6.224,106.755,4.119,29.441,17.0,0.0,2.37,3.597,4.376,man,later,away_from_family,yes,no,yes,mixed,yes,yes,no,12.74
T13_0371,1.0,24.0,6.837,10.178,22.294,3.429,3.458,3.392,1.723,2.619,3.548,44.718,6.012,189.999,2.341,27.945,13.0,16.242,2.787,4.102,4.076,man,later,with_family,no,yes,no,mixed,yes,yes,no,18.485
T13_0372,5.0,26.0,7.475,30.681,5.83,3.288,3.419,3.549,3.149,2.105,3.809,28.897,6.594,31.395,4.756,29.27,19.0,0.0,2.982,2.688,3.211,woman,later,away_from_family,no,no,no,resistance,no,yes,no,16.865
T13_0373,4.0,26.0,6.382,19.894,11.043,2.903,3.101,2.789,2.629,3.705,3.284,28.556,5.864,258.183,3.996,32.786,18.0,12.738,4.009,3.116,3.004,man,first,away_from_family,yes,yes,no,other_aerobic,no,yes,no,11.891
T13_0374,6.0,30.0,6.91,10.05,8.022,4.371,2.003,4.147,2.914,4.276,4.164,35.069,5.093,85.773,4.494,38.156,13.0,9.754,2.135,2.952,2.633,woman,first,away_from_family,no,yes,yes,other_aerobic,yes,no,yes,6.738
T13_0375,2.0,26.0,6.608,19.359,2.377,2.958,3.149,2.895,2.977,3.812,4.605,19.102,7.074,44.229,3.499,30.974,8.0,0.552,2.798,2.449,2.049,woman,later,away_from_family,no,yes,no,other_aerobic,no,no,yes,14.434
T13_0376,4.0,21.0,7.071,25.47,16.13,3.752,2.95,2.849,2.335,3.321,3.202,10.712,9.67,157.793,3.933,31.563,11.0,0.0,1.407,1.527,2.955,man,first,with_family,no,no,yes,resistance,yes,yes,yes,18.784
T13_0377,3.0,23.0,6.271,20.005,10.003,2.478,3.571,3.746,3.892,2.83,3.284,28.163,7.818,151.563,4.698,32.572,16.0,3.087,3.069,3.466,3.128,man,first,away_from_family,no,yes,yes,running,yes,no,no,14.061
T13_0378,0.0,24.0,7.077,14.83,17.453,3.022,2.241,4.226,1.79,2.821,2.964,38.177,7.124,251.65,0.509,33.421,16.0,0.0,3.22,2.832,3.384,man,first,with_family,no,no,yes,running,yes,yes,no,13.525
T13_0379,4.0,23.0,6.889,22.171,18.211,3.787,3.064,2.938,2.527,3.057,4.431,27.29,8.482,231.827,6.773,26.304,14.0,0.0,2.553,2.342,2.342,woman,later,with_family,no,no,no,mixed,yes,no,yes,22.288
T13_0380,3.0,22.0,5.061,20.24,31.587,4.446,2.687,3.973,3.077,3.528,4.4,34.479,7.443,230.885,3.864,27.543,15.0,0.177,3.784,2.211,2.891,woman,later,away_from_family,no,yes,no,running,no,no,yes,18.25
T13_0381,2.0,24.0,5.947,16.97,10.876,3.288,1.869,4.48,3.319,3.195,2.675,29.553,8.005,228.512,5.771,31.687,12.0,0.0,3.311,3.389,2.255,woman,first,away_from_family,yes,no,yes,other_aerobic,yes,no,no,15.308
T13_0382,3.0,28.0,6.033,16.716,26.208,3.353,2.995,2.573,2.596,2.763,3.039,54.952,6.666,131.738,5.534,27.65,10.0,0.0,2.677,3.533,3.714,nonbinary_or_self_described,later,away_from_family,no,no,no,mixed,no,yes,yes,20.513
T13_0383,1.0,34.0,6.976,9.135,4.361,2.495,4.181,3.128,3.355,2.084,2.246,38.154,5.533,152.102,5.791,35.525,9.0,0.0,3.696,2.635,2.906,man,later,with_family,no,no,no,resistance,yes,no,no,16.448
T13_0384,6.0,26.0,6.305,21.938,27.347,2.902,3.921,2.193,2.641,3.197,3.178,12.591,5.21,49.552,4.856,25.561,16.0,0.0,3.243,3.463,2.829,woman,later,with_family,no,no,no,running,no,no,yes,17.998
T13_0385,3.0,24.0,7.435,20.958,27.974,2.144,3.011,2.202,3.922,3.305,2.221,10.281,7.55,153.139,1.951,33.992,10.0,9.596,3.28,2.761,2.213,woman,first,with_family,yes,yes,no,mixed,yes,no,yes,11.791
T13_0386,2.0,26.0,7.753,10.334,13.954,3.08,3.129,3.512,2.438,3.505,3.528,33.086,6.884,136.787,2.537,29.835,6.0,0.0,3.956,3.008,3.62,woman,later,away_from_family,no,no,yes,other_aerobic,no,yes,yes,16.962
T13_0387,4.0,30.0,6.797,25.799,6.58,1.957,2.877,2.989,2.752,3.005,3.829,17.412,9.231,55.905,1.736,32.244,17.0,0.0,2.921,3.01,3.599,woman,first,with_family,no,no,yes,resistance,no,no,no,16.98
T13_0388,1.0,20.0,6.691,18.726,23.351,2.455,3.116,3.106,2.754,3.81,3.921,41.632,7.689,123.864,3.092,33.065,11.0,0.0,3.468,3.016,2.942,woman,first,with_family,no,no,yes,mixed,yes,no,yes,6.424
T13_0389,2.0,22.0,5.713,15.148,13.542,3.175,2.354,3.206,2.944,2.512,2.849,31.488,7.114,146.014,6.924,33.544,17.0,0.0,2.785,2.792,2.863,woman,first,with_family,no,no,no,other_aerobic,no,yes,yes,10.861
T13_0390,3.0,22.0,7.081,12.403,18.049,3.558,3.865,2.592,3.321,3.037,2.97,53.301,7.641,199.271,2.894,28.99,12.0,0.0,3.87,2.52,3.682,woman,later,with_family,yes,no,no,running,yes,yes,yes,7.848
T13_0391,4.0,27.0,8.364,25.284,15.392,3.52,2.312,2.296,3.592,2.645,3.761,16.387,6.15,163.006,4.928,35.302,10.0,5.874,3.301,1.973,2.792,woman,later,away_from_family,yes,yes,no,running,yes,yes,no,19.987
T13_0392,4.0,21.0,6.691,27.189,21.06,2.602,2.668,2.687,2.929,3.413,3.577,33.362,9.332,118.72,3.654,31.341,11.0,0.0,3.881,2.522,2.455,woman,later,away_from_family,no,no,no,resistance,yes,no,no,14.221
T13_0393,5.0,21.0,6.26,16.856,12.894,4.157,3.125,2.717,1.927,3.27,2.798,20.491,5.644,256.288,6.007,34.857,16.0,0.0,2.794,3.208,3.387,woman,first,away_from_family,no,no,no,resistance,no,no,yes,21.821
T13_0394,1.0,26.0,4.97,18.349,10.672,1.899,3.314,2.334,2.965,3.352,2.372,0.14,5.313,248.573,3.587,32.756,13.0,0.406,2.147,2.538,3.792,woman,later,with_family,yes,yes,yes,running,yes,yes,yes,12.226
T13_0395,2.0,19.0,8.278,19.049,6.31,3.033,2.144,2.949,1.508,2.845,2.845,68.371,8.001,241.536,0.114,32.234,14.0,9.079,2.112,4.481,2.996,woman,later,with_family,yes,yes,yes,other_aerobic,yes,no,no,15.344
T13_0396,2.0,24.0,7.08,16.187,23.97,2.747,4.478,3.132,2.738,4.26,2.844,9.465,6.647,137.116,4.917,34.567,9.0,10.966,2.62,2.554,3.384,woman,first,away_from_family,no,yes,yes,running,no,no,yes,21.86
T13_0397,4.0,23.0,6.289,13.301,27.966,1.677,2.258,2.583,2.951,3.756,2.952,22.178,6.23,119.054,4.707,36.186,14.0,0.0,3.026,1.876,3.618,woman,later,away_from_family,no,no,no,resistance,yes,yes,no,4.476
T13_0398,1.0,20.0,8.166,21.893,12.559,3.737,3.515,2.983,3.931,3.675,3.15,17.092,8.146,183.582,5.009,32.911,13.0,12.102,3.392,3.461,3.126,man,later,away_from_family,no,yes,yes,running,yes,no,yes,15.774
T13_0399,7.0,22.0,6.146,18.429,11.133,2.697,3.054,4.172,3.918,3.538,3.656,33.805,6.43,50.011,6.567,31.052,17.0,0.0,2.527,4.325,3.776,woman,later,away_from_family,yes,no,no,mixed,no,no,yes,18.125
T13_0400,4.0,30.0,6.353,9.319,19.022,2.409,1.895,3.205,2.059,4.35,3.807,22.291,8.535,98.865,6.663,28.326,8.0,0.0,2.853,4.416,2.958,woman,first,with_family,yes,no,no,resistance,no,no,no,13.114
T13_0401,2.0,22.0,8.134,29.023,23.431,4.199,3.037,2.794,2.64,3.788,2.709,8.995,8.373,115.206,2.52,36.453,11.0,2.351,2.201,1.933,3.057,man,first,with_family,yes,yes,no,resistance,yes,yes,no,9.85
T13_0402,0.0,22.0,7.282,18.049,4.782,2.687,2.322,2.187,3.53,2.164,3.042,25.749,6.358,109.949,3.562,31.021,8.0,0.0,4.14,2.572,2.613,woman,first,with_family,no,no,no,other_aerobic,no,yes,no,11.395
T13_0403,5.0,21.0,6.484,9.948,5.616,3.045,4.063,3.266,3.798,3.19,3.85,14.894,7.26,134.172,3.771,34.051,12.0,0.0,4.115,3.305,2.593,man,later,away_from_family,yes,no,yes,resistance,yes,yes,yes,13.29
T13_0404,4.0,25.0,7.628,12.847,12.318,2.774,2.736,3.306,3.412,2.86,1.728,49.463,9.891,120.171,4.564,33.658,10.0,3.005,3.291,2.951,2.17,woman,later,away_from_family,yes,yes,yes,running,yes,no,no,11.164
T13_0405,3.0,30.0,7.681,21.517,25.742,4.185,2.561,3.363,2.546,2.571,2.866,32.041,6.657,250.485,3.382,28.273,11.0,6.878,4.333,4.145,1.813,woman,later,away_from_family,yes,yes,no,mixed,yes,yes,no,10.581
