participant_id,self_confidence,age,task_mastery,baseline_performance,training_years,training_hours_week,sleep_hours,sleep_quality,recovery_readiness,fatigue,injury_discomfort,competitive_anxiety,attentional_control,coach_support,achievement_motivation,goal_clarity,mental_preparation,perceived_pressure,warmup_quality,hydration_ml,recent_training_load,gender,race_ethnicity,sport_type,competition_level,coach_present,recent_injury,mental_skills_training,session_time,venue,equipment_familiar,athletic_performance,performance_change,self_rated_performance
T30_0001,54.1414,18.0,3.9863,116.0,3.0,9.6565,7.5841,3.241,3.3983,2.2483,3.7983,3.4726,3.3227,2.9649,2.5588,3.0762,3.9544,2.2162,3.2672,309.918,5.5642,man,hispanic_latino,individual,competitive,yes,no,yes,morning,unfamiliar,yes,135.944792,19.944792,52.354901
T30_0002,78.4908,31.0,2.7256,110.0,6.0,6.1921,8.4471,3.081,3.2441,2.4297,2.0916,2.7537,4.2564,4.1052,2.2646,3.3194,3.1509,2.3726,3.8404,232.8459,7.4107,man,hispanic_latino,individual,recreational,yes,no,no,morning,unfamiliar,yes,110.791621,0.791621,68.668422
T30_0003,80.924,18.0,4.0438,144.0,8.0,14.325,7.9214,3.9426,2.399,3.5359,3.2573,1.8922,3.2128,3.59,2.3901,1.4768,3.5357,4.0574,2.0226,423.6242,3.815,man,white,individual,recreational,yes,no,no,morning,familiar,yes,131.024292,-12.975708,63.21145
T30_0004,87.3393,24.0,2.624,152.0,8.0,6.7793,8.5433,3.1075,2.9061,2.5975,2.936,3.0212,3.2565,2.9345,2.1393,2.9333,3.4706,3.9883,2.6689,196.2071,6.7465,woman,multiracial_or_other,team,recreational,no,no,yes,morning,unfamiliar,yes,140.473354,-11.526646,75.581812
T30_0005,56.4433,30.0,2.3609,117.0,6.0,11.1453,9.0499,1.911,3.2018,2.5819,3.8935,3.0751,3.3837,3.4524,2.2684,2.7034,3.7712,1.4426,4.0679,497.3822,2.0847,man,hispanic_latino,team,recreational,no,yes,yes,afternoon,unfamiliar,no,139.607345,22.607345,55.683904
T30_0006,65.7985,19.0,2.7322,152.0,6.0,10.7868,6.6611,3.2465,3.2579,3.4792,2.0544,2.8769,3.0195,4.3027,3.7794,3.6636,4.4685,2.3603,2.626,557.2322,5.5336,woman,hispanic_latino,team,recreational,no,no,no,afternoon,familiar,yes,128.276965,-23.723035,54.588478
T30_0007,78.8659,21.0,1.4824,98.0,10.0,12.9732,8.2986,2.9645,2.3576,3.3015,4.0841,2.8301,3.4693,2.0478,2.8464,3.2481,3.6378,3.0052,3.2133,630.2112,5.1011,man,asian,team,competitive,no,yes,no,morning,familiar,no,111.076452,13.076452,58.32758
T30_0008,48.0741,23.0,3.734,130.0,2.0,9.9631,7.5418,3.2908,2.4242,3.2292,2.7015,2.2432,2.3322,3.0816,2.3138,1.8419,3.4125,2.4303,3.1739,567.6122,3.0084,man,asian,individual,competitive,no,no,yes,afternoon,familiar,yes,140.009385,10.009385,53.094728
T30_0009,50.065,24.0,3.174,63.0,4.0,8.3324,7.366,2.9823,1.391,2.6605,3.2118,4.8715,3.8331,2.6484,3.6021,3.3754,2.3239,3.4776,3.639,224.2039,5.0136,woman,asian,team,recreational,no,no,yes,afternoon,familiar,yes,126.422882,63.422882,51.957423
T30_0010,72.2548,18.0,3.1572,121.0,4.0,7.8802,9.4293,3.7603,2.6121,1.7848,2.9873,2.282,2.967,3.3984,3.0688,2.8192,2.262,4.0671,2.6652,271.627,2.7407,man,asian,team,recreational,no,no,no,afternoon,unfamiliar,no,133.972271,12.972271,61.833062
T30_0011,59.7197,30.0,2.2585,130.0,9.0,7.2619,7.6415,2.7303,2.5928,3.7323,2.9594,3.1239,2.0362,2.5009,1.6135,3.2682,1.5952,3.1459,3.0961,240.6842,5.5212,nonbinary_or_self_described,white,team,competitive,no,no,yes,morning,familiar,no,117.436902,-12.563098,64.470808
T30_0012,73.5444,22.0,1.5062,107.0,5.0,8.1758,6.696,3.2944,2.4255,2.5094,3.0682,3.7596,3.2343,3.6811,1.4935,1.4333,3.4762,4.5812,3.7078,238.4592,4.1564,man,hispanic_latino,team,competitive,no,no,yes,morning,unfamiliar,yes,115.492607,8.492607,60.059407
T30_0013,56.7986,18.0,4.0227,112.0,3.0,9.2843,6.9602,2.3717,2.7038,3.3775,3.1168,4.1383,3.6909,3.6694,3.0771,2.77,3.4965,2.2422,3.6388,609.8752,8.8247,man,hispanic_latino,team,competitive,no,no,no,morning,familiar,no,125.143037,13.143037,44.267643
T30_0014,67.1589,27.0,1.8103,120.0,6.0,5.0416,8.0903,3.129,3.1126,3.0514,3.082,3.3801,2.878,2.1365,3.5239,2.4189,4.1223,3.8023,2.4678,480.6147,6.8047,woman,hispanic_latino,individual,competitive,no,no,no,afternoon,familiar,yes,124.214113,4.214113,55.471203
T30_0015,75.0093,21.0,3.6508,106.0,11.0,8.5446,7.4123,4.1378,2.639,2.2545,2.8117,2.0119,3.9639,1.7927,2.9257,3.1828,2.5433,3.3128,1.7207,109.8305,6.5772,man,asian,individual,competitive,no,no,no,afternoon,familiar,yes,123.731596,17.731596,61.610266
T30_0016,59.2575,21.0,1.9943,150.0,5.0,7.9051,7.6932,2.9626,2.7707,3.3991,3.592,2.292,3.6043,2.5226,3.1898,2.401,4.0663,1.845,1.5341,224.3004,9.0465,man,hispanic_latino,team,competitive,no,yes,yes,afternoon,familiar,yes,114.074032,-35.925968,46.997904
T30_0017,65.0681,21.0,3.5128,108.0,6.0,3.9174,8.8451,2.2153,3.876,3.2582,2.521,3.5793,1.6928,2.2209,3.2272,2.5171,3.444,2.3413,4.2821,408.7895,7.8171,woman,asian,individual,competitive,yes,no,yes,morning,familiar,yes,121.569171,13.569171,65.245129
T30_0018,52.7695,18.0,4.0538,98.0,3.0,4.9276,6.9053,2.5259,3.6319,2.7131,3.1514,2.9139,3.5101,3.0908,3.9653,2.4737,2.3821,2.5649,3.0778,398.0379,2.7463,man,white,team,recreational,no,yes,no,afternoon,unfamiliar,yes,129.377556,31.377556,53.407891
T30_0019,82.2203,31.0,3.6381,127.0,7.0,8.2361,7.1674,3.1375,2.927,2.3663,3.0224,2.4259,2.4017,3.2206,3.2665,2.5641,2.8769,3.3428,3.8546,532.6382,5.0055,man,hispanic_latino,individual,competitive,no,no,no,morning,familiar,yes,123.888114,-3.111886,66.396567
T30_0020,81.4909,20.0,2.1552,121.0,8.0,7.7166,6.3297,4.1614,2.6435,2.4351,2.9043,2.4195,1.7399,2.508,3.9294,3.629,2.3734,1.9941,2.8601,341.9544,4.8185,man,hispanic_latino,individual,competitive,yes,no,yes,morning,familiar,no,106.814935,-14.185065,68.593216
T30_0021,82.4761,27.0,3.3475,117.0,6.0,4.7735,8.6301,2.9477,4.1243,1.5997,2.9161,3.2929,3.1779,2.4902,3.3244,4.0118,3.0335,3.1432,3.1885,549.1825,4.8423,woman,white,individual,recreational,no,no,no,morning,familiar,yes,131.544889,14.544889,68.327852
T30_0022,62.2986,21.0,3.5942,126.0,9.0,5.772,5.7688,2.5112,2.5371,3.8918,3.8488,2.7185,3.1994,2.5425,4.1555,3.5411,3.2065,2.2164,3.1236,404.3233,8.367,man,asian,individual,recreational,yes,no,yes,afternoon,unfamiliar,yes,120.332783,-5.667217,56.431055
T30_0023,66.1841,25.0,3.143,95.0,6.0,9.7732,7.0475,3.3968,3.9256,4.0911,2.7938,2.806,3.3568,3.2828,4.2495,2.8096,1.8625,2.9068,3.9636,505.7332,4.4781,woman,white,team,recreational,no,yes,yes,morning,unfamiliar,yes,123.786515,28.786515,52.540995
T30_0024,56.381,24.0,2.4346,100.0,8.0,9.4433,7.1901,3.9867,3.5747,2.3988,3.6306,2.9913,3.6077,3.8999,3.4407,3.5577,2.3702,2.9735,4.0264,714.4684,3.4197,woman,white,individual,recreational,no,no,no,afternoon,unfamiliar,yes,137.987792,37.987792,48.645568
T30_0025,89.3588,21.0,2.1218,103.0,6.0,9.51,7.4939,2.7276,4.9737,2.0526,1.9938,2.0547,1.9967,3.2976,3.6048,3.0267,3.1208,2.3079,3.026,442.3743,6.3255,nonbinary_or_self_described,white,individual,competitive,no,no,no,afternoon,unfamiliar,yes,114.343814,11.343814,71.332672
T30_0026,87.0545,20.0,3.0575,103.0,8.0,10.4962,7.0034,3.1636,3.0827,3.4983,2.1813,3.4002,3.3368,3.0348,1.8655,3.1622,2.7522,2.2977,2.9114,496.3488,5.2021,woman,white,team,competitive,no,no,no,afternoon,unfamiliar,yes,111.540365,8.540365,60.020176
T30_0027,84.2756,22.0,2.9681,123.0,4.0,5.1478,7.3885,3.0105,2.8696,2.8248,2.0155,4.0592,3.6226,1.1446,2.4517,3.1435,4.2016,3.4853,2.662,237.8107,4.999,woman,black,individual,recreational,no,no,no,afternoon,unfamiliar,no,115.84274,-7.15726,66.738199
T30_0028,66.6326,24.0,3.1556,116.0,7.0,7.3678,7.8482,1.1654,3.9903,2.8624,2.7508,3.2952,3.4852,2.6106,2.1462,3.1519,1.9346,2.241,3.86,418.8064,3.3799,woman,white,team,recreational,no,no,yes,morning,familiar,yes,130.491031,14.491031,56.485515
T30_0029,93.5128,26.0,3.1375,85.0,5.0,11.5336,7.7073,3.1046,3.3972,2.1004,4.772,2.2413,3.3833,2.3379,2.4422,2.0151,4.5112,3.1159,3.3543,477.6291,9.5246,woman,asian,team,competitive,no,yes,no,morning,familiar,yes,130.330992,45.330992,68.537663
T30_0030,59.7219,18.0,2.1222,115.0,8.0,9.1107,8.0233,3.3082,1.7882,3.627,3.0152,4.2507,4.0616,2.8856,3.2827,2.6966,3.7945,2.582,2.4981,118.651,6.4158,man,hispanic_latino,individual,competitive,yes,no,no,morning,unfamiliar,no,118.1636,3.1636,51.954579
T30_0031,80.7742,32.0,2.3304,157.0,3.0,14.4647,7.88,4.3338,2.415,3.1111,3.3731,2.9485,2.8531,2.0535,3.526,2.7759,2.0061,2.7344,3.335,168.6889,9.2385,woman,hispanic_latino,team,recreational,no,no,no,afternoon,unfamiliar,yes,120.76082,-36.23918,59.638209
T30_0032,66.9231,21.0,2.8446,118.0,6.0,8.3401,6.6374,2.5157,2.9854,3.6164,2.8649,1.9145,2.0978,2.0534,3.2878,3.2932,2.6146,2.8611,3.9736,463.5949,7.7718,woman,black,team,recreational,yes,no,no,afternoon,unfamiliar,no,119.856122,1.856122,56.624331
T30_0033,55.3991,20.0,2.9921,116.0,4.0,10.6524,6.9829,2.8772,3.4557,3.0898,3.2446,3.9148,3.2772,3.3084,2.0627,3.0533,2.7267,3.7711,3.1119,519.6034,8.1123,man,white,individual,recreational,yes,no,no,afternoon,unfamiliar,yes,111.713613,-4.286387,60.916558
T30_0034,50.8006,19.0,2.4734,124.0,7.0,5.3863,7.7333,3.5935,3.3699,2.641,3.206,4.2255,2.5802,2.8331,4.5381,3.1357,4.4386,1.9698,1.7216,485.373,3.1433,man,white,team,recreational,yes,no,yes,morning,unfamiliar,no,119.771675,-4.228325,58.870076
T30_0035,59.4949,24.0,3.8327,101.0,3.0,8.0724,6.0758,2.6426,3.5387,3.2977,2.2666,3.1669,2.1539,3.7548,1.9079,4.9281,1.397,2.5921,2.4422,707.992,6.4267,man,white,individual,recreational,no,yes,yes,morning,familiar,yes,136.424993,35.424993,68.224344
T30_0036,58.6121,31.0,2.9475,120.0,7.0,8.2516,7.2817,2.3233,2.7363,3.3198,2.4767,3.5056,3.3451,3.6665,3.2895,2.6015,2.8191,2.6601,2.8044,173.656,7.6441,woman,white,individual,competitive,no,no,no,morning,unfamiliar,yes,126.342495,6.342495,42.651861
T30_0037,75.2314,29.0,4.2163,92.0,3.0,4.2282,6.3759,2.7334,2.3632,3.7634,3.6305,3.1823,3.6867,2.9172,1.8898,3.641,2.0868,3.367,3.568,480.2896,6.8802,woman,white,individual,recreational,yes,no,yes,morning,unfamiliar,yes,113.294929,21.294929,56.944708
T30_0038,55.5154,21.0,2.6619,131.0,8.0,14.9629,8.5495,2.9757,3.5923,2.7851,3.195,3.5494,2.9307,1.8905,2.2056,3.1952,2.9164,2.2641,1.9352,249.7288,4.5978,man,asian,team,recreational,no,no,yes,afternoon,familiar,yes,124.502826,-6.497174,43.321927
T30_0039,66.0974,27.0,2.649,135.0,3.0,14.6387,9.293,2.647,3.1443,3.7016,3.0727,3.3264,4.2465,4.3916,1.9824,1.6848,2.7372,3.541,2.2678,656.3341,6.23,woman,black,team,recreational,no,no,no,afternoon,familiar,yes,139.232989,4.232989,64.414906
T30_0040,79.2578,29.0,3.5025,151.0,6.0,13.5523,8.4082,3.1497,2.5595,2.3664,2.7323,3.0454,3.4837,3.8269,4.4035,3.1711,3.1682,3.0643,2.1328,522.3206,7.1923,woman,white,team,competitive,yes,no,yes,afternoon,familiar,no,146.40756,-4.59244,63.624026
T30_0041,76.773,21.0,2.2582,96.0,13.0,11.0133,8.0394,2.5042,1.6431,2.4617,3.0656,1.8724,2.2074,3.4399,1.8881,2.8454,2.3258,3.0706,3.259,732.2618,4.1588,woman,hispanic_latino,team,competitive,no,no,yes,morning,unfamiliar,yes,125.562146,29.562146,54.092683
T30_0042,62.1349,33.0,2.7728,115.0,5.0,8.0171,6.8453,3.0042,2.8176,3.5787,2.9761,3.2835,2.8453,2.7112,3.0519,3.4961,2.7584,1.6805,1.2846,341.3634,6.598,man,multiracial_or_other,team,competitive,no,no,yes,morning,familiar,no,122.169923,7.169923,67.951917
T30_0043,69.2575,22.0,2.474,135.0,11.0,10.0857,8.024,2.1292,3.4577,3.1768,4.6398,2.5593,1.4927,2.7519,3.3477,3.3854,2.6702,2.8786,2.5798,359.6975,5.2009,woman,white,team,recreational,no,no,no,afternoon,unfamiliar,yes,108.967598,-26.032402,53.219771
T30_0044,69.976,32.0,2.6636,137.0,3.0,10.9087,5.6358,3.3178,4.0701,3.5407,2.7516,2.1355,3.7594,2.1196,2.7473,2.5795,3.3236,3.4452,3.539,467.2814,6.6578,man,hispanic_latino,team,recreational,yes,yes,yes,afternoon,familiar,no,125.696425,-11.303575,57.705354
T30_0045,78.5518,20.0,3.3754,111.0,8.0,14.7876,7.9543,3.519,2.4595,3.9302,2.9133,2.9866,2.1866,3.2892,2.7788,4.0823,2.0633,2.0925,3.0232,462.2807,5.5211,woman,hispanic_latino,individual,recreational,yes,no,yes,afternoon,familiar,yes,123.588236,12.588236,53.429337
T30_0046,71.1692,25.0,2.3493,112.0,6.0,14.1957,7.205,3.124,2.4704,4.157,3.1617,2.4904,3.3603,2.8463,3.7696,3.9101,3.0719,3.5684,2.5959,320.0861,5.6021,man,white,individual,recreational,no,no,yes,afternoon,familiar,yes,133.904502,21.904502,55.420453
T30_0047,87.4153,20.0,3.2572,93.0,6.0,5.9422,7.5971,3.5883,2.1295,2.4497,2.857,1.2263,3.8227,2.2837,2.3968,3.9187,4.1476,2.8882,3.6266,500.1958,2.764,man,hispanic_latino,team,recreational,yes,no,no,afternoon,unfamiliar,no,107.677133,14.677133,59.22118
T30_0048,35.0196,27.0,2.5736,68.0,3.0,9.9267,8.0628,2.3484,1.4416,2.7892,4.1273,2.7193,2.1184,1.8138,2.5188,2.4843,1.55,3.5161,3.4898,405.9412,9.1745,man,white,team,recreational,no,no,no,morning,unfamiliar,yes,95.382142,27.382142,33.297449
T30_0049,69.0752,24.0,1.616,114.0,6.0,8.6388,8.302,3.2265,2.2855,1.5063,3.073,3.0374,2.0292,2.6451,2.9473,2.7135,1.7614,3.1176,4.4372,699.0947,6.3252,woman,hispanic_latino,team,competitive,no,yes,yes,afternoon,familiar,yes,125.967135,11.967135,62.247437
T30_0050,78.7982,31.0,2.5767,156.0,2.0,6.2152,8.2906,2.7418,2.9171,3.6989,3.7852,2.6385,3.2769,2.2315,3.3252,2.3855,2.9375,3.5734,3.5178,487.1947,4.9782,man,white,team,competitive,yes,no,yes,afternoon,familiar,yes,125.313912,-30.686088,61.633832
T30_0051,59.7389,20.0,3.0014,142.0,6.0,7.6016,8.7998,1.315,3.2616,2.3136,2.3251,3.1351,2.2959,3.6333,3.2359,2.3811,4.053,2.0101,3.5186,181.6989,4.3381,woman,white,individual,competitive,yes,no,no,morning,familiar,yes,134.598561,-7.401439,64.640589
T30_0052,72.0798,23.0,2.9454,108.0,6.0,8.9516,8.852,2.7426,2.577,3.0491,3.0231,2.4813,2.6366,3.0085,2.9388,2.3835,2.9082,2.4272,2.7996,382.1261,5.4031,man,hispanic_latino,team,competitive,yes,no,no,afternoon,unfamiliar,yes,114.062285,6.062285,65.501757
T30_0053,72.0676,18.0,2.9212,152.0,3.0,6.9198,8.2136,2.578,3.2178,3.3549,3.2792,3.3401,2.0041,2.3384,3.3505,3.0476,3.2576,3.0089,3.6569,399.2471,4.27,woman,hispanic_latino,individual,competitive,no,yes,yes,morning,familiar,yes,119.311087,-32.688913,56.978266
T30_0054,76.1859,28.0,3.8413,121.0,5.0,5.1885,6.7785,4.5899,3.0114,3.4529,2.3459,2.1912,2.4247,3.8495,3.7507,3.0657,3.7843,1.7141,3.6164,467.2026,7.5161,man,asian,individual,recreational,no,no,no,afternoon,familiar,yes,135.445544,14.445544,63.695851
T30_0055,72.5616,25.0,3.3029,144.0,7.0,4.3239,7.7927,3.7277,3.3734,3.3039,3.1599,3.4031,3.8936,2.8052,3.6858,3.0886,3.5703,3.2918,3.8849,321.5332,7.7198,man,white,team,competitive,no,no,yes,afternoon,unfamiliar,yes,124.579748,-19.420252,62.411539
T30_0056,60.4719,29.0,1.9943,104.0,11.0,4.5517,9.1172,2.7155,3.1506,3.0363,3.0317,4.4637,3.4776,3.1252,2.6903,3.7382,2.9518,3.2065,2.9591,532.0124,8.5377,man,hispanic_latino,individual,recreational,no,no,yes,morning,familiar,yes,118.901017,14.901017,55.613395
T30_0057,69.262,37.0,3.4649,142.0,7.0,9.5819,7.8231,2.8673,2.8427,2.6574,2.2166,3.1854,4.1815,4.2614,2.5483,3.7218,2.8367,2.6385,2.8605,396.5642,6.2957,woman,white,team,recreational,yes,no,yes,afternoon,unfamiliar,no,158.028781,16.028781,76.163685
T30_0058,61.0172,37.0,3.5094,127.0,3.0,5.4813,6.9883,2.6651,3.779,2.3803,3.5547,3.2816,2.9109,2.7935,2.1489,2.1598,2.2148,2.5979,2.3091,987.9182,5.0816,man,white,individual,recreational,yes,yes,yes,afternoon,familiar,yes,126.06364,-0.93636,48.957678
T30_0059,50.4376,24.0,2.5733,114.0,5.0,7.8064,6.9118,3.6136,2.2273,1.5203,2.0279,2.8753,2.0617,2.3795,3.3929,3.1409,3.3949,1.1029,2.4699,403.3955,4.2069,woman,asian,individual,competitive,yes,no,yes,afternoon,familiar,yes,115.200156,1.200156,50.665441
T30_0060,67.141,22.0,2.962,105.0,5.0,4.6531,8.6319,2.4515,3.5776,2.181,3.1543,3.3079,3.4722,2.3419,1.0666,3.1946,2.5426,3.5619,2.7912,281.944,8.7654,man,white,individual,recreational,no,no,no,afternoon,unfamiliar,no,111.579165,6.579165,69.047482
T30_0061,77.6854,22.0,2.6182,138.0,6.0,10.6056,6.7899,1.0285,4.388,2.4596,4.1086,3.0572,3.5296,3.0305,2.2616,2.9825,3.0655,2.7662,2.7747,461.5142,6.644,woman,asian,individual,competitive,no,no,no,afternoon,unfamiliar,yes,116.742604,-21.257396,60.438997
T30_0062,73.7046,20.0,2.7788,136.0,4.0,13.2473,7.4843,3.3147,3.1636,3.6578,3.2298,2.0443,2.9391,2.8461,3.0631,3.1375,3.513,2.5287,4.1492,234.0669,4.7256,woman,hispanic_latino,individual,competitive,no,no,yes,morning,familiar,yes,135.013213,-0.986787,62.900687
T30_0063,84.5673,26.0,2.9118,135.0,5.0,10.3327,7.0923,3.4055,3.2259,3.7755,2.5569,1.9404,3.9344,3.1124,2.4743,2.6086,2.5414,1.8265,4.0928,401.2166,4.7053,man,hispanic_latino,individual,recreational,no,no,no,afternoon,familiar,yes,122.989522,-12.010478,64.870941
T30_0064,70.4706,25.0,3.6606,128.0,5.0,11.5818,6.2441,3.1909,2.9632,3.1728,2.9627,3.3997,3.1862,2.8842,2.1591,3.7301,3.3068,2.211,2.177,496.9814,5.8344,woman,white,individual,recreational,yes,no,no,afternoon,unfamiliar,yes,121.453384,-6.546616,53.09151
T30_0065,93.402,23.0,2.8648,130.0,10.0,11.7127,7.3291,3.2307,2.753,2.6597,3.409,1.1761,4.0495,2.3654,4.198,3.4846,3.1992,2.9125,2.8608,370.5498,6.5157,woman,white,individual,competitive,no,no,no,morning,familiar,yes,135.162096,5.162096,72.862759
T30_0066,68.1203,31.0,3.1366,119.0,6.0,6.7671,6.1586,2.5091,3.1733,2.5086,4.0476,2.9424,2.6623,3.1442,4.1894,3.6782,2.4803,3.9111,2.9335,626.5419,6.0615,woman,hispanic_latino,team,competitive,no,no,yes,afternoon,unfamiliar,yes,143.242304,24.242304,70.776069
T30_0067,66.747,25.0,3.1917,146.0,8.0,8.3656,7.7995,2.6929,2.0563,2.3666,3.4889,3.303,3.1889,3.2545,1.873,2.4942,3.1637,3.9849,1.632,397.171,5.6091,man,white,team,recreational,no,no,no,afternoon,familiar,yes,139.953511,-6.046489,53.862969
T30_0068,77.0268,26.0,1.7516,99.0,7.0,9.4636,7.0398,3.3416,4.0254,2.865,2.0744,3.1636,3.1296,1.854,1.3461,2.9164,2.8227,3.3358,2.8316,516.7656,3.7956,woman,hispanic_latino,team,competitive,no,no,yes,morning,familiar,yes,113.308169,14.308169,59.78996
T30_0069,52.3346,22.0,2.3147,102.0,4.0,4.2086,7.4302,2.452,3.7219,2.2489,2.7213,3.6085,3.5787,2.9446,2.6419,3.6709,3.6006,2.7728,3.2089,234.9958,2.9393,woman,hispanic_latino,individual,recreational,yes,no,no,afternoon,familiar,yes,126.626302,24.626302,54.367381
T30_0070,74.3829,38.0,3.3977,118.0,7.0,5.1118,7.9224,2.3789,2.1127,3.9963,3.2045,3.4648,3.7397,3.5679,2.677,4.3828,3.001,2.2149,3.0447,338.5772,4.3514,man,white,individual,competitive,no,no,no,afternoon,unfamiliar,no,139.986227,21.986227,71.039282
T30_0071,66.4979,20.0,2.1338,107.0,4.0,6.2274,5.9074,1.5536,2.9079,4.0498,3.0603,2.4638,2.3513,2.48,3.5194,3.4549,2.2787,2.9775,3.2077,589.4149,6.241,nonbinary_or_self_described,black,individual,competitive,yes,no,yes,morning,unfamiliar,yes,121.228851,14.228851,53.171576
T30_0072,76.2735,25.0,2.2558,105.0,6.0,9.0263,7.9357,2.9034,2.1798,4.3503,2.397,3.2739,3.0433,3.5806,1.8345,3.8919,2.2807,3.7589,3.3573,337.1804,6.3167,woman,hispanic_latino,team,competitive,no,no,no,morning,familiar,yes,123.724915,18.724915,67.19721
T30_0073,89.7824,26.0,2.1762,123.0,2.0,9.0461,8.1869,2.8083,3.5752,3.152,3.9382,3.3502,3.4047,4.0703,1.2376,3.0071,1.7362,3.1076,1.9163,105.127,2.238,woman,asian,team,recreational,yes,no,no,morning,familiar,yes,122.197324,-0.802676,65.62175
T30_0074,75.5887,28.0,2.5221,107.0,8.0,10.4612,8.4084,2.0755,2.3877,2.762,2.2879,1.0148,3.2001,2.3964,2.4822,3.338,3.8192,3.1917,3.8336,606.4288,5.6106,man,hispanic_latino,team,competitive,yes,no,no,afternoon,familiar,yes,127.663399,20.663399,64.514716
T30_0075,87.5529,26.0,3.2477,112.0,5.0,7.9903,8.1689,3.0098,3.966,2.4879,4.0579,1.9991,2.0919,1.6524,3.0641,3.1267,3.8998,2.1164,3.4308,500.6295,7.8252,man,multiracial_or_other,individual,recreational,no,no,no,afternoon,unfamiliar,yes,142.639427,30.639427,67.655087
T30_0076,55.335,20.0,2.6168,97.0,10.0,7.3594,7.0477,3.7545,2.1513,2.2611,1.7132,3.6626,3.4361,3.941,4.5103,4.6648,2.6935,3.5039,2.9636,306.6143,5.6442,man,hispanic_latino,team,recreational,yes,no,yes,morning,familiar,yes,128.627966,31.627966,56.019037
T30_0077,57.1332,23.0,2.9162,95.0,6.0,3.2537,7.9366,3.2892,3.3371,3.2391,2.7413,3.1314,3.8617,3.1265,2.9462,3.9209,3.5011,3.2916,2.4868,354.4921,3.9386,man,hispanic_latino,team,competitive,no,no,yes,afternoon,unfamiliar,yes,129.060612,34.060612,65.026711
T30_0078,81.191,31.0,3.0902,135.0,6.0,6.868,8.2043,3.959,2.5658,2.6256,2.5459,2.2375,3.6665,2.7655,3.5228,2.9346,3.305,3.251,3.3746,364.695,3.7353,woman,white,individual,recreational,yes,no,no,morning,unfamiliar,yes,115.340529,-19.659471,59.623813
T30_0079,74.0344,30.0,3.407,62.0,6.0,8.1868,5.9152,3.9438,1.3692,2.4399,2.5846,2.7969,2.8508,1.8858,3.0322,2.5202,3.219,3.5725,3.1486,348.7199,7.6304,man,hispanic_latino,team,recreational,no,no,yes,afternoon,unfamiliar,yes,122.243538,60.243538,64.319734
T30_0080,83.4499,22.0,2.9715,103.0,5.0,12.497,7.3344,2.0383,2.6233,3.2031,3.9514,3.2194,2.7004,3.0117,4.1198,3.5571,2.7882,2.7931,4.4808,271.0349,5.9548,woman,white,team,competitive,no,yes,no,afternoon,familiar,yes,130.138219,27.138219,70.694386
T30_0081,73.2376,19.0,3.6236,128.0,10.0,7.4821,7.1865,3.9648,3.5877,4.419,2.1566,2.9926,3.5873,1.6021,4.5964,3.146,4.2085,3.3321,2.3712,595.8102,8.0422,man,asian,team,recreational,no,no,no,afternoon,unfamiliar,yes,121.257644,-6.742356,58.301247
T30_0082,68.0561,20.0,3.4956,119.0,6.0,9.3157,9.0275,3.4186,1.4979,3.6329,2.8097,3.753,3.4407,3.2681,2.8983,3.5379,4.3938,2.7126,2.7024,435.3755,6.7316,woman,hispanic_latino,team,recreational,no,no,no,afternoon,unfamiliar,yes,109.548737,-9.451263,62.992129
T30_0083,65.4232,21.0,2.2308,119.0,5.0,6.0604,7.6949,3.3454,2.405,2.4136,3.156,3.0635,3.0397,2.5971,2.9972,4.3807,2.093,3.8892,2.0699,472.5536,2.9709,woman,asian,individual,recreational,no,no,no,afternoon,unfamiliar,yes,133.353473,14.353473,65.88802
T30_0084,87.1161,23.0,2.4622,127.0,5.0,8.7713,7.2302,2.5243,2.1582,2.8844,1.8747,1.7829,1.4288,2.5277,3.6137,2.9613,1.7724,2.3368,3.7298,435.6792,6.2404,man,hispanic_latino,team,recreational,yes,no,yes,morning,familiar,yes,120.510725,-6.489275,59.903507
T30_0085,53.8577,32.0,2.4068,108.0,3.0,9.4044,8.5613,3.1717,3.6986,2.9393,2.3586,3.2103,2.8461,2.6567,2.42,2.6603,3.6753,2.6215,4.1234,557.3351,6.0896,man,hispanic_latino,team,recreational,no,no,yes,afternoon,familiar,yes,130.336935,22.336935,49.149114
T30_0086,89.7145,28.0,2.902,104.0,4.0,4.6739,8.4366,3.0168,3.8043,3.8477,2.4218,3.7772,1.9257,2.9791,3.3814,2.5016,4.3567,2.6166,2.488,200.663,6.6709,man,asian,individual,recreational,no,no,no,morning,familiar,yes,125.681099,21.681099,72.216954
T30_0087,79.4174,27.0,3.5558,142.0,6.0,12.2077,7.216,3.54,2.7423,2.4174,3.4101,3.6291,2.4613,4.3685,2.5491,3.1601,3.5989,3.6235,2.8223,645.2547,5.89,woman,white,team,competitive,yes,no,no,afternoon,familiar,no,124.620517,-17.379483,63.5474
T30_0088,52.2533,29.0,3.207,148.0,3.0,5.7209,8.2841,3.3692,4.294,2.3355,3.1241,2.8482,3.0421,2.2838,3.5691,2.3707,3.0052,1.3821,3.9734,447.8731,5.7708,nonbinary_or_self_described,multiracial_or_other,individual,recreational,no,no,yes,morning,familiar,yes,140.836537,-7.163463,56.331452
T30_0089,84.068,27.0,2.7217,118.0,4.0,6.4672,5.8004,3.3862,4.0797,2.8514,3.8908,2.2916,2.3036,2.8275,3.7903,3.3039,2.6871,3.6037,2.0412,220.1285,6.7286,woman,white,individual,competitive,no,yes,no,morning,familiar,yes,104.160793,-13.839207,61.313512
T30_0090,64.3608,18.0,1.813,103.0,5.0,7.7675,8.9316,2.7512,3.8893,1.8285,2.414,2.4945,2.8028,2.7606,3.7539,3.2487,2.2894,3.1053,2.987,680.1334,6.8889,woman,white,team,competitive,no,no,yes,morning,familiar,no,131.174816,28.174816,55.717227
T30_0091,63.7589,31.0,3.5748,88.0,4.0,9.8933,6.8724,3.3992,1.8712,3.7157,1.6347,3.2225,2.2425,3.4032,2.0185,2.8969,3.0729,2.9052,4.0875,462.2105,8.5775,woman,asian,individual,recreational,yes,no,yes,afternoon,unfamiliar,yes,120.679825,32.679825,54.979145
T30_0092,57.8062,19.0,2.4054,113.0,8.0,4.4548,8.2487,2.5172,3.847,2.0766,3.3208,2.7367,2.6589,2.909,1.8943,2.3878,3.4362,2.3041,2.3304,128.1728,5.8673,man,asian,team,recreational,yes,no,yes,morning,familiar,no,110.399069,-2.600931,54.590184
T30_0093,80.0244,31.0,3.0574,128.0,12.0,8.35,7.6885,2.4361,2.9432,3.1562,2.43,4.0936,2.2918,3.0954,3.9253,2.8429,3.0993,4.0941,2.6066,471.0859,2.2881,woman,hispanic_latino,team,recreational,no,no,yes,morning,familiar,yes,131.811573,3.811573,67.27983
T30_0094,57.2043,24.0,2.7293,109.0,3.0,11.4616,7.4085,3.1768,2.5145,2.7178,2.6804,2.6542,2.7536,4.251,3.4976,3.8897,3.1967,2.7031,2.8126,295.0131,7.0597,man,asian,individual,competitive,yes,no,no,afternoon,unfamiliar,yes,117.335221,8.335221,65.540942
T30_0095,66.6912,27.0,3.9441,112.0,4.0,12.1783,7.1868,2.6397,2.209,3.1302,2.8026,2.9349,3.0089,2.9607,2.5874,2.7079,3.364,3.9885,3.8315,496.048,5.9412,nonbinary_or_self_described,black,individual,competitive,no,no,no,afternoon,unfamiliar,yes,131.142807,19.142807,60.73497
T30_0096,67.5448,29.0,3.0654,120.0,8.0,7.6643,6.9386,3.5176,3.7631,3.7937,3.6431,3.5874,2.1119,3.4885,1.6661,2.5416,1.8813,2.9423,2.9657,375.7255,3.5448,woman,hispanic_latino,individual,recreational,yes,no,yes,morning,unfamiliar,yes,128.399856,8.399856,54.344023
T30_0097,74.5812,24.0,2.5028,175.0,3.0,7.4962,7.644,3.9165,3.0289,2.5132,3.5205,2.88,3.078,3.0632,2.7172,3.6448,3.6211,1.9503,3.5468,375.5282,8.4156,woman,hispanic_latino,individual,competitive,yes,no,no,morning,unfamiliar,yes,127.255059,-47.744941,53.999218
T30_0098,89.0326,27.0,2.8099,138.0,8.0,11.5172,7.8809,2.901,3.5772,2.6914,2.8305,3.2785,2.8371,3.5613,3.6733,3.4717,3.8619,2.1161,2.2578,481.5514,4.077,man,hispanic_latino,team,recreational,yes,no,no,afternoon,unfamiliar,yes,120.140769,-17.859231,56.986721
T30_0099,75.1377,22.0,4.2493,142.0,8.0,4.7621,7.0511,3.1695,4.0239,2.3033,2.4996,3.2808,1.7004,2.5989,4.4264,1.9319,3.4217,3.6343,2.7166,436.4252,7.2849,man,asian,individual,competitive,no,no,no,morning,familiar,yes,125.122646,-16.877354,67.54723
T30_0100,80.423,26.0,2.2606,108.0,7.0,13.9043,7.1158,4.3666,2.7924,2.694,1.6562,3.201,3.4698,4.0302,3.0912,2.7323,2.5646,2.2553,2.483,845.1018,5.0107,woman,hispanic_latino,individual,competitive,no,no,yes,morning,familiar,yes,126.08693,18.08693,68.788042
T30_0101,88.1468,26.0,3.5588,124.0,11.0,5.294,7.1982,2.1298,3.5924,2.7109,3.791,1.7589,2.4729,2.4266,3.852,3.7557,2.9822,3.2912,2.1215,568.3894,6.5944,woman,white,team,recreational,yes,no,yes,morning,familiar,no,103.183778,-20.816222,61.561991
T30_0102,76.7691,25.0,1.7764,123.0,12.0,9.816,7.7265,3.5941,3.343,2.8216,4.0146,2.05,2.4001,4.1782,2.0464,3.7213,2.571,3.1598,3.6139,510.2847,7.3724,man,hispanic_latino,individual,competitive,no,no,no,morning,familiar,yes,128.193284,5.193284,55.795568
T30_0103,80.377,32.0,2.4727,96.0,10.0,4.7157,6.8221,3.6385,1.7511,3.3512,2.9669,2.3769,3.3502,3.49,3.1138,3.2628,3.2145,2.4258,2.7151,319.885,6.7562,woman,white,team,recreational,no,no,no,afternoon,familiar,yes,129.177251,33.177251,53.225476
T30_0104,85.2981,26.0,2.4453,97.0,10.0,10.0481,5.4115,3.0916,2.935,4.4833,2.9431,2.3621,3.4092,3.5792,2.6456,2.1968,3.2217,3.3417,3.0915,364.2002,4.6852,man,white,team,competitive,no,yes,yes,morning,familiar,yes,134.142521,37.142521,77.939943
T30_0105,81.042,22.0,2.9694,132.0,5.0,4.7803,5.8834,2.9029,2.6187,4.4117,3.9811,2.9944,3.6325,2.7304,3.6336,1.9657,2.4014,2.7661,3.0963,476.7297,7.064,woman,white,individual,competitive,no,no,no,afternoon,unfamiliar,yes,116.01274,-15.98726,56.1632
T30_0106,79.8456,27.0,3.6463,130.0,6.0,5.5819,8.4166,3.477,2.9686,3.0832,3.549,2.6062,2.7308,3.571,3.6403,3.9834,3.4153,3.2198,2.4719,378.7063,9.058,man,black,individual,recreational,yes,no,no,morning,familiar,no,121.086801,-8.913199,70.41407
T30_0107,71.2419,25.0,3.3351,136.0,6.0,6.418,6.9357,4.0856,2.9416,1.2759,2.3139,2.4995,3.6824,4.0972,3.4506,3.6113,3.7233,3.0318,2.6916,271.2996,4.4003,woman,hispanic_latino,individual,recreational,no,yes,yes,morning,unfamiliar,yes,119.735897,-16.264103,54.445251
T30_0108,52.0247,23.0,3.2183,114.0,6.0,5.5445,7.8347,2.1248,2.6564,4.9128,3.6687,3.4835,2.5033,4.0372,2.2104,2.76,2.8456,4.1775,3.4081,303.2008,4.5756,man,multiracial_or_other,individual,competitive,no,yes,no,morning,familiar,yes,98.761636,-15.238364,31.209084
T30_0109,94.3201,25.0,2.7594,136.0,8.0,3.5409,7.8107,3.2665,3.0579,2.6352,1.7849,3.2921,3.362,4.2156,2.6664,2.9907,2.0311,4.6273,3.2997,431.0984,7.9825,man,hispanic_latino,individual,competitive,yes,no,no,afternoon,unfamiliar,yes,132.274296,-3.725704,56.568789
T30_0110,85.9344,22.0,3.4195,145.0,10.0,11.7132,9.3451,4.4635,2.9581,1.8011,2.8882,2.2723,3.6291,1.9095,3.3109,2.362,3.4772,2.0453,3.5866,489.6467,6.9343,woman,hispanic_latino,team,competitive,no,no,no,morning,familiar,yes,146.080433,1.080433,73.054777
T30_0111,81.2824,25.0,2.7175,117.0,3.0,12.2445,6.7961,2.0718,3.7174,3.6919,2.7619,2.3445,4.0135,4.3067,4.502,3.9512,3.1388,3.3666,3.965,479.5827,2.9093,man,white,team,competitive,no,no,no,morning,familiar,yes,127.904929,10.904929,71.536782
T30_0112,88.7548,25.0,2.6672,153.0,6.0,3.7579,8.406,2.4785,2.9686,1.7571,3.112,2.3504,2.2083,2.8376,4.0551,3.8129,3.4303,3.2101,2.8022,846.5273,5.9437,woman,white,individual,competitive,no,no,yes,morning,familiar,yes,120.850935,-32.149065,72.480876
T30_0113,55.1348,18.0,2.3134,131.0,9.0,10.5416,6.8881,3.5842,2.3321,3.4545,2.4888,2.227,3.1355,4.5428,3.6692,3.624,2.9879,3.3359,2.3578,375.3538,6.035,man,hispanic_latino,individual,recreational,yes,no,no,morning,familiar,yes,115.77098,-15.22902,55.487157
T30_0114,73.9289,24.0,3.1017,106.0,5.0,14.8292,8.3669,4.107,2.612,4.1303,3.8558,2.9283,2.0996,3.1168,2.1542,2.7696,3.102,3.4224,4.1278,370.1894,5.6834,woman,hispanic_latino,individual,recreational,yes,no,no,afternoon,familiar,yes,116.797469,10.797469,58.932223
T30_0115,50.7216,24.0,2.1535,143.0,4.0,5.9976,7.4661,3.9122,2.8109,3.8833,3.5395,4.0235,2.7232,2.4546,2.1527,3.3549,3.3756,2.5938,2.7824,658.181,2.8706,man,hispanic_latino,team,competitive,no,no,yes,afternoon,unfamiliar,yes,117.98064,-25.01936,59.434779
T30_0116,67.894,21.0,4.8943,99.0,3.0,11.9483,8.7412,2.5209,3.02,3.197,2.3514,2.8532,3.2511,2.9996,3.0127,3.007,3.0496,2.5021,3.0751,277.3672,6.4399,man,multiracial_or_other,team,competitive,no,no,yes,afternoon,unfamiliar,yes,125.645307,26.645307,57.950146
T30_0117,78.803,28.0,3.7508,130.0,8.0,6.0203,8.215,4.222,2.328,3.1945,3.515,3.567,4.351,3.0895,2.5839,1.9911,3.0732,2.452,3.3113,444.535,3.3438,man,white,individual,recreational,no,no,no,afternoon,unfamiliar,yes,130.191687,0.191687,62.402052
T30_0118,62.7905,29.0,3.1355,106.0,3.0,8.8487,5.4757,1.963,3.7246,2.6108,3.4517,2.6951,3.8993,3.4526,2.1064,1.7413,2.0716,3.149,3.8582,362.3548,3.8699,man,hispanic_latino,individual,recreational,no,no,no,afternoon,unfamiliar,no,115.186416,9.186416,56.331772
T30_0119,88.472,19.0,2.0964,127.0,5.0,9.3488,7.5889,2.3959,2.1443,2.2234,2.2617,3.0044,3.0408,3.4571,2.5309,4.8448,3.4712,2.6628,1.2141,356.366,1.9592,woman,hispanic_latino,team,competitive,no,no,yes,morning,familiar,yes,132.934988,5.934988,72.517119
T30_0120,77.2124,20.0,2.3693,129.0,2.0,4.0454,6.7803,2.433,4.381,2.746,3.4992,3.0636,2.4673,2.7841,3.4075,3.0492,3.2402,2.9821,2.0707,436.8719,9.3749,man,white,team,competitive,yes,no,yes,afternoon,familiar,yes,132.136788,3.136788,66.047658
T30_0121,46.6586,27.0,1.68,91.0,7.0,9.1422,8.1196,4.191,3.353,3.8602,3.8903,3.7213,3.0033,3.0409,3.5086,2.4443,2.7121,4.1508,2.5894,426.4387,6.8506,woman,hispanic_latino,team,recreational,no,no,no,morning,familiar,yes,107.421244,16.421244,52.073577
T30_0122,64.2848,28.0,4.0711,107.0,8.0,5.3227,6.6419,3.7363,3.0027,2.369,2.3056,3.1548,3.657,1.9663,3.8118,2.9587,3.7203,4.1788,2.7987,318.5347,2.7576,woman,asian,team,recreational,no,no,yes,morning,unfamiliar,no,121.896065,14.896065,53.921627
T30_0123,63.4828,32.0,4.181,132.0,3.0,12.0352,7.5719,2.4343,2.8015,2.6156,3.0576,2.5873,3.7293,2.9778,2.6441,4.3471,2.9061,2.8263,2.7072,582.9249,7.6461,man,hispanic_latino,individual,competitive,yes,no,no,morning,familiar,yes,139.80693,7.80693,59.516976
T30_0124,88.9466,22.0,2.8554,130.0,10.0,8.3893,8.8148,2.47,2.7116,3.0635,4.2879,3.5154,3.0848,2.5309,3.8408,3.2455,2.1803,2.8647,3.1435,489.1777,5.5279,man,hispanic_latino,individual,recreational,no,no,no,morning,unfamiliar,yes,110.493391,-19.506609,70.022052
T30_0125,52.4253,25.0,2.7928,85.0,3.0,10.5167,6.3254,2.766,3.8706,3.6584,2.5769,3.0549,4.3031,2.9609,4.0618,2.3219,3.5127,3.9577,3.2185,331.101,8.8217,man,white,team,recreational,no,no,yes,afternoon,unfamiliar,yes,115.261486,30.261486,61.345488
T30_0126,79.2945,22.0,4.0601,133.0,11.0,2.0545,6.2457,2.9169,3.9914,3.0761,1.9212,3.5007,1.6349,2.7168,1.9342,3.9887,2.9024,2.5775,3.2756,127.6274,5.82,woman,black,individual,recreational,no,yes,no,morning,unfamiliar,yes,124.974381,-8.025619,51.605156
T30_0127,89.0123,24.0,2.9386,110.0,7.0,6.6026,7.6244,2.8474,1.8305,4.4546,2.7318,2.9215,2.6373,2.852,3.586,3.2011,3.5421,3.8305,2.699,536.3851,4.2993,woman,hispanic_latino,individual,recreational,no,no,no,morning,unfamiliar,yes,111.073077,1.073077,54.657096
T30_0128,59.0613,33.0,3.0677,130.0,6.0,4.8052,7.4158,3.7876,2.0533,3.187,1.9763,2.8568,1.7767,2.4216,3.9718,3.048,1.7643,2.5417,2.3251,574.5629,4.2136,man,white,individual,recreational,no,no,no,afternoon,familiar,yes,124.119023,-5.880977,55.920344
T30_0129,40.4548,27.0,2.9159,149.0,10.0,8.7917,5.59,3.9997,4.115,3.578,2.9583,3.3384,1.8083,2.175,3.223,2.9195,3.8324,3.4608,3.5745,604.2471,4.6351,woman,multiracial_or_other,team,competitive,yes,no,yes,morning,familiar,no,131.706888,-17.293112,43.004002
T30_0130,78.0906,22.0,3.7645,112.0,7.0,9.7226,7.8949,2.0559,2.0855,3.5066,3.33,3.7455,3.1939,2.9312,2.5225,3.7453,4.585,2.0834,3.7491,857.2713,7.5889,man,asian,individual,recreational,no,no,no,morning,unfamiliar,yes,128.495789,16.495789,66.913126
T30_0131,62.5553,30.0,3.5718,107.0,6.0,6.1265,8.7325,3.4582,4.0022,3.6062,3.4277,1.8618,2.2543,2.355,2.9692,2.4054,3.2251,3.1351,4.0119,522.8727,5.9462,woman,asian,team,competitive,no,no,no,afternoon,unfamiliar,no,127.184702,20.184702,49.152652
T30_0132,55.598,22.0,3.3795,98.0,6.0,9.632,7.1521,2.0849,1.3932,2.9876,3.045,3.4234,2.9438,2.502,3.2454,2.3388,2.7534,2.6536,3.3158,487.4415,3.3294,woman,white,individual,competitive,no,no,yes,afternoon,familiar,yes,141.153636,43.153636,61.15394
T30_0133,77.5005,18.0,3.5974,122.0,10.0,7.605,6.8432,2.7792,2.6415,4.1078,2.4379,2.9607,1.9685,3.3449,2.5537,3.8816,2.2484,2.7611,2.0179,514.5765,7.3694,man,asian,team,competitive,yes,no,no,afternoon,familiar,yes,129.497568,7.497568,73.235268
T30_0134,72.9635,27.0,4.5406,92.0,8.0,7.1844,7.1456,2.3584,3.225,2.4901,4.0979,3.7166,3.1689,4.3044,3.1415,2.823,2.4409,3.7932,4.1856,444.5229,8.2819,man,white,individual,competitive,no,no,no,afternoon,unfamiliar,yes,128.746227,36.746227,53.567445
T30_0135,92.6462,23.0,2.7764,96.0,5.0,4.2225,7.1961,1.8659,2.3806,2.7765,3.2004,3.4867,3.6106,3.5552,2.2648,3.5371,4.1717,3.5989,2.427,621.8542,4.196,woman,asian,individual,recreational,no,no,yes,morning,unfamiliar,yes,106.972056,10.972056,62.507988
T30_0136,75.6247,29.0,2.9004,116.0,5.0,5.3285,7.6248,3.4521,2.7752,1.6046,2.6049,2.7649,2.1414,2.5952,3.3276,2.6471,1.7359,3.3176,3.7659,719.4389,8.1458,man,white,individual,competitive,yes,yes,yes,morning,unfamiliar,yes,117.874521,1.874521,59.188645
T30_0137,66.5386,19.0,1.6632,90.0,9.0,5.9397,8.0789,2.5767,3.4147,4.8642,4.1318,2.4288,2.9705,3.3825,2.848,3.2138,3.6837,2.7477,2.9138,635.2837,6.7244,woman,multiracial_or_other,team,competitive,no,no,no,morning,unfamiliar,yes,131.447894,41.447894,62.367027
T30_0138,74.8028,30.0,3.4795,110.0,7.0,7.2428,7.3327,2.4686,3.5094,3.2476,3.3758,4.2402,2.2737,3.9872,2.119,2.9441,4.3273,2.9626,2.311,534.6669,8.6057,woman,hispanic_latino,individual,competitive,no,no,yes,morning,unfamiliar,yes,123.370199,13.370199,54.782884
T30_0139,68.6252,22.0,3.4959,132.0,6.0,2.6619,7.6549,2.7649,3.1989,4.0486,2.2371,3.1225,2.1488,3.1617,3.4611,2.8109,4.3431,2.3097,2.4872,361.5894,4.075,woman,white,individual,competitive,no,no,no,afternoon,unfamiliar,no,126.358254,-5.641746,66.635428
T30_0140,69.22,26.0,2.7907,110.0,8.0,11.577,6.9565,4.5347,2.8461,3.753,3.3156,2.178,2.5177,2.7511,3.7594,3.157,3.0146,3.8907,2.6555,624.2484,7.9663,man,white,team,recreational,yes,no,yes,afternoon,familiar,yes,136.277985,26.277985,62.892458
T30_0141,70.0056,19.0,3.6646,108.0,11.0,3.3439,7.9647,3.1101,2.5391,2.2602,3.5516,2.0685,3.0986,2.7747,2.1849,3.054,2.9813,4.2245,3.6983,415.481,4.6134,man,hispanic_latino,team,recreational,yes,no,no,morning,unfamiliar,yes,127.162974,19.162974,57.139158
T30_0142,86.968,23.0,2.1215,92.0,11.0,11.2813,7.3364,3.6944,2.5885,3.2433,2.8057,2.3443,2.8867,2.9973,2.2713,2.35,2.7012,3.4265,2.7893,688.6222,1.8401,woman,black,individual,recreational,no,no,yes,afternoon,unfamiliar,no,106.201334,14.201334,68.183776
T30_0143,88.7448,28.0,2.8353,126.0,8.0,5.9407,6.9752,2.6315,3.6469,3.5085,2.8285,3.0006,3.113,2.8346,2.6834,3.6485,3.103,2.4838,1.5704,429.8593,4.4955,nonbinary_or_self_described,black,individual,competitive,no,no,no,afternoon,unfamiliar,no,116.538196,-9.461804,74.923889
T30_0144,67.4666,25.0,1.905,102.0,4.0,5.549,9.0364,2.2443,2.6938,3.762,2.4529,2.88,2.8777,3.2724,2.3753,2.626,2.671,2.8236,1.3786,585.4283,3.1919,woman,black,team,competitive,no,no,yes,afternoon,familiar,yes,126.264322,24.264322,72.240225
T30_0145,69.8642,24.0,2.5283,101.0,4.0,5.3668,7.8045,2.5985,2.7027,3.7659,2.9879,3.6709,3.5504,2.5383,2.904,2.2763,3.2482,2.0046,3.2331,382.3832,9.5652,woman,white,team,competitive,no,no,no,morning,unfamiliar,no,103.008125,2.008125,62.626349
T30_0146,83.2055,29.0,3.8676,135.0,4.0,10.5098,6.2572,2.5231,1.7147,2.1235,3.5943,1.79,2.1228,3.1166,4.7298,2.2708,3.2967,2.479,3.5375,871.4615,6.4217,woman,multiracial_or_other,individual,competitive,no,no,yes,morning,unfamiliar,yes,132.552599,-2.447401,71.320951
T30_0147,49.949,33.0,3.3814,113.0,6.0,9.5169,7.4792,3.5938,1.9176,2.805,4.0646,4.156,2.8767,4.1081,2.8634,3.1392,3.22,3.6203,3.2866,581.3554,5.1825,woman,white,individual,competitive,no,no,yes,afternoon,familiar,yes,126.155925,13.155925,67.713029
T30_0148,86.0319,22.0,4.2163,110.0,8.0,9.7523,6.2806,2.596,3.3069,2.5938,2.9139,3.9554,3.7441,2.6003,3.4482,2.2875,2.475,1.3763,3.3205,796.6827,5.787,man,hispanic_latino,individual,recreational,no,no,no,morning,unfamiliar,yes,126.01292,16.01292,71.475039
T30_0149,78.7509,28.0,2.8821,93.0,11.0,1.5393,7.9252,1.892,3.9221,2.3032,2.9827,2.53,2.3463,3.6863,2.7906,2.2383,2.9849,4.6911,3.0499,612.7783,2.576,man,hispanic_latino,team,competitive,no,no,no,morning,familiar,yes,130.166743,37.166743,65.693018
T30_0150,77.4585,23.0,3.7945,125.0,11.0,5.5978,7.3114,2.4309,3.9814,3.6114,3.3137,4.7189,3.0592,3.3643,2.6949,2.7504,1.7066,3.5885,3.751,563.2156,7.3588,man,asian,team,competitive,yes,no,no,afternoon,familiar,yes,128.776315,3.776315,73.699803
T30_0151,61.9271,18.0,3.7044,125.0,8.0,6.8798,8.682,2.829,3.3546,2.6646,2.8305,4.1181,2.4321,3.2635,3.3562,2.3024,2.1974,2.3032,2.7,454.3789,6.7135,woman,asian,team,recreational,no,no,yes,afternoon,unfamiliar,yes,136.851842,11.851842,57.001005
T30_0152,76.1263,24.0,2.88,161.0,7.0,10.7651,6.9525,2.7359,2.4416,2.9939,2.9187,3.8651,2.26,3.1198,2.4882,3.1386,2.7953,2.0849,3.3362,197.4978,7.0942,woman,hispanic_latino,team,competitive,no,no,no,morning,unfamiliar,no,130.694905,-30.305095,61.12766
T30_0153,88.2702,30.0,2.6555,130.0,13.0,10.9467,6.9734,4.1062,3.4729,2.5218,2.2251,3.258,1.5936,2.3956,2.708,2.8694,2.3872,1.1237,4.2773,512.5604,9.5699,man,multiracial_or_other,team,recreational,no,no,yes,afternoon,familiar,yes,122.467349,-7.532651,57.610087
T30_0154,49.9311,21.0,4.0419,121.0,7.0,4.058,8.46,2.4556,2.8614,1.9506,3.106,3.7032,3.6383,3.6913,2.0274,1.9228,1.9667,3.3766,2.4812,330.86,5.7854,man,black,team,recreational,yes,no,no,morning,unfamiliar,yes,122.564354,1.564354,48.362012
T30_0155,68.3437,24.0,3.5051,120.0,9.0,8.8484,7.5136,2.0051,2.4888,2.2215,2.8523,2.906,3.4977,2.9834,3.4785,2.7776,1.3648,2.4248,3.9267,423.7936,4.5881,man,hispanic_latino,team,competitive,no,no,no,afternoon,unfamiliar,yes,132.179087,12.179087,58.39559
T30_0156,83.4442,32.0,2.4496,131.0,1.0,3.542,7.5349,3.0422,2.8378,2.8186,2.6979,1.9765,2.0701,2.9381,3.2642,2.3759,3.01,2.7984,4.0297,500.3557,8.3976,man,white,team,competitive,yes,no,yes,morning,familiar,no,130.101894,-0.898106,65.544941
T30_0157,69.2238,27.0,1.5239,108.0,11.0,11.3545,5.4361,3.7939,3.0986,2.7242,3.7314,3.2718,2.9487,2.6101,3.8582,2.8193,3.4387,2.99,2.1971,705.548,7.192,man,multiracial_or_other,individual,competitive,yes,no,yes,afternoon,unfamiliar,no,127.698886,19.698886,59.994608
T30_0158,43.4036,22.0,3.7562,123.0,6.0,5.6045,7.9718,3.5375,2.7889,3.2512,2.7928,3.1961,3.1415,3.5059,3.265,3.5005,3.4077,3.4357,3.3918,762.1965,7.5438,man,hispanic_latino,team,recreational,no,no,no,morning,unfamiliar,yes,130.897976,7.897976,53.991738
T30_0159,79.4796,24.0,2.5756,155.0,9.0,12.0216,6.7012,3.3502,3.421,4.8361,2.8805,3.1853,2.0194,2.7613,2.4846,1.7035,3.1471,2.8891,3.4105,523.1241,3.1463,woman,hispanic_latino,individual,recreational,yes,no,no,afternoon,familiar,yes,129.599884,-25.400116,67.523705
T30_0160,57.8913,19.0,1.561,130.0,5.0,4.8079,9.1827,3.3275,2.6974,2.4778,2.9088,1.8286,3.1197,2.9587,2.3166,2.7516,2.1862,3.1144,2.9243,545.6937,7.9195,man,white,team,competitive,yes,no,no,afternoon,familiar,yes,110.665949,-19.334051,47.860069
T30_0161,52.9168,19.0,2.8137,102.0,4.0,7.0211,8.1782,2.6548,2.095,4.0033,2.583,3.9535,3.406,2.2614,2.6105,3.7447,1.6367,1.8149,2.7328,148.8394,6.5841,man,white,team,competitive,no,no,no,morning,familiar,yes,119.323092,17.323092,61.233466
T30_0162,55.9937,33.0,3.5287,97.0,8.0,12.3112,8.1513,3.5326,3.1788,3.3223,3.1185,3.766,2.7574,3.5661,2.612,2.8678,2.4841,4.2691,2.7632,449.0779,4.2139,man,black,individual,recreational,no,no,yes,afternoon,unfamiliar,yes,106.496379,9.496379,49.429725
T30_0163,63.1973,24.0,1.9004,125.0,8.0,11.6096,7.5431,3.6127,3.8227,2.6038,2.0842,2.1161,3.1614,3.0215,3.612,3.0791,3.3169,2.4484,2.9257,629.8065,7.8712,woman,multiracial_or_other,individual,competitive,yes,yes,yes,morning,unfamiliar,no,128.394999,3.394999,57.122096
T30_0164,82.2278,29.0,1.0004,134.0,7.0,10.9992,7.2067,3.8652,3.385,2.702,2.8855,3.0577,4.072,3.0541,2.8353,3.1192,2.4733,3.1404,3.5401,452.2116,1.8446,woman,white,individual,recreational,yes,yes,no,morning,familiar,yes,120.636224,-13.363776,65.834522
T30_0165,53.8651,30.0,1.9171,101.0,7.0,3.0373,6.1056,3.2704,2.7804,2.737,4.5406,3.5282,2.6063,3.3274,2.3161,1.9065,2.8353,3.575,2.3991,762.8679,6.8454,woman,black,individual,competitive,no,yes,yes,afternoon,familiar,yes,90.522672,-10.477328,64.760239
T30_0166,63.8464,31.0,3.1475,143.0,5.0,9.8118,7.2153,3.0407,3.6755,3.9054,3.3456,3.123,4.2583,3.5574,2.6385,3.5577,3.8533,3.7109,2.0689,635.578,5.9956,woman,white,team,competitive,no,no,no,morning,familiar,yes,124.887572,-18.112428,52.860831
T30_0167,63.6592,25.0,3.4865,100.0,11.0,8.1259,8.3294,3.5831,2.2589,3.2581,2.8956,2.6923,1.9263,2.5848,3.2967,3.4806,3.5599,3.7553,3.1054,657.7199,4.2741,woman,white,individual,competitive,no,no,yes,morning,unfamiliar,yes,152.239742,52.239742,70.767117
T30_0168,69.9332,31.0,3.0337,125.0,2.0,8.8333,8.0456,2.6745,3.5018,1.8483,3.2779,3.1806,2.5385,3.4364,2.7567,2.817,3.3031,3.0914,2.4352,552.1222,7.8225,nonbinary_or_self_described,hispanic_latino,team,competitive,no,no,no,afternoon,familiar,yes,130.418315,5.418315,57.606352
T30_0169,71.5594,18.0,3.0772,120.0,2.0,3.6739,7.9986,3.9714,3.5391,2.9128,3.9259,3.1246,2.8948,2.5833,2.7472,3.6245,2.5108,3.3923,4.7584,391.0599,9.9633,woman,white,individual,recreational,yes,yes,yes,morning,unfamiliar,yes,109.735109,-10.264891,50.534713
T30_0170,77.078,25.0,3.3747,133.0,13.0,13.2723,6.378,1.6897,3.0,2.7646,1.8345,3.5001,3.3833,2.7273,3.2374,2.0266,3.3971,3.7359,2.5429,399.3771,5.5072,woman,hispanic_latino,individual,recreational,yes,yes,yes,afternoon,familiar,yes,123.093703,-9.906297,61.74597
T30_0171,71.8961,20.0,3.7414,137.0,6.0,5.3436,5.2616,3.3602,3.2045,2.1202,3.7345,2.5414,2.3768,2.5967,3.2274,2.4299,2.9752,2.6369,2.5247,550.1941,3.637,woman,white,individual,competitive,no,no,no,morning,unfamiliar,no,119.234919,-17.765081,66.640369
T30_0172,82.1995,26.0,4.0021,180.0,6.0,7.0295,6.9376,2.8401,3.2001,2.2102,3.5204,2.3389,2.9795,2.2972,1.9282,3.473,3.1157,4.3836,3.3275,581.633,8.6732,woman,hispanic_latino,individual,recreational,no,no,no,afternoon,familiar,no,125.205748,-54.794252,72.150346
T30_0173,93.2645,30.0,1.8038,117.0,6.0,11.4234,7.6606,2.7316,3.0594,3.7669,3.3567,2.2858,4.577,3.1383,3.6156,2.0823,2.9859,3.4551,3.147,147.4215,5.7973,man,white,team,competitive,no,no,yes,afternoon,unfamiliar,no,121.352412,4.352412,75.419453
T30_0174,81.7968,26.0,2.3173,140.0,3.0,6.2155,8.7477,2.084,3.224,2.5049,3.4563,2.395,2.0179,2.1673,3.0179,3.4051,2.1466,2.9099,3.3864,477.387,5.3745,man,asian,individual,recreational,no,yes,yes,afternoon,unfamiliar,yes,121.851846,-18.148154,63.318368
T30_0175,63.1687,21.0,4.3406,119.0,8.0,9.5145,6.7901,2.5409,3.1605,2.9776,3.5249,2.5433,1.9713,2.8419,1.9046,1.3611,3.4576,2.0818,2.1217,316.2667,4.2599,woman,hispanic_latino,individual,competitive,yes,no,no,afternoon,familiar,yes,139.811401,20.811401,60.345146
T30_0176,92.3263,23.0,2.3616,113.0,4.0,9.3314,7.3285,2.948,3.1299,3.4409,3.3862,3.2606,2.7995,2.0077,2.9802,3.7608,2.1582,3.3815,3.8814,249.7916,5.9197,man,asian,individual,recreational,no,yes,no,morning,unfamiliar,no,115.352684,2.352684,66.996046
T30_0177,68.7853,34.0,4.4304,101.0,8.0,3.2895,8.3636,2.6382,2.9417,3.4187,3.4118,3.3996,3.7891,2.5585,3.4575,2.5356,2.5658,4.0992,4.3984,345.3916,7.8387,woman,hispanic_latino,team,recreational,no,yes,yes,afternoon,familiar,yes,134.36995,33.36995,54.718541
T30_0178,48.575,22.0,2.8125,136.0,2.0,6.1464,6.2744,2.4628,2.8356,3.2987,3.0236,3.7802,2.9578,2.5078,3.6215,3.6422,3.3781,2.9972,3.0034,385.7048,6.2298,woman,white,team,recreational,no,no,no,morning,familiar,no,119.806351,-16.193649,64.009496
T30_0179,78.7454,27.0,4.1001,125.0,8.0,2.386,8.3337,3.4144,2.7016,2.8139,4.2451,3.9328,3.7839,3.5876,2.7123,2.6549,2.6611,2.7928,2.8464,370.2601,9.212,man,white,individual,competitive,no,no,no,morning,familiar,yes,103.358117,-21.641883,65.750168
T30_0180,72.1583,24.0,3.3024,94.0,5.0,6.2401,7.4385,3.2331,2.5496,3.3819,2.5618,3.1459,2.7471,1.9126,3.011,2.6634,2.054,3.3198,2.5047,798.6964,7.9584,man,multiracial_or_other,individual,recreational,no,no,yes,morning,familiar,yes,138.401285,44.401285,62.928835
T30_0181,70.2018,27.0,2.8371,110.0,7.0,10.4313,7.4058,1.7651,2.8679,1.5332,2.6396,1.9801,2.0797,2.4228,3.7357,3.1841,1.6209,3.9832,3.0762,403.9403,4.6229,woman,hispanic_latino,individual,recreational,yes,no,yes,morning,unfamiliar,yes,107.187787,-2.812213,54.647602
T30_0182,67.2081,20.0,2.4736,137.0,2.0,13.5166,7.287,2.1242,3.7158,1.2839,3.3495,4.0764,3.0803,1.5798,1.9226,2.5296,3.3983,3.7481,1.1608,354.5954,3.056,man,black,team,recreational,yes,no,no,afternoon,familiar,yes,111.712465,-25.287535,68.117576
T30_0183,81.4164,30.0,3.3605,138.0,6.0,3.7037,8.5175,3.0291,3.9332,2.7019,2.0207,2.7054,4.351,2.9365,2.7297,3.3656,3.7355,2.6731,4.0254,474.4032,5.2566,woman,white,individual,competitive,no,no,yes,afternoon,familiar,yes,148.916947,10.916947,68.095771
T30_0184,67.885,30.0,2.3015,115.0,8.0,9.7533,8.2544,3.4006,3.6797,3.4144,2.6083,3.1779,3.0415,2.4136,3.9305,2.6999,1.9602,2.7929,3.4688,244.3774,5.6487,woman,multiracial_or_other,team,recreational,no,no,no,morning,familiar,yes,122.645356,7.645356,49.014769
T30_0185,78.9639,23.0,2.7727,124.0,9.0,6.1026,9.1942,2.4318,2.1585,3.5089,3.5619,2.5762,3.6969,3.6047,3.3545,2.4603,3.4954,2.187,3.8636,643.4545,3.7793,man,white,individual,competitive,no,yes,yes,morning,unfamiliar,no,112.155873,-11.844127,48.267771
T30_0186,58.7298,21.0,2.0335,127.0,2.0,9.3135,7.9975,3.2026,3.6419,3.4386,2.312,3.0392,3.0771,3.2456,2.4404,3.7594,4.299,3.121,4.2807,629.2559,5.3937,woman,white,team,recreational,no,no,no,morning,unfamiliar,yes,115.613889,-11.386111,49.319574
T30_0187,69.7824,25.0,3.8401,113.0,11.0,1.9119,6.8545,4.0835,3.3633,2.7981,2.2072,2.5971,3.0574,3.9715,2.0074,2.0451,2.383,2.752,2.6552,591.9704,3.1177,man,white,individual,competitive,no,no,no,afternoon,unfamiliar,yes,117.584351,4.584351,59.983091
T30_0188,72.069,21.0,2.6969,103.0,7.0,7.6626,7.6078,3.1281,3.4659,3.2025,1.6947,3.5429,3.015,4.0363,3.5629,3.1511,4.5083,2.9702,4.4679,643.7494,5.0284,woman,white,individual,recreational,no,no,no,morning,familiar,yes,133.792895,30.792895,80.599105
T30_0189,57.0827,30.0,3.9573,110.0,5.0,5.7109,6.3796,3.0294,3.185,3.338,2.4814,4.368,3.644,2.9965,3.0273,2.5093,3.561,3.7492,3.1928,444.4368,4.6955,woman,black,team,recreational,no,no,yes,morning,unfamiliar,yes,123.574889,13.574889,56.466246
T30_0190,80.6701,19.0,2.9661,121.0,10.0,8.9281,7.5064,3.45,3.9716,3.1959,3.3413,2.6277,3.2854,2.9656,1.8299,2.907,3.5525,2.6107,2.1997,657.1386,5.1716,man,white,team,recreational,no,no,no,morning,unfamiliar,yes,113.697856,-7.302144,61.896868
T30_0191,79.946,25.0,3.0266,135.0,10.0,7.8358,7.9377,3.4286,1.5543,3.151,2.8126,2.8346,3.9263,1.5568,3.2233,4.2552,2.688,3.5785,2.8886,583.1163,5.7916,man,white,team,competitive,yes,no,yes,morning,unfamiliar,yes,136.012978,1.012978,60.028776
T30_0192,68.9345,22.0,2.919,95.0,3.0,5.4283,6.9465,3.964,2.1685,3.2977,2.2019,3.3319,1.3959,3.1702,3.3887,1.8316,1.4007,2.6604,3.276,464.0547,5.4783,woman,white,team,competitive,no,no,yes,afternoon,unfamiliar,yes,117.334929,22.334929,47.961744
T30_0193,55.1001,19.0,1.9246,157.0,9.0,6.6568,6.8367,3.9484,3.0657,2.0695,2.225,2.6121,3.8667,3.3274,1.9345,2.2069,2.4095,2.5217,2.8387,815.9248,4.2378,man,white,team,recreational,yes,no,yes,morning,familiar,yes,141.75484,-15.24516,59.839722
T30_0194,68.094,30.0,3.6701,98.0,8.0,9.7485,7.3721,2.6291,2.2862,3.3944,3.3879,2.2276,2.5237,2.691,2.7182,3.4438,3.2808,3.2224,3.027,185.0874,4.8139,woman,multiracial_or_other,team,competitive,yes,no,no,afternoon,unfamiliar,yes,132.33565,34.33565,59.231583
T30_0195,65.3475,21.0,3.1783,107.0,1.0,6.5124,6.3307,4.063,4.1824,3.1383,2.7427,2.2915,2.2198,2.7843,2.8002,2.6081,3.662,3.0443,4.5993,302.066,6.9926,woman,multiracial_or_other,team,recreational,yes,yes,yes,morning,unfamiliar,no,110.835793,3.835793,52.010277
T30_0196,66.5212,21.0,2.6669,117.0,6.0,8.5202,6.9394,2.9818,2.303,2.7253,3.4266,2.5596,2.7283,4.6503,4.0851,3.471,3.2922,2.8363,2.4048,633.8631,4.7539,woman,white,individual,recreational,no,no,yes,afternoon,familiar,yes,135.663175,18.663175,63.512767
T30_0197,68.1196,24.0,3.645,122.0,5.0,9.471,6.2559,3.2333,3.2389,2.5387,3.3343,3.4437,2.29,3.8889,3.6433,2.7908,2.6156,2.0388,2.7486,768.4538,5.6405,nonbinary_or_self_described,white,individual,competitive,yes,no,no,morning,unfamiliar,yes,132.253605,10.253605,67.618738
T30_0198,60.6114,27.0,4.6786,117.0,2.0,1.674,7.9184,3.5436,1.806,2.8998,2.7127,1.5947,3.3718,3.1296,2.5566,2.8962,4.0462,3.4787,2.9023,357.9894,3.8311,man,white,team,competitive,no,no,no,morning,unfamiliar,yes,136.95066,19.95066,51.387376
T30_0199,70.8034,32.0,3.1029,114.0,8.0,7.4373,8.2251,3.3238,3.9631,3.6128,2.7595,2.2725,2.2548,2.5154,2.7106,3.5302,3.3792,2.8598,3.1965,316.7935,7.6632,man,asian,individual,recreational,no,no,yes,morning,unfamiliar,yes,135.946359,21.946359,60.280178
T30_0200,64.6553,27.0,3.6577,140.0,4.0,10.4293,7.354,2.511,3.4739,3.3074,3.7623,3.3266,3.8769,3.2101,3.2699,2.5033,2.8712,3.1868,2.3124,355.1079,7.0847,nonbinary_or_self_described,white,team,recreational,no,yes,no,morning,unfamiliar,yes,115.892765,-24.107235,57.138036
T30_0201,55.7178,24.0,3.2715,106.0,3.0,10.3547,7.0238,3.3667,3.4452,2.7512,3.1941,1.981,1.2727,1.5916,2.7432,2.6851,4.0151,2.8003,1.6135,260.0056,4.9639,woman,hispanic_latino,team,recreational,yes,no,yes,morning,familiar,yes,115.949642,9.949642,54.802559
T30_0202,84.9585,24.0,2.8622,113.0,8.0,7.3385,7.8628,3.3678,2.9745,4.5047,3.6464,2.331,2.5524,2.5305,4.1112,2.9874,3.0399,3.661,3.3073,425.591,3.7487,man,white,individual,recreational,no,no,no,afternoon,familiar,yes,130.580506,17.580506,69.5084
T30_0203,60.9472,30.0,1.7516,118.0,7.0,8.3965,7.3549,1.4346,2.8091,3.1794,3.9401,2.5249,1.976,2.9866,1.6157,3.2412,2.7698,3.0191,3.3578,599.4596,4.1204,woman,multiracial_or_other,team,competitive,no,no,yes,afternoon,familiar,yes,110.685511,-7.314489,58.574317
T30_0204,68.1017,25.0,2.222,99.0,9.0,5.7838,6.3454,3.5012,3.332,2.9328,2.9312,3.2589,4.5039,3.3826,3.1354,3.1883,2.4301,2.6119,3.0857,570.5877,6.8392,woman,white,individual,recreational,yes,no,yes,morning,familiar,yes,125.393069,26.393069,60.559543
T30_0205,77.8028,24.0,3.3124,133.0,3.0,4.7433,6.1329,2.8864,3.619,3.4462,2.4965,2.1408,2.9522,4.061,2.96,1.4587,2.9201,2.6669,1.3572,267.6332,2.8026,woman,hispanic_latino,team,competitive,no,no,no,afternoon,familiar,yes,132.332363,-0.667637,63.747526
T30_0206,54.1765,22.0,1.838,117.0,6.0,12.075,6.945,2.8452,3.5956,2.4636,2.6567,2.7007,2.2238,3.5038,2.768,2.6125,3.8524,2.8744,2.8399,380.4969,2.881,woman,white,team,competitive,yes,no,yes,afternoon,unfamiliar,yes,128.117744,11.117744,46.023752
T30_0207,80.9444,25.0,3.3872,108.0,9.0,12.9941,8.0494,2.4811,3.6483,3.3289,3.878,3.0577,3.6286,2.7267,2.3632,3.7928,3.0166,3.0716,3.2313,189.0668,8.8161,woman,hispanic_latino,team,competitive,yes,no,yes,afternoon,familiar,yes,122.51855,14.51855,55.573201
T30_0208,74.5313,19.0,1.1633,153.0,6.0,4.4203,6.8208,2.8669,3.886,2.5894,3.3857,3.1383,3.7866,2.356,2.4631,2.5306,2.8483,2.4445,2.3127,263.4512,1.9682,man,white,individual,competitive,no,no,no,afternoon,unfamiliar,yes,104.710883,-48.289117,60.325621
T30_0209,82.9577,19.0,2.4589,157.0,7.0,8.1712,7.2914,2.3554,2.3484,2.3553,1.7483,2.5406,2.9067,3.0173,3.3932,4.4697,3.2783,2.2739,3.1361,322.3566,5.4019,woman,white,team,competitive,yes,no,no,afternoon,unfamiliar,yes,124.443636,-32.556364,57.020531
T30_0210,62.7175,31.0,4.2091,124.0,4.0,8.8669,8.4241,3.0221,2.7338,3.3733,4.6954,1.9376,2.6224,3.5816,2.3809,3.9964,3.708,2.6257,3.3738,561.8637,6.9959,man,multiracial_or_other,team,competitive,no,no,yes,afternoon,familiar,yes,139.536478,15.536478,67.58168
T30_0211,62.2085,26.0,1.4941,97.0,4.0,2.7907,9.4672,2.707,4.5562,3.7182,3.134,3.39,3.5861,2.2866,3.1146,1.7486,4.161,3.7707,2.7626,182.8583,5.3903,man,white,individual,competitive,yes,no,yes,afternoon,unfamiliar,yes,119.635742,22.635742,45.290619
T30_0212,80.4964,24.0,3.7861,90.0,8.0,6.8508,7.1625,3.073,3.4523,3.8539,3.7115,2.0844,2.3136,3.72,4.0353,4.5082,2.9875,3.4119,2.9242,526.3001,6.8099,woman,white,team,competitive,no,no,no,afternoon,familiar,yes,136.188673,46.188673,70.75838
T30_0213,88.6005,27.0,2.7706,113.0,10.0,8.4401,8.8267,1.8424,2.3213,3.1838,3.1186,2.4801,3.1846,3.0323,2.017,3.6108,3.7064,4.8192,3.3106,513.3827,6.4863,man,black,individual,competitive,no,no,yes,morning,familiar,yes,123.753302,10.753302,60.399403
T30_0214,79.5682,34.0,2.3893,120.0,5.0,8.2844,8.8481,1.6926,2.2504,1.825,2.3845,2.9813,3.2193,3.2402,2.5771,4.0135,4.3877,4.1087,2.2385,230.8397,6.1786,woman,asian,individual,recreational,yes,no,yes,afternoon,unfamiliar,no,135.896941,15.896941,69.871146
T30_0215,74.5917,32.0,1.7207,155.0,8.0,5.3408,8.1914,2.982,3.2663,2.7419,3.465,3.0202,3.4517,2.6158,2.9183,2.0302,3.5463,4.0502,2.1468,136.3583,9.7336,woman,white,team,competitive,no,no,yes,afternoon,unfamiliar,yes,112.71356,-42.28644,55.262008
T30_0216,76.5946,22.0,3.6209,134.0,9.0,4.5757,6.7975,3.8409,2.7987,2.5498,3.619,3.928,3.7849,2.418,2.18,3.8033,2.945,3.2158,3.2417,636.1809,3.3683,woman,hispanic_latino,team,recreational,no,no,yes,afternoon,familiar,yes,139.495914,5.495914,68.416579
T30_0217,85.0965,33.0,3.0776,131.0,1.0,11.7457,6.0951,2.8421,4.3379,3.2305,2.7851,3.0133,3.0581,3.0132,4.0629,2.7355,2.88,3.4963,3.2986,437.9285,4.2657,man,asian,team,competitive,no,yes,yes,afternoon,unfamiliar,yes,127.596253,-3.403747,62.092214
T30_0218,79.2988,29.0,4.0259,140.0,5.0,11.8701,5.4458,2.4701,2.5223,1.9408,3.9983,4.087,2.8701,2.5561,2.6201,2.6355,2.4053,2.9813,1.8024,587.4939,2.645,man,white,team,recreational,no,no,no,morning,unfamiliar,yes,123.215889,-16.784111,58.157239
T30_0219,76.6851,20.0,3.4471,136.0,4.0,8.6175,7.3638,3.6266,2.4653,3.6642,3.068,3.4821,1.9796,1.8974,2.9035,2.9357,3.8043,3.0115,1.9957,641.8446,6.6008,woman,black,individual,competitive,yes,yes,no,morning,unfamiliar,yes,118.802802,-17.197198,50.489671
T30_0220,54.3068,26.0,3.2876,111.0,7.0,4.6758,8.6169,2.707,3.3024,3.0993,3.6744,3.4777,3.0748,3.0939,3.6485,2.2193,2.3019,3.4423,3.6117,543.7289,4.7655,man,multiracial_or_other,individual,competitive,no,no,no,morning,familiar,yes,126.781088,15.781088,55.488583
T30_0221,93.7702,30.0,2.7999,129.0,3.0,6.7304,6.765,2.8137,1.9173,3.5161,2.589,2.2349,3.081,2.0354,3.4441,2.0409,3.9139,2.593,2.8726,508.3201,7.1491,nonbinary_or_self_described,white,individual,competitive,no,no,no,afternoon,familiar,yes,125.686135,-3.313865,66.433203
T30_0222,64.9889,22.0,3.5901,97.0,6.0,11.7306,6.9334,3.2863,3.2261,2.3385,3.0135,2.6879,2.7366,3.709,2.1548,2.3645,3.3722,2.6552,3.5731,368.8939,4.3322,woman,hispanic_latino,team,recreational,no,no,no,afternoon,unfamiliar,yes,127.305536,30.305536,63.946611
T30_0223,70.8367,29.0,2.4426,124.0,9.0,10.0486,8.4785,3.1066,3.8171,1.8958,3.6238,2.574,4.8294,3.3591,2.6475,4.0141,2.8627,2.314,3.3577,246.6327,8.8261,man,hispanic_latino,team,competitive,yes,no,no,morning,familiar,yes,142.681744,18.681744,76.721579
T30_0224,55.2465,20.0,3.496,133.0,8.0,13.1902,6.2762,2.065,3.1175,3.5886,2.3039,3.7973,3.8208,2.785,2.5196,3.281,3.3761,2.7704,2.4751,435.2356,5.1464,man,white,team,competitive,no,no,yes,afternoon,unfamiliar,no,143.360742,10.360742,54.581382
T30_0225,77.1984,27.0,1.5383,81.0,9.0,7.1084,6.3002,4.8238,3.5944,3.3549,3.4216,3.3384,1.6369,3.8873,4.5241,3.3474,3.095,3.6022,2.8806,544.9344,8.6018,woman,asian,individual,competitive,no,no,no,afternoon,unfamiliar,no,132.740316,51.740316,62.494747
T30_0226,69.0888,20.0,3.3163,122.0,5.0,9.9211,9.0682,3.1217,2.6415,3.7202,2.4806,3.109,4.0401,3.0275,4.5636,2.8036,3.8836,3.1719,3.8126,756.1696,3.7843,woman,white,individual,competitive,no,no,no,morning,familiar,yes,134.228078,12.228078,69.424248
T30_0227,57.0591,32.0,4.8873,101.0,9.0,7.5465,7.2834,2.3204,3.8001,2.8851,2.9108,3.1097,3.272,2.6347,2.3446,3.3194,3.0839,2.6504,2.7519,563.0307,6.0513,woman,hispanic_latino,team,competitive,no,yes,no,morning,unfamiliar,yes,138.388251,37.388251,48.477217
T30_0228,63.9674,29.0,3.4475,112.0,7.0,5.601,6.5792,2.8296,3.5318,1.6191,3.0999,3.4952,3.0905,1.8247,3.469,2.507,3.3636,3.7658,3.298,617.7023,7.2836,man,asian,team,competitive,no,no,no,morning,familiar,no,117.146863,5.146863,56.196928
T30_0229,68.1677,23.0,3.3484,131.0,10.0,9.8885,8.3481,3.0626,3.2815,3.1943,2.5597,3.9304,2.3773,2.792,3.8517,1.8286,2.3418,1.2539,3.6586,245.0568,5.8537,man,hispanic_latino,team,recreational,no,no,no,morning,unfamiliar,no,114.472697,-16.527303,61.02292
T30_0230,54.6687,19.0,2.8636,126.0,4.0,12.9798,6.1323,3.1342,3.8609,2.3119,2.8962,2.718,2.9329,2.408,3.0454,2.7937,3.8383,1.4505,2.2339,629.3665,6.0138,man,hispanic_latino,individual,competitive,no,no,no,afternoon,unfamiliar,yes,145.33018,19.33018,67.482124
T30_0231,84.963,26.0,3.1123,118.0,7.0,10.7494,8.3316,3.6142,2.7689,3.677,2.2142,3.5304,3.0255,3.5136,2.7952,2.446,3.4551,2.7919,2.9633,220.999,9.2041,man,asian,individual,recreational,yes,yes,no,afternoon,familiar,yes,118.113323,0.113323,69.80455
T30_0232,61.6498,34.0,3.3125,100.0,4.0,6.9015,7.5196,2.7673,3.5299,3.8086,2.8452,3.0234,2.709,4.4516,2.1453,2.9204,2.9056,2.791,3.3633,720.5439,6.653,woman,hispanic_latino,individual,competitive,no,no,yes,afternoon,familiar,yes,139.001609,39.001609,66.06775
T30_0233,48.4472,25.0,3.8832,111.0,7.0,6.9947,6.643,3.3518,4.5652,3.7002,2.9521,3.4001,3.2539,2.3316,3.6856,2.0517,2.9695,1.4883,3.8555,437.1206,5.2511,man,white,team,recreational,no,no,yes,morning,unfamiliar,yes,137.317766,26.317766,58.74109
T30_0234,72.4986,22.0,3.1464,155.0,5.0,6.3295,7.0518,2.6451,2.8237,2.748,3.1346,3.3384,2.8567,3.6301,4.8309,2.4252,2.3334,3.1499,3.3647,240.5172,6.5908,woman,white,team,competitive,no,yes,yes,afternoon,unfamiliar,yes,130.938873,-24.061127,60.294572
T30_0235,73.8368,32.0,2.0068,110.0,5.0,3.1918,7.9673,3.8095,3.5289,4.2492,3.4849,3.4708,1.9629,3.8522,1.9471,3.0644,3.8775,1.991,3.3523,694.8219,8.7345,man,asian,individual,recreational,yes,yes,yes,morning,familiar,yes,119.931898,9.931898,64.088425
T30_0236,62.1826,29.0,2.5011,121.0,6.0,8.8887,8.746,3.512,1.7588,2.4414,3.701,4.0709,3.4949,3.2646,3.316,1.3371,2.5126,3.1923,3.0081,565.6248,3.9805,woman,white,individual,competitive,no,no,yes,afternoon,unfamiliar,yes,117.920631,-3.079369,51.47088
T30_0237,58.7946,27.0,2.9285,125.0,4.0,9.3005,8.9085,3.4808,2.0192,3.0304,3.9599,2.1993,1.9026,2.7797,3.2528,3.8138,3.4238,2.9393,3.0995,582.3505,6.9771,woman,white,individual,competitive,no,no,no,afternoon,unfamiliar,yes,116.529683,-8.470317,57.847322
T30_0238,87.343,29.0,3.7888,127.0,6.0,11.9635,6.0795,3.4255,2.0698,4.6625,2.9293,3.3555,2.2928,3.0969,2.8237,3.1494,3.6793,3.0457,3.4203,401.1988,8.3954,man,white,individual,recreational,no,no,no,morning,familiar,yes,106.177477,-20.822523,60.000131
T30_0239,58.7614,21.0,2.4284,119.0,1.0,2.4639,7.1245,2.8354,3.4484,2.5077,2.9213,4.0079,3.2906,2.5893,4.849,3.2446,3.4156,2.1189,3.5991,383.7026,2.4261,man,hispanic_latino,individual,recreational,no,no,no,afternoon,familiar,no,129.252031,10.252031,56.093079
T30_0240,85.9731,22.0,2.965,112.0,9.0,5.4369,7.4006,2.5072,2.9367,2.0188,4.0769,3.1084,3.4523,2.4378,1.8851,3.0912,4.0187,4.0716,3.2046,323.4855,5.6484,woman,white,team,competitive,no,no,yes,morning,unfamiliar,yes,133.411713,21.411713,67.928407
T30_0241,65.9528,29.0,2.2039,95.0,9.0,12.2811,7.0023,3.2801,4.3514,2.9148,3.215,3.0191,2.6265,3.4034,2.7145,3.1425,3.7151,3.4609,2.8861,570.1483,5.6212,woman,white,individual,competitive,no,no,no,morning,unfamiliar,yes,112.029255,17.029255,57.541192
T30_0242,82.2792,21.0,4.8543,108.0,10.0,4.6106,7.4683,2.4931,2.9541,3.685,4.0024,3.3699,3.7557,3.2847,2.3482,2.6609,2.315,4.1665,2.6588,635.6098,6.007,woman,asian,team,recreational,yes,no,no,morning,familiar,yes,113.489584,5.489584,64.919598
T30_0243,55.6173,32.0,3.5147,111.0,9.0,9.8275,6.8915,2.7916,2.5523,3.0931,2.3417,3.0752,4.1529,3.1223,2.918,2.5093,3.2239,2.9759,3.5151,221.642,6.8439,man,white,individual,competitive,no,yes,no,afternoon,familiar,yes,119.562357,8.562357,62.552225
T30_0244,72.6786,25.0,3.3199,112.0,9.0,6.1235,8.0195,3.0035,3.514,1.9705,3.3914,2.5421,4.154,3.0118,1.7256,2.8216,3.2259,1.9342,4.0787,199.5354,6.8192,man,hispanic_latino,team,competitive,no,no,no,morning,familiar,yes,138.360993,26.360993,70.083161
T30_0245,58.0415,21.0,2.6834,115.0,5.0,3.961,8.5042,3.5573,3.152,4.1376,3.6917,3.2378,3.3203,3.6817,3.5224,2.8105,2.3446,2.3001,2.3134,675.4837,7.2302,woman,white,team,competitive,yes,no,no,afternoon,unfamiliar,yes,123.562754,8.562754,50.618231
T30_0246,69.3213,24.0,4.4132,108.0,3.0,9.3699,9.1463,4.3954,2.9582,3.3803,4.3707,2.1145,4.1673,2.1698,1.3837,2.2573,3.1871,2.1514,2.6001,461.3305,7.4966,man,hispanic_latino,team,competitive,no,no,yes,afternoon,unfamiliar,yes,117.686195,9.686195,45.600213
T30_0247,65.5224,27.0,3.0261,107.0,4.0,5.9784,7.7972,2.5475,3.1872,3.0715,3.653,4.1156,2.7628,2.1333,3.18,3.0054,2.1858,2.4597,3.055,242.9558,4.7963,man,white,individual,recreational,yes,no,no,morning,familiar,yes,107.906182,0.906182,49.103047
T30_0248,80.3558,20.0,2.5918,126.0,8.0,12.6188,7.6111,3.0773,1.9598,2.7198,2.8748,2.5225,2.8922,2.9951,2.4975,1.7794,3.9785,3.334,3.2761,249.2184,7.3582,nonbinary_or_self_described,white,team,competitive,no,no,yes,morning,unfamiliar,yes,127.542585,1.542585,65.01935
T30_0249,46.8234,30.0,3.6802,116.0,5.0,11.4864,8.406,3.2438,3.2465,2.2142,3.8522,2.1553,3.8085,2.8412,3.0791,2.3109,2.8867,4.2998,3.0529,543.1464,2.7923,man,white,individual,competitive,no,no,no,afternoon,familiar,yes,143.452732,27.452732,52.353728
T30_0250,59.7934,24.0,3.6032,114.0,8.0,6.3359,8.6549,3.1274,2.8907,2.5483,2.3192,2.3016,1.9752,2.315,2.5327,3.8722,3.4924,1.2723,2.7134,610.488,5.711,man,multiracial_or_other,individual,competitive,no,no,no,morning,familiar,yes,136.410362,22.410362,61.341563
T30_0251,48.5618,31.0,3.565,90.0,4.0,11.6142,6.2657,2.6868,3.3334,1.7248,3.356,1.3413,3.6876,2.1263,2.3435,2.2836,3.2695,2.6846,3.3233,180.7365,5.1613,woman,hispanic_latino,team,competitive,no,no,yes,afternoon,unfamiliar,no,144.870468,54.870468,54.748583
T30_0252,79.5362,27.0,2.0655,109.0,6.0,6.3959,7.6311,4.0827,2.9115,2.555,2.1297,4.132,3.0336,2.2376,3.0843,3.0062,3.4367,2.6019,2.3572,604.9268,8.069,woman,black,individual,recreational,yes,no,yes,morning,unfamiliar,yes,121.617644,12.617644,61.814458
T30_0253,58.9945,20.0,3.0503,127.0,2.0,7.1922,7.4525,2.4646,2.7496,3.3264,3.8423,2.1552,2.9911,1.9016,3.1696,3.0377,3.2958,3.2484,3.6268,579.5743,2.0819,woman,hispanic_latino,individual,recreational,no,no,no,afternoon,unfamiliar,yes,127.99153,0.99153,53.159962
T30_0254,67.388,24.0,3.2547,112.0,8.0,9.5359,7.3629,2.9705,2.5828,2.1246,2.1595,3.4177,2.7588,3.3046,3.3591,2.2554,3.25,2.4856,1.9842,804.2584,4.4289,man,multiracial_or_other,individual,competitive,yes,no,yes,morning,unfamiliar,no,111.392717,-0.607283,58.528711
T30_0255,69.3956,25.0,2.9303,131.0,5.0,6.9222,7.843,3.4245,1.9863,3.5233,1.9095,2.6066,2.667,4.4293,2.38,4.2161,1.323,3.3254,1.8864,143.1792,9.7521,nonbinary_or_self_described,hispanic_latino,individual,competitive,no,no,no,morning,familiar,yes,116.989417,-14.010583,59.446739
T30_0256,80.062,21.0,4.3481,144.0,1.0,9.8166,7.5111,3.6826,3.8638,3.6885,1.9402,1.5887,1.7478,3.5312,3.9284,3.7279,3.6942,3.7377,4.2928,176.7437,7.8445,man,white,team,competitive,no,no,no,morning,unfamiliar,yes,130.622035,-13.377965,56.658708
T30_0257,68.4017,21.0,3.36,86.0,4.0,7.0831,5.091,2.5504,3.0331,2.6843,2.4841,2.5017,4.013,4.0881,2.1814,2.784,4.3272,2.7378,3.7964,289.3594,6.2575,woman,white,individual,recreational,no,no,no,morning,familiar,yes,125.931521,39.931521,55.455396
T30_0258,77.8561,31.0,3.2866,123.0,4.0,4.7418,9.0762,2.8895,2.1671,3.5369,3.2252,2.2061,1.9613,3.228,3.6581,2.9294,2.5741,2.2855,3.1001,647.9683,4.9963,man,hispanic_latino,team,competitive,no,no,yes,morning,unfamiliar,yes,112.698517,-10.301483,75.616597
T30_0259,55.2802,19.0,3.6154,114.0,8.0,8.1473,8.0389,3.2581,2.8582,2.0785,3.9705,3.1779,2.8961,2.6278,3.3301,2.8071,3.1246,3.281,3.9184,306.1804,9.1346,man,white,individual,recreational,no,no,no,morning,unfamiliar,no,143.079265,29.079265,58.496149
T30_0260,75.9277,20.0,2.3132,157.0,9.0,14.8925,7.8011,2.0733,3.6589,3.4391,4.1737,2.9016,2.0262,3.6224,2.9826,3.7645,3.5025,1.8136,3.0992,742.5517,5.4773,nonbinary_or_self_described,white,team,recreational,no,yes,no,afternoon,unfamiliar,yes,144.301088,-12.698912,67.719891
T30_0261,38.3126,23.0,3.0334,107.0,2.0,8.0923,7.615,4.5138,2.6384,2.8719,2.0975,2.9732,2.8462,2.6533,3.6195,3.3762,2.2215,4.5226,3.21,575.6895,7.7827,man,multiracial_or_other,individual,competitive,no,no,yes,afternoon,familiar,no,130.829398,23.829398,47.258486
T30_0262,65.4308,24.0,3.7377,103.0,8.0,5.7796,7.8497,3.9816,2.1704,3.8558,2.5153,4.2701,3.0052,3.5644,2.8607,2.7551,3.8679,3.9937,2.164,676.8918,1.0062,woman,hispanic_latino,team,recreational,yes,no,yes,morning,familiar,yes,128.446953,25.446953,55.220795
T30_0263,69.0756,20.0,2.388,106.0,5.0,5.1224,8.3891,2.9308,2.5904,3.3903,2.2166,3.6665,2.3292,2.3601,2.3797,2.4043,3.1088,3.2791,4.1904,340.3928,6.3891,man,white,individual,recreational,no,no,no,afternoon,unfamiliar,yes,109.625363,3.625363,55.94319
T30_0264,73.2611,22.0,4.2135,109.0,6.0,9.9235,8.0878,2.9884,4.6382,4.6929,4.1245,2.6947,3.3212,3.7743,2.0223,3.6951,2.6475,3.4032,2.6242,537.4629,8.3981,woman,white,team,competitive,no,no,no,morning,familiar,yes,137.814798,28.814798,56.057466
T30_0265,52.1354,21.0,2.2812,108.0,3.0,4.8075,8.5448,3.4698,2.6824,3.1383,2.7688,3.549,4.4377,2.7398,2.2459,2.6988,3.2109,3.1357,2.793,255.5987,5.0162,man,black,individual,competitive,no,no,no,morning,familiar,yes,120.150131,12.150131,49.98113
T30_0266,75.2139,32.0,3.2499,131.0,4.0,8.6023,7.2347,2.2878,3.1902,2.2498,4.2836,3.2229,2.6558,3.4556,1.4285,3.2497,3.4582,2.8036,3.5029,235.2325,2.0999,man,multiracial_or_other,individual,recreational,no,no,no,morning,unfamiliar,yes,121.215814,-9.784186,68.900528
T30_0267,82.0557,20.0,2.3198,89.0,7.0,8.7899,8.3707,2.9801,2.173,1.7571,2.0098,3.7503,3.2359,2.1499,2.6,2.6954,2.477,3.071,3.5725,544.8139,5.3669,nonbinary_or_self_described,white,individual,recreational,yes,yes,no,morning,familiar,yes,109.316507,20.316507,56.966435
T30_0268,73.2501,22.0,2.3341,152.0,8.0,11.5393,7.3821,3.8823,3.6419,2.0292,4.3734,4.2262,2.7068,2.6834,2.5923,4.0026,2.4664,4.6177,4.0374,271.7926,5.9738,man,white,individual,recreational,yes,no,no,morning,unfamiliar,yes,120.825838,-31.174162,67.522673
T30_0269,74.9983,21.0,3.8876,114.0,6.0,5.4141,6.8626,2.3728,2.9613,2.3668,1.6365,2.8924,1.6894,3.0814,3.029,3.8269,2.0851,4.0476,3.3723,611.2383,7.2206,man,black,individual,competitive,yes,no,yes,morning,familiar,yes,117.183387,3.183387,66.263762
T30_0270,94.3593,21.0,2.607,117.0,11.0,9.9262,8.7224,2.8113,3.5669,3.2405,3.5879,4.6837,3.0248,2.6119,2.9673,2.9039,2.8276,2.6639,3.0611,916.4584,4.8124,man,hispanic_latino,individual,recreational,no,yes,no,afternoon,unfamiliar,no,118.716887,1.716887,70.637113
T30_0271,71.8033,29.0,4.058,133.0,4.0,6.5744,7.4953,2.7183,3.0603,3.6751,3.783,3.2088,3.6919,3.753,3.2897,3.0234,3.0306,2.9647,4.207,482.487,5.8536,man,white,team,recreational,no,no,yes,morning,familiar,yes,134.595481,1.595481,58.801344
T30_0272,82.0523,24.0,2.7787,112.0,2.0,7.9297,8.5178,3.9471,2.1993,2.4699,2.3046,2.7523,2.6192,3.1502,3.471,2.0492,3.1196,2.2709,2.6081,478.6506,2.1785,woman,asian,individual,competitive,no,no,no,afternoon,unfamiliar,yes,133.48628,21.48628,64.746933
T30_0273,75.983,25.0,3.4185,113.0,8.0,7.2423,8.2834,4.574,4.1675,3.36,3.9958,2.7611,3.7926,2.5606,3.4445,3.272,3.8651,3.7034,2.2789,947.2679,7.7646,man,asian,individual,competitive,no,no,yes,morning,unfamiliar,yes,128.292308,15.292308,66.136037
T30_0274,70.256,22.0,3.1165,117.0,5.0,8.9987,7.305,3.5144,1.7694,3.4159,3.2558,2.7747,3.9934,3.2706,4.1071,3.2552,3.8541,3.8273,3.106,533.5497,7.6119,woman,white,individual,competitive,no,no,no,morning,unfamiliar,yes,128.101318,11.101318,57.199072
T30_0275,69.7788,23.0,2.6163,104.0,6.0,9.1347,8.3732,3.6579,2.8495,1.7162,3.4518,2.2185,3.5968,2.7964,2.5943,3.8284,3.7612,3.6624,3.0564,597.3351,7.8017,woman,white,team,recreational,no,yes,no,afternoon,unfamiliar,no,134.158433,30.158433,62.08601
T30_0276,68.8683,32.0,3.199,100.0,7.0,6.6503,7.145,2.4383,3.4568,2.8852,3.9134,3.5346,2.6774,2.2184,3.7028,3.5563,2.6297,2.1494,2.6848,249.8791,5.898,man,asian,individual,competitive,no,no,yes,afternoon,familiar,yes,112.733223,12.733223,55.066201
T30_0277,77.7336,23.0,3.2329,98.0,6.0,8.0102,8.6315,3.1151,2.063,3.011,3.5544,3.5739,3.528,3.1394,2.0555,3.3566,4.2801,2.5428,1.7502,286.3187,6.6561,man,hispanic_latino,team,recreational,yes,no,no,afternoon,familiar,yes,118.643426,20.643426,74.117472
T30_0278,72.5938,27.0,3.5635,118.0,7.0,6.6817,7.6022,2.7124,3.4933,1.7298,2.0099,3.0017,2.5684,2.1331,4.4383,2.4349,2.7147,2.0772,2.3387,479.0335,2.745,woman,white,team,recreational,no,yes,yes,morning,familiar,yes,148.766761,30.766761,66.78728
T30_0279,85.8915,22.0,3.4024,111.0,8.0,7.646,6.4416,3.3472,2.5602,3.1612,1.6139,2.0565,3.5351,3.1795,2.662,3.3798,3.7178,2.8113,2.6948,440.7192,4.8315,woman,black,individual,competitive,no,no,no,afternoon,familiar,yes,131.620342,20.620342,58.913439
T30_0280,66.9918,23.0,3.7254,115.0,6.0,9.8505,7.5822,3.2437,2.6755,2.2767,2.5124,2.5206,3.7131,2.5192,2.8918,2.6313,2.9549,4.1768,3.5703,525.5324,1.816,man,hispanic_latino,individual,competitive,no,yes,yes,afternoon,familiar,yes,133.272306,18.272306,63.105032
T30_0281,63.2645,28.0,4.2652,119.0,3.0,7.314,7.4926,3.0401,3.1737,2.2071,2.2923,3.0888,3.9006,2.9846,2.8404,2.6706,3.5385,2.9048,1.9055,561.3946,7.345,man,hispanic_latino,team,recreational,no,no,yes,morning,unfamiliar,yes,132.923674,13.923674,51.312561
T30_0282,60.9626,25.0,2.4866,85.0,2.0,2.4489,6.694,3.0944,4.081,2.8444,2.516,2.9363,2.5683,3.647,2.807,3.1676,2.2626,3.7323,2.2422,570.6049,9.4016,woman,black,individual,competitive,no,yes,no,morning,unfamiliar,yes,119.9889,34.9889,57.398437
T30_0283,74.8936,28.0,3.8165,101.0,4.0,9.5156,8.2926,2.503,4.0054,3.1817,1.867,3.7428,3.3345,3.4624,2.378,1.7614,2.6925,2.1725,3.2226,863.8134,5.5507,woman,white,team,competitive,no,yes,no,afternoon,familiar,yes,124.842306,23.842306,57.330081
T30_0284,84.1034,26.0,2.3951,115.0,5.0,10.1303,7.2134,2.0412,2.1322,3.7281,2.843,2.1543,2.1822,3.7941,2.0594,3.6462,3.2717,2.8306,2.1762,257.6161,5.2784,man,white,team,recreational,no,no,no,morning,familiar,yes,118.629828,3.629828,66.823146
T30_0285,66.3103,22.0,3.9002,97.0,6.0,8.2041,6.7608,3.3916,3.1987,3.2349,3.4303,2.0651,3.6145,3.6117,3.5268,4.0478,2.8195,2.7573,3.3059,609.957,8.1462,woman,multiracial_or_other,team,recreational,no,no,no,morning,familiar,yes,127.924108,30.924108,54.151135
T30_0286,77.7569,30.0,3.0599,131.0,7.0,8.3081,7.1435,3.0651,2.9817,2.9894,2.9782,2.8814,3.5687,2.6766,3.3614,4.056,4.2875,2.8696,3.3151,576.7107,5.953,man,hispanic_latino,individual,recreational,yes,no,no,morning,unfamiliar,yes,118.575986,-12.424014,70.229079
T30_0287,58.5413,22.0,1.8272,135.0,2.0,6.1821,7.1959,3.1278,4.5472,3.743,3.4086,3.5326,3.4582,3.6016,2.713,2.8669,2.3669,3.6937,3.3481,724.6253,7.4647,woman,hispanic_latino,team,competitive,no,no,no,afternoon,unfamiliar,yes,110.092751,-24.907249,50.403494
T30_0288,59.3441,28.0,2.5043,129.0,6.0,8.443,6.6131,4.0913,3.3219,3.069,2.5967,3.0922,3.249,3.4906,3.9595,2.9135,4.4468,1.6744,1.7652,463.2329,5.3944,woman,white,individual,recreational,no,no,no,morning,unfamiliar,yes,117.175624,-11.824376,59.893151
T30_0289,86.4909,29.0,3.0819,119.0,2.0,8.2024,8.2671,4.2274,3.4864,4.5136,3.5217,2.8843,3.4384,4.0033,3.1448,2.5528,3.437,2.0177,2.8117,668.3952,3.9933,man,white,individual,competitive,no,no,no,morning,unfamiliar,yes,152.952775,33.952775,75.426975
T30_0290,62.6193,24.0,3.7909,97.0,4.0,5.9575,7.6736,2.349,3.5307,2.2552,3.2777,4.1403,4.9293,4.3737,2.9853,3.6737,3.4684,3.3546,3.0216,253.3483,4.8577,nonbinary_or_self_described,white,individual,competitive,no,no,no,morning,familiar,yes,116.097078,19.097078,54.874658
T30_0291,72.4008,31.0,2.1889,85.0,4.0,12.9905,8.0754,3.1901,2.303,3.9187,2.4219,3.7202,3.91,3.7831,2.9773,3.294,4.0143,3.3125,3.3999,630.8318,6.0026,man,white,team,recreational,no,no,yes,morning,familiar,yes,125.896714,40.896714,61.310271
T30_0292,49.182,22.0,2.9856,126.0,10.0,7.2358,8.116,2.5293,3.2588,4.0681,3.0139,3.6648,2.834,3.1751,2.5282,2.2093,3.1348,1.6239,3.1608,259.2785,2.9948,man,white,individual,recreational,no,no,yes,afternoon,unfamiliar,yes,131.026393,5.026393,61.321946
T30_0293,54.2727,29.0,2.6549,137.0,8.0,9.4923,6.9304,2.8361,2.194,4.0678,2.7161,3.3186,3.3055,2.7465,2.7255,3.5612,3.4181,3.5355,3.6479,597.4781,9.6303,woman,multiracial_or_other,individual,competitive,no,yes,no,morning,unfamiliar,yes,126.507049,-10.492951,51.779222
T30_0294,71.3599,20.0,2.0569,125.0,4.0,11.9884,8.6949,4.3582,2.4772,2.5208,2.8657,3.1967,2.0192,2.8533,4.347,4.0009,3.0479,4.2241,2.9662,616.2059,1.0048,man,asian,team,competitive,no,no,no,morning,familiar,yes,132.954854,7.954854,58.531155
T30_0295,75.5592,21.0,3.251,89.0,7.0,10.6897,7.9948,3.6199,2.5937,2.476,2.5352,3.9452,2.372,3.2747,2.496,3.4362,2.3714,3.9868,2.9356,406.964,3.5009,man,multiracial_or_other,team,recreational,no,no,no,morning,unfamiliar,yes,133.484,44.484,64.58729
T30_0296,83.4344,26.0,4.1,91.0,8.0,9.2687,8.7877,3.0543,3.1295,3.126,2.3496,3.0451,3.5152,2.352,2.3208,2.5265,2.3022,2.7317,3.1619,722.9103,4.4609,woman,white,team,recreational,no,no,no,morning,familiar,yes,123.237106,32.237106,66.703108
T30_0297,89.4613,25.0,2.1993,95.0,5.0,13.4672,6.6489,2.9512,3.6411,3.4736,2.9636,3.0423,3.0711,2.4756,2.3858,3.3499,2.7076,3.1125,3.1624,327.4894,4.3547,nonbinary_or_self_described,multiracial_or_other,team,competitive,yes,no,no,afternoon,familiar,no,120.274491,25.274491,62.434727
T30_0298,72.3205,23.0,2.3275,108.0,4.0,2.0201,7.3532,2.4569,2.9792,2.7094,3.6202,2.0528,2.9523,2.9808,3.4878,4.1785,3.1382,2.8368,2.2968,392.5596,6.454,woman,white,team,recreational,no,no,yes,morning,unfamiliar,yes,125.82417,17.82417,66.774752
T30_0299,84.2759,20.0,2.788,115.0,8.0,8.8666,6.7433,2.1167,3.3889,3.677,2.4577,3.2767,3.0976,3.5352,2.7186,3.0839,3.2716,2.6386,2.4242,655.8198,7.8328,man,hispanic_latino,team,recreational,no,no,no,afternoon,unfamiliar,yes,106.48907,-8.51093,56.424452
T30_0300,83.5461,31.0,2.4375,133.0,6.0,9.8849,6.9824,3.8132,3.1152,2.8618,2.8514,3.2591,2.7302,2.9898,3.742,2.7887,3.1715,3.0194,3.9971,318.4394,8.2713,man,asian,individual,competitive,no,no,yes,morning,unfamiliar,yes,132.915043,-0.084957,76.065273
T30_0301,65.4433,24.0,3.6872,112.0,4.0,6.4372,8.9154,3.7759,1.6577,2.9621,3.0466,1.5242,3.8601,4.2837,2.857,3.5147,2.8212,2.5489,3.0991,480.184,5.99,woman,multiracial_or_other,team,recreational,yes,no,yes,morning,unfamiliar,yes,120.050549,8.050549,65.594507
T30_0302,48.7213,30.0,2.1947,114.0,7.0,2.3142,7.5935,2.4595,2.975,1.7134,2.8937,2.7884,2.7432,2.9376,3.0597,3.5027,2.9166,2.7572,4.2187,734.8964,2.5228,woman,multiracial_or_other,team,recreational,no,no,yes,afternoon,familiar,yes,118.829468,4.829468,52.807478
T30_0303,42.7716,28.0,2.2812,99.0,3.0,3.1777,7.5509,3.9362,2.8164,3.315,4.6295,2.5526,2.3551,3.1757,3.0899,2.974,2.4812,2.7225,2.9839,571.7364,6.371,woman,hispanic_latino,team,competitive,no,no,no,afternoon,familiar,yes,108.768454,9.768454,45.928243
T30_0304,58.5772,25.0,4.4214,126.0,8.0,2.2337,6.1753,3.9219,2.5372,3.6865,4.0333,2.7951,4.2322,3.2628,3.2175,3.1206,2.9969,2.5475,4.2332,727.0736,4.7989,woman,multiracial_or_other,individual,recreational,no,no,yes,afternoon,unfamiliar,yes,141.944967,15.944967,71.459835
T30_0305,85.4213,25.0,3.146,120.0,7.0,11.6067,8.5438,2.8842,3.3318,3.3867,2.5681,1.3286,2.8178,2.6828,3.8658,2.9204,2.2978,2.672,4.11,570.572,6.0168,woman,multiracial_or_other,team,competitive,yes,no,no,afternoon,unfamiliar,yes,138.040592,18.040592,61.162898
T30_0306,73.6153,28.0,3.877,112.0,4.0,9.4783,6.2957,2.7815,3.0197,2.9601,3.1146,2.9211,4.1146,2.8112,2.2573,1.5228,3.6112,3.8926,2.8791,160.5478,5.2611,man,white,individual,competitive,no,no,no,morning,familiar,yes,117.593586,5.593586,72.580776
T30_0307,74.3373,23.0,2.2288,133.0,10.0,10.4752,9.4309,3.1208,2.4241,1.7962,2.503,3.6452,2.6784,3.2109,2.1858,3.7388,3.4772,3.3491,2.7359,511.3186,6.9684,man,white,team,competitive,no,no,yes,afternoon,unfamiliar,yes,129.288758,-3.711242,67.733629
T30_0308,53.4956,25.0,2.6245,139.0,4.0,6.7482,7.1621,2.8098,2.1383,2.6275,1.5199,2.3032,3.1818,3.2393,3.6843,4.2088,3.2789,1.929,3.8509,346.8446,6.7455,woman,hispanic_latino,individual,recreational,no,no,no,morning,familiar,no,129.331057,-9.668943,57.212023
T30_0309,57.1357,27.0,2.5906,128.0,2.0,5.3922,7.49,2.742,2.424,3.5798,3.2598,3.3968,2.7797,2.3255,2.9711,2.5362,2.3134,3.4978,3.0149,325.3956,3.9628,woman,asian,team,competitive,no,no,no,afternoon,unfamiliar,yes,108.948993,-19.051007,48.699436
T30_0310,89.9561,25.0,3.2208,76.0,4.0,13.7584,8.435,2.3295,3.2968,3.737,4.1624,1.5282,2.5779,3.5019,3.921,3.4996,3.857,2.37,3.3499,183.1981,3.336,man,hispanic_latino,individual,recreational,no,no,yes,morning,familiar,no,113.603293,37.603293,67.773261
T30_0311,88.6837,19.0,3.1794,141.0,3.0,7.1327,7.5571,3.8304,3.7494,3.1989,4.0943,3.2264,2.8871,3.7388,3.2873,3.4086,4.6443,2.5321,3.0541,490.0246,5.8495,woman,asian,team,competitive,yes,no,no,afternoon,unfamiliar,yes,133.211388,-7.788612,71.473453
T30_0312,72.0644,32.0,2.2752,91.0,6.0,13.618,8.1325,3.2798,3.2496,3.7565,2.4783,3.4562,1.8989,2.5719,3.5936,2.8938,3.8913,3.3763,3.3162,772.9846,3.981,woman,white,individual,competitive,no,no,no,morning,unfamiliar,yes,132.709269,41.709269,58.684158
T30_0313,75.5316,19.0,2.5128,92.0,4.0,8.4505,6.3824,2.873,4.1703,3.8063,2.9235,4.3916,2.2411,3.0724,2.8051,3.3675,1.5507,4.1754,3.4536,623.1239,7.4469,woman,asian,individual,competitive,no,yes,no,afternoon,unfamiliar,yes,109.149488,17.149488,54.233227
T30_0314,68.9518,30.0,1.5837,106.0,11.0,8.5298,7.5362,3.4346,2.0677,2.3293,2.5622,3.3866,4.2144,3.2003,2.9701,2.17,3.5949,1.538,3.7201,478.3101,4.7068,man,white,team,recreational,yes,yes,no,afternoon,unfamiliar,yes,132.899526,26.899526,60.148055
T30_0315,41.7629,27.0,3.0421,100.0,5.0,8.3515,7.4706,3.4961,2.8751,1.8103,3.2622,3.1372,2.7064,2.9332,2.214,2.8915,2.904,2.9567,2.9393,503.0066,6.383,man,white,team,recreational,no,no,no,morning,unfamiliar,yes,119.550655,19.550655,41.605242
T30_0316,53.8278,21.0,2.7644,139.0,8.0,5.0287,7.6684,2.0016,2.9979,2.4179,3.8169,2.2586,2.9784,1.5133,2.8993,2.7153,3.2582,1.8684,3.2243,404.9311,3.8563,man,multiracial_or_other,individual,recreational,no,no,yes,morning,familiar,yes,126.193501,-12.806499,45.621582
T30_0317,55.6475,19.0,3.6604,65.0,5.0,10.715,8.3942,1.8267,2.3707,3.5088,2.2646,3.8697,3.32,3.5331,2.4287,2.7344,3.3316,3.1805,2.3243,583.2405,7.103,man,white,team,recreational,yes,no,yes,morning,unfamiliar,no,104.565079,39.565079,56.46814
T30_0318,57.3276,29.0,2.7857,132.0,4.0,7.6457,7.0182,3.5884,3.9189,3.6276,2.3095,4.1444,1.7958,1.9748,1.8231,3.0766,2.6542,2.8557,1.9823,504.233,6.3839,man,asian,team,recreational,no,no,no,morning,unfamiliar,yes,123.248026,-8.751974,61.012369
T30_0319,89.5659,26.0,2.5994,137.0,2.0,9.9991,7.8838,2.0402,3.9759,3.2575,3.0754,2.7216,2.763,3.3214,1.7941,2.7094,3.0712,2.9394,3.1253,490.1251,9.3088,man,hispanic_latino,team,competitive,no,no,no,morning,familiar,yes,132.349599,-4.650401,73.663496
T30_0320,71.052,20.0,3.6144,111.0,8.0,8.3676,7.411,3.1114,3.3223,2.4102,4.1065,2.3689,3.3613,2.2677,1.711,1.7962,3.2812,1.7182,2.741,554.0925,1.9477,man,black,individual,competitive,no,no,no,afternoon,unfamiliar,yes,146.3291,35.3291,55.932238
T30_0321,68.9352,21.0,3.3407,105.0,4.0,3.5938,6.8548,2.4083,3.1059,3.4017,3.7001,2.9859,3.3866,4.0502,2.5514,2.7873,2.7637,3.3374,3.7664,449.0637,7.7944,man,hispanic_latino,individual,competitive,no,no,yes,morning,familiar,yes,119.604215,14.604215,43.299189
T30_0322,61.7847,23.0,2.5003,120.0,6.0,6.7296,8.9323,3.9494,2.1735,2.5898,3.1289,3.5919,3.3978,3.8839,2.7599,3.2274,2.6339,2.926,3.0268,384.2557,7.8622,man,white,individual,recreational,yes,no,no,morning,unfamiliar,yes,124.537691,4.537691,62.708075
T30_0323,84.099,24.0,3.7824,142.0,8.0,9.3569,7.618,3.275,3.4034,2.97,3.234,1.9804,3.7816,3.7871,3.7562,3.2209,2.4744,2.4081,3.4189,419.9175,4.0317,man,white,team,competitive,no,no,yes,morning,familiar,yes,148.819598,6.819598,80.128341
T30_0324,71.5908,19.0,3.0799,128.0,8.0,7.8642,5.8319,1.1488,3.8777,2.1844,3.1601,2.9453,3.4847,3.8203,2.0565,3.6313,3.6138,2.7415,3.0597,373.1363,5.1651,man,hispanic_latino,individual,competitive,no,no,yes,morning,unfamiliar,no,118.124988,-9.875012,54.5949
T30_0325,74.8275,34.0,3.4573,106.0,5.0,7.1785,7.2543,3.3886,2.2422,2.0215,2.9486,2.3908,2.2202,2.7036,1.7937,2.8423,3.0578,2.1066,3.0553,580.1812,4.6105,man,white,team,recreational,no,no,yes,afternoon,familiar,yes,147.557749,41.557749,66.687381
T30_0326,68.3138,25.0,2.0928,120.0,7.0,7.8894,8.2681,2.4451,3.746,2.8465,4.794,2.7396,1.0104,2.4389,3.6876,4.5554,2.9021,2.6569,3.0739,306.3771,6.2401,man,hispanic_latino,team,competitive,yes,no,yes,morning,familiar,yes,111.446853,-8.553147,71.267461
T30_0327,77.6966,20.0,2.1019,92.0,8.0,7.3474,6.6287,2.778,1.7778,3.9864,3.0478,2.677,4.2948,2.8799,3.8351,3.9498,2.7266,3.6607,3.3933,292.1419,6.2578,woman,black,team,recreational,no,yes,no,afternoon,unfamiliar,no,121.676428,29.676428,73.595689
T30_0328,86.3163,30.0,3.1303,128.0,6.0,6.7139,6.4821,3.5221,2.8403,3.4639,3.3032,2.9716,2.9305,2.8681,1.9614,2.9764,1.7826,2.7124,3.5935,404.6389,4.7743,man,hispanic_latino,individual,recreational,no,yes,yes,afternoon,unfamiliar,yes,105.791183,-22.208817,60.844916
T30_0329,61.9946,21.0,2.3792,121.0,10.0,6.559,8.6569,3.597,3.4034,3.4923,2.4213,3.5106,2.1934,3.7386,3.3357,2.5872,2.6666,3.0325,3.1585,522.0673,5.6395,man,multiracial_or_other,individual,recreational,yes,no,no,afternoon,familiar,yes,114.411319,-6.588681,55.264624
T30_0330,65.8171,22.0,3.0491,135.0,2.0,8.3603,7.6684,4.1256,3.6107,3.2172,2.0,2.7147,2.4322,2.8867,3.506,3.7287,3.6314,2.746,2.3093,447.0345,3.2361,woman,black,team,competitive,no,yes,yes,afternoon,familiar,yes,135.786025,0.786025,53.431312
T30_0331,83.4731,25.0,3.2642,121.0,12.0,6.0046,6.7719,2.9359,3.4785,2.6668,2.2874,2.7899,3.4399,2.7764,3.3489,3.0842,3.3014,2.7881,2.3216,408.7578,7.8735,man,multiracial_or_other,team,competitive,no,no,no,morning,familiar,no,123.75324,2.75324,69.432915
T30_0332,62.2353,24.0,4.3147,110.0,8.0,6.861,7.5552,3.0055,3.1957,2.2637,3.1328,2.8313,3.8088,3.218,3.28,3.0256,2.7054,2.4583,2.873,196.2081,5.551,woman,white,individual,competitive,yes,no,yes,morning,familiar,yes,139.281091,29.281091,69.007564
T30_0333,81.9647,31.0,3.6183,139.0,6.0,7.5014,9.1291,3.3252,2.8751,3.566,2.7456,2.4735,4.5197,2.6072,2.5455,2.8201,3.3049,1.9355,2.4787,672.7678,4.5204,woman,hispanic_latino,individual,recreational,no,no,no,morning,familiar,no,123.721631,-15.278369,61.225048
T30_0334,66.5697,24.0,2.1776,117.0,1.0,8.4846,8.019,1.9476,2.6443,3.0531,3.3642,2.8404,3.7336,4.5413,2.616,2.3182,3.8509,2.9006,3.3986,603.3184,6.0955,woman,hispanic_latino,individual,competitive,yes,no,yes,morning,unfamiliar,no,117.843006,0.843006,66.26975
T30_0335,74.5777,20.0,4.1811,139.0,9.0,12.5941,8.1419,3.2457,2.317,4.8467,2.1295,3.2393,3.7845,2.6776,4.9755,2.4985,3.0309,3.0086,3.0601,444.2339,5.311,man,black,individual,recreational,no,no,no,afternoon,unfamiliar,yes,133.665146,-5.334854,55.440224
T30_0336,66.0007,28.0,2.716,122.0,2.0,4.0668,8.4555,2.1188,3.3208,2.692,3.4944,2.0458,3.8215,2.1133,2.1364,3.2146,2.6945,3.165,1.8914,194.314,4.753,woman,asian,individual,recreational,no,no,no,morning,unfamiliar,yes,116.513509,-5.486491,59.627534
T30_0337,49.6263,34.0,2.4763,132.0,5.0,7.1456,6.6154,3.9766,3.5818,3.1135,3.5953,3.1322,2.8266,2.9813,3.8417,2.6544,3.8343,4.2122,1.6123,348.6845,5.9928,man,multiracial_or_other,team,competitive,yes,no,yes,morning,unfamiliar,yes,133.720065,1.720065,67.480152
T30_0338,47.6806,20.0,4.3845,114.0,4.0,10.1212,8.2193,3.5753,2.4817,3.8362,3.628,4.5661,3.8629,4.3202,3.1824,3.3512,4.2044,4.0466,3.8406,685.2037,4.3117,man,white,team,recreational,no,no,no,afternoon,familiar,no,130.154858,16.154858,62.960735
T30_0339,84.3096,22.0,3.5914,96.0,12.0,8.6485,7.8322,2.6396,2.3282,2.5489,3.1307,1.7375,2.6073,3.1419,3.3767,2.9688,2.8072,2.9689,2.2615,585.8351,4.2539,woman,white,individual,recreational,no,no,yes,morning,familiar,no,126.891895,30.891895,64.688399
T30_0340,58.5337,27.0,3.6723,94.0,8.0,9.4244,7.8441,2.7133,2.301,3.2431,3.748,3.2604,4.1855,3.0575,3.2328,2.6278,3.0892,3.7325,3.0475,793.2971,3.4359,man,white,team,recreational,no,no,no,morning,unfamiliar,yes,137.991145,43.991145,63.934791
T30_0341,93.0573,22.0,4.4629,147.0,10.0,14.0425,7.4057,4.042,2.9853,2.603,2.5894,1.1922,3.6655,3.6721,2.5994,2.4084,2.5663,2.5322,3.2052,410.0796,3.7975,woman,white,team,competitive,yes,no,no,morning,unfamiliar,yes,148.165318,1.165318,68.373687
T30_0342,83.4209,23.0,4.0371,137.0,7.0,11.095,7.3813,3.5872,2.46,3.6682,3.9746,3.7552,3.2553,2.7275,3.6657,3.9163,3.5384,2.6214,3.8136,185.3019,7.1504,woman,asian,team,recreational,no,no,no,morning,unfamiliar,yes,131.117894,-5.882106,66.007669
T30_0343,68.3642,27.0,3.2835,115.0,7.0,12.7328,7.2024,2.562,1.8952,3.7206,3.448,2.9858,3.9074,2.2102,1.999,3.2676,3.0148,4.0408,2.728,533.7437,3.695,woman,hispanic_latino,individual,recreational,no,no,no,morning,familiar,yes,120.575785,5.575785,55.345069
T30_0344,59.8266,25.0,4.2127,129.0,9.0,8.1481,8.4535,3.4999,2.1614,2.7221,4.8965,2.6337,3.385,2.7105,3.2301,3.6481,2.7058,2.5536,2.9287,607.5667,6.7231,man,black,team,recreational,yes,no,yes,afternoon,familiar,yes,137.510398,8.510398,62.021091
T30_0345,66.8175,23.0,2.4898,150.0,12.0,10.8599,7.9531,4.0663,3.2392,3.4057,4.0766,2.8989,3.3019,2.7483,3.194,4.1998,3.3614,3.38,4.257,823.7701,6.5486,man,white,team,competitive,yes,no,no,morning,unfamiliar,yes,122.712856,-27.287144,58.420784
T30_0346,79.8001,21.0,3.8721,136.0,8.0,11.1327,7.0949,2.4725,2.1097,3.016,2.52,3.8126,1.7113,3.3136,2.6172,2.8753,3.4484,3.4327,3.2258,481.9887,4.0079,man,hispanic_latino,team,competitive,yes,no,yes,afternoon,unfamiliar,yes,116.945805,-19.054195,61.830067
T30_0347,80.4937,26.0,3.0377,115.0,6.0,12.3613,5.8389,2.7807,2.7205,3.1557,3.4707,4.0572,2.9127,3.2125,4.4215,2.9657,3.2377,3.0343,3.7428,401.983,2.3858,woman,white,individual,recreational,no,yes,no,afternoon,unfamiliar,yes,117.945788,2.945788,73.792461
T30_0348,74.8376,24.0,2.9314,107.0,2.0,5.5388,6.6233,2.6744,2.6441,2.3323,2.1733,2.5396,2.9631,3.308,3.2758,2.1836,2.2343,2.9544,3.5359,509.7634,7.1655,woman,hispanic_latino,team,competitive,no,no,no,afternoon,unfamiliar,yes,125.249845,18.249845,59.465862
T30_0349,66.9438,22.0,3.4645,151.0,6.0,10.0484,7.7895,2.8869,3.216,4.6565,3.4686,3.5659,3.5968,2.8142,1.7613,2.1196,2.4284,2.2212,3.8131,627.8893,6.7241,man,white,individual,competitive,no,no,no,morning,unfamiliar,no,120.145165,-30.854835,61.022327
T30_0350,57.4005,30.0,3.6268,117.0,7.0,11.7571,6.6248,3.4935,2.8397,2.4965,4.2479,3.1475,3.0671,3.4082,3.4736,2.5643,3.5563,3.1518,4.0802,365.6557,7.8394,woman,hispanic_latino,individual,competitive,yes,no,yes,afternoon,familiar,yes,138.950718,21.950718,64.575406
T30_0351,73.2124,31.0,3.5692,91.0,7.0,12.6515,7.4831,1.9682,2.6631,3.0976,4.4641,4.0916,2.7638,3.1358,2.8706,3.8485,2.2687,2.6206,3.6655,555.3646,2.5706,man,white,team,competitive,no,yes,yes,morning,familiar,yes,117.907897,26.907897,67.882827
T30_0352,72.5363,30.0,3.6304,134.0,11.0,8.4884,6.7417,4.4083,2.9067,3.4393,3.558,4.1308,3.2191,3.2287,2.7944,2.9796,3.8689,3.0093,3.7848,434.2709,4.2456,man,asian,team,competitive,yes,no,no,afternoon,unfamiliar,no,127.870979,-6.129021,56.224092
T30_0353,74.4495,22.0,2.2669,132.0,7.0,11.5131,8.5757,2.6043,2.9503,2.4643,3.4986,3.9003,3.8268,2.8711,4.135,3.3922,4.1853,1.5227,3.6609,400.694,5.1676,man,white,individual,recreational,yes,no,yes,morning,familiar,yes,129.665211,-2.334789,61.644425
T30_0354,82.6638,24.0,2.2248,124.0,6.0,10.9421,7.6744,2.4462,2.4676,2.8769,2.6466,2.3075,3.7745,3.5182,3.3018,2.5761,3.0902,3.7433,2.0791,482.0586,5.2844,man,multiracial_or_other,team,competitive,no,no,no,afternoon,familiar,no,115.456906,-8.543094,69.522185
T30_0355,54.3301,30.0,2.2214,120.0,3.0,7.2636,6.7162,2.7782,3.6796,2.6832,3.2209,2.8019,3.232,3.6824,3.0372,4.2431,2.1495,3.1275,2.6028,499.7701,3.8633,man,white,team,recreational,no,no,no,morning,familiar,no,131.839653,11.839653,59.253637
T30_0356,76.8845,29.0,2.2668,126.0,7.0,5.3417,6.6033,4.2977,3.1451,2.6491,3.5528,3.6823,3.7454,2.5228,1.2743,3.9558,3.1151,1.9551,2.6458,374.0635,4.1389,woman,asian,individual,competitive,no,no,yes,morning,familiar,yes,112.709949,-13.290051,60.165926
T30_0357,79.6867,32.0,3.7743,82.0,3.0,7.6117,7.8687,1.8248,1.2796,3.9659,3.2526,1.3954,2.9988,2.8043,3.1161,3.526,3.784,2.3093,1.7063,298.9826,7.0657,man,black,team,competitive,yes,no,yes,afternoon,familiar,yes,131.458887,49.458887,64.717558
T30_0358,80.1797,25.0,3.4803,120.0,10.0,10.0378,6.3433,2.9158,4.3572,2.3126,3.0126,2.5962,2.9402,2.9323,2.7764,4.1537,2.5704,3.0146,3.0527,591.9692,4.8973,man,hispanic_latino,team,competitive,yes,yes,no,afternoon,unfamiliar,no,120.443578,0.443578,72.193085
T30_0359,76.5764,25.0,1.9522,134.0,3.0,11.2332,6.3997,2.5176,2.9333,2.498,2.6932,2.465,3.2988,2.713,3.4892,3.1876,2.8155,2.3769,3.5867,289.0835,4.5332,man,hispanic_latino,team,recreational,yes,no,yes,afternoon,unfamiliar,yes,110.55425,-23.44575,48.863493
T30_0360,62.6509,21.0,2.3075,115.0,8.0,6.8846,8.6163,4.9088,3.3178,3.6139,3.8808,2.4317,3.4788,2.6832,2.9383,3.4841,2.8777,2.6307,3.7733,480.1708,3.6588,man,hispanic_latino,team,competitive,no,no,yes,morning,familiar,no,129.180473,14.180473,58.392373
