participant_id,chronic_pain_group,pain_duration_months,pain_locations,catastrophizing_rumination,catastrophizing_magnification,catastrophizing_helplessness,fear_of_pain,pain_vigilance,pain_disability,depressive_symptoms,anxiety_symptoms,sleep_quality,social_support,pain_self_efficacy,analgesic_use_days_week,physical_activity_days_week,injury_severity,pain_diagnosis_group,age_years,work_limitation,pain_catastrophizing_score_0_52,pain_intensity_0_10
PAI0001,1,15,1,3.310,3.440,3.120,2.360,2.850,3.050,3.540,2.810,3.870,3.270,4.100,3,4,2,4,41,2.390,27.140,3.751
PAI0002,1,5,2,2.810,2.920,2.370,2.870,3.970,3.820,2.980,2.980,3.160,2.670,3.000,3,6,2,3,38,3.940,12.380,4.515
PAI0003,0,1,2,2.300,3.160,3.010,2.960,4.120,3.690,3.920,3.030,4.020,4.030,2.680,0,1,5,2,65,4.450,21.960,4.590
PAI0004,0,2,3,3.740,2.830,3.160,3.330,3.450,3.020,4.160,3.100,3.920,2.420,3.480,2,3,2,3,50,3.370,28.680,4.628
PAI0005,1,5,0,1.770,1.660,2.990,2.870,1.640,3.250,2.650,3.010,3.430,2.560,2.750,2,1,2,2,36,2.290,21.040,3.380
PAI0006,0,0,1,3.710,2.560,2.320,3.480,2.900,2.440,2.580,3.790,2.480,3.210,4.830,1,4,4,4,43,2.560,24.510,4.241
PAI0007,1,12,2,3.690,3.010,2.420,2.600,3.100,2.380,2.130,2.410,2.190,2.360,2.560,3,5,2,3,36,3.400,23.920,3.698
PAI0008,0,1,2,3.420,3.360,2.290,2.000,2.240,2.260,2.870,3.740,2.590,3.300,2.400,0,3,3,2,44,3.590,11.930,4.259
PAI0009,1,37,3,3.700,3.330,3.800,3.300,2.860,2.340,3.560,3.900,3.660,3.710,2.680,4,1,4,1,39,2.820,24.610,3.516
PAI0010,1,9,2,2.740,2.270,2.730,2.850,2.980,3.040,2.620,3.410,2.230,2.490,3.390,4,3,3,4,24,3.090,18.510,2.882
PAI0011,1,19,1,2.440,3.410,2.740,1.870,3.970,1.880,2.800,2.610,2.070,2.200,2.430,2,3,3,2,41,2.900,31.100,2.269
PAI0012,0,2,1,3.640,2.900,3.650,2.820,3.470,2.210,1.610,1.910,1.480,2.790,3.370,1,2,3,1,38,3.550,16.240,3.146
PAI0013,1,7,3,3.080,3.780,3.540,2.150,2.410,2.800,2.040,2.930,1.820,2.960,3.440,4,2,4,1,42,2.520,33.180,5.429
PAI0014,1,6,1,2.630,2.830,3.630,3.060,3.350,3.110,2.860,2.420,2.450,2.370,2.200,3,4,4,1,22,2.330,21.050,4.330
PAI0015,0,0,1,3.250,3.100,2.140,3.080,3.290,2.500,3.460,4.050,3.510,3.060,3.480,1,0,3,1,39,3.360,24.220,3.270
PAI0016,1,12,3,3.050,3.200,3.550,3.050,2.770,2.720,2.710,3.500,3.580,3.030,3.080,5,4,3,3,24,2.590,26.310,5.284
PAI0017,1,10,2,3.090,3.080,4.320,3.170,2.850,3.780,3.420,2.560,3.800,3.120,2.810,5,1,3,1,37,2.450,21.390,6.041
PAI0018,0,0,2,1.560,3.600,2.500,2.130,2.020,2.950,3.090,3.320,2.800,1.920,2.710,1,4,3,3,45,3.210,15.070,3.510
PAI0019,1,13,1,2.740,2.960,3.250,2.510,1.940,3.650,3.420,3.120,2.110,2.210,2.560,4,1,3,3,39,2.160,27.120,6.310
PAI0020,0,0,0,2.050,3.100,3.890,2.420,3.200,2.550,2.460,3.300,3.490,2.340,2.560,1,2,4,2,42,2.760,17.670,5.098
PAI0021,1,13,3,3.360,1.890,2.360,3.620,2.890,3.040,2.820,3.080,2.810,2.660,2.230,5,5,3,2,46,2.470,10.230,4.949
PAI0022,1,14,1,3.570,3.190,3.010,3.640,3.120,2.630,3.110,3.910,3.010,3.780,1.860,5,5,2,1,50,3.210,17.420,2.199
PAI0023,0,0,2,2.790,2.760,3.370,2.400,3.740,2.530,3.030,1.820,2.420,2.170,3.160,0,4,3,4,25,2.580,27.910,5.669
PAI0024,1,27,1,2.840,2.960,3.610,2.030,2.520,2.600,2.660,3.040,1.560,2.830,3.100,5,4,3,2,39,2.950,22.160,3.876
PAI0025,1,9,2,3.080,2.400,3.610,3.380,3.220,3.670,3.060,3.090,3.500,3.090,2.770,2,3,1,1,31,3.450,24.650,2.976
PAI0026,1,13,2,3.620,3.310,3.890,2.620,2.650,4.040,3.180,3.330,2.890,3.680,2.940,3,6,3,1,35,3.750,25.030,4.686
PAI0027,1,8,2,2.420,2.540,3.860,2.880,2.520,2.230,2.210,2.730,2.070,1.330,2.440,2,2,2,2,22,3.760,13.850,4.461
PAI0028,0,2,0,3.000,3.420,2.390,3.640,2.520,2.360,2.220,2.730,2.070,1.910,2.710,0,3,2,4,30,2.430,14.420,3.405
PAI0029,1,6,1,3.020,2.880,2.020,2.610,3.110,3.560,1.950,3.570,3.170,2.950,3.140,5,6,3,3,29,3.870,27.120,5.282
PAI0030,1,6,3,3.720,2.350,3.680,2.780,3.320,3.140,3.160,3.140,3.650,3.230,3.100,3,5,3,1,57,3.760,22.210,4.470
PAI0031,1,8,2,2.810,3.420,2.110,4.480,3.560,3.000,3.120,2.690,2.770,3.370,3.490,5,5,3,2,21,2.920,18.280,5.887
PAI0032,1,3,2,2.330,3.270,3.550,2.850,2.710,3.760,2.280,3.280,2.460,4.300,2.490,6,3,1,2,36,3.860,26.070,5.165
PAI0033,1,13,3,1.840,4.170,3.490,3.820,4.370,3.340,3.380,2.660,3.570,4.040,2.500,1,4,2,2,60,2.680,29.430,2.275
PAI0034,1,6,2,3.150,3.400,2.490,2.850,3.670,3.710,3.010,3.270,2.350,3.040,2.930,2,3,4,4,28,1.840,24.630,5.170
PAI0035,1,8,1,4.690,2.270,2.560,2.250,2.790,3.030,2.280,2.490,3.280,2.970,3.800,1,5,3,4,42,3.010,26.850,4.819
PAI0036,0,0,4,3.210,3.390,4.190,3.390,3.890,4.220,3.040,3.590,3.070,3.620,3.970,3,3,4,4,57,3.150,22.450,4.435
PAI0037,1,10,2,2.490,3.720,3.440,2.820,3.850,2.480,2.720,2.720,3.560,2.320,2.660,1,3,2,1,35,3.110,25.200,4.542
PAI0038,1,14,1,3.190,2.510,2.960,2.820,3.240,2.970,2.530,3.420,1.810,3.060,2.740,3,2,3,2,42,3.240,22.250,3.707
PAI0039,1,5,2,4.160,3.460,4.840,2.080,2.200,3.100,1.960,3.320,3.470,3.600,2.610,4,1,4,3,25,3.680,23.420,6.408
PAI0040,0,2,2,3.110,3.140,2.040,3.070,2.630,3.010,2.460,2.230,2.480,3.460,2.330,3,4,4,3,57,3.420,22.900,4.915
PAI0041,0,2,1,4.390,2.840,2.310,2.950,3.270,2.100,2.540,2.540,2.950,3.030,3.380,5,3,3,3,40,3.000,29.380,5.462
PAI0042,1,31,2,3.050,3.120,4.320,2.470,2.170,3.600,2.870,2.800,2.460,2.950,3.420,3,3,3,2,53,2.960,29.030,4.597
PAI0043,0,0,2,3.620,3.800,2.050,2.650,2.790,3.270,2.950,3.470,3.360,2.810,2.040,2,4,2,2,39,2.220,22.560,4.758
PAI0044,0,2,3,3.530,2.710,2.300,2.970,3.340,3.780,2.700,3.150,3.480,3.190,3.630,2,5,3,2,31,2.480,20.670,1.965
PAI0045,0,1,3,3.390,3.400,3.830,3.120,2.410,2.930,3.240,3.730,3.050,3.990,4.260,0,3,3,1,44,2.470,33.790,2.378
PAI0046,0,0,2,3.110,3.870,4.380,4.220,2.910,3.680,3.980,4.150,2.130,3.330,2.960,2,3,2,4,33,2.720,40.390,5.077
PAI0047,0,1,0,2.600,2.680,3.080,2.810,2.590,2.600,3.530,3.960,3.360,3.000,2.720,2,2,3,1,56,2.140,22.670,3.790
PAI0048,0,0,1,2.980,2.990,2.250,2.450,2.500,2.680,2.670,2.920,2.650,3.140,2.470,0,2,3,4,38,3.260,27.620,6.259
PAI0049,1,3,1,2.980,2.980,3.340,2.550,2.670,3.480,3.260,3.350,1.530,2.670,3.160,2,5,2,2,53,2.910,25.450,6.688
PAI0050,0,2,0,3.340,4.130,2.200,3.300,3.390,3.130,2.190,2.970,2.290,2.010,2.410,1,4,2,1,55,2.090,26.640,3.528
PAI0051,1,20,4,4.690,3.010,3.440,4.780,3.760,3.000,2.990,3.770,3.260,2.950,3.750,3,2,4,1,65,3.730,52.000,7.031
PAI0052,0,0,0,2.990,2.310,2.360,2.850,2.590,2.750,3.010,3.450,3.440,2.120,3.080,0,1,2,1,29,2.350,19.190,3.897
PAI0053,1,3,2,3.520,3.470,3.010,3.060,2.620,2.290,2.930,2.610,2.780,3.200,3.770,4,5,4,1,24,3.030,24.580,4.579
PAI0054,1,14,2,4.220,3.440,3.850,3.510,3.030,4.850,3.510,3.350,3.680,3.710,3.270,3,2,3,2,54,3.460,40.930,6.434
PAI0055,1,3,2,2.130,3.720,2.980,2.470,2.330,1.970,3.530,2.790,3.150,2.550,2.840,1,2,3,4,26,2.510,7.050,3.290
PAI0056,1,5,2,2.780,2.800,2.740,2.770,3.380,2.930,2.740,2.540,3.150,3.040,2.300,3,2,4,1,36,2.960,33.910,5.196
PAI0057,0,1,1,3.930,2.970,3.730,3.850,1.970,2.970,3.190,3.540,3.600,3.500,2.900,1,4,2,4,51,3.670,37.310,3.344
PAI0058,1,4,2,2.470,3.940,2.970,3.280,2.080,2.710,2.260,3.240,2.070,2.510,2.830,1,0,3,2,34,2.430,27.440,3.786
PAI0059,1,5,2,2.500,2.300,2.820,3.350,3.450,2.320,3.940,3.020,3.220,2.810,3.790,3,2,2,2,31,2.410,13.650,3.730
PAI0060,1,16,2,2.960,3.300,3.230,2.290,3.050,3.430,3.710,3.490,3.550,2.170,2.940,3,4,4,1,60,3.220,20.070,3.431
PAI0061,1,6,2,3.450,2.930,2.840,3.360,3.170,3.030,4.030,1.630,3.490,2.510,2.950,7,4,3,3,49,2.340,29.800,4.053
PAI0062,1,8,4,2.740,3.240,3.890,2.230,3.420,2.820,3.440,2.920,3.230,3.630,2.980,5,5,4,3,31,3.630,41.980,3.979
PAI0063,0,1,1,2.900,1.460,2.910,2.410,2.380,3.300,2.310,4.190,2.520,3.350,2.200,1,6,4,2,38,2.580,14.280,5.701
PAI0064,0,0,2,2.560,3.100,3.350,3.130,2.750,2.860,2.720,4.030,3.430,3.030,3.690,2,4,4,1,41,3.490,21.080,4.144
PAI0065,1,11,3,2.610,2.870,3.060,3.260,2.840,2.400,2.450,3.150,4.010,2.970,3.770,2,3,3,3,18,2.840,11.250,3.522
PAI0066,0,2,2,2.450,2.300,2.120,3.360,2.670,2.390,2.150,3.090,3.910,2.750,2.310,2,3,2,3,26,3.370,16.960,2.757
PAI0067,1,8,4,3.880,4.100,4.230,4.400,3.820,3.670,2.710,3.250,3.090,3.070,3.350,5,6,3,2,50,3.000,36.130,4.612
PAI0068,1,6,3,3.960,2.960,3.480,2.390,3.420,2.600,2.380,2.090,3.550,3.100,2.880,3,2,2,1,46,4.110,27.050,4.187
PAI0069,0,0,1,3.410,2.390,1.830,3.910,3.940,3.450,3.300,4.130,3.120,2.970,2.610,2,3,2,2,22,3.950,17.840,4.909
PAI0070,1,5,0,2.310,2.740,3.210,2.900,2.820,2.940,2.820,2.360,2.630,1.630,2.500,4,4,2,1,39,2.470,11.370,3.369
PAI0071,1,66,2,4.320,2.980,3.640,3.330,2.670,2.680,1.710,2.980,1.800,3.060,3.140,5,2,5,4,31,2.390,28.460,4.379
PAI0072,0,0,2,3.600,3.110,3.770,3.410,3.270,3.640,2.610,3.360,2.620,1.700,1.790,0,3,2,3,26,2.910,30.090,4.797
PAI0073,0,1,1,3.200,2.540,2.850,3.300,2.770,3.310,1.930,2.540,2.380,3.180,2.840,2,4,4,1,52,3.530,25.590,5.087
PAI0074,1,3,3,2.340,2.690,2.830,3.960,3.370,3.000,4.370,3.450,3.160,2.630,2.700,3,3,3,3,24,3.290,24.600,4.400
PAI0075,1,4,1,3.200,1.260,2.890,3.070,2.530,2.160,2.960,2.470,2.700,2.900,3.230,4,5,4,1,60,4.020,26.270,4.930
PAI0076,1,7,2,2.770,2.390,2.000,3.260,2.870,4.110,3.080,1.680,3.230,2.820,2.460,6,4,3,2,42,3.540,26.350,5.046
PAI0077,1,14,2,2.830,3.390,3.160,2.240,3.000,2.750,3.780,2.800,2.240,3.590,3.830,2,4,3,4,19,1.250,18.120,4.476
PAI0078,0,2,0,2.740,2.200,2.720,4.140,2.670,2.600,2.070,1.710,3.000,1.870,2.330,1,4,3,4,45,2.520,19.210,3.046
PAI0079,0,2,2,2.440,3.520,2.940,3.350,3.980,3.320,3.280,2.710,2.770,3.690,3.700,1,3,3,2,49,3.240,27.680,5.812
PAI0080,0,0,3,2.910,3.090,3.330,3.460,2.910,3.350,2.250,3.300,3.310,3.240,2.330,0,3,3,3,20,2.110,29.020,3.985
PAI0081,1,5,2,2.250,3.600,2.530,2.520,2.650,3.030,3.900,2.850,2.550,2.830,3.140,3,2,3,1,29,1.990,24.960,4.236
PAI0082,0,2,2,3.860,3.320,3.710,2.260,2.940,2.630,2.810,3.840,2.680,2.260,3.420,1,3,2,3,33,3.150,23.480,5.514
PAI0083,0,2,2,3.440,3.770,3.640,2.980,2.980,2.950,3.210,2.730,3.900,2.220,2.340,2,4,3,4,27,3.410,37.980,2.114
PAI0084,1,8,1,2.820,3.860,2.520,2.860,1.630,2.670,2.310,3.490,3.360,2.870,3.390,4,2,1,3,36,2.750,22.860,3.633
PAI0085,0,1,1,3.960,2.730,3.590,3.260,2.260,3.070,2.420,2.750,3.030,2.630,2.770,2,4,2,4,51,2.020,20.950,2.875
PAI0086,0,2,0,2.420,2.930,4.140,2.720,2.570,4.210,3.950,2.260,3.440,4.280,4.010,1,2,3,1,44,2.260,11.320,4.008
PAI0087,0,2,2,2.100,2.710,3.140,2.920,3.150,2.030,3.880,3.210,2.530,3.080,2.300,3,3,2,4,19,2.560,23.140,4.496
PAI0088,0,0,3,3.490,2.880,3.280,4.060,3.540,2.940,3.940,3.180,4.490,3.040,2.980,0,6,4,1,40,3.310,22.160,2.017
PAI0089,1,9,2,2.890,1.480,3.200,3.580,2.960,2.680,3.430,3.060,2.660,2.700,3.860,5,3,3,4,44,3.190,19.720,5.815
PAI0090,1,11,1,4.290,3.880,3.430,4.000,3.180,3.420,3.070,2.560,2.600,2.580,4.370,2,3,3,3,36,3.090,40.350,8.617
PAI0091,1,21,1,3.080,3.640,2.620,2.590,2.300,2.420,3.500,3.440,2.970,1.990,2.990,5,3,3,2,21,3.510,20.740,3.299
PAI0092,1,4,1,3.140,3.250,2.080,2.080,2.700,1.900,3.340,2.920,2.720,2.800,3.130,3,3,2,1,44,2.760,26.840,5.420
PAI0093,1,28,2,3.030,2.830,3.370,4.780,3.510,2.420,3.440,3.440,2.790,3.410,4.530,4,6,3,2,62,3.280,35.260,6.209
PAI0094,1,6,3,2.870,3.210,2.950,3.200,3.200,3.670,3.730,2.960,3.750,3.090,3.370,2,1,4,3,42,3.220,22.600,4.113
PAI0095,1,7,3,1.420,1.560,1.750,3.290,2.530,3.870,3.880,3.090,3.080,3.170,2.120,3,3,3,2,43,3.300,4.470,4.814
PAI0096,1,9,4,3.750,2.790,2.940,3.130,3.400,2.890,3.660,3.730,2.800,3.360,2.680,5,3,1,1,52,2.410,32.570,4.407
PAI0097,1,4,2,2.610,2.690,2.400,2.220,2.050,2.520,1.950,2.130,2.870,2.130,2.850,2,3,2,4,50,2.750,0.380,4.573
PAI0098,1,12,1,3.390,4.730,2.560,2.360,2.970,3.700,2.200,3.670,3.430,3.210,2.680,4,3,3,2,57,3.380,34.990,4.152
PAI0099,1,10,1,4.000,3.110,1.680,3.430,2.850,2.670,2.460,2.830,2.270,2.830,2.480,3,3,3,1,31,2.930,28.230,4.792
PAI0100,1,7,2,1.880,2.380,3.920,3.370,2.180,2.740,2.260,3.230,2.290,2.420,3.100,3,2,2,1,25,3.420,25.300,6.124
PAI0101,1,10,0,2.010,2.210,2.890,2.100,3.590,2.900,3.350,3.250,3.640,2.350,2.510,2,1,3,2,29,2.960,8.040,5.516
PAI0102,1,14,4,2.440,3.470,3.090,3.140,4.480,3.090,4.590,3.660,2.840,3.770,3.050,4,3,3,3,33,3.250,34.680,5.145
PAI0103,0,2,1,2.770,3.030,3.850,3.640,3.710,2.290,3.490,2.950,3.000,3.920,2.160,3,4,4,1,45,2.800,18.120,6.366
PAI0104,0,2,1,2.550,3.170,2.150,3.120,2.630,3.170,2.640,3.210,2.240,2.820,2.960,2,3,4,4,51,2.990,8.010,1.295
PAI0105,1,4,0,3.690,3.530,4.270,2.160,3.000,3.730,3.810,2.190,3.400,3.580,3.470,4,4,3,4,54,2.830,23.390,5.706
PAI0106,0,1,2,2.810,2.530,3.280,4.090,3.080,4.060,3.610,2.280,2.070,2.700,1.880,0,4,4,1,33,3.890,30.650,5.606
PAI0107,0,0,2,4.380,1.740,3.370,3.830,3.380,2.800,3.530,3.290,2.530,3.640,3.010,4,3,2,1,47,3.440,8.880,5.871
PAI0108,1,6,2,3.930,4.480,3.190,3.280,3.400,3.580,2.980,2.180,2.540,2.620,3.360,6,2,2,3,28,3.060,27.920,4.313
PAI0109,1,5,2,3.390,2.940,3.640,3.020,3.510,3.110,3.120,2.490,3.170,2.960,3.150,3,2,2,1,48,2.350,19.020,6.246
PAI0110,1,17,2,3.570,2.850,2.510,3.680,3.240,3.120,2.270,2.350,3.460,3.640,3.530,5,3,4,4,39,3.490,22.340,3.590
PAI0111,1,7,2,2.790,3.350,3.200,3.650,3.010,1.930,2.700,4.050,2.770,3.240,3.220,4,4,2,2,36,3.040,26.510,5.239
PAI0112,1,7,1,2.710,3.490,3.290,3.890,3.030,2.070,3.330,2.780,2.620,3.090,3.060,6,1,3,2,48,2.160,27.220,5.447
PAI0113,1,11,0,2.940,3.280,3.410,2.630,3.460,3.580,2.780,3.330,3.040,3.700,3.010,6,3,3,3,42,1.920,23.520,3.886
PAI0114,1,3,0,2.750,3.360,1.920,1.770,3.230,2.750,2.720,2.210,2.350,1.940,2.900,1,5,3,2,57,2.600,17.790,2.635
PAI0115,1,7,3,2.540,3.190,2.700,2.220,3.050,2.620,2.190,2.980,2.410,2.530,3.120,5,3,3,1,61,2.240,21.290,3.924
PAI0116,0,0,2,2.730,3.100,3.210,3.520,2.760,2.450,3.630,3.060,3.340,4.300,3.630,3,4,3,1,49,3.100,26.670,2.666
PAI0117,1,5,3,3.100,2.680,2.890,3.040,3.130,3.020,3.670,3.450,4.020,3.270,2.270,6,3,3,1,52,4.100,24.600,5.252
PAI0118,1,6,2,4.320,2.950,3.590,2.980,3.110,2.870,2.820,3.190,3.000,3.070,3.000,4,5,4,2,48,3.030,22.670,3.537
PAI0119,1,4,0,3.200,3.020,3.790,2.370,2.870,2.080,3.410,2.870,2.630,2.950,2.720,3,2,4,3,55,3.230,30.270,4.642
PAI0120,0,2,0,2.800,3.370,2.500,3.020,3.070,3.190,3.700,3.590,2.040,3.600,2.120,1,2,3,4,53,2.300,20.430,6.465
PAI0121,0,2,0,4.270,2.700,2.420,2.260,2.600,2.960,3.390,2.780,2.290,3.980,2.920,0,3,3,1,28,2.440,26.100,3.583
PAI0122,0,2,2,2.890,3.130,4.120,3.840,3.630,3.110,2.790,3.030,3.700,3.840,2.480,1,5,2,1,37,3.300,21.980,4.733
PAI0123,0,0,2,3.430,3.440,2.020,3.180,2.080,3.000,3.710,3.260,3.160,2.010,2.680,1,4,3,1,46,3.150,17.370,4.177
PAI0124,0,1,3,2.770,3.380,3.480,2.760,2.620,2.530,2.540,1.850,1.340,3.270,2.920,1,5,2,1,18,2.540,19.440,4.177
PAI0125,1,6,0,3.870,3.720,2.580,3.230,3.280,2.990,1.350,2.170,2.690,2.670,2.370,3,4,3,1,34,2.300,31.360,5.366
PAI0126,0,0,3,3.170,3.570,2.940,3.110,3.460,3.140,3.780,2.900,3.610,2.810,2.250,2,6,2,4,67,3.670,34.060,5.279
PAI0127,0,0,2,3.360,3.650,2.970,2.650,2.590,3.580,3.860,3.050,2.750,3.550,2.480,0,2,4,4,46,3.290,33.400,4.492
PAI0128,1,7,2,2.940,2.810,3.290,2.760,3.490,2.970,2.630,2.810,2.580,3.360,3.270,4,4,3,4,34,2.640,20.750,4.985
PAI0129,1,10,1,2.090,1.850,3.280,2.430,2.710,3.360,3.540,2.230,3.320,2.880,2.600,3,1,3,3,18,2.210,13.840,3.261
PAI0130,0,2,2,3.170,2.780,3.050,2.700,2.030,2.610,2.330,2.920,2.960,3.060,3.820,2,4,3,1,37,3.130,23.020,2.171
PAI0131,1,3,0,3.410,3.000,3.080,3.110,2.430,3.460,3.370,3.580,3.360,3.690,2.790,3,1,3,1,56,3.550,14.420,3.176
PAI0132,1,11,2,3.330,3.250,3.860,3.180,3.340,3.470,3.630,2.250,3.580,3.840,3.100,5,5,4,1,65,3.700,12.570,4.495
PAI0133,1,8,3,3.190,3.080,2.030,3.640,1.810,2.810,3.110,2.910,3.520,2.740,3.220,4,5,3,1,53,4.030,25.050,3.689
PAI0134,1,11,1,3.010,3.520,2.240,3.050,2.910,2.580,2.250,2.340,3.020,2.790,2.570,2,2,3,3,56,3.370,11.360,3.344
PAI0135,1,5,1,3.560,2.540,4.120,2.390,2.960,3.890,2.910,3.310,3.650,3.910,2.490,6,5,2,1,31,1.750,25.200,3.724
PAI0136,1,14,2,3.100,3.300,3.360,2.790,2.790,2.850,2.110,2.920,2.130,2.700,3.240,3,1,3,2,56,2.650,20.500,4.989
PAI0137,0,0,2,2.930,2.440,3.810,2.870,3.050,2.450,2.880,3.200,3.040,3.360,2.420,1,4,3,1,18,3.780,31.020,3.454
PAI0138,1,10,2,3.370,3.150,2.900,1.760,4.050,3.300,2.850,2.800,2.680,3.020,2.900,3,5,2,1,37,3.920,32.990,4.761
PAI0139,1,3,2,2.880,4.150,1.780,3.040,3.060,3.980,2.750,2.810,3.050,2.260,3.720,4,3,3,4,38,2.530,19.750,3.480
PAI0140,1,8,2,3.160,1.730,2.440,2.970,3.280,3.990,3.170,3.110,3.260,3.780,2.860,3,4,3,2,51,3.610,21.490,4.168
PAI0141,1,3,2,2.400,2.510,1.990,2.250,4.050,3.680,1.530,2.610,2.910,3.030,2.010,5,5,2,1,18,3.430,8.420,3.150
PAI0142,0,2,2,3.580,2.790,3.330,3.220,3.400,2.680,3.420,2.910,3.340,3.200,4.580,1,4,3,2,66,3.360,28.800,4.550
PAI0143,0,1,2,3.070,2.980,3.470,4.290,3.060,2.930,3.580,2.690,2.340,2.620,3.380,1,3,2,1,44,2.870,25.100,4.605
PAI0144,1,11,1,2.770,2.660,3.240,2.400,3.290,3.230,2.490,2.370,2.780,2.480,2.640,3,1,3,3,48,2.150,12.580,5.457
PAI0145,1,7,3,2.710,2.040,3.040,2.300,4.090,2.850,3.300,2.170,2.550,2.470,3.650,4,4,3,2,47,3.170,20.190,3.280
PAI0146,1,3,2,1.830,3.100,3.480,2.660,3.660,3.080,2.650,2.990,3.330,1.000,2.160,4,2,2,3,42,2.380,22.010,5.718
PAI0147,1,4,0,2.610,1.220,2.230,3.130,2.270,2.910,3.530,1.280,1.780,3.900,3.170,6,2,2,1,58,2.870,8.440,3.417
PAI0148,0,2,2,3.160,2.960,2.940,3.350,2.600,3.510,3.780,3.510,3.770,2.300,3.620,2,4,2,1,32,3.140,19.660,3.996
PAI0149,1,3,2,3.740,2.800,3.400,2.950,4.120,3.970,4.270,3.040,2.590,2.630,3.210,7,3,4,2,37,3.810,30.960,4.169
PAI0150,1,8,1,3.750,3.700,2.910,2.290,2.700,2.860,2.240,1.670,2.360,2.120,1.700,2,1,2,1,22,2.130,27.900,4.224
PAI0151,1,5,1,2.600,3.110,2.960,2.790,2.240,3.170,1.720,3.120,3.220,2.900,3.930,0,3,4,2,41,2.930,26.560,4.029
PAI0152,1,7,2,1.240,3.080,3.260,3.220,3.960,3.030,4.140,3.280,2.790,3.390,3.390,5,5,4,2,23,3.230,26.400,3.074
PAI0153,0,0,3,3.180,2.520,4.200,2.840,3.650,1.190,3.060,2.620,4.150,2.820,2.800,1,4,5,3,55,3.290,27.050,1.962
PAI0154,1,10,2,3.560,3.110,4.030,2.370,2.270,3.140,3.160,3.940,3.270,3.090,3.250,4,4,2,4,28,2.230,21.140,4.164
PAI0155,0,2,1,4.070,3.400,3.700,2.790,3.300,2.710,2.990,2.900,3.510,3.260,3.210,2,4,3,4,45,3.300,21.300,3.766
PAI0156,1,3,1,3.200,2.100,3.630,3.020,3.740,2.330,1.770,2.090,2.350,2.640,3.040,5,2,2,2,39,2.880,8.740,4.707
PAI0157,0,0,1,2.440,3.050,2.740,3.250,3.460,3.540,3.420,2.680,3.600,2.280,3.230,1,2,3,4,48,2.550,13.030,3.093
PAI0158,1,3,1,2.000,1.420,3.900,2.650,3.060,3.040,2.010,2.970,3.510,1.990,3.290,3,4,3,3,45,3.330,20.880,4.546
PAI0159,1,29,2,2.440,2.580,2.540,2.600,3.730,3.100,3.100,3.410,3.390,3.010,3.930,4,4,4,4,18,3.520,17.970,4.138
PAI0160,1,18,2,3.860,2.600,3.610,3.060,2.450,2.130,2.590,3.690,3.110,2.100,2.840,2,2,3,2,54,1.780,17.360,5.357
PAI0161,0,2,1,3.110,2.900,3.960,2.620,3.780,2.490,3.440,3.000,3.820,3.130,3.170,1,2,2,1,52,4.000,35.310,3.966
PAI0162,1,6,2,3.210,3.190,3.100,3.300,3.220,2.640,2.850,3.000,2.610,3.230,2.850,4,4,2,2,52,3.040,23.910,3.645
PAI0163,0,0,2,4.040,3.500,3.550,3.380,2.580,3.350,4.430,2.740,3.190,3.100,3.660,0,4,3,1,60,2.760,34.410,2.963
PAI0164,0,2,3,3.710,3.260,2.760,2.840,2.500,3.330,3.340,3.300,3.630,4.220,2.670,1,5,3,2,66,3.880,39.420,4.685
PAI0165,0,2,1,2.270,2.280,3.510,3.640,3.210,2.650,3.090,2.620,3.320,2.630,2.900,5,3,2,2,48,2.920,7.770,5.150
PAI0166,1,7,2,3.400,3.090,3.400,3.640,2.570,3.580,3.980,3.170,2.210,3.010,3.160,4,6,4,2,35,2.880,30.130,4.170
PAI0167,1,7,2,2.050,3.520,2.680,2.690,3.280,3.200,3.160,3.510,3.440,2.580,3.430,7,4,4,1,62,1.790,26.160,6.351
PAI0168,0,1,2,2.600,2.460,3.200,3.190,3.640,3.120,3.070,1.850,2.680,3.630,2.980,3,4,5,1,37,2.900,15.230,3.373
PAI0169,1,8,0,2.700,2.790,2.180,2.960,2.670,2.450,3.220,2.920,2.160,4.630,2.920,7,3,4,2,19,3.030,18.970,5.702
PAI0170,1,6,3,3.240,2.420,2.720,3.300,3.680,3.380,2.580,2.460,2.830,2.500,1.970,4,2,3,4,36,2.270,23.340,5.780
PAI0171,1,3,0,1.850,1.670,2.850,1.610,2.730,3.340,2.450,3.170,4.170,2.830,3.180,3,2,4,4,58,2.670,20.360,2.675
PAI0172,1,7,2,3.220,2.240,3.050,3.230,3.190,2.400,3.880,3.150,2.510,2.720,3.580,4,4,3,3,51,3.000,26.830,7.030
PAI0173,1,5,1,2.610,2.780,2.590,2.470,2.680,3.000,3.600,3.780,2.290,2.930,2.360,3,3,3,4,57,3.910,18.290,6.379
PAI0174,1,23,4,4.210,2.310,2.670,2.990,2.580,3.160,3.800,3.180,3.780,2.640,3.520,2,5,3,2,31,3.310,20.690,4.037
PAI0175,0,2,0,2.400,1.810,3.070,3.350,3.860,3.660,2.930,2.880,2.660,2.780,3.540,1,3,4,2,23,2.850,5.780,3.914
PAI0176,0,2,2,3.000,3.040,3.340,4.140,3.930,2.780,2.730,2.230,4.010,2.700,2.880,1,5,3,2,36,3.210,25.030,5.518
PAI0177,0,2,2,2.360,2.370,2.610,2.900,3.960,3.520,2.340,3.390,3.920,2.910,4.070,2,4,2,1,48,3.720,12.380,3.297
PAI0178,1,8,1,2.200,2.710,2.490,3.080,3.330,2.360,2.680,3.030,3.540,3.550,3.650,5,1,4,4,44,1.720,14.560,2.467
PAI0179,0,1,2,2.860,3.500,2.510,3.230,2.980,3.520,2.960,3.020,2.240,3.450,3.800,2,3,2,3,33,2.500,29.100,4.415
PAI0180,1,15,1,3.390,2.490,1.900,2.600,3.160,3.610,2.340,3.260,2.800,3.150,2.610,3,3,2,2,45,3.290,15.860,3.847
PAI0181,1,65,1,3.520,3.330,3.090,1.690,2.980,2.560,2.510,3.210,3.430,3.480,2.850,4,1,3,2,35,3.140,22.220,5.761
PAI0182,0,0,2,1.840,2.110,3.070,3.230,2.410,2.770,3.370,1.800,2.410,1.820,3.070,0,3,3,4,43,1.260,9.090,4.726
PAI0183,1,7,2,2.360,3.520,3.120,3.210,4.170,3.410,3.070,3.090,3.960,3.230,2.350,3,6,4,1,53,2.300,26.350,3.765
PAI0184,0,2,3,3.470,3.420,3.170,3.540,2.900,3.900,3.520,2.810,3.300,2.190,4.540,3,2,3,3,31,3.860,25.870,4.211
PAI0185,1,12,2,3.090,3.800,3.220,3.400,2.170,1.970,2.680,2.650,3.690,2.590,3.880,1,2,2,2,49,1.130,22.850,6.140
PAI0186,1,8,3,2.940,3.230,3.820,3.670,2.750,3.980,3.560,3.640,3.290,3.140,1.620,3,4,4,4,67,2.110,11.180,4.666
PAI0187,0,2,1,3.340,2.240,1.960,3.300,2.560,2.540,3.810,1.930,2.250,3.090,3.620,0,2,2,1,20,3.150,9.430,4.826
PAI0188,1,4,0,3.540,2.390,4.250,3.340,2.330,3.680,3.230,3.040,3.140,2.460,2.480,1,4,3,1,70,3.080,23.820,5.778
PAI0189,0,2,0,3.070,1.820,2.580,2.960,2.710,2.940,1.380,2.300,2.540,2.880,2.490,0,2,2,4,36,2.310,14.710,4.528
PAI0190,1,3,3,3.610,3.450,2.170,2.630,2.360,3.050,3.380,2.790,3.310,3.840,3.130,0,4,3,2,54,3.530,23.930,3.517
PAI0191,1,13,2,2.220,2.490,2.560,3.590,3.130,2.990,3.500,3.310,3.090,3.250,3.130,4,3,2,1,52,2.830,19.640,1.536
PAI0192,0,2,0,2.430,2.800,2.970,3.520,3.430,3.370,2.660,2.950,3.540,3.380,3.150,2,1,4,1,60,3.400,23.640,1.567
PAI0193,0,2,1,1.410,2.490,2.250,2.560,3.520,2.880,2.350,4.020,3.190,2.000,2.450,1,3,2,3,49,2.230,15.920,4.466
PAI0194,0,2,2,1.550,2.500,3.250,3.140,3.480,2.920,2.160,2.990,3.170,2.890,4.340,3,6,2,4,61,3.850,21.840,4.143
PAI0195,1,5,2,2.670,2.400,4.480,3.300,3.660,3.080,3.130,2.440,2.880,3.110,2.740,3,5,2,2,38,2.770,35.300,4.621
PAI0196,1,23,3,3.050,2.510,3.850,2.310,2.360,3.960,2.890,3.630,3.750,2.290,3.030,4,3,4,1,18,2.160,24.200,6.634
PAI0197,1,6,3,3.260,2.580,3.360,3.690,2.860,2.780,3.620,3.460,3.440,3.120,3.340,5,2,4,4,59,3.490,23.060,3.843
PAI0198,1,3,1,3.500,3.130,3.660,3.280,3.770,4.320,2.420,3.370,2.800,2.980,2.690,4,2,4,2,39,3.260,27.680,6.951
PAI0199,1,11,3,3.270,2.570,2.700,2.630,3.230,3.040,2.320,3.260,1.880,2.880,2.460,6,5,3,1,56,3.640,25.650,5.594
PAI0200,1,9,3,1.920,1.960,2.690,3.910,2.570,2.060,2.610,3.310,3.500,3.920,4.490,2,5,2,1,41,2.680,4.010,3.665
PAI0201,1,8,0,2.310,2.560,2.310,1.840,2.230,2.970,2.500,2.480,2.300,2.750,2.700,4,2,3,3,40,2.080,13.730,5.499
PAI0202,1,15,4,4.190,2.400,2.760,2.690,4.440,3.590,3.920,3.640,3.210,3.130,3.560,5,4,3,3,47,3.180,24.890,4.443
PAI0203,0,1,1,3.190,3.030,3.180,4.000,2.770,3.560,3.510,4.170,2.450,3.770,2.190,1,5,3,1,56,3.070,30.700,3.338
PAI0204,0,0,2,2.580,2.630,2.620,3.560,3.040,2.750,2.570,3.610,3.030,2.960,3.410,0,1,3,1,33,4.470,20.250,6.039
PAI0205,1,20,1,2.840,3.650,2.230,2.360,2.250,3.140,2.370,3.650,1.520,3.000,2.760,3,5,4,2,66,2.490,15.200,4.223
PAI0206,1,5,1,3.370,2.740,3.600,1.610,3.620,3.290,3.500,3.060,2.870,3.800,3.080,1,4,3,1,38,2.960,22.430,4.246
PAI0207,1,11,2,3.790,2.500,1.620,3.870,3.620,3.580,2.960,2.880,3.750,3.040,3.900,3,4,3,2,42,3.470,11.620,5.690
PAI0208,1,6,0,3.090,1.710,2.390,2.930,2.850,3.300,2.830,2.480,2.660,2.360,3.560,0,2,3,3,25,3.550,20.570,3.945
PAI0209,1,4,3,4.820,2.890,2.670,2.170,2.190,2.350,2.700,2.710,2.920,3.520,2.800,3,3,3,1,45,3.620,26.560,4.160
PAI0210,1,4,2,3.670,2.590,3.320,2.590,4.470,3.580,3.330,3.880,3.490,3.180,4.170,3,3,4,2,44,3.510,28.740,4.019
PAI0211,1,8,0,2.170,3.230,1.770,2.760,1.320,2.720,2.710,2.760,3.420,3.230,2.930,5,3,3,1,32,2.720,15.340,4.223
PAI0212,0,0,4,2.080,2.790,3.220,3.260,2.860,3.360,3.150,3.460,3.480,3.550,4.150,4,2,3,1,58,3.200,32.590,8.733
PAI0213,1,8,4,3.000,4.130,3.470,2.550,3.350,3.120,2.860,1.670,2.950,2.480,2.460,3,2,3,1,28,2.830,23.010,5.131
PAI0214,1,26,2,3.740,2.950,3.470,2.830,3.140,4.030,2.680,2.340,3.160,3.280,3.340,0,3,3,1,62,2.930,29.960,4.923
PAI0215,1,6,0,3.460,3.240,2.820,2.370,3.030,3.090,1.540,2.770,3.130,2.500,1.800,0,3,2,3,42,1.750,24.000,3.698
PAI0216,0,2,2,4.480,3.900,3.770,2.410,2.690,2.170,2.490,3.450,2.890,2.150,3.020,1,2,3,2,23,3.210,28.750,5.286
PAI0217,1,3,2,3.110,3.010,3.380,2.540,3.010,3.210,2.680,3.230,2.680,2.710,3.340,5,4,2,2,59,2.820,16.460,3.243
PAI0218,1,7,3,3.820,3.150,3.680,2.620,3.440,2.570,2.860,3.600,3.560,2.290,2.360,4,5,4,1,29,3.250,26.990,4.422
PAI0219,1,10,2,3.880,2.120,2.520,2.980,3.310,3.860,3.320,3.100,2.280,3.340,3.920,3,3,2,3,46,2.510,20.610,3.138
PAI0220,1,4,1,4.960,2.970,3.090,1.910,2.640,2.880,2.400,2.560,3.120,4.050,2.270,1,4,3,3,43,2.970,22.610,6.187
PAI0221,1,23,3,2.450,2.360,2.790,2.700,3.870,2.790,4.320,2.500,3.030,3.110,3.930,6,1,4,2,25,4.030,11.040,5.708
PAI0222,1,6,3,2.630,3.120,2.520,1.760,2.830,2.280,3.320,3.160,2.980,2.730,1.830,3,5,3,4,40,3.270,26.600,4.526
PAI0223,1,6,2,3.390,3.070,3.320,3.800,3.520,3.580,2.330,3.020,3.090,2.650,2.440,2,3,2,2,45,2.880,30.860,5.901
PAI0224,0,1,2,2.570,3.290,2.710,3.260,4.220,2.630,3.030,4.290,3.570,2.510,3.210,4,4,2,1,49,3.580,19.490,2.665
PAI0225,1,3,0,3.460,1.690,3.320,3.200,3.570,2.240,2.880,3.060,2.160,1.590,2.490,4,3,1,4,33,2.290,6.770,4.022
PAI0226,1,5,3,3.390,3.260,2.150,2.710,3.190,1.350,1.970,1.930,3.210,3.240,3.600,4,3,4,3,36,2.190,13.870,2.746
PAI0227,0,0,3,2.920,2.700,3.510,2.480,3.290,3.110,3.100,3.210,3.610,2.760,2.940,3,2,4,2,33,2.870,25.620,5.117
PAI0228,1,6,1,1.890,2.280,2.630,2.390,3.290,3.080,2.080,3.720,2.640,3.410,4.020,4,2,3,3,39,2.350,1.400,5.780
PAI0229,0,1,2,3.740,2.750,3.130,2.800,2.920,2.830,3.150,2.760,3.620,3.620,2.500,2,3,3,4,35,2.360,17.680,3.706
PAI0230,1,11,1,3.380,2.670,3.720,2.940,2.670,2.940,2.660,3.050,2.760,3.530,3.000,4,3,4,3,34,3.500,22.010,2.914
PAI0231,1,8,4,1.700,2.650,2.530,3.450,2.670,3.530,2.950,2.940,2.080,2.270,2.020,4,4,3,1,22,3.620,17.800,4.749
PAI0232,1,5,3,1.680,2.990,3.250,2.400,2.540,2.000,3.130,3.300,2.010,3.170,3.320,4,4,3,1,39,4.050,23.790,2.559
PAI0233,1,6,2,2.600,2.740,3.430,3.560,2.390,2.410,3.560,2.570,2.840,2.860,2.910,4,0,3,2,24,3.350,28.970,3.083
PAI0234,1,10,3,3.950,3.310,2.910,3.120,3.560,4.290,4.070,2.900,2.410,3.660,2.870,6,3,3,4,50,3.610,13.460,4.348
PAI0235,0,2,2,3.000,2.520,2.580,2.820,2.420,3.780,3.780,3.590,3.640,2.880,2.200,0,5,3,2,48,2.690,16.330,5.233
PAI0236,1,7,1,2.730,2.550,2.680,3.160,3.390,3.970,3.080,3.490,3.900,2.210,2.940,5,5,4,4,25,3.050,17.040,4.181
PAI0237,0,0,1,2.140,2.600,1.830,2.900,2.660,3.470,2.920,2.720,2.260,3.000,2.810,0,3,2,4,41,2.420,15.580,5.085
PAI0238,1,5,2,2.190,3.760,2.520,3.060,2.710,2.300,2.320,2.320,3.070,3.410,1.940,4,2,2,2,41,2.360,18.150,5.371
PAI0239,1,20,3,3.710,3.580,3.370,3.440,3.820,2.960,3.430,3.470,2.590,4.070,3.980,5,4,3,2,51,3.110,27.240,1.734
PAI0240,0,0,0,3.830,2.550,2.870,1.960,3.320,3.000,2.800,2.490,2.440,1.690,2.860,2,4,2,1,47,2.800,24.600,4.814
PAI0241,1,12,1,3.410,3.630,3.400,3.120,2.480,1.600,3.520,3.520,2.980,1.310,3.360,2,2,3,3,41,2.140,40.000,4.404
PAI0242,0,0,1,2.970,3.810,3.220,1.910,2.410,3.030,2.800,3.520,3.490,2.510,2.800,2,1,3,1,58,3.310,29.640,4.512
PAI0243,1,6,2,2.860,3.110,3.530,2.730,2.780,2.350,3.630,3.610,2.790,2.560,3.310,3,4,3,4,54,3.210,18.320,5.422
PAI0244,0,0,1,2.470,2.980,3.190,2.910,3.400,3.910,2.930,3.690,2.900,3.380,3.710,3,5,4,2,32,3.840,25.220,3.537
PAI0245,1,4,1,2.490,2.160,3.360,3.460,2.800,2.950,2.610,2.950,3.230,3.200,3.230,4,3,4,3,37,2.900,23.140,4.987
PAI0246,0,2,2,3.170,4.530,3.750,3.290,3.710,2.410,2.590,3.170,3.250,2.980,2.850,1,4,2,1,79,2.480,31.670,4.781
PAI0247,1,3,2,3.190,3.420,3.940,3.010,3.930,2.900,2.430,2.670,2.370,2.140,3.280,5,5,2,1,34,1.860,19.930,4.596
PAI0248,1,7,2,4.190,2.580,3.330,3.120,3.490,3.310,2.850,3.000,2.390,2.390,3.060,2,1,2,2,36,2.260,26.890,5.194
PAI0249,1,7,4,2.210,2.340,3.990,2.400,3.510,2.350,2.730,1.870,4.080,2.570,3.060,1,3,3,3,63,3.100,29.540,3.531
PAI0250,0,0,1,3.070,4.840,3.320,2.010,2.910,2.440,3.530,1.960,3.060,2.380,2.700,0,4,2,1,38,2.840,34.060,4.211
PAI0251,1,36,4,2.130,2.840,3.350,3.420,3.090,3.420,2.770,1.740,2.180,3.090,2.810,2,2,2,1,61,3.280,20.930,6.135
PAI0252,0,2,2,3.280,2.090,2.740,3.840,3.450,3.190,2.790,3.540,3.380,3.040,2.720,3,2,3,4,37,3.030,13.860,6.469
PAI0253,0,1,1,2.300,3.300,2.260,2.780,2.740,4.280,2.140,2.580,1.630,2.620,3.100,3,4,2,1,35,2.880,19.550,7.155
PAI0254,1,4,3,2.050,3.290,1.870,3.030,3.060,2.560,2.870,3.590,3.380,3.550,3.110,6,2,2,1,26,3.110,27.010,3.299
PAI0255,1,10,4,3.580,3.300,3.750,3.160,2.330,3.960,3.800,3.740,3.490,2.170,3.840,6,4,4,1,60,3.020,33.390,5.587
PAI0256,1,7,2,2.920,4.120,3.170,3.260,3.340,2.570,2.690,2.260,2.040,2.810,1.990,6,4,3,1,32,3.670,22.710,3.900
PAI0257,0,2,2,3.540,3.500,2.090,3.690,3.360,2.520,3.880,3.530,2.790,3.180,3.280,3,5,4,3,41,3.140,15.840,1.262
PAI0258,0,0,0,2.780,2.620,3.150,2.490,3.140,3.160,2.470,2.520,2.770,2.950,3.030,1,3,3,3,44,3.790,11.130,6.863
PAI0259,0,2,2,2.410,2.300,1.950,3.460,2.660,3.570,2.690,2.450,2.770,2.720,3.000,1,3,2,1,23,3.170,9.720,4.655
PAI0260,0,2,4,3.890,2.550,1.920,2.520,2.820,3.600,2.570,2.540,1.840,2.180,2.380,2,3,3,1,31,2.600,12.850,6.855
PAI0261,0,2,0,3.000,3.220,3.060,3.240,3.110,2.390,2.530,3.210,2.950,2.070,2.640,3,3,3,2,26,3.460,24.670,2.310
PAI0262,0,1,2,2.230,3.480,2.270,2.050,3.060,2.990,2.390,3.870,3.870,3.520,2.610,0,2,2,1,37,1.260,11.990,3.774
PAI0263,0,2,1,3.180,2.110,2.610,2.990,2.980,3.130,3.720,3.410,3.210,3.120,2.680,1,2,4,2,54,2.930,21.210,6.359
PAI0264,1,9,0,2.980,1.100,1.920,1.860,2.010,3.350,3.360,2.890,3.680,2.400,2.110,3,2,3,1,57,2.810,8.100,4.609
PAI0265,1,12,2,3.860,3.470,4.300,3.040,2.930,2.930,2.870,2.510,2.460,3.490,2.890,4,4,2,1,28,3.300,11.420,1.195
PAI0266,1,13,1,2.950,3.950,2.430,3.530,3.200,3.000,3.000,3.630,2.770,3.170,3.180,3,4,3,4,50,2.910,20.750,5.075
PAI0267,1,36,0,3.060,2.730,2.750,3.450,2.670,3.690,2.390,3.810,4.300,3.750,3.170,3,3,2,3,22,3.370,24.620,3.042
PAI0268,1,3,1,3.100,3.660,3.360,2.390,4.000,2.130,3.130,3.110,2.240,2.970,3.190,4,3,2,3,42,2.590,22.460,2.909
PAI0269,1,22,3,3.410,3.330,3.780,2.340,2.630,4.140,3.500,3.130,2.800,4.210,2.950,3,4,4,1,60,3.470,29.690,4.071
PAI0270,1,10,2,2.100,2.810,3.390,3.950,2.420,4.060,3.080,3.240,3.250,3.670,3.290,4,4,4,2,35,3.360,19.860,4.742
PAI0271,0,1,1,3.210,3.740,3.460,3.350,3.380,2.250,1.500,3.440,3.110,2.090,2.470,4,4,3,3,27,2.460,13.500,3.651
PAI0272,0,0,1,2.030,2.990,2.870,3.600,3.110,3.520,3.890,4.300,4.260,3.320,3.300,4,6,3,3,44,3.240,28.120,5.216
PAI0273,0,2,3,2.070,2.850,2.820,2.800,2.720,3.340,2.850,2.410,1.750,3.570,2.990,2,4,3,4,30,2.600,18.170,4.045
PAI0274,0,1,1,2.930,2.840,4.220,2.940,3.470,3.350,2.680,2.870,3.890,2.100,2.170,0,3,3,2,50,4.310,22.700,4.236
PAI0275,0,1,2,2.730,2.540,2.050,2.930,1.950,3.580,3.350,3.630,3.310,2.950,3.370,2,1,3,2,54,2.750,23.270,3.235
PAI0276,0,1,1,2.300,2.580,2.980,1.750,2.810,1.570,2.230,2.760,2.610,3.040,2.130,2,2,3,3,20,3.480,9.300,1.853
PAI0277,1,6,2,1.990,2.870,3.400,3.210,3.270,3.040,2.470,2.440,2.740,2.900,2.440,2,3,3,3,49,3.360,26.340,5.225
PAI0278,0,0,3,3.750,2.980,2.950,2.260,3.610,2.580,2.790,2.260,3.630,2.920,3.230,2,4,3,1,45,2.260,27.130,4.024
PAI0279,1,6,3,2.100,2.750,2.830,2.850,1.930,2.270,2.850,3.210,1.980,3.300,2.600,2,2,3,3,39,4.160,12.550,4.509
PAI0280,1,5,3,4.060,3.630,3.360,2.430,3.890,3.770,2.970,3.280,2.400,3.220,3.110,5,3,3,1,53,2.390,36.610,4.225
PAI0281,1,15,1,2.880,3.900,3.490,2.160,3.030,2.980,4.050,2.820,2.510,2.810,3.140,5,1,2,2,22,2.430,21.210,4.505
PAI0282,0,2,1,2.980,3.710,4.150,3.120,3.790,3.570,2.880,3.040,3.660,3.530,4.590,1,6,4,3,44,3.240,26.940,6.210
PAI0283,0,2,1,3.760,3.080,1.830,3.650,2.730,2.500,2.400,2.650,3.730,3.470,3.240,0,3,3,2,35,3.320,23.830,3.979
PAI0284,1,7,4,2.130,4.260,3.550,3.640,3.220,4.110,3.270,3.620,2.160,3.880,2.830,4,4,4,3,37,2.460,31.680,5.987
PAI0285,1,3,3,3.190,2.540,2.190,2.560,1.740,2.650,3.030,2.630,3.620,3.100,3.920,2,3,2,2,41,3.200,12.630,2.596
PAI0286,1,4,2,3.420,3.450,2.000,2.450,3.510,2.910,3.570,3.770,3.540,3.830,3.230,3,2,3,2,47,2.120,22.840,3.497
PAI0287,1,3,2,2.820,1.740,3.340,1.950,2.850,2.490,2.860,1.970,3.870,3.420,2.910,3,4,2,2,31,3.300,22.860,4.761
PAI0288,0,0,2,2.940,3.460,2.120,3.340,3.190,3.470,3.030,2.660,2.160,4.600,3.300,1,3,2,2,40,2.780,9.670,3.893
PAI0289,1,6,0,2.480,4.210,2.610,2.880,3.660,3.100,2.700,2.610,3.400,3.610,3.710,2,2,4,2,33,2.370,27.380,5.390
PAI0290,1,3,2,1.410,2.540,2.840,1.890,2.150,3.570,2.920,2.440,3.130,1.770,2.610,3,3,4,2,22,2.490,7.450,5.050
PAI0291,1,6,4,3.070,3.100,3.740,2.960,2.640,3.240,2.540,3.630,3.820,2.500,2.820,5,3,2,1,74,3.470,29.810,2.723
PAI0292,1,10,2,3.710,3.080,4.370,3.240,2.090,3.550,2.680,3.970,3.360,3.910,3.290,7,4,3,4,24,2.480,29.630,2.906
PAI0293,1,7,1,2.890,2.170,3.220,2.340,2.450,2.580,2.020,3.930,2.480,2.370,2.550,1,3,3,1,25,3.530,20.740,4.133
PAI0294,1,3,4,3.050,2.420,2.310,4.860,3.940,3.430,2.480,2.460,3.110,2.280,3.390,3,5,4,4,61,3.710,21.570,5.211
PAI0295,0,1,0,2.940,3.560,3.340,3.320,3.560,2.030,2.520,2.920,2.370,3.360,3.390,2,3,3,1,36,2.660,19.750,4.735
PAI0296,1,4,3,2.750,2.830,2.390,2.370,1.710,2.980,2.760,3.210,3.070,3.200,2.510,3,3,2,2,51,3.070,19.730,2.759
PAI0297,1,5,1,3.060,3.500,2.060,3.470,2.880,2.870,3.050,2.120,2.450,2.830,3.240,3,6,3,2,35,3.220,18.860,1.376
PAI0298,1,31,2,3.540,2.670,3.620,3.200,3.190,3.580,3.590,3.510,4.240,5.000,3.540,5,6,4,1,35,4.180,31.540,3.407
PAI0299,1,3,3,3.660,3.480,4.220,3.850,3.520,2.410,3.540,3.110,3.090,3.790,3.080,3,1,4,4,30,2.580,38.380,3.631
PAI0300,1,3,3,3.140,3.080,2.950,2.970,3.160,3.250,3.360,2.900,3.590,3.210,3.580,4,5,3,1,34,3.280,20.920,4.607
PAI0301,1,11,0,2.530,2.870,4.400,3.710,2.860,1.590,2.230,2.770,2.870,2.070,2.420,0,3,4,3,34,2.270,20.400,5.031
PAI0302,1,4,1,3.770,3.620,3.510,2.860,2.120,2.440,2.940,2.980,1.190,2.520,3.280,4,3,2,4,53,2.120,19.230,4.549
PAI0303,0,2,2,3.300,3.420,2.440,2.740,2.630,2.110,2.520,3.540,2.600,2.520,3.760,2,4,3,3,58,2.750,20.940,4.740
PAI0304,1,22,2,2.700,2.870,3.020,3.280,2.560,2.020,4.360,2.220,3.220,2.750,2.980,6,3,3,4,40,2.700,26.180,3.984
PAI0305,1,3,0,3.350,2.740,2.100,4.200,2.610,3.350,2.930,2.850,3.370,3.290,2.510,3,4,4,2,35,3.470,20.500,2.801
PAI0306,1,4,3,3.260,3.760,3.360,2.440,3.360,2.360,2.870,3.580,3.240,2.920,3.010,6,5,3,2,49,3.810,23.590,4.523
PAI0307,1,10,3,3.360,2.930,3.490,3.020,1.600,2.770,3.900,3.120,3.880,2.960,2.880,4,3,3,1,64,2.750,22.460,3.303
PAI0308,0,0,1,3.250,2.590,3.660,2.920,1.930,2.780,3.990,3.630,3.290,2.520,2.550,2,6,3,1,66,2.370,17.490,3.552
PAI0309,1,12,1,1.840,3.950,4.010,3.870,2.900,2.260,1.360,2.510,2.290,2.830,2.750,2,4,2,2,29,2.770,23.860,4.457
PAI0310,1,8,4,2.950,3.600,4.190,4.300,2.650,2.780,2.310,3.850,2.660,2.440,2.890,5,3,3,3,54,3.930,25.540,6.828
PAI0311,1,3,3,4.810,3.170,2.430,2.890,2.330,2.730,2.870,2.550,2.780,3.500,2.190,2,5,3,1,24,2.190,21.570,3.269
PAI0312,0,1,4,3.140,2.670,2.990,4.010,3.080,3.370,3.160,2.080,2.240,2.120,3.050,1,1,4,3,44,1.290,20.980,4.306
PAI0313,1,7,4,1.590,2.760,2.850,3.130,2.860,2.570,2.980,2.930,4.120,2.440,2.430,3,3,3,4,44,2.160,17.600,5.217
PAI0314,1,4,2,4.090,4.080,4.590,2.070,2.170,2.260,1.690,2.910,3.380,3.500,2.040,0,3,2,1,40,2.370,32.890,3.902
PAI0315,0,2,1,3.820,3.530,2.150,2.170,3.330,3.350,2.820,4.500,3.230,2.840,3.130,0,3,3,1,40,2.340,13.410,5.009
PAI0316,0,2,3,4.070,3.530,3.050,3.580,2.210,2.420,3.050,2.580,3.480,4.080,4.810,0,3,4,1,49,3.280,31.820,3.421
PAI0317,0,0,3,2.730,2.860,3.380,4.020,3.800,3.660,4.270,3.790,2.950,2.530,3.070,2,5,3,3,43,2.510,32.470,5.771
PAI0318,1,8,0,3.480,3.650,3.910,2.690,3.500,3.760,2.370,2.040,3.120,3.060,3.250,4,4,3,4,59,3.750,31.080,3.773
PAI0319,1,3,3,2.530,2.970,2.180,3.850,3.260,2.410,2.650,3.530,2.310,2.720,2.280,3,1,2,2,40,2.440,23.140,4.632
PAI0320,1,18,2,2.290,3.520,2.930,3.800,2.820,3.270,4.070,4.270,2.750,2.690,3.240,6,4,3,1,21,4.220,22.010,3.784
PAI0321,1,3,3,2.380,2.910,3.280,2.650,3.420,3.270,3.120,2.910,2.940,3.110,2.480,2,4,4,4,22,3.700,12.850,5.121
PAI0322,1,8,3,3.150,2.530,3.340,3.170,2.640,3.400,3.210,3.460,3.680,3.030,2.490,4,5,4,3,51,2.050,15.570,2.456
PAI0323,0,0,2,3.080,2.490,3.080,2.670,2.820,2.210,3.250,2.830,2.660,3.840,3.220,0,2,4,3,42,3.610,30.390,6.405
PAI0324,1,12,2,2.770,3.440,3.310,3.680,2.800,2.850,3.150,2.940,2.860,2.910,3.420,5,5,2,4,44,3.320,15.710,3.062
PAI0325,0,1,1,1.900,2.460,3.840,2.650,4.010,2.930,2.650,3.950,3.110,2.790,2.610,1,1,3,3,30,3.950,22.570,3.268
PAI0326,1,4,3,2.950,2.400,3.460,2.730,3.960,2.120,2.580,2.570,2.680,2.290,3.230,3,3,4,1,47,2.290,22.110,2.927
PAI0327,0,1,1,3.610,2.800,2.440,3.200,3.060,4.030,3.910,2.940,3.120,2.910,4.080,1,2,4,4,30,3.200,13.940,4.599
PAI0328,0,0,2,4.900,4.510,4.020,3.200,3.510,3.640,3.930,3.370,2.720,3.450,4.190,3,5,3,1,56,4.190,49.080,4.993
PAI0329,1,5,2,2.360,3.020,3.420,3.000,2.850,2.990,4.190,2.660,3.330,3.200,2.850,1,2,3,2,29,3.560,22.550,5.581
PAI0330,0,0,2,3.200,2.140,3.650,3.280,3.570,4.110,3.410,4.580,3.400,3.160,4.360,0,4,2,2,65,2.490,20.250,4.967
PAI0331,1,3,4,2.330,3.230,3.650,2.630,2.620,2.700,3.380,2.740,3.040,2.490,2.880,4,0,3,4,37,3.780,20.610,4.496
PAI0332,1,8,0,3.540,2.960,2.260,4.020,2.540,2.550,1.650,2.200,3.080,2.520,2.470,2,2,3,3,20,2.420,20.440,4.815
PAI0333,0,0,1,2.630,2.060,2.300,3.410,3.030,3.470,2.800,3.070,3.290,3.330,2.980,1,2,3,2,44,2.240,9.660,4.187
PAI0334,0,0,1,2.330,2.400,2.830,1.640,2.990,2.750,2.230,3.040,3.130,2.830,3.040,4,1,3,4,37,3.170,19.820,4.576
PAI0335,1,5,3,3.540,3.400,2.840,3.140,2.820,2.060,4.220,3.480,3.740,3.460,3.590,5,2,3,4,73,3.740,22.040,4.135
PAI0336,1,7,1,2.790,3.250,2.800,3.430,3.000,2.770,3.300,2.500,2.940,2.320,3.050,3,2,3,2,55,2.670,29.680,4.231
PAI0337,0,1,2,3.550,2.420,2.940,3.410,2.630,2.720,3.830,3.360,2.480,2.880,2.950,1,4,3,2,50,3.760,11.290,4.752
PAI0338,0,0,2,3.540,3.010,2.100,2.570,2.560,3.430,3.120,2.680,2.820,3.690,2.290,0,6,2,1,47,2.740,6.570,4.482
PAI0339,1,9,2,2.960,3.730,1.990,2.930,2.880,3.190,4.530,2.910,3.270,3.230,4.060,3,4,4,2,25,3.080,27.900,6.179
PAI0340,1,8,3,3.730,3.730,3.850,2.400,3.310,3.470,2.420,3.680,3.520,3.060,2.680,4,3,3,4,56,3.710,21.450,5.483
PAI0341,0,1,0,4.960,3.730,3.900,2.340,2.920,2.590,3.870,3.170,3.620,3.540,3.110,2,2,3,4,50,3.240,27.230,2.508
PAI0342,1,45,2,3.050,3.220,4.050,3.350,2.570,2.760,2.600,3.430,2.480,2.970,3.000,4,3,3,1,40,2.100,33.370,4.141
PAI0343,1,3,1,3.280,2.700,2.470,2.710,2.110,2.140,3.090,4.450,3.430,3.990,3.050,3,4,4,1,39,2.890,24.010,1.876
PAI0344,0,0,1,2.400,3.110,2.600,3.250,2.470,2.450,2.430,2.370,3.400,3.200,2.790,2,2,3,1,54,2.620,15.850,4.876
PAI0345,0,1,2,2.770,2.000,3.310,2.850,2.850,3.670,3.290,2.640,3.120,2.930,2.540,0,3,3,2,37,3.140,12.990,4.293
PAI0346,1,5,1,3.000,2.290,2.120,3.540,2.100,2.460,3.120,2.370,2.530,2.550,3.600,2,4,3,1,29,3.610,22.570,2.992
PAI0347,0,0,2,2.820,2.820,2.550,2.610,2.040,1.860,2.980,2.820,2.130,2.660,2.050,0,5,2,4,32,2.710,8.150,3.940
PAI0348,1,14,4,2.940,2.260,3.830,2.570,3.180,4.090,3.700,3.360,3.150,4.430,3.510,3,3,3,3,41,2.900,14.540,3.474
PAI0349,1,12,3,3.050,2.800,4.660,2.680,2.920,3.280,4.010,2.180,3.300,2.740,3.460,7,2,2,3,57,3.690,39.260,6.464
PAI0350,0,0,0,2.850,2.730,2.780,3.690,3.430,3.480,4.130,3.980,3.430,3.940,3.790,2,6,3,1,38,2.840,21.420,5.273
PAI0351,1,6,1,2.640,3.410,3.290,3.240,3.790,2.810,2.070,3.440,2.530,2.280,2.690,5,4,2,1,57,3.060,18.830,6.329
PAI0352,0,1,1,2.940,3.270,3.690,3.800,1.990,2.380,2.830,3.920,3.680,3.020,3.710,1,2,4,2,57,3.520,28.180,2.977
PAI0353,1,7,3,2.740,2.020,2.860,3.630,2.800,2.780,3.600,2.670,2.430,2.740,3.290,2,6,1,1,41,2.090,14.360,3.622
PAI0354,0,0,1,3.300,2.930,2.740,3.010,2.330,3.320,3.120,2.500,2.940,2.730,2.990,2,2,2,1,47,3.580,25.630,4.208
PAI0355,1,9,3,3.050,2.250,1.720,1.960,2.550,2.640,2.650,3.330,3.060,3.470,3.400,3,3,3,3,33,2.580,21.230,4.602
PAI0356,1,8,2,4.260,4.270,2.460,2.530,3.590,2.850,3.140,2.480,2.420,2.970,4.050,2,5,3,4,41,3.050,27.650,3.939
PAI0357,0,1,0,3.160,4.100,2.880,2.500,2.840,2.690,3.080,3.200,2.880,2.440,2.420,1,3,3,1,39,2.290,34.510,3.133
PAI0358,0,1,1,4.100,3.960,3.580,3.630,4.820,3.310,3.450,3.050,3.040,2.840,3.380,4,1,4,2,38,3.450,23.700,5.040
PAI0359,0,0,1,2.820,3.500,3.810,2.970,3.110,3.610,3.290,3.570,2.760,2.940,3.110,4,3,3,1,29,2.980,40.850,4.289
PAI0360,1,13,0,2.530,2.960,2.910,3.310,2.470,3.360,2.760,3.460,1.890,2.690,2.080,0,4,2,4,22,3.350,21.940,4.878
PAI0361,1,5,4,2.350,1.950,2.480,2.510,3.670,3.140,3.550,3.080,2.720,3.680,2.810,5,6,3,2,53,1.840,9.480,4.263
PAI0362,0,2,1,2.980,3.250,3.110,1.920,2.090,1.980,3.220,1.630,1.860,2.730,2.390,0,2,2,1,29,3.360,20.330,6.018
PAI0363,0,2,1,2.470,2.220,1.540,2.070,2.870,2.300,2.620,3.250,3.860,3.040,2.910,0,4,3,1,43,2.200,12.410,4.570
PAI0364,1,17,2,2.710,4.400,3.830,4.230,3.350,2.520,2.370,3.470,2.570,3.740,2.850,6,5,4,1,32,3.290,35.760,6.473
PAI0365,1,8,1,2.810,2.950,2.080,2.940,2.510,3.370,2.470,3.640,2.260,2.030,3.160,4,4,4,1,25,2.870,23.200,3.583
PAI0366,1,3,2,2.110,2.380,2.070,2.210,3.040,3.020,3.820,2.020,3.360,3.130,2.890,2,4,3,3,66,2.670,18.550,7.245
PAI0367,1,12,1,3.550,3.540,2.690,2.570,3.990,2.240,3.190,2.510,3.350,2.850,3.000,4,1,3,4,33,3.470,31.300,4.667
PAI0368,1,12,3,2.260,2.850,3.130,3.620,3.900,3.620,3.260,2.000,2.990,3.380,2.260,5,3,2,4,32,2.380,19.600,3.034
PAI0369,1,45,1,2.760,2.060,2.600,1.920,2.640,3.790,3.620,2.510,2.900,3.190,2.100,2,4,2,4,49,3.300,19.530,4.140
PAI0370,1,8,4,1.790,2.830,3.210,2.790,4.220,2.900,3.600,2.940,2.630,2.880,3.550,3,4,2,1,41,3.410,14.840,3.836
PAI0371,1,6,2,2.900,3.620,2.300,3.220,2.880,3.860,3.160,2.460,2.740,3.630,1.800,3,2,2,2,38,3.220,24.210,3.194
PAI0372,1,4,0,3.130,2.800,1.930,2.650,2.890,3.000,2.920,2.250,3.070,3.530,3.650,2,2,2,3,45,2.370,8.760,4.759
PAI0373,1,3,3,2.610,2.790,3.890,3.280,2.250,3.070,3.320,2.480,2.780,2.210,2.750,5,4,2,1,32,3.460,23.440,3.366
PAI0374,1,3,1,2.950,3.080,3.060,3.330,3.970,3.000,3.710,2.690,3.620,2.770,2.570,3,2,3,4,39,3.190,21.630,6.094
PAI0375,1,5,4,3.240,3.360,3.340,3.340,4.190,3.390,2.400,3.630,3.470,3.110,2.840,5,5,4,4,57,2.450,28.160,4.997
PAI0376,1,12,2,2.770,2.370,2.460,4.040,2.560,3.470,2.910,2.930,3.730,3.060,2.340,5,4,4,1,65,2.300,19.550,4.820
PAI0377,1,10,2,3.000,2.760,3.350,3.690,2.050,3.450,1.930,2.740,2.090,2.550,1.800,2,3,3,3,35,2.820,21.700,5.579
PAI0378,1,10,3,4.120,3.860,3.700,3.050,2.750,2.510,3.740,2.860,3.570,2.750,2.490,2,3,3,1,54,3.430,38.300,5.483
PAI0379,1,23,1,3.850,2.340,2.930,2.510,3.210,2.280,2.970,3.300,2.870,3.550,2.060,5,3,3,1,46,3.020,22.590,4.634
PAI0380,1,6,3,4.200,4.240,3.120,3.980,2.170,4.450,2.960,3.300,3.630,3.140,3.570,4,4,3,4,53,3.710,32.530,4.732
PAI0381,1,8,2,2.300,2.550,1.750,3.160,2.280,2.630,3.200,3.460,2.970,3.280,3.920,3,2,3,2,25,3.480,10.790,5.398
PAI0382,1,8,3,3.060,2.880,3.390,4.050,2.790,1.850,3.170,3.130,3.510,3.280,2.800,4,3,3,2,44,3.570,15.770,4.345
PAI0383,0,0,1,2.240,2.930,4.810,1.950,1.980,2.370,3.230,2.390,2.110,3.100,2.840,0,1,2,2,43,2.410,29.900,4.894
PAI0384,1,8,3,2.110,2.320,3.200,3.460,2.820,2.970,3.820,3.600,3.420,2.800,3.150,2,4,3,2,60,3.100,15.440,3.242
PAI0385,0,0,2,2.940,3.050,2.380,3.330,2.830,3.330,2.480,2.730,2.540,2.950,3.060,0,2,3,3,58,4.410,22.440,3.974
PAI0386,1,12,1,4.070,4.060,3.120,3.670,3.590,4.000,2.530,2.270,2.900,2.670,2.900,4,4,3,3,53,3.470,40.080,7.195
PAI0387,1,4,0,3.170,2.640,3.560,3.040,2.100,3.530,2.620,1.790,3.080,3.060,3.020,4,2,3,4,18,3.130,26.750,2.697
PAI0388,0,2,0,3.160,2.200,3.090,3.570,3.020,3.000,2.360,2.910,3.440,3.220,2.650,3,1,2,2,72,3.130,19.710,3.777
PAI0389,0,0,1,2.870,2.850,3.240,3.200,1.990,4.240,3.680,3.070,3.150,3.650,2.840,2,2,3,3,44,3.330,13.800,3.884
PAI0390,0,0,3,2.260,2.700,4.060,3.220,2.740,2.700,3.360,2.520,3.720,2.480,2.810,5,2,4,4,46,3.200,19.580,3.397
PAI0391,0,2,2,5.000,2.780,2.280,2.700,1.780,1.840,3.330,3.590,2.110,3.100,2.630,0,3,2,1,42,1.820,20.450,4.755
PAI0392,1,14,0,2.450,2.970,2.770,2.670,3.020,2.610,2.610,3.000,2.590,2.190,2.230,3,4,3,1,46,2.520,16.030,6.124
PAI0393,1,8,3,2.720,3.410,2.520,2.800,3.710,2.800,2.230,2.490,2.490,3.170,2.960,3,3,3,2,52,3.410,23.040,4.702
PAI0394,1,8,2,2.760,4.120,2.340,2.180,3.980,2.390,2.580,2.320,3.180,3.410,2.730,1,4,1,4,36,3.300,18.640,5.261
PAI0395,0,1,2,3.640,2.620,3.110,2.280,2.610,3.680,2.720,2.230,2.110,2.730,2.490,2,3,3,1,49,3.610,26.010,5.216
PAI0396,0,1,2,3.080,3.350,2.810,2.490,2.920,3.380,2.790,2.820,1.830,4.170,3.150,1,2,3,3,32,3.360,28.720,4.094
PAI0397,0,2,1,2.600,2.930,1.740,2.960,2.190,1.710,2.460,3.440,2.590,2.540,3.880,0,4,2,2,37,2.960,1.280,3.042
PAI0398,0,0,1,2.710,2.910,3.720,3.490,3.710,2.710,3.130,2.640,2.470,2.750,3.520,1,3,2,1,61,2.860,13.790,3.479
PAI0399,0,2,0,2.850,3.630,3.630,2.910,2.690,3.250,2.940,3.860,3.560,2.910,3.330,2,2,4,4,48,2.980,28.560,4.105
PAI0400,1,9,1,3.210,3.470,3.330,2.880,2.710,1.740,2.570,2.950,2.940,2.420,2.820,2,4,3,2,58,2.910,17.290,5.318
PAI0401,1,7,0,2.350,4.240,2.990,2.090,2.590,3.780,2.190,2.640,3.070,2.800,2.570,4,0,2,3,48,3.050,24.680,4.568
PAI0402,0,1,2,2.710,3.130,3.310,3.300,2.500,3.210,3.320,4.120,2.590,2.500,3.700,4,4,4,4,63,3.290,22.640,4.163
PAI0403,0,1,2,2.910,4.280,3.580,3.110,3.360,2.780,2.260,1.950,3.130,3.100,2.570,2,3,4,1,33,3.620,36.380,4.500
PAI0404,1,6,2,4.200,3.730,3.510,2.870,3.370,3.120,3.000,1.500,3.520,2.980,3.580,3,2,2,4,33,2.920,31.340,4.522
PAI0405,0,2,2,2.760,2.540,1.960,2.530,3.180,3.140,2.660,3.130,2.720,2.100,2.930,0,3,4,4,36,2.350,16.280,4.535
PAI0406,1,25,2,4.000,2.890,2.980,3.650,2.900,3.040,2.880,2.830,3.170,2.780,3.290,5,4,4,2,25,2.220,18.980,3.830
PAI0407,1,4,3,4.180,3.010,2.210,3.460,3.460,3.150,2.710,3.280,2.970,2.690,3.090,3,4,2,2,46,2.130,23.600,4.773
PAI0408,1,9,1,4.260,4.050,2.930,2.010,2.440,2.320,2.330,2.950,2.900,2.230,2.280,5,3,2,4,18,2.380,26.850,3.179
PAI0409,0,2,1,3.280,3.200,2.860,3.060,3.340,3.560,3.090,3.080,2.440,4.040,3.230,2,5,2,2,43,3.670,26.430,6.411
PAI0410,1,16,3,1.840,2.070,2.810,2.660,3.390,2.680,3.050,2.570,3.140,3.420,3.200,3,4,2,1,42,3.150,1.720,5.501
PAI0411,0,1,1,3.440,3.100,2.890,3.490,3.770,2.680,3.470,3.140,3.340,3.640,2.690,1,5,3,1,58,3.190,12.080,4.186
PAI0412,1,6,2,2.980,4.160,2.970,2.510,3.680,4.020,3.250,3.140,3.120,3.510,2.520,4,3,2,4,47,2.390,20.640,4.290
PAI0413,0,2,1,3.160,2.120,2.390,3.010,2.930,3.540,3.070,2.710,2.540,2.690,2.200,0,2,4,4,36,3.660,14.170,3.039
PAI0414,1,27,2,3.830,3.260,3.020,3.040,2.480,2.510,2.890,3.810,2.810,3.370,2.330,5,4,4,2,45,3.280,25.910,5.829
PAI0415,0,2,3,2.450,3.740,3.110,2.330,3.410,3.320,2.990,3.570,3.750,2.870,3.330,0,3,3,1,47,2.920,35.760,4.129
PAI0416,0,0,2,2.720,3.540,2.670,2.800,2.640,2.840,2.940,2.480,2.350,3.140,2.630,0,1,2,1,22,1.280,21.210,3.207
PAI0417,1,9,4,3.470,4.180,2.500,3.350,3.030,2.970,3.320,2.360,3.620,3.050,3.250,4,6,4,2,37,3.760,33.330,6.380
PAI0418,1,7,3,3.370,2.920,3.060,2.460,3.320,3.660,3.240,3.590,2.980,3.610,2.500,2,4,4,4,43,3.090,21.520,6.392
PAI0419,1,6,2,2.080,2.660,2.200,3.540,2.400,3.530,2.750,3.490,2.870,3.420,2.920,1,3,4,2,33,4.000,7.950,6.368
PAI0420,1,10,2,2.610,2.460,2.770,2.790,3.110,3.370,2.400,3.730,3.390,3.160,4.120,3,5,2,4,38,3.420,21.410,4.892
PAI0421,0,1,1,2.730,2.080,2.840,2.430,3.380,3.080,2.640,3.070,2.810,3.200,3.400,0,5,3,2,63,4.240,22.090,4.438
PAI0422,1,12,3,2.840,2.670,2.460,3.020,3.250,2.790,2.760,3.720,3.670,3.530,2.590,3,4,3,1,27,3.540,25.220,3.446
PAI0423,1,6,2,2.580,3.010,2.950,3.190,3.460,2.980,3.460,4.660,3.140,2.960,3.570,3,3,4,2,36,3.330,23.850,4.897
PAI0424,1,14,3,3.380,3.680,3.560,2.910,2.730,2.600,3.960,3.030,2.070,2.880,2.780,5,3,3,3,58,2.190,24.260,2.717
PAI0425,1,3,3,3.160,2.860,3.890,2.120,2.830,4.020,3.120,2.760,4.220,3.150,2.660,2,3,3,1,40,2.700,24.210,4.230
PAI0426,0,1,1,2.610,2.260,2.050,2.930,2.770,3.390,3.030,2.690,2.750,2.840,3.240,3,3,3,1,21,2.960,15.430,5.510
PAI0427,0,0,1,4.070,3.020,2.480,2.000,3.170,2.910,2.330,2.880,3.430,3.470,3.380,0,4,4,1,42,3.580,35.050,2.981
PAI0428,1,3,2,3.750,2.170,2.260,3.290,2.290,3.160,3.140,3.300,3.380,2.710,3.720,5,7,5,1,34,3.020,26.810,5.152
PAI0429,0,0,1,3.480,3.660,2.640,2.500,3.900,3.410,3.060,2.540,2.560,2.180,3.140,2,2,3,1,28,2.760,18.010,4.240
PAI0430,1,6,2,3.040,4.990,3.360,3.220,3.710,3.090,2.990,3.100,3.280,3.570,2.850,5,4,3,1,44,3.670,22.530,5.470
PAI0431,0,1,0,2.650,3.700,3.700,2.850,3.160,3.820,3.190,3.590,2.640,3.270,2.830,3,4,3,4,54,2.450,27.090,3.190
PAI0432,1,14,2,2.970,3.070,3.470,3.050,3.070,2.610,2.830,3.200,2.460,3.670,2.010,3,4,3,3,40,3.140,31.680,4.126
PAI0433,1,11,4,2.540,2.130,3.120,2.910,3.340,3.140,3.170,4.700,3.390,3.030,3.200,6,6,5,1,61,3.480,22.080,4.171
PAI0434,1,8,2,2.570,3.920,3.190,2.380,2.700,3.410,2.830,1.910,3.130,2.920,3.340,4,2,2,1,45,2.410,26.610,6.610
PAI0435,1,10,4,2.880,1.820,2.910,2.860,3.300,2.880,3.590,2.440,3.080,2.700,2.640,4,3,5,2,49,3.680,19.580,3.945
PAI0436,0,0,2,3.820,2.810,2.920,2.950,2.590,3.370,2.420,2.090,3.250,3.800,1.920,1,3,3,1,33,3.480,16.710,2.879
PAI0437,0,2,0,3.100,2.500,2.460,4.030,2.150,3.180,3.210,4.060,3.200,4.240,4.090,1,4,3,3,42,3.410,18.330,4.250
PAI0438,1,37,0,2.350,2.710,4.210,3.000,2.610,3.060,3.070,2.210,3.060,3.820,2.380,2,4,3,1,38,3.370,37.320,7.066
PAI0439,1,3,0,2.680,1.190,3.500,3.310,2.550,2.360,2.410,2.360,2.570,1.890,2.400,3,2,3,4,57,2.780,14.220,3.815
PAI0440,1,7,3,2.100,3.130,2.230,3.450,3.450,2.460,3.380,3.620,3.020,3.170,1.670,4,2,3,1,71,2.330,15.990,3.432
PAI0441,0,1,2,3.150,3.480,2.730,4.520,3.390,2.950,3.450,3.630,2.930,3.310,3.680,4,3,1,3,41,2.350,19.180,4.034
PAI0442,0,0,1,3.370,2.530,2.220,2.010,2.450,2.490,2.420,2.070,2.960,3.660,1.580,0,1,2,4,26,3.420,15.740,3.163
PAI0443,1,10,2,2.470,2.840,2.780,2.980,3.760,3.210,3.320,2.740,3.660,3.720,2.290,6,3,4,2,40,1.800,9.160,5.243
PAI0444,1,3,3,2.640,4.050,3.320,3.010,2.320,3.200,1.900,2.570,3.060,3.090,3.160,6,3,3,4,42,1.640,14.770,3.865
PAI0445,0,2,2,5.000,4.140,3.710,3.160,2.760,2.240,3.190,2.370,1.380,2.610,3.050,1,2,2,1,25,2.760,36.090,4.804
PAI0446,0,1,1,4.040,3.030,2.820,2.530,3.000,2.370,2.900,2.950,2.530,2.580,3.890,0,2,3,3,29,3.400,37.120,3.636
PAI0447,0,0,2,2.620,2.540,3.740,3.930,3.580,3.400,3.710,3.890,2.820,1.970,3.610,2,4,2,1,45,3.140,14.970,3.927
PAI0448,1,21,3,2.710,3.210,2.760,3.730,3.420,3.690,2.940,3.380,2.110,2.600,3.040,3,3,3,4,48,3.070,15.120,3.628
PAI0449,1,4,1,3.730,3.350,3.300,2.580,2.830,3.170,3.210,3.710,2.720,3.180,3.090,3,5,3,1,33,2.280,24.150,3.568
PAI0450,0,0,1,3.290,2.300,3.070,3.240,2.340,2.500,2.480,2.870,3.230,3.640,2.940,1,2,2,4,32,3.490,23.010,3.975
PAI0451,0,1,1,2.370,3.370,2.200,3.100,4.070,2.580,3.580,3.570,2.410,3.570,2.570,2,3,4,1,40,2.900,15.350,2.937
PAI0452,1,4,1,1.620,3.220,2.610,2.640,2.870,3.660,3.490,3.240,2.840,3.810,3.220,6,4,4,1,50,3.750,3.690,3.946
PAI0453,0,0,1,3.310,3.090,2.170,3.290,3.150,2.280,3.360,2.780,3.190,2.330,3.280,0,2,3,1,33,2.780,24.740,4.457
PAI0454,1,3,2,2.670,3.060,2.600,2.890,2.900,2.260,3.300,2.510,3.110,3.700,1.850,3,5,3,1,54,1.980,14.880,3.022
PAI0455,1,5,3,2.910,2.640,2.560,2.570,2.090,3.620,2.260,2.540,2.440,2.250,3.300,0,3,3,4,50,3.460,12.540,2.642
PAI0456,0,2,2,2.850,2.030,1.960,2.500,3.750,2.910,2.230,3.070,3.790,3.200,3.030,0,3,4,1,43,3.660,16.120,4.144
PAI0457,0,2,1,1.960,2.380,3.500,2.100,2.790,3.150,4.130,2.520,3.320,3.100,3.330,2,3,4,1,43,3.460,19.100,2.964
PAI0458,0,1,2,3.490,3.290,2.900,2.760,4.000,2.910,3.650,3.020,3.670,2.430,2.570,2,3,3,4,22,2.040,28.410,5.331
PAI0459,1,13,2,2.200,3.170,3.970,2.870,5.000,3.400,2.720,3.710,2.910,4.110,2.340,4,4,3,1,49,2.850,20.720,4.982
PAI0460,0,2,2,3.710,4.030,3.300,2.380,3.930,3.690,3.720,2.850,3.680,3.310,3.430,1,2,4,4,64,2.820,22.320,6.463
PAI0461,0,2,0,1.850,2.240,3.300,3.050,2.750,2.920,3.120,3.790,3.360,1.950,3.480,0,2,3,4,48,3.720,24.090,4.220
PAI0462,0,2,2,3.710,3.590,3.280,2.400,2.510,2.780,3.030,3.010,3.060,2.730,3.110,4,3,3,3,35,2.710,28.250,3.906
PAI0463,1,6,2,2.880,2.710,2.980,3.320,2.810,2.430,2.480,3.070,2.780,2.670,2.780,6,4,4,4,31,3.570,18.350,3.720
PAI0464,0,2,3,2.030,3.270,2.720,3.650,2.320,3.980,2.520,2.780,3.830,3.570,3.120,3,3,3,1,64,4.350,26.640,3.922
PAI0465,1,4,2,4.510,3.340,2.560,2.430,2.050,2.530,2.390,2.960,3.670,3.480,3.110,4,3,3,2,32,4.140,34.820,4.338
PAI0466,1,5,1,2.080,1.610,2.330,1.450,3.470,3.150,3.220,2.890,2.280,2.560,3.540,4,3,2,3,47,3.560,14.140,1.488
PAI0467,0,0,2,2.320,3.500,2.510,3.320,2.440,2.900,2.530,3.720,3.360,3.540,3.460,2,4,2,3,64,3.490,12.090,4.751
PAI0468,0,1,2,2.840,3.550,3.700,3.320,3.490,3.330,2.180,3.570,3.970,4.160,3.320,4,5,3,1,37,2.810,32.860,4.927
PAI0469,1,16,2,2.820,2.560,2.580,3.570,2.910,3.280,3.080,2.520,3.670,3.380,2.280,5,3,3,1,32,2.900,21.090,2.566
PAI0470,1,10,0,3.090,3.170,2.160,3.600,3.350,3.360,2.590,3.330,2.810,2.580,3.800,2,5,4,1,46,3.240,27.810,3.011
PAI0471,1,18,2,2.710,2.770,3.270,3.350,3.860,3.420,3.380,2.960,2.960,3.880,3.560,4,4,3,4,32,2.980,29.750,4.006
PAI0472,0,0,1,2.490,3.910,3.300,3.890,3.770,3.820,3.350,2.640,3.150,3.220,2.610,2,4,3,1,48,2.040,28.850,3.552
PAI0473,1,3,2,3.410,4.270,4.750,3.700,2.850,2.450,2.600,2.810,3.100,3.850,2.620,5,2,4,4,41,3.360,32.990,3.998
PAI0474,1,3,2,3.030,2.390,4.160,3.150,3.360,2.010,3.860,2.200,3.320,2.900,3.250,2,2,3,2,18,3.290,18.020,2.576
PAI0475,1,10,3,2.780,2.070,2.390,2.850,2.840,2.680,3.660,2.360,3.530,2.930,1.820,1,3,2,4,41,3.320,10.080,4.339
PAI0476,1,10,0,3.350,3.120,1.580,2.750,2.440,3.420,2.900,2.280,2.670,3.080,2.420,3,3,3,4,41,3.680,29.280,4.101
PAI0477,0,2,1,1.580,2.930,2.860,3.360,4.000,2.670,2.730,3.540,2.550,3.020,2.740,1,4,3,1,48,2.110,12.740,4.794
PAI0478,1,6,0,2.870,2.450,2.940,3.090,3.290,2.530,3.730,3.700,2.940,2.860,3.330,5,3,3,4,43,3.260,16.820,7.790
PAI0479,1,3,1,2.940,2.070,3.400,2.880,2.220,2.730,3.600,2.430,3.480,3.480,3.060,5,3,3,1,48,2.600,10.380,3.557
PAI0480,1,6,2,3.290,3.510,3.320,2.450,2.930,3.260,2.800,3.560,3.010,3.020,2.280,2,4,5,1,45,3.030,21.180,4.710
PAI0481,1,5,0,3.750,3.070,4.020,3.560,1.890,2.800,2.300,2.190,2.450,2.730,1.990,5,3,4,4,18,2.460,24.110,5.722
PAI0482,0,0,3,2.950,2.590,2.820,2.100,2.600,3.140,3.590,2.630,2.620,3.130,3.190,1,3,2,1,42,1.710,27.080,4.095
PAI0483,0,0,2,2.660,2.970,1.750,3.180,2.880,3.220,2.550,3.530,2.220,2.830,2.010,1,4,4,1,31,2.730,18.310,5.217
PAI0484,0,1,0,2.860,3.530,1.920,2.870,2.640,2.310,2.350,2.700,1.980,2.670,2.950,0,2,2,4,33,3.520,24.860,2.815
PAI0485,0,2,2,3.610,2.070,3.200,3.010,3.320,2.000,1.630,3.610,2.840,2.050,2.960,0,3,2,1,18,2.850,19.800,5.379
PAI0486,1,10,3,3.460,2.460,2.560,2.550,2.860,3.050,3.670,4.260,3.380,3.000,2.630,3,5,3,1,27,3.120,16.370,4.249
PAI0487,1,4,0,2.200,2.310,2.510,1.880,2.920,2.290,3.100,2.180,2.580,3.300,2.510,3,4,2,2,42,2.030,17.170,3.454
PAI0488,1,23,1,3.190,2.350,2.710,2.780,2.690,2.550,3.640,3.070,3.020,1.920,2.330,3,3,3,4,61,2.980,19.590,3.868
PAI0489,1,4,3,2.540,3.660,3.770,3.460,2.160,2.600,2.710,3.420,3.700,3.630,3.970,3,3,3,1,70,3.150,32.800,5.661
PAI0490,1,5,3,2.930,1.900,2.820,2.430,2.990,3.710,1.760,2.620,2.150,2.570,2.210,2,4,2,1,42,2.560,11.380,2.881
PAI0491,0,2,1,3.120,2.190,2.840,4.250,3.490,3.860,2.870,2.600,2.550,3.950,3.910,1,7,2,3,49,2.880,23.910,3.685
PAI0492,1,7,2,3.610,3.830,1.970,3.280,2.770,3.460,3.230,3.250,3.620,3.340,3.410,5,3,3,4,31,3.020,11.740,4.671
PAI0493,0,1,1,2.120,2.120,1.920,3.220,1.900,1.670,2.820,3.490,3.080,3.400,2.720,0,4,2,3,60,2.910,19.900,4.208
PAI0494,1,10,2,2.940,2.230,2.710,1.750,2.840,2.270,3.100,3.800,1.930,1.940,2.310,6,2,4,3,36,2.830,14.120,5.197
PAI0495,1,21,1,3.530,3.450,3.030,3.300,2.790,3.170,3.240,2.290,2.810,3.160,2.510,3,6,2,2,28,2.860,21.890,6.607
PAI0496,0,0,1,3.910,2.200,3.520,3.740,3.530,3.060,3.830,2.960,2.520,2.190,2.620,2,1,4,2,43,2.450,28.030,5.239
PAI0497,1,17,3,2.560,3.340,3.580,2.740,4.100,4.190,2.540,3.270,3.860,2.310,1.960,6,1,4,3,26,3.340,18.220,4.117
PAI0498,0,2,3,2.950,3.370,3.540,2.830,1.960,1.560,3.400,2.910,3.050,2.350,2.490,1,1,2,4,21,2.400,14.680,3.505
PAI0499,1,5,1,2.470,2.300,3.600,3.700,3.280,3.380,1.930,2.950,3.580,1.550,3.110,2,2,3,1,49,2.760,16.240,3.848
PAI0500,0,2,1,2.760,3.540,3.020,2.290,2.590,2.360,3.010,3.540,4.110,3.160,1.880,0,0,2,4,29,2.690,14.770,3.646
PAI0501,1,8,2,3.610,2.330,3.140,3.520,3.340,1.940,2.060,1.990,2.670,2.300,2.770,3,4,3,4,54,2.690,11.700,4.087
PAI0502,1,10,2,2.370,2.050,3.160,3.030,3.870,2.970,3.400,3.350,3.260,3.830,3.240,4,5,3,4,53,3.410,22.740,1.260
PAI0503,1,8,1,3.520,2.370,2.990,3.150,3.720,3.250,3.740,3.300,4.090,3.520,2.810,6,2,4,2,58,2.720,26.580,4.526
PAI0504,1,17,2,3.150,2.980,3.400,3.520,3.480,3.050,3.590,3.130,3.360,2.750,3.160,2,3,4,4,72,2.720,23.810,4.690
PAI0505,1,3,4,4.310,2.850,3.630,3.290,2.990,2.350,3.870,3.450,3.520,2.940,4.340,4,5,4,1,60,3.710,32.050,5.143
PAI0506,0,0,1,2.630,3.350,3.360,2.890,3.300,2.560,3.170,2.990,3.680,3.040,2.940,2,2,4,2,43,4.320,12.050,4.452
PAI0507,1,3,3,2.610,3.560,3.110,4.290,3.340,2.790,2.580,3.030,2.890,3.260,3.360,5,4,3,3,49,3.350,18.760,5.481
PAI0508,1,8,2,2.410,3.130,2.210,2.550,2.520,2.940,3.400,2.480,4.140,3.670,3.160,2,4,2,4,49,4.220,20.970,3.934
PAI0509,1,11,2,2.220,2.950,2.030,4.150,3.240,3.550,3.060,2.850,2.820,3.730,3.720,2,2,4,3,27,2.670,9.090,2.113
PAI0510,0,1,3,3.250,2.810,2.120,1.930,2.800,1.500,2.610,3.490,2.620,3.210,3.400,5,3,3,1,44,2.610,15.660,2.827
PAI0511,1,4,2,2.660,2.200,3.410,3.030,2.990,2.870,3.630,3.100,2.850,3.480,2.860,2,2,4,2,41,2.090,12.190,6.636
PAI0512,1,7,2,3.990,4.880,3.330,3.400,3.100,2.930,3.410,3.760,3.920,3.260,2.670,4,4,3,3,62,3.900,36.840,6.154
PAI0513,0,1,0,2.980,2.540,4.310,3.580,2.740,3.100,4.010,2.610,3.370,3.580,3.750,2,3,2,3,79,1.810,26.590,2.519
PAI0514,1,7,3,3.950,2.830,3.280,2.470,3.280,3.580,3.580,2.950,2.530,3.190,2.380,5,5,4,1,70,2.540,23.760,4.663
PAI0515,1,8,3,4.090,2.660,3.010,2.650,2.140,3.850,3.400,2.730,2.930,2.150,3.400,3,4,4,4,39,3.230,24.880,6.086
PAI0516,1,4,1,2.370,1.990,2.510,2.570,1.480,3.070,2.940,1.460,2.620,1.720,3.150,3,5,2,3,28,1.900,17.060,4.344
PAI0517,1,12,2,4.400,2.670,3.290,3.780,2.840,2.660,3.580,3.230,2.580,3.770,2.960,6,3,4,2,69,3.000,30.120,5.463
PAI0518,0,1,1,3.140,2.780,2.780,3.670,3.090,2.880,2.310,4.070,2.750,2.030,3.300,0,4,3,2,36,3.350,20.860,3.113
PAI0519,0,0,3,3.580,3.220,2.880,2.280,2.550,3.220,2.270,2.690,2.890,2.340,3.110,0,4,4,1,44,3.410,28.590,3.559
PAI0520,1,4,2,4.180,3.000,2.890,1.750,1.700,3.310,2.600,2.900,2.670,2.980,1.410,4,4,4,2,40,3.350,12.260,4.740
PAI0521,0,1,2,2.380,3.780,3.240,3.690,3.730,2.420,2.320,2.330,3.120,3.150,3.660,0,2,3,4,53,1.500,21.890,3.597
PAI0522,0,2,1,2.680,1.820,3.530,2.640,3.360,3.180,3.200,1.960,2.880,3.780,3.130,1,3,3,4,52,3.070,17.330,5.721
PAI0523,1,8,1,1.600,2.510,1.790,3.470,2.900,3.080,2.300,1.610,3.670,3.260,3.410,4,2,2,1,53,3.090,8.150,4.542
PAI0524,0,1,3,2.580,2.730,3.900,3.170,3.400,3.230,3.140,4.150,3.500,3.110,2.750,1,2,4,1,52,2.900,31.010,3.965
PAI0525,0,2,1,3.030,3.600,3.150,3.180,3.350,2.080,1.710,2.700,3.520,3.070,3.020,1,2,2,3,36,2.410,28.150,3.848
PAI0526,1,12,3,3.590,4.150,3.330,3.400,3.610,3.290,3.180,2.750,3.590,3.350,3.710,5,3,4,2,45,3.880,30.000,4.708
PAI0527,1,19,2,2.910,3.610,3.800,3.020,2.120,3.040,2.850,1.820,2.990,3.030,2.640,2,3,3,4,38,2.970,27.350,5.204
PAI0528,0,0,3,4.540,3.060,3.200,3.750,2.970,3.670,3.000,2.550,3.240,2.220,2.700,2,5,3,4,63,3.820,31.530,6.701
PAI0529,1,17,2,3.020,3.770,2.870,3.180,3.650,2.680,2.710,3.290,2.880,2.480,3.350,3,4,5,3,48,2.460,24.910,4.144
PAI0530,1,29,2,2.610,2.930,3.230,3.330,2.890,2.850,3.340,2.480,3.450,2.760,2.590,5,3,2,3,45,4.370,28.380,3.008
PAI0531,0,0,1,3.080,2.680,2.440,3.140,2.650,4.210,2.630,2.210,2.550,3.130,2.690,3,4,5,4,18,2.500,20.910,2.804
PAI0532,0,2,0,2.620,2.020,2.560,3.320,2.630,2.550,2.010,3.240,2.970,2.640,2.230,2,2,2,1,22,2.830,6.550,5.913
PAI0533,1,9,4,3.510,4.220,3.250,2.700,2.890,3.710,3.570,3.260,3.100,2.920,3.510,4,6,4,3,37,3.670,38.540,6.592
PAI0534,1,3,3,2.350,2.530,2.710,2.740,3.750,2.400,4.060,3.660,2.830,1.630,2.390,4,4,3,1,52,2.570,15.740,3.576
PAI0535,0,1,1,3.020,2.740,2.720,2.750,2.120,4.630,3.760,2.610,2.660,3.100,2.890,1,3,3,1,18,2.240,11.040,4.262
PAI0536,0,2,3,2.860,3.580,2.820,2.980,2.600,2.310,2.940,2.910,1.990,3.200,3.090,0,2,3,3,54,2.940,17.030,2.898
PAI0537,1,13,2,2.000,2.600,3.500,2.230,3.580,2.950,2.720,3.440,2.700,2.880,3.010,3,4,3,3,48,2.840,15.200,5.753
PAI0538,1,3,0,1.740,1.780,1.910,2.830,3.400,2.740,2.530,3.210,3.930,3.840,3.510,4,5,3,2,38,3.400,18.910,3.089
PAI0539,1,6,4,4.290,2.690,2.840,3.270,2.480,2.820,3.710,2.720,2.720,3.210,3.310,4,2,3,1,44,3.010,25.970,4.145
PAI0540,1,11,2,3.060,2.680,2.550,2.800,2.130,3.060,3.150,2.430,2.810,3.150,2.900,4,2,3,1,74,2.950,23.550,4.349
PAI0541,0,1,2,3.250,3.270,2.900,2.810,2.900,2.260,4.010,3.370,4.580,3.530,2.800,3,3,4,1,22,2.490,21.890,4.299
PAI0542,1,3,2,2.600,2.240,2.530,2.940,2.790,2.360,3.300,2.670,3.210,2.150,1.760,7,6,4,2,44,2.890,0.000,5.852
PAI0543,1,5,2,3.240,2.370,2.330,2.740,3.540,2.590,3.280,2.700,3.080,2.370,3.860,2,4,4,3,32,3.440,32.670,1.812
PAI0544,1,11,2,3.340,3.220,3.300,2.430,2.440,2.990,1.860,2.540,3.530,2.100,3.350,3,3,3,1,51,3.110,9.830,3.243
PAI0545,0,2,1,3.980,2.640,2.620,2.960,2.980,2.630,2.730,3.170,2.660,2.960,2.510,2,3,2,4,48,4.090,18.380,4.229
PAI0546,1,21,3,2.320,2.730,2.750,3.520,2.500,3.270,2.890,3.000,2.390,2.870,2.930,5,4,3,4,46,3.300,18.870,7.393
PAI0547,1,6,2,3.680,3.360,3.370,3.240,3.030,3.010,2.850,3.030,2.260,3.360,3.390,7,4,3,4,52,3.120,37.570,5.327
PAI0548,1,5,3,3.160,3.350,3.520,3.020,2.640,2.630,3.700,2.130,3.270,2.880,2.670,2,3,3,3,39,2.480,24.650,4.255
PAI0549,1,34,1,2.770,2.450,3.550,3.540,3.270,4.410,2.920,2.570,2.520,3.580,4.550,4,2,2,2,56,3.440,16.440,4.700
PAI0550,0,0,2,2.160,2.860,2.850,3.080,2.390,3.490,3.390,3.250,3.380,3.380,2.560,3,1,4,4,47,3.360,18.960,4.165
PAI0551,1,9,2,3.280,2.420,2.930,2.970,2.390,2.710,2.770,3.580,3.280,2.580,4.000,4,3,3,1,48,3.420,20.850,3.457
PAI0552,0,1,1,2.860,3.430,2.740,3.610,3.270,2.600,3.210,4.110,3.120,2.410,2.950,3,3,3,4,35,2.520,22.440,6.811
PAI0553,1,5,2,3.590,1.720,3.710,3.380,2.900,2.490,3.380,1.850,2.740,2.210,2.600,0,3,3,2,32,3.580,16.060,5.395
PAI0554,0,1,2,2.050,3.000,2.640,3.780,4.010,3.560,2.600,2.930,2.540,2.930,2.360,2,2,3,4,58,3.490,10.710,5.461
PAI0555,1,3,2,3.430,3.540,2.970,2.670,3.420,2.420,3.200,3.760,4.080,3.420,3.070,3,6,2,4,30,3.480,25.050,5.048
PAI0556,1,5,3,3.770,3.990,2.830,3.560,3.220,3.230,2.820,1.970,2.890,2.960,3.260,4,6,4,1,32,3.400,30.520,4.752
PAI0557,1,6,4,3.090,3.800,1.900,2.830,3.370,3.100,2.490,3.070,3.110,3.130,3.840,2,3,4,1,55,2.840,24.220,4.886
PAI0558,1,7,1,3.520,3.130,3.460,2.660,2.210,2.880,2.680,3.230,3.270,2.490,2.630,6,3,2,3,18,2.590,23.620,3.315
PAI0559,0,2,0,3.190,3.290,2.570,2.870,3.520,3.940,2.930,3.390,2.940,2.770,2.760,0,2,3,1,40,2.930,12.480,4.225
PAI0560,0,2,4,2.910,3.970,4.050,3.310,3.780,2.560,2.900,3.530,2.480,2.870,4.600,3,4,3,1,80,3.830,27.180,5.468
PAI0561,0,2,2,2.470,2.670,2.630,3.120,2.740,3.080,3.350,2.960,3.780,4.060,2.980,2,5,3,1,32,3.780,20.980,3.353
PAI0562,1,6,1,3.240,3.390,2.840,3.560,2.490,2.630,2.290,3.300,3.270,3.810,3.220,7,6,3,3,31,3.260,25.840,4.760
PAI0563,1,3,2,3.880,2.700,2.960,2.420,3.210,2.560,3.760,3.370,3.460,3.190,3.500,6,6,3,1,58,3.730,26.780,4.410
PAI0564,0,0,2,4.300,3.370,3.610,3.240,3.110,2.730,3.250,3.100,2.150,2.650,3.290,1,5,3,2,45,3.540,23.310,3.483
PAI0565,0,1,1,3.350,3.200,3.290,3.320,3.430,3.030,3.490,3.670,3.310,3.140,3.060,2,7,3,3,44,2.950,18.790,4.369
PAI0566,1,17,2,2.920,2.890,2.880,3.140,2.290,2.440,3.660,2.990,2.260,3.160,3.000,3,5,4,2,41,3.630,20.010,5.745
PAI0567,1,29,4,3.670,4.490,4.490,4.210,3.710,3.540,3.130,3.810,4.150,3.250,2.600,5,6,4,1,75,2.770,33.240,5.965
PAI0568,1,13,3,2.290,3.600,1.630,3.340,2.530,3.990,3.030,3.630,2.310,1.800,2.610,2,1,4,1,36,1.720,20.690,6.859
PAI0569,1,12,2,3.200,2.480,4.050,2.760,2.910,2.290,2.780,2.850,2.720,3.540,2.620,5,3,3,2,51,2.700,25.120,4.686
PAI0570,1,7,2,3.040,3.160,2.470,2.540,3.270,3.380,3.180,2.940,3.220,3.170,2.940,3,2,2,1,36,2.490,19.330,4.671
PAI0571,1,22,2,1.480,2.380,2.480,2.260,2.600,3.080,2.290,2.180,2.930,3.310,3.190,2,2,2,2,44,1.790,22.080,3.224
PAI0572,1,32,2,3.500,3.050,3.140,3.670,4.110,2.000,4.120,3.990,3.890,4.150,3.990,3,2,4,3,45,3.520,39.920,4.658
PAI0573,1,5,0,3.120,2.500,2.090,3.520,3.140,2.090,2.700,2.340,3.570,2.640,4.100,3,1,3,2,44,1.950,13.650,4.328
PAI0574,1,5,1,2.810,2.350,3.220,3.100,2.630,3.090,2.510,2.350,3.180,2.780,2.610,3,4,3,2,44,2.550,10.880,2.627
PAI0575,1,8,2,2.970,2.090,2.970,3.010,2.030,3.470,3.470,2.980,2.870,2.730,3.410,6,4,4,1,43,2.870,17.170,3.973
PAI0576,1,15,1,2.870,2.600,1.000,3.590,2.510,3.780,2.510,3.390,1.760,3.290,2.620,1,3,3,4,27,2.090,8.470,3.722
PAI0577,1,5,1,2.890,2.700,2.460,1.000,1.930,3.590,2.450,1.650,2.470,2.930,2.770,2,1,2,4,41,3.170,18.780,4.233
PAI0578,1,5,2,3.490,2.840,4.170,2.840,3.370,3.930,3.580,2.790,4.260,3.730,4.070,7,3,4,2,40,3.250,31.860,4.784
PAI0579,1,3,4,2.940,3.410,2.720,2.550,2.660,3.810,2.270,2.460,3.120,3.530,2.870,5,3,4,2,26,3.010,7.020,5.140
PAI0580,0,2,2,3.070,3.050,2.940,3.120,3.470,3.290,3.350,2.960,3.330,3.110,4.110,2,4,4,1,44,3.960,22.210,4.082
PAI0581,1,4,3,2.470,2.620,1.000,2.860,3.310,3.480,3.430,2.920,2.510,2.380,3.410,4,4,3,3,34,2.360,22.280,5.143
PAI0582,1,18,3,1.900,3.230,3.100,3.130,2.960,1.780,2.770,3.060,2.160,2.930,2.260,1,3,3,2,56,3.870,4.060,3.029
PAI0583,1,20,1,2.380,1.660,3.080,3.460,3.590,3.440,2.710,3.670,2.990,3.920,3.190,4,2,3,2,31,3.840,18.510,4.332
PAI0584,0,1,2,1.510,2.610,2.580,3.460,4.120,3.440,3.010,3.770,4.830,2.750,2.420,2,4,2,4,38,2.750,16.440,4.318
PAI0585,1,32,3,2.750,3.610,4.270,4.470,4.320,2.900,2.920,2.870,3.830,4.760,4.810,4,5,4,3,46,3.760,32.940,3.768
PAI0586,0,0,2,3.640,2.760,4.190,2.170,2.840,3.450,3.520,3.690,2.680,2.820,2.270,0,5,3,4,37,4.230,28.870,4.663
PAI0587,1,10,1,2.580,3.130,3.630,2.860,3.760,3.470,3.380,2.500,4.120,2.560,3.720,2,5,3,4,27,2.990,27.690,6.662
PAI0588,1,6,2,3.570,3.120,2.680,3.490,3.160,3.310,4.450,4.090,4.130,4.450,2.810,4,3,4,1,60,3.040,19.440,4.590
PAI0589,1,10,2,3.370,2.820,2.800,3.280,2.630,1.830,2.810,2.970,2.510,4.050,3.640,3,5,3,4,51,3.230,8.760,4.337
PAI0590,1,6,3,3.570,2.730,2.590,2.080,3.000,2.860,2.960,3.840,2.110,2.900,3.330,5,3,4,2,62,3.780,20.020,6.964
PAI0591,1,7,2,3.120,3.300,3.450,3.530,1.850,3.420,2.600,2.990,3.270,3.360,2.380,3,5,3,3,35,2.490,18.960,4.385
PAI0592,1,8,2,3.180,3.530,3.260,2.870,2.950,2.070,3.440,2.230,1.430,3.150,3.360,4,3,2,4,35,3.700,29.150,5.484
PAI0593,1,5,4,3.770,3.440,4.450,2.860,3.560,2.970,2.090,1.980,2.800,2.330,3.520,3,2,1,4,24,3.480,30.330,3.664
PAI0594,1,52,1,2.800,2.410,2.280,3.430,2.830,3.980,3.960,3.310,2.920,3.030,3.190,5,4,3,1,69,3.310,18.580,5.218
PAI0595,1,4,2,2.340,3.160,1.340,3.150,3.470,3.190,2.620,3.560,3.280,2.410,2.240,5,4,3,2,30,3.000,19.670,5.530
PAI0596,0,0,0,2.650,2.400,2.810,2.100,3.030,2.240,3.280,2.320,3.310,2.880,3.000,1,2,2,1,43,2.530,12.180,5.690
PAI0597,0,1,3,1.770,2.300,3.660,2.180,3.720,3.970,3.030,2.890,4.210,3.220,3.710,0,4,3,1,61,3.040,16.260,2.960
PAI0598,1,5,2,2.740,3.100,2.840,3.540,2.330,2.770,2.850,2.950,3.030,2.160,2.620,4,2,3,1,33,1.710,21.420,4.018
PAI0599,1,3,2,2.690,3.980,3.130,3.370,1.740,2.360,3.190,3.750,2.800,3.030,2.140,2,0,4,2,48,3.670,21.120,4.546
PAI0600,1,6,2,3.490,2.840,2.600,3.440,3.300,2.910,3.110,2.490,2.600,2.580,3.210,3,4,2,1,41,3.220,16.150,4.312
