participant_id,study_music_days_week,reading_proficiency,working_memory,sustained_attention,attention_difficulties,music_training_years,genre_preference,lyrics_familiarity,topic_familiarity,perceived_task_difficulty,sleep_hours,fatigue,stress_level,caffeine_mg_day,language_proficiency,reading_time_minutes,perceived_music_volume,music_arousal,age_years,paid_work_hours_week,music_condition,music_classical,music_hip_hop,reading_comprehension_percent_0_100
MUS0001,6,2.810,3.390,3.490,3.240,8.100,2.390,2.140,3.360,3.590,5.400,2.360,2.020,200.000,3.610,15.300,2.810,2.460,25,0.000,light_classical,1,0,66.510
MUS0002,4,2.610,2.130,2.770,2.430,0.000,2.820,1.650,3.150,2.760,6.300,2.630,3.720,0.000,3.420,31.300,2.600,3.160,32,8.000,light_classical,1,0,60.396
MUS0003,5,3.290,3.390,3.130,3.260,0.000,2.400,2.860,3.970,2.380,8.000,3.380,3.100,177.300,2.970,19.600,3.620,3.130,29,18.000,no_music,0,0,81.963
MUS0004,1,2.400,4.010,2.750,2.980,10.100,3.090,2.610,2.550,3.450,5.300,3.520,2.630,200.000,3.130,32.700,3.010,3.110,21,14.800,light_classical,1,0,63.328
MUS0005,3,3.170,3.490,2.950,2.950,5.200,2.800,2.140,2.660,2.670,6.700,3.130,2.820,0.000,2.860,23.300,3.100,2.620,18,9.900,light_classical,1,0,56.262
MUS0006,2,3.430,3.360,2.980,3.320,5.200,4.060,3.040,3.210,3.680,7.300,3.400,3.160,193.000,2.200,32.300,3.140,2.890,23,16.600,hip_hop,0,1,54.925
MUS0007,4,2.630,3.230,2.920,3.140,9.400,3.110,3.150,2.680,2.540,7.600,3.240,3.770,156.600,4.800,34.700,2.650,2.400,36,0.000,no_music,0,0,76.179
MUS0008,2,3.240,2.650,2.910,3.060,0.000,2.720,3.420,2.100,2.140,6.600,4.150,3.320,200.000,3.110,21.200,3.040,3.990,33,28.300,no_music,0,0,46.079
MUS0009,4,2.930,2.230,2.620,2.910,4.300,2.700,2.460,2.100,2.680,4.800,2.880,1.310,171.800,3.080,29.700,3.530,2.940,18,11.600,hip_hop,0,1,56.084
MUS0010,1,3.730,3.330,4.120,1.910,7.000,2.070,2.460,3.200,3.010,4.800,3.150,3.680,200.000,3.490,16.700,3.420,2.900,26,19.400,light_classical,1,0,62.524
MUS0011,1,3.390,2.750,3.470,3.190,6.900,2.970,2.920,2.730,3.210,7.000,2.100,2.350,150.800,2.510,13.100,2.820,2.590,30,6.700,no_music,0,0,66.303
MUS0012,6,3.220,3.760,2.870,2.980,7.400,2.590,2.760,3.480,3.720,6.000,3.210,2.710,98.800,2.900,31.900,2.910,2.020,18,14.300,light_classical,1,0,75.717
MUS0013,1,3.810,2.810,2.280,3.270,0.000,3.330,2.630,2.270,2.850,8.300,2.820,2.300,200.000,2.760,17.200,2.550,2.440,25,0.500,light_classical,1,0,78.931
MUS0014,0,1.940,2.760,2.260,3.110,2.800,1.800,2.450,1.780,1.770,7.900,3.400,3.340,0.000,1.530,17.000,1.710,2.580,20,16.800,light_classical,1,0,60.983
MUS0015,1,2.820,3.790,2.110,3.160,5.200,3.350,1.930,3.080,2.410,7.800,3.600,2.710,200.000,2.770,23.500,3.540,2.910,24,0.000,hip_hop,0,1,65.602
MUS0016,5,4.380,2.610,3.550,2.380,9.500,4.000,2.950,2.890,2.570,6.600,2.870,3.560,36.300,3.590,30.100,2.730,2.790,31,27.800,hip_hop,0,1,54.510
MUS0017,4,2.330,2.750,2.740,2.250,6.600,1.940,2.250,3.680,2.350,4.700,3.310,3.520,200.000,3.150,20.700,2.830,2.990,20,7.100,light_classical,1,0,55.328
MUS0018,5,3.140,2.920,2.680,2.790,6.000,2.930,2.710,3.700,2.820,6.200,2.610,3.560,178.400,2.730,28.600,3.490,2.540,28,12.100,no_music,0,0,59.914
MUS0019,2,3.860,2.400,2.710,2.970,0.400,3.510,3.010,3.470,2.740,6.700,3.260,2.870,200.000,3.030,26.300,2.770,3.870,18,9.900,no_music,0,0,67.571
MUS0020,5,2.480,3.110,4.530,2.330,2.200,3.650,2.910,3.740,2.760,5.600,3.570,3.830,187.000,2.790,26.200,4.120,4.010,39,29.000,light_classical,1,0,62.466
MUS0021,3,1.840,2.710,3.090,3.320,7.300,1.940,2.630,2.640,2.040,6.700,3.320,2.560,200.000,3.120,29.600,2.560,3.170,21,30.800,light_classical,1,0,69.605
MUS0022,2,2.120,3.360,2.580,3.580,5.700,2.670,3.200,3.060,2.640,6.900,3.040,2.170,188.400,2.300,28.300,3.370,3.920,26,12.200,light_classical,1,0,66.140
MUS0023,2,1.720,2.510,2.880,1.750,0.000,2.680,1.940,2.980,2.930,5.600,2.130,2.040,0.000,3.060,16.000,2.830,2.570,19,14.900,no_music,0,0,69.713
MUS0024,3,2.670,4.010,3.310,4.010,7.700,3.800,3.500,3.230,3.090,6.700,2.750,3.590,175.000,3.050,36.200,2.100,3.830,22,14.300,hip_hop,0,1,59.505
MUS0025,1,2.360,2.920,2.160,3.090,5.500,2.920,2.700,2.440,3.080,7.000,2.260,2.170,200.000,3.380,35.800,3.510,2.950,23,21.500,hip_hop,0,1,70.803
MUS0026,5,3.020,3.020,4.180,3.400,8.400,3.840,3.520,3.250,2.130,6.300,3.840,3.780,200.000,1.960,29.100,2.300,3.120,22,12.300,light_classical,1,0,83.314
MUS0027,4,3.250,4.050,2.640,3.200,2.400,3.080,3.440,2.390,4.340,6.400,3.590,3.450,122.200,2.560,26.700,3.500,2.570,26,4.600,no_music,0,0,73.293
MUS0028,4,2.190,3.440,2.200,2.100,3.600,3.100,2.680,3.050,2.400,8.500,2.360,2.800,200.000,2.970,33.300,1.910,2.740,18,13.600,no_music,0,0,46.576
MUS0029,5,3.060,3.900,3.170,2.260,4.400,2.240,3.100,2.790,3.570,5.900,3.240,2.960,132.100,2.440,31.100,2.590,3.130,35,19.700,no_music,0,0,58.800
MUS0030,0,2.900,2.200,2.050,3.040,0.000,3.480,2.750,1.910,3.350,7.100,3.500,2.170,18.400,2.850,30.500,2.610,2.890,20,0.000,hip_hop,0,1,47.315
MUS0031,1,2.660,2.510,2.460,3.150,0.000,2.100,2.630,1.320,2.830,6.800,2.670,3.120,135.800,2.510,27.000,3.380,2.740,29,11.700,no_music,0,0,58.355
MUS0032,3,3.810,2.870,3.550,2.630,2.800,4.240,4.090,3.330,2.700,8.500,2.800,2.630,200.000,2.720,34.800,3.290,3.540,18,15.500,hip_hop,0,1,78.144
MUS0033,4,2.240,2.980,3.810,3.670,7.000,3.810,2.800,2.920,3.870,7.500,1.660,2.920,0.000,2.400,23.400,1.850,2.530,21,16.300,hip_hop,0,1,57.564
MUS0034,4,3.080,3.140,2.990,3.390,3.900,2.900,3.430,2.690,3.560,7.300,1.740,3.070,49.200,4.000,29.900,3.310,4.290,27,20.800,light_classical,1,0,72.027
MUS0035,5,2.330,2.260,1.970,3.530,3.500,3.270,3.000,3.640,2.870,8.200,3.590,2.760,200.000,3.590,21.800,3.350,2.380,26,18.200,light_classical,1,0,70.792
MUS0036,5,3.340,1.900,2.470,3.020,9.400,2.880,3.710,3.460,2.610,9.100,3.890,4.210,65.700,2.800,28.000,3.970,2.320,28,8.700,hip_hop,0,1,67.679
MUS0037,2,2.690,2.750,3.170,4.230,0.000,3.000,2.770,3.110,4.020,5.500,3.370,3.710,92.600,3.540,22.900,3.680,3.310,30,21.700,no_music,0,0,43.514
MUS0038,4,3.780,2.580,2.920,3.710,5.800,3.380,3.750,3.470,3.510,7.300,4.070,3.150,142.300,2.490,27.400,2.720,3.500,45,11.600,light_classical,1,0,62.891
MUS0039,4,2.440,2.740,3.050,2.400,6.800,3.050,2.740,2.780,2.420,5.600,3.280,2.500,200.000,1.920,33.500,3.080,3.130,23,5.800,no_music,0,0,50.971
MUS0040,6,3.140,2.200,4.080,3.330,5.700,3.810,2.240,3.290,3.050,9.500,3.130,2.990,31.600,3.320,27.900,3.330,3.400,19,13.400,hip_hop,0,1,74.675
MUS0041,5,3.710,2.000,3.530,2.890,0.300,3.550,3.220,2.700,3.310,5.500,2.840,3.920,0.000,3.770,33.500,2.790,3.240,27,12.200,light_classical,1,0,71.406
MUS0042,0,3.170,3.580,2.560,2.660,10.000,2.820,3.680,2.790,2.900,8.100,3.160,2.570,122.000,3.700,33.200,3.810,2.850,32,12.100,light_classical,1,0,66.516
MUS0043,2,2.750,2.180,2.480,2.350,5.800,3.130,2.340,3.400,2.220,5.800,1.970,3.270,103.600,2.970,33.700,3.080,3.540,20,11.400,light_classical,1,0,78.048
MUS0044,1,3.450,2.620,2.680,3.400,8.500,2.980,2.040,1.590,2.510,7.500,2.530,2.190,193.300,3.260,28.700,2.670,2.380,26,5.800,no_music,0,0,74.763
MUS0045,2,3.540,4.040,2.390,2.780,4.600,2.990,2.780,3.020,4.110,7.600,2.900,2.340,200.000,2.740,27.400,3.560,2.850,34,11.300,no_music,0,0,53.692
MUS0046,5,2.560,3.060,2.350,2.950,6.300,3.020,3.310,3.180,2.740,7.300,2.150,4.040,44.100,2.910,27.400,3.250,3.190,29,18.200,no_music,0,0,55.129
MUS0047,3,2.330,1.460,2.690,3.980,0.300,2.940,2.470,3.760,2.550,7.000,2.300,2.670,171.800,3.170,27.600,3.770,2.110,23,0.000,hip_hop,0,1,72.861
MUS0048,3,3.650,1.630,2.930,2.560,0.000,2.420,3.710,2.850,2.670,8.400,3.650,2.470,200.000,2.790,21.200,2.400,3.310,20,6.200,no_music,0,0,71.091
MUS0049,6,2.300,1.930,2.770,3.330,2.600,1.970,3.500,2.470,2.040,7.000,2.660,3.070,200.000,3.040,30.700,2.420,2.460,22,23.000,light_classical,1,0,67.313
MUS0050,3,3.960,3.210,3.630,2.560,6.100,2.540,3.550,2.690,3.250,9.100,2.470,4.240,106.700,3.620,23.000,2.660,4.140,22,16.300,no_music,0,0,81.111
MUS0051,3,2.440,2.550,4.160,2.060,3.800,4.170,2.120,3.070,3.670,5.500,3.580,2.610,0.000,3.320,27.400,2.580,2.870,21,32.900,light_classical,1,0,52.133
MUS0052,3,3.110,2.050,1.930,2.560,7.500,2.360,2.660,2.380,3.320,8.300,3.900,2.810,200.000,3.290,22.300,2.340,3.670,18,13.200,light_classical,1,0,62.723
MUS0053,2,2.470,4.140,3.610,3.700,11.300,2.410,2.730,3.840,2.670,7.600,3.780,3.000,0.000,3.240,28.900,3.220,3.370,18,10.800,light_classical,1,0,58.717
MUS0054,4,3.550,3.560,3.930,2.260,7.200,3.690,2.050,3.130,2.990,7.500,2.620,2.080,55.100,3.440,26.000,2.530,2.380,35,8.100,light_classical,1,0,64.804
MUS0055,0,2.100,2.880,2.050,2.970,0.000,1.960,2.780,2.050,3.090,6.200,2.810,1.520,0.000,2.550,17.100,2.330,2.430,18,16.600,no_music,0,0,70.505
MUS0056,1,2.380,3.680,3.030,2.960,6.600,2.880,1.940,3.720,3.110,5.100,2.760,3.140,49.000,3.310,12.700,2.880,1.000,24,23.200,light_classical,1,0,61.452
MUS0057,4,3.930,3.400,3.440,2.940,4.900,2.450,4.580,2.570,2.200,8.700,2.980,3.320,58.800,4.290,23.600,2.790,3.140,29,19.800,light_classical,1,0,66.827
MUS0058,2,4.050,3.160,3.840,3.790,7.300,4.260,3.030,3.170,3.440,6.200,2.990,3.130,82.300,2.140,20.900,2.890,3.370,30,31.600,light_classical,1,0,62.743
MUS0059,4,2.720,2.760,2.380,3.200,0.000,1.940,1.970,3.630,2.370,6.700,3.110,3.320,11.200,3.020,33.200,3.650,3.970,27,5.600,light_classical,1,0,50.993
MUS0060,3,1.920,3.530,2.190,2.840,1.900,2.310,3.450,2.380,1.540,5.400,3.040,2.230,123.100,2.560,24.100,4.300,2.880,19,15.500,hip_hop,0,1,60.988
MUS0061,1,2.830,2.430,2.750,3.100,0.000,3.070,2.800,3.410,3.530,6.000,3.360,1.510,153.600,3.130,20.300,3.390,2.690,19,11.900,no_music,0,0,76.697
MUS0062,4,3.210,3.650,3.580,2.060,1.100,3.950,3.440,4.500,3.260,6.600,3.910,2.190,159.800,2.140,18.200,3.420,3.040,21,10.500,hip_hop,0,1,69.724
MUS0063,7,3.590,4.000,2.700,2.760,2.900,3.550,2.610,4.470,2.250,8.800,4.130,3.120,200.000,2.780,31.200,3.430,4.360,25,15.400,hip_hop,0,1,67.448
MUS0064,0,2.660,2.760,2.590,3.310,5.900,2.520,3.030,2.040,2.140,6.400,3.150,2.550,200.000,3.220,24.700,2.500,3.180,31,0.000,light_classical,1,0,52.677
MUS0065,5,2.600,2.550,2.840,3.050,0.000,3.020,3.260,3.510,3.820,6.000,3.460,3.680,200.000,2.950,24.300,3.420,2.740,35,0.000,light_classical,1,0,70.332
MUS0066,3,3.650,2.500,2.680,2.840,6.700,2.950,2.580,3.340,3.800,6.400,3.700,3.090,0.000,2.540,11.400,2.950,1.920,29,6.700,hip_hop,0,1,50.248
MUS0067,4,2.520,3.710,3.150,2.230,14.600,2.890,2.410,3.690,3.670,7.000,3.360,3.650,164.700,2.940,18.400,3.680,2.850,27,14.000,light_classical,1,0,63.353
MUS0068,4,3.730,2.440,2.710,4.320,5.100,2.750,2.750,2.760,2.850,7.400,3.270,2.510,130.600,2.580,23.000,2.890,2.800,24,20.900,light_classical,1,0,73.710
MUS0069,2,2.460,3.600,2.760,3.250,3.100,3.290,3.800,3.280,2.410,7.400,2.420,3.320,116.300,3.120,27.400,4.290,2.480,26,0.000,hip_hop,0,1,63.793
MUS0070,3,3.350,2.410,2.230,1.790,0.000,2.820,2.030,3.430,3.860,6.800,3.080,1.850,200.000,2.320,27.400,3.110,2.890,30,0.000,hip_hop,0,1,61.024
MUS0071,4,3.400,3.040,3.070,3.210,1.100,3.180,3.030,2.950,2.600,8.000,2.690,2.200,0.000,2.740,24.400,2.780,3.800,24,7.500,hip_hop,0,1,54.548
MUS0072,4,3.700,2.670,2.240,1.220,6.900,3.780,2.900,2.450,3.060,6.900,3.070,1.890,163.500,3.180,25.800,3.310,1.470,24,1.100,hip_hop,0,1,57.642
MUS0073,3,2.860,2.960,3.460,3.500,11.500,3.490,3.710,3.460,3.610,7.900,3.540,3.820,76.400,3.660,43.100,2.860,4.810,29,28.600,light_classical,1,0,82.895
MUS0074,5,3.610,4.070,2.790,2.020,13.600,3.290,2.550,2.560,2.160,7.500,3.260,3.070,0.000,2.730,31.000,4.600,3.930,26,15.700,light_classical,1,0,80.385
MUS0075,3,3.000,3.080,3.520,3.520,0.900,3.410,3.060,3.570,3.090,7.600,3.530,3.150,168.700,2.940,31.300,3.100,2.760,23,2.600,light_classical,1,0,53.136
MUS0076,1,2.960,2.970,3.760,3.460,7.500,3.490,2.960,3.460,2.720,9.500,2.950,4.220,66.400,3.810,20.800,3.550,3.550,24,10.100,no_music,0,0,75.459
MUS0077,4,3.330,3.290,2.950,3.390,2.500,3.710,2.890,2.680,2.720,8.200,3.060,3.360,200.000,3.490,30.700,2.990,2.630,18,13.200,no_music,0,0,64.995
MUS0078,4,2.810,4.230,2.950,3.740,6.600,3.350,3.200,3.590,3.100,6.200,4.350,2.470,200.000,2.710,26.000,2.550,2.080,18,25.200,hip_hop,0,1,61.901
MUS0079,3,2.570,3.300,2.570,3.050,2.800,1.640,3.150,3.100,3.520,5.200,2.370,3.360,0.000,2.510,24.400,1.890,2.480,23,1.000,no_music,0,0,56.765
MUS0080,0,2.620,3.580,4.040,3.070,2.700,3.220,3.150,2.640,3.830,6.600,2.940,2.260,56.600,3.330,35.900,2.840,2.720,32,24.100,light_classical,1,0,73.492
MUS0081,3,3.150,3.970,3.510,2.730,8.900,2.590,2.660,2.670,2.700,9.600,3.070,3.290,137.300,3.820,25.700,3.560,3.600,31,25.500,light_classical,1,0,51.817
MUS0082,0,2.670,3.280,3.490,2.350,0.000,1.790,3.520,3.350,3.070,7.500,2.480,2.910,0.000,2.420,21.300,3.080,3.480,25,15.000,hip_hop,0,1,68.251
MUS0083,6,3.700,2.850,2.570,3.490,5.600,3.320,3.230,2.900,3.060,7.100,3.220,3.150,17.000,2.980,21.700,2.840,3.980,24,12.200,hip_hop,0,1,75.601
MUS0084,5,3.490,2.260,2.660,3.510,2.300,3.080,3.270,3.020,2.470,4.500,2.470,3.480,95.800,2.520,20.900,2.230,3.170,18,5.500,hip_hop,0,1,71.091
MUS0085,3,2.440,2.540,2.670,2.130,8.500,1.940,3.480,4.030,2.380,5.000,2.880,2.590,43.600,2.950,28.400,3.970,3.460,22,14.700,no_music,0,0,72.409
MUS0086,2,3.300,3.150,2.740,2.500,5.400,1.870,3.250,2.370,2.670,6.500,3.360,2.980,200.000,3.010,17.600,3.890,3.510,25,5.200,no_music,0,0,70.822
MUS0087,0,2.160,3.450,3.600,2.060,7.100,2.830,2.580,3.220,3.590,7.100,3.370,2.760,177.700,2.340,24.800,2.490,2.920,24,10.900,no_music,0,0,43.975
MUS0088,0,1.770,2.500,3.480,2.200,0.000,3.140,3.060,1.810,3.290,8.600,3.780,3.180,112.800,3.010,23.800,3.530,3.050,18,9.400,hip_hop,0,1,54.791
MUS0089,5,2.630,2.740,3.240,2.860,10.500,3.540,2.720,3.420,4.020,7.100,2.170,3.170,173.700,2.440,22.700,3.170,2.150,22,33.700,hip_hop,0,1,65.809
MUS0090,3,2.800,1.490,2.540,2.510,7.600,2.310,3.950,2.080,3.570,8.300,2.680,2.380,129.700,3.480,13.100,2.300,2.950,27,5.300,light_classical,1,0,51.160
MUS0091,7,3.830,3.330,2.780,2.050,3.900,2.460,2.350,2.820,4.310,8.600,3.180,2.490,59.900,2.880,30.600,2.850,2.730,18,5.900,hip_hop,0,1,73.498
MUS0092,2,3.090,3.670,3.740,2.830,4.700,2.380,2.500,2.960,2.660,8.000,2.860,2.760,28.800,2.530,22.900,3.010,2.750,23,2.600,hip_hop,0,1,64.832
MUS0093,6,2.770,3.590,3.020,3.070,9.200,3.310,2.470,2.230,2.500,7.400,2.620,2.480,0.000,3.480,28.000,2.900,3.230,18,14.700,hip_hop,0,1,41.264
MUS0094,3,2.790,2.560,3.460,2.840,0.300,2.310,1.740,3.450,1.370,7.200,3.370,3.270,200.000,1.510,26.400,2.170,1.930,27,0.000,light_classical,1,0,63.568
MUS0095,4,2.980,2.720,2.560,2.660,7.200,3.180,4.100,2.300,3.130,6.400,3.190,3.060,8.200,2.730,24.100,3.580,3.710,22,0.900,no_music,0,0,73.630
MUS0096,4,3.430,3.770,2.550,2.520,1.600,2.860,3.170,3.030,3.120,6.200,3.080,2.790,57.500,1.460,29.400,2.620,2.620,35,13.900,light_classical,1,0,64.575
MUS0097,5,3.290,2.980,3.310,3.580,7.900,3.230,3.080,3.160,3.440,7.400,4.020,4.510,200.000,3.290,14.000,3.080,3.380,35,24.700,no_music,0,0,63.757
MUS0098,5,2.460,3.420,3.310,2.520,5.000,2.810,2.990,2.890,3.100,5.000,3.500,3.180,29.100,4.670,27.500,1.770,1.890,27,28.000,light_classical,1,0,64.365
MUS0099,5,3.450,1.810,2.570,2.080,4.800,2.370,3.870,3.800,3.670,6.100,3.170,2.530,200.000,2.740,29.200,3.090,2.820,31,0.000,light_classical,1,0,70.054
MUS0100,5,3.210,3.200,2.370,3.790,3.500,3.060,2.250,2.650,3.410,6.100,2.530,2.210,200.000,2.770,25.500,2.150,3.470,26,10.800,hip_hop,0,1,64.983
MUS0101,1,2.430,1.920,2.730,4.170,0.000,2.210,3.110,1.860,2.720,6.400,1.980,2.500,58.400,2.440,29.800,3.570,2.220,32,14.600,no_music,0,0,69.305
MUS0102,3,3.370,2.340,2.880,2.550,9.900,2.610,4.200,2.720,3.760,7.400,2.460,2.170,163.700,3.780,30.400,3.340,3.090,24,39.000,light_classical,1,0,81.718
MUS0103,5,3.320,3.280,3.130,1.990,10.800,3.590,3.410,2.740,2.370,5.700,3.540,3.370,198.900,3.040,26.000,2.210,3.710,21,5.200,hip_hop,0,1,55.014
MUS0104,2,3.330,2.350,2.780,3.320,0.000,3.280,2.960,3.820,3.030,8.700,2.920,2.780,197.400,3.640,25.700,2.980,3.690,26,20.900,no_music,0,0,72.909
MUS0105,4,2.620,3.170,2.910,2.190,1.700,3.400,3.220,3.520,3.600,6.400,3.510,3.570,129.400,2.670,23.900,2.440,2.930,33,14.300,light_classical,1,0,48.024
MUS0106,7,2.880,3.160,3.130,3.130,3.400,3.350,3.000,4.020,3.180,6.200,3.120,2.850,89.200,3.490,32.600,3.360,2.750,21,0.000,light_classical,1,0,73.593
MUS0107,5,3.590,2.390,3.790,3.020,11.500,3.260,2.630,4.250,3.700,6.600,2.820,3.810,200.000,3.000,33.000,3.150,3.560,25,12.600,hip_hop,0,1,63.733
MUS0108,2,3.990,3.460,2.960,4.370,4.700,2.690,3.100,4.050,3.360,7.400,3.520,1.790,95.100,2.930,28.300,3.610,3.420,25,10.200,light_classical,1,0,60.544
MUS0109,5,3.270,2.240,3.060,3.180,10.000,1.480,3.740,2.410,4.270,7.800,2.110,2.430,175.600,2.320,37.400,2.980,2.360,25,9.700,light_classical,1,0,47.763
MUS0110,0,2.590,4.330,3.370,2.190,3.000,2.750,3.220,2.680,3.270,4.800,3.940,3.360,135.700,3.230,14.000,2.990,2.490,24,3.200,hip_hop,0,1,58.062
MUS0111,4,2.440,3.490,2.800,3.550,2.600,3.350,3.240,3.350,4.050,9.400,2.010,3.390,39.700,3.360,20.600,2.120,2.730,18,14.200,light_classical,1,0,60.501
MUS0112,2,3.360,2.720,3.670,2.140,2.800,2.620,3.330,3.140,2.950,5.700,2.710,2.800,9.400,3.270,17.000,3.240,2.850,18,17.800,hip_hop,0,1,45.558
MUS0113,6,3.190,2.610,3.860,3.020,1.500,4.210,3.100,3.900,2.160,6.600,3.520,2.420,182.900,1.850,34.400,3.160,3.050,26,9.300,no_music,0,0,67.725
MUS0114,3,3.560,3.350,3.140,2.930,4.700,2.850,4.060,2.840,2.750,8.600,3.930,2.090,124.800,2.240,28.500,3.350,3.080,25,20.000,no_music,0,0,69.794
MUS0115,4,2.960,3.410,2.450,3.020,4.900,4.090,2.030,3.200,2.570,7.900,3.650,2.830,0.000,2.440,23.800,2.620,3.300,26,18.400,no_music,0,0,64.383
MUS0116,7,2.160,3.900,3.250,2.890,5.300,2.640,3.150,2.570,3.830,9.500,3.070,2.420,187.000,3.380,28.800,3.460,3.100,26,1.700,hip_hop,0,1,62.672
MUS0117,5,3.740,3.910,3.930,3.610,7.800,3.620,4.220,3.390,2.950,9.500,2.330,2.930,17.300,3.760,21.600,3.120,3.730,24,24.100,light_classical,1,0,90.855
MUS0118,2,3.710,2.800,3.540,2.650,3.200,3.260,2.850,3.140,3.420,7.400,1.820,2.690,71.900,2.850,28.900,3.110,3.400,29,32.800,hip_hop,0,1,81.403
MUS0119,3,3.290,2.900,2.470,3.020,1.700,2.550,2.980,2.840,2.610,7.100,3.220,2.610,132.100,4.010,26.900,3.110,2.740,20,3.000,hip_hop,0,1,52.241
MUS0120,6,3.030,2.740,2.830,3.100,1.800,2.960,3.020,4.220,3.270,6.900,2.150,2.610,69.900,2.940,21.500,3.990,3.240,27,13.100,hip_hop,0,1,73.742
MUS0121,1,2.490,2.260,2.810,2.190,1.000,2.900,2.080,2.510,3.190,5.000,3.150,3.040,111.400,2.960,22.500,3.630,3.070,18,0.500,light_classical,1,0,67.784
MUS0122,1,3.350,2.790,3.200,2.930,7.100,2.810,2.510,2.780,2.330,7.600,3.160,3.370,134.800,3.020,13.600,3.030,2.250,30,19.100,hip_hop,0,1,64.551
MUS0123,0,1.890,2.770,2.670,2.180,5.100,2.260,2.130,3.090,3.360,7.000,2.580,3.260,0.900,2.880,24.600,2.750,2.160,24,4.800,no_music,0,0,38.414
MUS0124,4,3.970,3.090,3.730,2.530,1.800,3.910,4.330,4.120,3.010,7.300,3.520,3.340,0.000,2.710,25.500,2.890,2.920,18,23.800,no_music,0,0,79.840
MUS0125,4,3.040,3.300,2.870,2.610,5.100,3.790,3.780,3.440,3.020,7.700,3.490,3.460,146.700,2.910,29.100,3.180,2.710,20,16.100,no_music,0,0,74.622
MUS0126,2,2.920,3.700,2.200,3.030,0.000,2.340,3.050,3.870,3.540,7.900,1.960,2.590,152.100,3.420,23.400,3.510,3.160,25,10.900,hip_hop,0,1,54.816
MUS0127,3,2.730,3.580,3.480,3.040,1.600,2.080,3.270,3.260,2.160,6.400,2.670,2.860,137.600,3.760,38.900,3.080,3.660,27,15.500,light_classical,1,0,73.597
MUS0128,0,2.380,3.070,2.250,3.190,2.900,2.850,2.790,1.690,2.510,7.000,2.420,2.970,0.000,3.470,18.500,2.040,1.990,25,13.600,light_classical,1,0,67.171
MUS0129,7,3.890,3.430,3.300,2.570,4.600,3.340,2.730,3.650,2.680,4.200,3.160,3.820,163.100,2.670,30.600,3.070,3.680,25,5.000,light_classical,1,0,65.927
MUS0130,3,3.430,2.860,3.350,4.000,0.700,3.100,3.530,4.210,2.440,7.000,2.840,2.070,60.000,2.480,24.100,3.050,2.390,18,15.000,no_music,0,0,71.747
MUS0131,4,3.160,2.740,3.150,3.420,7.500,3.190,3.170,3.030,2.530,8.600,3.060,2.790,22.700,3.390,27.700,3.020,3.330,18,26.900,light_classical,1,0,77.704
MUS0132,6,2.860,3.400,2.250,3.230,1.100,3.620,2.790,2.510,3.610,6.400,2.220,1.640,85.100,3.010,17.600,3.330,3.010,31,4.100,hip_hop,0,1,70.199
MUS0133,4,3.140,2.960,2.610,2.960,1.300,2.680,2.720,2.460,1.420,4.100,2.610,2.540,162.200,2.820,21.900,2.550,4.070,18,24.300,no_music,0,0,81.133
MUS0134,5,1.860,3.140,2.610,2.800,0.000,3.150,3.010,3.090,3.110,7.400,2.360,2.560,198.600,3.290,30.400,2.740,3.380,26,7.000,hip_hop,0,1,64.855
MUS0135,4,3.610,3.340,3.720,3.940,3.600,3.980,4.040,3.250,4.390,8.100,3.370,3.390,200.000,4.160,29.000,1.830,3.920,21,28.600,no_music,0,0,62.777
MUS0136,2,2.750,3.300,2.730,3.080,8.200,2.210,3.420,3.680,2.740,6.000,3.120,3.740,26.600,2.400,10.000,2.520,3.000,24,2.500,hip_hop,0,1,61.235
MUS0137,0,2.890,2.280,1.880,2.710,2.400,2.240,2.470,3.060,2.980,6.300,3.070,3.540,85.800,3.220,27.700,2.370,3.440,32,20.100,no_music,0,0,57.008
MUS0138,5,3.290,2.900,3.250,2.690,7.800,3.980,3.080,3.890,3.450,8.500,2.360,3.320,37.400,3.240,23.900,3.420,4.010,22,10.300,hip_hop,0,1,63.971
MUS0139,1,3.530,2.200,2.010,3.170,4.700,3.110,3.270,2.750,2.950,5.700,2.570,2.420,0.000,2.490,18.300,2.410,3.220,20,10.000,no_music,0,0,77.350
MUS0140,4,2.250,3.190,3.310,3.820,8.500,3.570,3.750,2.480,2.390,7.400,3.310,2.020,200.000,2.780,26.400,3.210,3.430,22,20.800,no_music,0,0,66.000
MUS0141,5,2.730,3.750,3.580,2.580,1.800,2.410,3.500,2.340,2.650,6.600,2.310,4.550,200.000,3.570,26.400,2.350,3.260,30,7.400,hip_hop,0,1,81.610
MUS0142,4,2.780,2.840,2.980,4.010,2.800,3.860,3.660,3.030,2.750,7.300,3.210,3.480,20.200,2.460,20.200,2.690,3.780,30,26.800,hip_hop,0,1,66.323
MUS0143,4,2.510,2.300,3.390,2.290,5.800,2.500,2.880,2.360,3.140,6.200,3.770,3.150,52.700,3.110,31.200,2.880,3.870,30,17.200,light_classical,1,0,75.063
MUS0144,4,3.460,2.680,4.170,4.240,5.000,3.870,3.000,4.270,2.220,6.400,3.490,3.110,96.800,2.690,33.600,3.300,2.920,24,3.300,no_music,0,0,63.181
MUS0145,5,2.680,2.570,3.020,3.530,7.400,1.970,3.220,3.060,2.400,6.800,2.970,3.030,45.500,3.110,23.000,2.880,2.860,18,31.300,hip_hop,0,1,75.917
MUS0146,1,2.460,2.140,3.160,2.240,2.800,3.020,2.890,3.900,3.010,6.900,3.560,3.980,87.400,4.170,21.000,2.390,2.690,18,9.100,no_music,0,0,71.335
MUS0147,1,2.310,2.610,2.730,2.890,9.600,2.410,3.120,3.430,2.940,6.200,3.440,3.570,200.000,1.090,27.300,3.440,3.570,23,1.200,light_classical,1,0,44.695
MUS0148,4,2.820,3.050,3.560,2.470,5.400,2.600,3.420,3.170,3.400,8.200,3.140,3.470,200.000,3.170,23.700,3.740,3.720,26,17.000,hip_hop,0,1,76.488
MUS0149,5,4.400,3.130,3.520,4.180,2.000,3.450,3.170,2.080,3.890,5.300,2.670,3.180,107.400,3.140,30.000,3.530,2.990,29,22.600,hip_hop,0,1,54.583
MUS0150,4,3.010,3.840,2.440,3.320,2.800,2.590,3.260,3.550,2.970,6.600,4.510,2.950,190.000,3.950,25.500,3.240,3.070,19,14.700,no_music,0,0,63.250
MUS0151,4,3.330,3.790,3.150,3.660,2.300,3.940,3.230,2.870,2.890,8.400,2.160,2.120,1.400,2.440,17.000,3.210,2.340,20,0.000,no_music,0,0,41.194
MUS0152,0,1.850,3.540,2.170,2.900,9.600,2.990,3.570,2.500,2.830,5.000,2.650,2.680,193.200,3.530,20.700,2.890,3.160,28,21.100,hip_hop,0,1,54.409
MUS0153,2,3.320,2.190,2.180,1.790,3.000,3.140,4.040,2.520,2.580,7.200,3.020,3.400,54.900,3.420,25.100,2.570,2.900,30,18.300,light_classical,1,0,70.262
MUS0154,6,3.170,3.050,3.290,3.300,0.000,1.900,1.950,3.930,2.680,9.900,2.120,3.490,30.300,3.440,27.000,2.200,3.250,23,10.700,no_music,0,0,57.361
MUS0155,2,3.330,3.340,2.800,3.400,4.700,2.870,3.370,3.870,3.200,7.800,3.790,3.000,14.900,3.310,26.000,2.490,2.300,18,25.300,hip_hop,0,1,59.700
MUS0156,2,3.320,3.280,2.350,2.670,1.400,3.150,3.020,2.690,2.990,7.400,1.610,2.900,40.300,3.930,31.600,2.080,2.780,18,8.400,no_music,0,0,53.491
MUS0157,2,3.010,2.770,1.600,3.490,0.000,2.620,4.070,2.250,2.790,5.500,2.190,2.630,138.800,2.280,19.400,2.300,3.250,18,2.100,hip_hop,0,1,53.282
MUS0158,0,3.070,3.190,3.080,2.630,0.800,2.810,2.500,3.800,3.300,7.500,3.850,3.060,185.500,3.460,21.000,2.600,2.890,23,11.400,light_classical,1,0,41.666
MUS0159,2,3.340,3.130,2.590,2.890,0.000,2.080,3.040,3.180,1.980,6.400,2.530,2.560,168.500,1.880,27.000,2.870,3.370,20,6.400,light_classical,1,0,59.814
MUS0160,1,2.980,3.560,1.660,2.440,0.000,2.690,2.810,2.560,2.800,6.400,2.460,2.170,164.400,4.780,16.700,3.810,2.030,30,0.000,hip_hop,0,1,63.794
MUS0161,3,3.410,4.170,3.350,2.360,0.000,1.990,2.770,3.530,4.040,7.800,2.940,3.420,200.000,2.930,30.500,3.320,3.770,27,24.100,light_classical,1,0,98.476
MUS0162,4,2.740,2.640,2.560,3.040,3.200,2.580,3.430,1.350,2.360,5.200,2.880,2.780,0.000,2.320,30.100,2.390,3.070,22,0.000,no_music,0,0,58.183
MUS0163,1,3.210,3.700,3.160,2.920,5.100,3.350,1.750,2.180,1.610,8.900,2.590,3.170,157.800,2.220,23.200,3.660,3.080,18,11.600,no_music,0,0,82.491
MUS0164,1,3.090,2.950,2.510,3.820,10.200,3.850,2.690,3.170,2.260,5.400,2.650,3.220,132.500,3.530,20.200,3.480,3.000,27,7.500,no_music,0,0,67.360
MUS0165,2,2.590,3.000,3.210,2.730,6.100,3.360,3.960,2.930,2.740,6.000,3.150,2.880,200.000,3.640,28.000,3.520,2.950,23,19.200,no_music,0,0,81.338
MUS0166,4,2.720,2.350,3.040,4.090,2.800,2.300,3.060,2.920,3.960,6.800,3.230,3.190,200.000,2.330,28.600,3.870,2.460,27,7.900,no_music,0,0,59.434
MUS0167,5,2.750,2.590,3.430,3.750,1.600,3.170,2.630,3.070,2.380,7.000,2.780,3.190,127.200,3.150,30.800,3.350,2.880,24,15.900,hip_hop,0,1,54.825
MUS0168,5,2.530,3.150,3.110,2.900,1.100,3.160,2.450,3.230,3.200,6.300,2.810,3.270,195.100,3.290,24.700,3.590,2.920,23,22.900,light_classical,1,0,58.253
MUS0169,3,3.330,2.630,3.730,3.480,6.600,3.340,3.060,3.290,3.400,4.900,3.330,3.860,90.700,3.860,24.400,2.470,2.340,22,12.300,no_music,0,0,79.249
MUS0170,3,2.600,2.860,2.930,2.590,0.000,3.200,3.300,3.200,3.190,6.300,1.970,3.300,189.800,1.660,20.100,3.300,3.220,18,0.200,no_music,0,0,52.968
MUS0171,1,2.380,3.620,2.910,2.140,2.300,3.250,3.270,2.910,2.720,6.100,3.230,2.590,76.900,3.860,21.600,1.300,2.560,26,21.500,no_music,0,0,71.494
MUS0172,3,2.770,3.860,2.810,4.220,1.700,2.890,3.040,2.200,3.230,7.500,3.060,2.930,0.000,2.990,29.500,4.280,2.890,23,0.000,no_music,0,0,62.194
MUS0173,3,2.870,2.650,3.220,3.380,0.000,2.620,3.520,2.910,3.470,6.100,2.500,2.900,200.000,2.780,18.700,2.770,3.550,31,26.100,no_music,0,0,54.973
MUS0174,0,2.200,3.320,2.230,2.000,0.000,2.590,2.850,3.360,2.730,6.800,2.860,3.400,200.000,3.880,19.000,3.290,3.600,21,30.500,light_classical,1,0,53.198
MUS0175,1,3.410,3.110,2.400,3.520,4.900,3.210,1.950,3.090,3.330,6.100,3.510,1.890,13.900,3.420,32.900,2.450,3.700,28,6.800,hip_hop,0,1,72.311
MUS0176,6,3.100,3.550,2.640,2.570,2.600,3.890,2.220,2.120,3.760,6.400,2.650,2.800,200.000,2.590,31.100,3.360,2.610,29,10.100,hip_hop,0,1,69.790
MUS0177,3,2.350,4.310,2.050,3.700,6.000,4.210,2.690,3.670,2.480,9.200,3.610,3.300,169.500,2.400,21.800,2.560,3.750,27,10.700,light_classical,1,0,71.124
MUS0178,5,3.820,3.830,3.110,3.390,6.800,3.920,3.200,3.540,3.760,7.700,3.650,3.140,70.700,4.090,31.400,4.490,3.100,41,8.500,no_music,0,0,71.147
MUS0179,0,2.800,3.790,3.110,3.100,1.400,2.800,3.590,3.420,3.470,5.300,3.390,2.540,200.000,3.520,36.200,2.210,2.490,21,24.800,light_classical,1,0,60.218
MUS0180,5,4.550,3.960,3.090,3.210,7.100,3.020,2.880,3.010,2.740,5.700,3.780,3.620,44.900,3.180,24.300,3.250,2.710,25,13.600,no_music,0,0,64.381
MUS0181,0,3.420,2.420,2.810,3.570,2.200,2.120,3.340,3.350,2.050,5.500,2.320,2.810,26.600,2.720,26.600,2.550,3.960,18,23.100,no_music,0,0,59.061
MUS0182,2,4.150,3.000,2.650,2.330,1.600,3.140,1.480,3.500,2.720,8.800,2.690,3.630,0.000,2.520,36.600,3.510,3.470,21,0.000,hip_hop,0,1,59.135
MUS0183,1,3.860,3.010,3.440,3.390,6.300,3.050,3.560,3.760,3.980,8.500,2.960,2.920,176.000,1.630,32.200,2.780,2.580,21,7.100,no_music,0,0,69.732
MUS0184,6,4.060,3.260,2.270,2.840,8.400,2.480,2.880,3.110,3.580,8.300,2.260,3.860,158.300,3.140,30.000,2.660,3.150,18,0.000,no_music,0,0,86.251
MUS0185,4,3.040,3.280,2.340,3.360,8.500,2.190,3.540,3.370,3.720,6.700,3.150,3.220,21.400,2.430,15.100,2.270,3.020,34,12.100,hip_hop,0,1,48.700
MUS0186,4,2.830,3.190,2.610,3.510,5.200,2.380,3.510,3.320,3.560,8.500,3.420,3.290,2.000,3.010,28.800,3.570,4.090,24,18.600,no_music,0,0,99.950
MUS0187,2,2.720,2.730,3.400,3.560,6.100,2.750,2.910,2.480,3.440,5.700,2.810,2.320,53.900,2.550,14.800,2.230,4.100,22,12.200,hip_hop,0,1,48.697
MUS0188,2,2.940,3.170,3.070,2.300,0.000,2.400,2.410,2.960,2.410,6.600,3.590,2.600,0.000,2.540,24.200,2.510,3.190,24,1.100,hip_hop,0,1,76.610
MUS0189,1,2.130,3.020,3.400,2.410,4.700,3.240,3.030,3.490,1.980,6.600,4.040,3.160,4.000,2.600,11.400,2.430,3.190,27,12.400,hip_hop,0,1,54.337
MUS0190,5,3.020,3.910,2.710,3.100,4.900,3.470,3.350,2.650,3.040,6.900,3.450,2.120,186.800,2.340,33.800,3.980,3.130,23,35.400,no_music,0,0,66.000
MUS0191,3,2.540,1.840,2.030,2.590,7.000,3.260,1.710,1.790,4.150,7.900,2.310,3.600,0.000,3.360,28.800,3.540,3.660,18,10.200,no_music,0,0,65.307
MUS0192,3,3.220,2.920,3.690,3.150,2.800,2.920,3.260,3.400,3.040,7.700,3.410,3.470,36.100,2.350,19.200,3.420,3.480,24,20.800,no_music,0,0,61.766
MUS0193,4,1.780,2.810,3.420,2.600,9.000,3.520,3.280,3.540,3.400,8.600,1.800,2.630,192.200,3.260,14.900,2.950,3.860,28,21.400,no_music,0,0,63.309
MUS0194,4,1.920,2.120,2.240,3.190,2.400,3.940,3.370,3.230,2.900,6.900,3.190,2.780,200.000,3.340,35.400,2.460,2.150,38,16.100,light_classical,1,0,66.512
MUS0195,3,2.290,3.740,2.410,3.170,2.300,4.080,2.090,3.660,2.820,7.700,3.170,4.190,149.900,3.550,26.800,2.840,3.420,28,15.900,light_classical,1,0,50.048
MUS0196,6,2.400,2.670,3.690,2.340,5.600,3.440,2.920,2.580,2.900,7.200,2.850,2.640,175.100,2.440,27.700,2.630,3.800,18,11.600,light_classical,1,0,77.749
MUS0197,6,3.840,2.900,3.810,2.370,8.200,3.880,3.730,2.930,2.890,8.000,3.370,3.240,178.100,3.520,37.000,3.370,4.440,25,29.400,light_classical,1,0,81.572
MUS0198,4,3.060,3.020,4.120,3.830,0.000,3.240,3.510,2.760,3.130,8.500,2.550,2.820,137.900,2.670,29.500,3.040,3.190,26,15.600,no_music,0,0,73.312
MUS0199,1,2.390,1.960,2.460,3.030,0.000,2.360,2.500,3.000,1.910,5.500,2.200,3.420,0.000,2.920,27.000,2.880,3.100,18,18.900,hip_hop,0,1,34.344
MUS0200,2,2.280,2.940,3.260,3.280,6.400,3.070,3.620,2.670,3.300,6.400,2.230,2.370,131.100,2.620,27.900,2.420,3.320,18,9.400,hip_hop,0,1,58.764
MUS0201,5,1.840,2.680,3.730,3.050,2.900,2.670,2.830,3.790,3.040,8.500,2.780,2.350,200.000,3.270,32.400,3.030,2.490,26,17.300,light_classical,1,0,60.127
MUS0202,3,1.740,2.590,3.110,3.070,2.000,2.770,3.060,2.390,3.740,5.100,2.960,3.020,0.000,3.130,25.100,2.910,2.500,18,3.700,hip_hop,0,1,44.080
MUS0203,4,2.660,2.580,3.490,2.730,0.000,2.790,2.920,3.240,2.270,6.400,3.500,3.960,115.500,2.300,22.600,2.500,2.650,18,0.500,hip_hop,0,1,72.260
MUS0204,3,3.610,2.740,2.920,2.800,5.400,2.800,2.790,2.630,2.840,7.600,2.950,4.370,47.400,3.160,27.000,2.420,2.720,26,8.400,hip_hop,0,1,58.114
MUS0205,5,2.870,2.190,1.770,3.370,6.500,2.860,3.040,3.090,2.620,6.500,2.710,2.730,14.000,2.750,29.000,2.050,2.640,18,12.700,light_classical,1,0,54.640
MUS0206,2,2.990,3.760,2.750,3.180,0.000,2.660,3.320,1.820,2.830,8.700,1.880,2.800,200.000,2.750,26.300,2.810,2.020,30,2.700,no_music,0,0,60.471
MUS0207,4,3.180,2.820,3.200,2.770,0.000,2.610,2.610,2.810,2.920,7.300,2.640,2.820,194.200,2.920,17.500,3.360,3.360,18,6.700,hip_hop,0,1,54.735
MUS0208,3,2.900,3.630,3.590,1.980,5.300,3.770,3.000,2.950,3.520,10.000,3.170,2.190,92.200,2.790,20.600,3.110,3.500,25,13.600,no_music,0,0,69.798
MUS0209,3,3.280,3.350,3.370,3.740,0.000,3.260,3.070,2.690,2.440,5.500,4.030,2.890,165.300,3.080,27.500,2.450,3.560,21,23.100,no_music,0,0,71.979
MUS0210,1,3.680,2.960,2.430,2.590,4.100,3.040,2.570,3.140,2.960,8.700,2.470,2.910,166.900,2.600,20.700,2.540,3.480,19,0.000,light_classical,1,0,54.733
MUS0211,4,3.310,3.230,2.820,2.820,4.000,2.450,3.690,1.840,2.490,7.300,3.460,2.940,51.000,3.240,33.200,2.570,2.710,24,10.800,light_classical,1,0,79.733
MUS0212,4,3.120,2.950,3.480,3.100,5.200,2.160,3.320,2.410,3.770,6.500,4.440,2.570,124.700,2.700,32.300,2.760,3.470,21,16.200,no_music,0,0,55.366
MUS0213,6,2.630,3.210,2.700,2.490,6.100,3.120,1.650,2.780,3.450,7.600,3.250,4.140,51.600,2.300,27.100,3.250,2.560,26,20.200,hip_hop,0,1,70.089
MUS0214,3,2.590,3.240,2.750,3.540,0.000,3.040,2.740,2.520,2.260,5.200,4.170,3.660,122.100,3.770,17.300,4.060,2.140,27,1.500,hip_hop,0,1,56.712
MUS0215,4,3.400,2.320,3.420,2.140,0.000,2.030,2.580,3.080,2.630,5.600,2.970,3.470,163.500,3.180,22.400,2.240,2.190,19,11.800,hip_hop,0,1,82.022
MUS0216,4,2.820,2.120,2.440,2.220,12.800,3.390,4.090,2.990,3.550,4.800,3.350,3.700,181.300,3.200,19.100,3.150,2.420,21,0.100,hip_hop,0,1,67.953
MUS0217,6,3.120,2.620,3.850,3.990,5.600,2.840,2.520,3.240,2.460,6.300,2.480,2.510,71.300,3.480,22.100,3.360,2.220,27,9.200,no_music,0,0,48.940
MUS0218,4,2.640,2.880,3.400,2.580,1.600,2.310,2.640,3.100,4.020,4.900,3.220,2.570,17.700,3.140,20.400,2.830,2.470,23,24.600,no_music,0,0,58.896
MUS0219,0,2.970,2.500,1.750,3.350,6.000,3.510,2.800,3.730,2.680,6.600,3.780,2.690,48.000,2.590,37.700,3.270,2.680,18,15.700,light_classical,1,0,59.424
MUS0220,4,2.790,2.150,3.060,3.820,4.100,3.190,2.310,2.940,2.700,7.100,3.460,3.440,200.000,2.390,26.300,1.960,3.270,28,16.300,no_music,0,0,87.235
MUS0221,1,4.590,3.000,2.150,2.890,7.600,3.650,2.520,3.060,3.150,7.000,3.280,2.080,113.400,3.280,28.700,3.920,3.020,21,0.700,no_music,0,0,75.473
MUS0222,3,3.070,2.940,4.350,3.250,1.900,3.090,3.450,3.320,3.230,7.400,3.380,2.710,111.000,2.920,24.600,2.730,3.700,30,6.300,light_classical,1,0,56.802
MUS0223,3,2.330,2.970,2.700,2.450,19.100,2.140,2.640,2.930,2.560,5.100,2.590,2.120,200.000,3.170,22.500,1.840,3.300,26,8.200,no_music,0,0,51.360
MUS0224,2,3.590,2.360,3.550,3.480,4.300,3.090,3.620,3.310,2.710,8.000,3.750,4.880,84.500,3.010,27.200,3.580,1.990,29,17.600,light_classical,1,0,59.017
MUS0225,1,4.070,3.190,3.020,3.160,0.500,3.180,2.880,3.760,3.070,7.700,2.740,1.690,179.800,3.070,28.600,3.500,4.120,18,5.400,hip_hop,0,1,60.067
MUS0226,4,3.180,2.730,2.920,3.430,5.300,3.480,2.450,2.110,2.520,5.000,3.810,3.830,196.600,2.860,27.500,2.320,3.060,21,25.300,hip_hop,0,1,59.608
MUS0227,3,3.490,3.210,2.450,2.340,4.400,2.620,3.440,2.470,4.270,7.500,2.970,3.190,0.000,3.130,13.500,2.880,2.500,18,27.600,light_classical,1,0,59.404
MUS0228,1,3.100,1.770,2.430,2.620,0.200,2.160,2.570,2.340,3.580,5.300,2.100,2.890,0.000,3.720,18.100,2.410,3.390,18,4.300,hip_hop,0,1,46.123
MUS0229,4,3.140,3.270,3.280,2.480,3.100,2.310,3.390,2.230,2.280,6.200,2.050,3.270,175.100,2.660,17.800,2.980,4.150,23,16.000,light_classical,1,0,71.626
MUS0230,3,2.880,2.600,2.150,1.770,0.700,2.930,3.050,2.520,3.170,6.900,2.470,3.170,44.400,2.490,16.200,2.950,2.690,21,19.200,light_classical,1,0,48.203
MUS0231,3,3.020,4.480,2.450,3.280,2.100,2.910,3.040,3.090,3.020,9.000,2.610,2.440,158.200,3.300,30.400,2.620,3.430,30,24.400,no_music,0,0,68.743
MUS0232,2,3.000,4.250,2.270,3.400,13.800,3.420,2.800,3.320,3.560,8.500,3.900,3.100,184.900,2.790,13.600,3.170,2.690,26,25.900,no_music,0,0,63.061
MUS0233,4,3.050,2.260,1.900,3.020,0.800,2.300,3.300,2.460,3.480,8.300,2.290,1.790,59.700,2.860,23.000,2.880,2.970,19,12.700,no_music,0,0,53.106
MUS0234,2,3.250,3.710,3.460,4.600,7.200,3.070,2.660,2.850,3.280,7.600,3.210,3.430,102.000,2.270,25.500,3.010,2.600,18,26.300,no_music,0,0,51.629
MUS0235,5,3.170,2.490,2.720,2.900,4.700,3.030,3.190,2.350,2.940,7.000,3.830,3.290,126.700,2.990,23.000,2.140,3.280,22,5.400,hip_hop,0,1,72.934
MUS0236,5,4.360,3.010,1.500,2.910,0.000,4.140,3.550,3.310,2.950,9.200,3.380,3.320,200.000,2.930,27.000,3.050,3.630,29,11.200,hip_hop,0,1,69.907
MUS0237,3,2.780,2.920,2.300,3.360,3.200,2.590,3.120,4.160,3.560,5.700,3.690,3.500,192.300,2.230,27.200,2.890,3.510,29,2.900,no_music,0,0,64.091
MUS0238,5,2.820,2.950,1.860,2.720,0.500,2.010,3.150,2.960,3.270,8.200,3.170,2.440,61.900,2.470,28.200,3.510,3.380,24,6.800,no_music,0,0,61.396
MUS0239,0,2.780,2.730,4.300,3.380,0.000,3.100,2.760,3.430,2.790,5.600,3.090,2.280,81.300,2.770,28.100,2.110,3.290,23,12.700,hip_hop,0,1,61.671
MUS0240,3,1.630,2.350,2.550,3.700,7.400,3.340,2.560,3.640,2.930,7.100,2.840,3.610,155.600,2.740,27.700,2.630,2.120,29,9.500,no_music,0,0,67.056
MUS0241,4,3.350,1.950,2.830,3.210,4.300,3.480,4.090,3.310,3.480,8.700,2.500,2.970,200.000,2.770,16.500,3.090,2.690,31,10.900,light_classical,1,0,49.324
MUS0242,4,2.520,3.100,3.930,1.860,3.200,3.200,2.930,3.020,2.170,5.800,2.830,3.220,200.000,3.020,23.200,3.440,2.810,19,10.800,hip_hop,0,1,74.408
MUS0243,4,3.980,2.780,2.320,3.640,10.600,3.240,3.370,2.840,3.820,7.500,4.340,3.490,82.700,4.380,36.800,3.930,3.660,24,18.800,light_classical,1,0,61.313
MUS0244,4,2.680,3.770,2.330,3.310,9.800,2.720,3.560,3.770,3.250,8.500,2.350,3.140,200.000,3.300,31.200,3.200,3.600,35,15.600,no_music,0,0,71.485
MUS0245,7,3.460,3.010,3.870,3.390,7.000,3.380,3.610,3.730,2.390,7.700,3.600,3.060,149.500,3.520,29.500,3.610,1.640,22,31.400,light_classical,1,0,78.416
MUS0246,1,3.800,2.600,3.130,2.220,0.000,3.510,3.540,1.060,3.090,4.800,2.130,2.170,200.000,3.230,23.000,2.650,2.300,24,0.000,light_classical,1,0,53.050
MUS0247,2,3.190,3.100,3.450,3.710,0.000,3.850,2.790,2.990,3.210,7.500,2.800,3.430,140.400,3.730,30.300,2.180,2.830,18,26.300,no_music,0,0,65.390
MUS0248,2,1.670,2.940,3.260,1.940,3.500,2.680,2.960,2.850,2.450,7.200,3.420,1.860,51.300,3.360,26.400,3.560,2.520,26,22.800,light_classical,1,0,66.709
MUS0249,4,3.010,3.650,4.510,3.560,11.500,3.940,3.260,3.480,3.220,7.900,3.910,3.380,147.200,2.970,29.000,4.320,3.580,18,13.700,no_music,0,0,48.881
MUS0250,3,2.470,3.150,2.530,3.070,11.200,1.780,3.350,2.970,2.380,7.500,3.540,2.520,166.800,2.880,17.500,3.260,2.990,26,20.900,light_classical,1,0,70.298
MUS0251,3,2.900,2.550,2.970,2.450,0.900,2.840,3.510,3.140,2.250,7.100,2.890,2.600,0.000,2.200,27.800,2.540,3.090,18,19.600,no_music,0,0,47.603
MUS0252,3,4.170,2.060,3.390,2.870,8.300,3.670,2.410,2.430,3.900,9.100,3.230,3.030,182.300,2.850,29.600,3.550,2.660,31,6.200,no_music,0,0,79.509
MUS0253,0,2.800,2.840,2.750,2.790,0.400,2.360,2.200,2.840,3.510,5.500,2.480,2.130,116.500,2.740,21.300,2.610,3.220,18,2.000,hip_hop,0,1,60.447
MUS0254,5,2.550,3.430,2.980,2.690,8.800,2.640,1.700,2.940,2.800,9.900,3.470,3.220,28.900,3.490,27.800,2.650,2.950,34,22.800,hip_hop,0,1,57.644
MUS0255,1,3.590,3.430,3.550,2.830,7.800,3.180,2.280,2.250,3.110,7.000,3.970,3.210,36.300,2.760,28.900,2.780,3.720,18,25.700,light_classical,1,0,44.171
MUS0256,1,2.730,2.750,2.450,2.560,7.500,2.120,2.630,2.920,2.830,6.800,2.080,2.550,199.200,2.850,18.100,3.730,3.430,18,4.500,hip_hop,0,1,62.011
MUS0257,6,2.330,3.350,3.230,2.240,5.500,3.350,2.340,3.010,3.270,5.800,3.110,4.180,200.000,2.580,22.900,2.710,2.690,22,10.000,hip_hop,0,1,64.110
MUS0258,0,4.590,3.260,2.110,3.210,0.000,2.820,3.460,2.450,3.720,6.100,3.630,3.080,28.400,3.100,31.300,2.730,2.990,18,6.000,light_classical,1,0,69.022
MUS0259,3,3.610,3.230,3.230,3.020,0.000,2.660,2.220,2.990,2.200,5.900,2.690,2.420,141.700,2.940,21.800,3.220,3.270,26,6.000,no_music,0,0,65.712
MUS0260,5,3.200,3.400,3.010,2.710,0.000,3.050,2.110,2.930,4.120,5.800,2.710,2.230,0.000,2.630,24.100,2.840,1.610,29,19.600,no_music,0,0,74.829
MUS0261,1,2.980,3.750,2.710,2.480,9.800,4.270,4.040,2.990,3.790,8.300,3.200,3.150,92.300,3.570,24.300,3.790,2.700,25,8.200,no_music,0,0,81.007
MUS0262,2,3.110,3.950,3.340,3.880,1.700,2.970,2.630,2.940,3.470,8.600,2.840,2.850,32.300,3.110,26.900,3.520,2.510,27,6.500,light_classical,1,0,44.485
MUS0263,5,2.470,1.760,2.440,3.250,6.700,3.030,2.020,3.150,2.410,4.600,2.320,2.920,13.800,2.590,22.500,2.680,3.850,18,10.900,hip_hop,0,1,63.988
MUS0264,3,3.190,1.840,3.330,2.910,2.200,2.010,2.870,2.610,2.650,7.000,2.770,4.020,108.000,3.810,33.400,2.340,2.950,24,25.500,no_music,0,0,70.412
MUS0265,1,2.260,3.200,2.970,2.960,9.000,2.710,2.650,2.840,3.510,5.200,3.040,2.990,4.300,3.520,24.600,2.160,2.510,21,7.600,light_classical,1,0,67.734
MUS0266,4,4.200,2.890,3.130,3.750,5.400,3.270,3.000,3.170,3.400,8.400,3.420,3.830,0.000,2.930,30.700,3.490,3.480,26,7.500,light_classical,1,0,66.810
MUS0267,2,3.560,2.290,2.110,2.650,0.000,4.300,2.860,3.260,3.650,7.300,2.300,3.180,0.000,3.060,20.400,2.200,3.320,29,10.900,light_classical,1,0,73.524
MUS0268,5,3.050,3.240,2.730,3.650,4.600,2.780,2.380,4.320,2.990,6.800,2.930,3.040,100.400,4.170,30.400,4.200,2.820,35,3.400,hip_hop,0,1,77.464
MUS0269,1,2.550,3.290,2.280,3.410,6.300,3.220,1.750,3.380,2.790,7.500,3.670,3.620,0.000,3.150,22.500,3.180,2.910,28,15.400,hip_hop,0,1,46.895
MUS0270,4,3.290,2.730,3.330,2.590,8.600,4.040,3.800,3.070,2.860,7.000,2.450,3.280,116.300,3.350,20.700,3.870,2.000,22,12.400,light_classical,1,0,79.385
MUS0271,3,4.300,2.600,2.890,1.520,3.600,2.970,2.130,2.670,3.460,5.300,4.050,3.590,200.000,3.260,19.300,3.230,2.150,26,19.900,hip_hop,0,1,69.344
MUS0272,6,3.040,3.770,3.380,3.050,2.200,4.320,3.320,2.560,2.250,8.700,2.900,3.380,71.800,2.020,34.600,2.760,3.460,20,18.500,no_music,0,0,76.197
MUS0273,7,2.150,1.880,3.430,3.470,1.100,2.800,3.100,2.690,3.160,6.400,3.380,2.560,101.100,2.900,29.100,3.030,2.870,18,10.400,light_classical,1,0,41.888
MUS0274,2,3.350,3.350,3.090,3.000,11.200,3.050,4.430,3.510,3.410,7.100,2.840,4.020,200.000,2.850,24.200,3.350,2.690,25,8.300,light_classical,1,0,61.172
MUS0275,1,3.190,2.470,3.140,2.140,0.900,2.580,2.520,2.640,2.510,8.600,2.280,2.530,78.200,3.420,22.300,2.460,3.060,27,16.300,light_classical,1,0,48.845
MUS0276,4,2.890,3.250,3.470,2.940,3.100,2.990,3.300,2.860,3.160,5.500,3.580,3.070,95.800,2.240,34.100,3.490,4.170,30,6.700,no_music,0,0,64.607
MUS0277,2,2.990,2.640,2.310,3.770,3.800,2.960,3.830,3.490,2.570,4.500,3.080,2.170,165.600,2.660,28.300,2.460,2.350,22,16.400,hip_hop,0,1,55.769
MUS0278,4,4.000,2.600,2.840,2.120,3.300,3.090,3.730,3.240,3.660,6.600,3.220,2.660,187.300,3.620,26.700,2.180,3.400,18,8.000,no_music,0,0,71.972
MUS0279,5,2.620,3.620,2.680,3.400,6.000,3.310,1.920,2.690,1.900,6.000,2.950,2.580,129.600,3.110,32.700,2.990,2.750,32,16.500,no_music,0,0,74.915
MUS0280,4,2.530,3.270,2.880,3.780,6.100,3.160,3.170,2.940,3.400,7.400,3.190,3.500,142.000,2.390,27.000,2.550,2.520,26,5.300,hip_hop,0,1,67.116
MUS0281,0,2.770,2.600,2.920,2.190,0.100,3.340,2.240,3.040,2.900,5.800,3.080,3.360,72.300,2.760,20.600,2.800,3.250,25,0.000,no_music,0,0,53.737
MUS0282,0,3.030,3.900,3.740,3.380,2.100,2.710,2.800,4.220,3.340,7.700,2.280,3.050,119.700,2.980,29.500,2.830,2.440,25,2.900,light_classical,1,0,61.674
MUS0283,2,3.640,2.980,3.640,3.810,3.700,4.040,3.640,3.440,4.500,6.200,4.380,3.270,200.000,2.990,35.600,3.770,4.090,27,18.600,hip_hop,0,1,70.262
MUS0284,4,1.330,2.070,4.270,3.060,0.000,3.190,3.540,2.460,2.160,5.500,2.470,2.750,0.000,3.710,18.900,3.890,2.840,19,0.000,hip_hop,0,1,57.981
MUS0285,4,2.760,3.780,3.160,2.370,4.700,2.680,3.110,3.110,2.410,6.500,3.040,4.020,200.000,3.410,18.400,3.500,3.260,28,17.400,no_music,0,0,66.049
MUS0286,1,3.200,2.400,3.860,3.510,7.600,2.680,2.980,3.160,2.380,9.300,3.110,2.820,0.000,3.440,29.400,2.560,3.020,34,0.200,hip_hop,0,1,66.776
MUS0287,5,2.740,3.050,3.740,3.360,0.000,2.650,3.350,3.950,2.070,5.900,2.640,2.440,128.500,2.610,32.800,3.040,2.840,23,10.300,no_music,0,0,80.852
MUS0288,2,2.380,3.980,2.870,3.590,1.600,3.220,4.200,2.780,2.310,7.000,2.990,2.410,113.600,3.430,15.200,1.820,2.710,23,8.400,hip_hop,0,1,61.875
MUS0289,2,3.330,3.460,3.460,2.800,1.000,3.010,2.130,3.430,3.610,6.200,3.440,2.150,71.500,1.720,25.100,3.820,2.820,31,2.700,hip_hop,0,1,59.363
MUS0290,3,2.480,2.620,3.200,3.560,3.500,3.100,2.990,2.760,3.280,6.800,2.620,3.210,200.000,2.210,32.000,3.070,3.590,28,0.800,hip_hop,0,1,71.218
MUS0291,5,2.990,3.140,3.200,3.860,12.200,3.010,2.850,3.880,3.110,6.800,3.260,4.860,200.000,3.130,31.400,3.090,2.800,23,3.300,no_music,0,0,51.774
MUS0292,3,2.330,3.490,3.770,3.670,7.600,3.140,3.630,3.080,3.350,6.500,3.680,3.910,200.000,2.330,36.900,3.710,3.330,22,13.900,no_music,0,0,74.554
MUS0293,2,3.080,3.190,2.830,2.970,0.000,2.260,2.110,2.050,2.470,7.400,3.570,3.140,48.100,2.240,19.000,2.670,2.580,18,9.600,hip_hop,0,1,45.356
MUS0294,3,4.130,2.460,3.450,3.040,0.000,3.520,2.110,2.860,2.680,6.900,2.930,2.660,110.100,3.660,25.900,2.680,3.300,28,19.600,no_music,0,0,51.431
MUS0295,6,2.300,3.290,4.240,3.440,0.000,2.740,3.080,2.430,3.220,5.100,2.330,2.930,161.700,2.840,29.100,2.110,2.930,22,13.900,hip_hop,0,1,52.007
MUS0296,0,2.610,2.750,2.800,2.890,6.500,2.830,2.930,3.190,4.400,7.600,2.940,2.720,200.000,1.810,30.300,2.280,3.240,32,15.100,no_music,0,0,60.456
MUS0297,3,3.700,2.700,2.710,3.080,2.700,3.390,2.200,2.420,3.200,8.100,2.680,2.720,63.700,2.670,24.800,3.140,3.060,29,15.100,no_music,0,0,49.561
MUS0298,3,3.650,2.060,2.360,2.680,1.000,3.520,3.360,3.190,2.920,5.800,3.880,2.380,0.000,3.880,41.300,3.220,2.850,24,0.300,light_classical,1,0,60.833
MUS0299,2,3.920,2.580,3.180,3.580,6.700,3.390,2.610,3.850,2.920,7.800,3.480,3.790,200.000,3.200,32.900,3.620,3.360,34,3.900,hip_hop,0,1,72.989
MUS0300,3,3.150,2.570,2.680,2.870,6.500,2.520,3.170,2.030,1.640,7.900,1.360,3.240,165.500,2.320,22.000,3.140,2.460,18,2.300,hip_hop,0,1,62.530
MUS0301,3,3.630,3.050,3.840,2.760,1.600,1.970,4.090,3.770,3.390,8.100,2.490,4.300,200.000,3.030,29.100,3.050,2.600,31,6.800,hip_hop,0,1,59.912
MUS0302,0,3.360,2.000,3.510,4.240,2.700,3.150,3.170,3.110,3.210,7.900,4.290,3.260,159.400,2.570,30.500,3.340,3.280,20,4.800,light_classical,1,0,59.077
MUS0303,4,3.620,3.070,2.460,2.400,7.700,3.050,2.760,3.820,3.000,8.200,2.550,3.230,153.200,3.360,31.000,2.730,2.480,24,6.100,light_classical,1,0,62.123
MUS0304,6,3.370,3.080,3.070,4.170,2.900,4.070,3.100,2.050,2.940,6.000,3.250,3.300,117.100,2.590,27.500,2.840,3.660,25,0.000,hip_hop,0,1,60.477
MUS0305,4,2.530,3.140,3.310,3.110,9.300,3.080,2.840,2.920,2.860,7.000,2.330,4.050,200.000,1.930,20.000,3.250,2.780,30,10.100,hip_hop,0,1,68.605
MUS0306,6,3.540,4.120,3.400,2.470,7.600,4.520,3.850,3.590,4.040,6.700,3.990,3.520,0.000,3.860,33.900,3.280,2.320,23,17.700,light_classical,1,0,76.018
MUS0307,2,2.750,3.070,3.010,3.070,6.300,1.840,3.460,2.360,2.820,7.900,2.400,3.260,133.900,2.940,28.300,4.260,3.120,18,11.600,no_music,0,0,63.685
MUS0308,1,2.790,2.300,2.750,2.920,2.500,2.570,3.330,4.030,3.300,6.700,3.150,2.790,60.000,2.870,25.200,3.510,2.940,27,0.000,no_music,0,0,61.583
MUS0309,5,2.320,3.220,2.060,3.450,3.200,4.560,3.620,2.710,4.260,7.800,3.180,3.030,0.000,3.420,24.100,1.900,2.680,24,22.700,no_music,0,0,50.004
MUS0310,2,3.530,3.190,3.100,3.130,11.700,2.260,3.720,3.650,2.590,6.200,2.560,2.780,0.000,3.110,32.500,3.100,2.100,23,9.300,light_classical,1,0,51.631
MUS0311,4,3.310,3.600,2.670,3.110,2.200,4.170,3.060,2.650,4.230,7.400,2.760,4.230,0.000,3.810,26.400,3.280,3.000,22,5.000,light_classical,1,0,68.713
MUS0312,0,3.760,2.880,4.230,2.770,9.900,2.550,3.400,3.110,3.200,6.300,2.670,3.390,39.400,1.980,34.700,3.640,2.640,18,27.700,hip_hop,0,1,64.910
MUS0313,2,3.960,2.440,2.750,2.600,7.900,3.770,3.110,2.800,3.340,7.600,2.480,2.930,142.700,3.590,25.900,2.080,3.540,27,0.000,light_classical,1,0,52.101
MUS0314,3,2.380,2.400,3.940,2.780,1.700,2.150,3.540,2.450,3.300,7.800,3.520,2.200,45.600,3.380,18.600,1.840,2.390,33,14.600,no_music,0,0,57.291
MUS0315,4,3.800,2.550,3.490,2.220,4.700,3.130,3.340,2.990,3.530,7.300,2.220,2.640,140.000,2.360,22.000,3.090,3.440,23,14.400,light_classical,1,0,70.446
MUS0316,2,3.230,1.530,2.760,2.280,0.000,2.670,2.730,3.690,3.160,6.800,3.510,2.830,75.900,3.610,24.700,2.690,2.460,20,0.000,hip_hop,0,1,43.617
MUS0317,4,2.780,2.070,2.850,2.440,0.000,3.450,3.130,2.990,2.450,8.000,3.420,2.660,154.500,3.680,31.800,4.030,3.300,22,23.000,no_music,0,0,51.992
MUS0318,3,3.690,3.280,3.060,2.360,7.100,3.150,4.180,2.660,3.170,7.800,3.540,2.800,188.800,3.640,28.500,2.140,2.210,18,3.700,hip_hop,0,1,53.756
MUS0319,6,3.050,2.630,3.260,3.620,0.500,3.170,3.920,2.610,3.760,7.300,3.280,2.260,200.000,3.720,20.900,3.320,3.160,22,4.500,light_classical,1,0,65.431
MUS0320,6,1.990,3.410,2.570,2.720,1.700,2.900,2.640,3.520,3.100,5.900,3.190,3.590,72.200,2.450,33.700,3.000,3.250,36,0.000,hip_hop,0,1,58.260
MUS0321,2,3.120,1.870,2.820,2.930,1.300,4.090,2.960,3.210,2.360,7.600,3.390,3.020,200.000,3.650,23.900,2.280,3.270,29,19.600,no_music,0,0,64.294
MUS0322,0,2.330,3.290,2.900,2.730,3.400,2.880,3.830,2.540,2.600,5.400,3.390,3.110,130.400,2.150,26.200,4.340,3.150,27,0.000,light_classical,1,0,49.858
MUS0323,2,3.070,4.080,3.810,3.390,1.600,2.980,3.180,2.100,3.640,10.000,3.310,3.890,200.000,4.040,31.200,3.700,2.200,28,21.200,hip_hop,0,1,49.860
MUS0324,3,2.720,2.790,2.560,3.070,3.800,3.580,3.930,2.290,2.200,6.900,2.570,3.700,155.200,2.680,29.900,3.150,3.990,29,19.900,hip_hop,0,1,74.736
MUS0325,0,3.290,3.040,4.210,2.460,0.000,3.970,3.240,3.320,1.930,7.000,3.760,2.820,0.000,2.180,28.300,3.690,3.240,20,13.900,hip_hop,0,1,51.824
MUS0326,6,3.790,3.590,3.900,3.900,9.700,3.780,4.030,3.640,3.060,9.300,2.540,3.290,200.000,2.570,39.700,4.140,2.640,30,23.500,light_classical,1,0,61.814
MUS0327,4,3.500,2.790,2.810,2.420,5.900,3.460,3.310,3.050,2.550,5.700,2.730,3.090,119.600,2.910,24.800,3.340,2.940,32,21.900,light_classical,1,0,72.416
MUS0328,4,2.090,2.810,2.740,2.120,0.200,2.230,3.290,2.820,4.180,7.000,3.530,2.960,182.500,2.230,30.600,2.620,2.020,25,9.800,no_music,0,0,44.386
MUS0329,1,3.620,2.810,2.330,2.520,7.900,2.940,3.650,3.310,2.270,7.900,2.450,3.470,43.700,3.450,29.100,3.100,2.010,39,0.000,no_music,0,0,70.867
MUS0330,5,2.990,2.880,3.850,2.350,10.400,3.550,3.270,3.310,4.230,7.300,3.560,3.300,166.100,3.770,33.900,3.760,4.180,25,25.100,hip_hop,0,1,76.688
MUS0331,3,2.690,2.810,3.460,2.570,4.100,3.260,3.800,3.570,3.810,5.600,2.490,2.220,103.800,3.110,23.100,3.420,3.070,23,0.000,light_classical,1,0,69.490
MUS0332,4,2.920,2.480,3.250,2.060,1.500,2.820,2.760,3.990,3.000,10.000,3.010,3.100,200.000,3.310,28.800,2.660,3.080,27,21.800,light_classical,1,0,72.305
MUS0333,4,3.250,3.500,2.370,3.460,7.300,2.270,2.950,2.120,3.070,8.100,3.750,2.970,96.500,2.940,31.300,3.940,2.910,21,25.100,light_classical,1,0,46.497
MUS0334,4,2.290,2.540,3.520,2.360,0.000,2.730,3.190,1.990,2.640,6.500,1.590,3.160,93.700,2.780,26.900,2.400,3.710,28,11.800,hip_hop,0,1,63.931
MUS0335,6,3.680,3.400,3.610,3.150,3.000,3.160,3.160,3.100,3.920,9.000,2.800,3.470,200.000,3.680,24.200,3.090,2.910,19,9.700,light_classical,1,0,58.700
MUS0336,3,3.020,3.100,3.290,3.450,0.000,3.200,2.880,2.750,2.990,6.800,2.050,2.790,200.000,2.670,29.300,2.180,3.810,19,12.100,light_classical,1,0,59.668
MUS0337,4,2.340,3.640,3.410,3.760,5.600,2.570,3.600,3.180,3.050,8.700,3.520,2.890,200.000,2.980,19.300,3.630,3.260,22,16.600,light_classical,1,0,50.699
MUS0338,4,2.900,2.920,2.050,3.460,12.200,3.530,2.850,3.000,3.460,7.700,2.630,3.090,74.000,2.880,10.000,2.490,2.830,24,1.400,no_music,0,0,71.453
MUS0339,3,2.800,3.290,2.050,4.370,6.300,3.240,3.510,2.720,3.370,5.500,3.090,3.050,183.500,3.080,20.600,2.820,2.920,18,3.500,no_music,0,0,70.678
MUS0340,7,2.170,2.760,2.500,3.610,5.800,3.000,2.140,3.580,2.000,7.300,3.280,3.410,62.600,2.560,29.200,2.840,3.070,29,17.700,no_music,0,0,59.572
MUS0341,4,3.130,3.210,3.130,3.100,7.200,2.480,3.620,3.490,1.860,6.600,3.540,3.060,200.000,2.630,44.800,3.350,2.080,26,1.400,no_music,0,0,80.932
MUS0342,2,2.010,2.580,3.430,3.740,8.000,2.880,3.120,3.560,2.860,8.300,2.970,2.570,178.800,3.570,16.500,2.140,3.420,23,20.200,no_music,0,0,70.735
MUS0343,5,4.390,3.100,3.590,2.370,8.400,3.300,3.720,3.930,4.240,5.600,3.210,3.140,135.700,3.340,27.200,2.350,3.970,29,8.400,hip_hop,0,1,76.811
MUS0344,6,2.320,2.430,2.940,3.210,3.000,2.440,2.330,3.410,2.850,6.700,2.130,2.740,155.800,2.250,25.600,2.970,3.370,22,11.500,no_music,0,0,46.687
MUS0345,5,2.610,3.620,3.280,2.180,5.800,2.910,3.530,2.120,2.250,7.500,3.570,3.820,140.000,2.590,34.300,2.420,3.200,34,0.300,hip_hop,0,1,76.109
MUS0346,2,3.740,3.240,2.680,2.690,8.100,2.850,3.510,2.660,1.930,7.300,3.280,2.430,0.000,1.690,32.400,3.530,2.630,22,3.000,no_music,0,0,67.267
MUS0347,0,2.770,3.180,2.390,2.600,0.100,3.220,2.590,3.080,3.090,4.600,1.410,2.460,172.400,3.910,26.900,3.710,1.860,23,1.100,light_classical,1,0,44.944
MUS0348,4,3.130,3.380,3.750,3.540,5.400,2.600,2.820,2.790,2.290,7.000,3.050,2.720,63.700,3.110,19.900,2.980,3.290,18,9.300,light_classical,1,0,59.439
MUS0349,4,3.180,3.990,3.030,3.340,4.100,3.870,2.790,2.760,2.890,7.700,3.160,2.810,172.200,3.290,26.800,4.100,3.810,18,18.300,hip_hop,0,1,66.781
MUS0350,3,2.420,2.080,2.140,3.470,5.000,2.840,3.110,2.840,3.040,7.500,2.200,3.200,157.600,2.240,26.200,2.850,2.990,22,15.600,light_classical,1,0,52.689
MUS0351,5,3.920,4.050,2.420,3.820,13.100,2.960,2.650,3.840,3.230,7.600,2.050,3.310,137.000,3.150,25.600,4.210,3.200,18,8.400,hip_hop,0,1,78.755
MUS0352,5,3.820,2.910,3.410,2.360,6.100,4.340,3.500,3.000,2.690,5.100,4.310,4.030,48.500,2.550,28.400,4.010,4.050,33,6.500,light_classical,1,0,73.060
MUS0353,5,2.670,3.670,3.590,3.100,8.800,2.940,2.810,2.540,3.090,9.300,2.740,2.230,92.200,3.380,26.400,1.820,3.220,29,17.800,no_music,0,0,59.696
MUS0354,4,3.260,3.680,2.710,2.620,9.400,2.610,2.970,3.460,3.100,6.900,2.890,3.130,128.400,2.860,33.000,2.600,2.360,26,4.400,light_classical,1,0,45.660
MUS0355,2,2.450,2.490,3.420,2.790,0.100,2.390,1.690,3.020,2.750,5.800,2.950,2.750,200.000,2.590,33.700,2.540,2.880,28,13.700,hip_hop,0,1,64.422
MUS0356,2,2.830,3.210,2.000,1.790,0.000,2.650,2.170,2.960,3.220,5.800,2.170,3.010,108.300,1.370,19.100,2.550,2.810,28,11.700,hip_hop,0,1,69.242
MUS0357,0,2.880,3.710,2.690,2.920,0.000,2.880,3.410,3.010,3.320,7.500,3.430,3.160,1.500,2.840,30.000,2.720,2.960,31,0.000,no_music,0,0,81.604
MUS0358,4,3.650,2.690,2.710,3.310,3.100,1.740,2.370,2.630,2.920,6.700,3.170,2.620,200.000,3.100,18.300,2.390,2.900,24,4.200,light_classical,1,0,70.029
MUS0359,3,2.420,2.670,3.160,2.480,7.100,2.780,2.200,2.500,2.670,5.900,2.010,2.020,100.900,1.740,28.100,1.260,2.490,18,14.100,hip_hop,0,1,58.659
MUS0360,3,2.100,3.410,2.410,3.710,3.000,3.740,3.310,3.930,3.110,6.900,3.510,2.730,200.000,3.930,19.300,3.800,3.780,33,7.600,no_music,0,0,49.140
MUS0361,2,2.060,3.330,2.240,2.580,0.000,2.560,2.510,1.980,2.750,5.400,2.180,3.350,75.100,2.610,19.100,2.880,2.890,34,11.100,light_classical,1,0,56.199
MUS0362,4,2.250,2.350,3.360,3.060,0.000,2.700,3.680,2.300,2.390,5.900,2.600,3.180,0.000,3.260,21.200,3.160,3.160,18,8.500,hip_hop,0,1,47.912
MUS0363,2,2.700,3.100,2.830,3.380,0.000,2.550,2.560,1.920,2.950,7.200,2.470,3.320,117.000,2.450,34.200,3.510,3.610,18,17.300,no_music,0,0,70.670
MUS0364,2,3.200,4.650,3.570,3.180,3.100,2.770,3.100,2.620,2.750,5.800,2.920,4.000,71.100,3.120,33.300,2.940,2.000,35,6.800,hip_hop,0,1,46.338
MUS0365,1,3.300,3.050,3.520,2.460,0.000,2.520,2.350,2.840,3.580,5.700,3.350,2.740,158.000,2.410,14.300,2.630,3.030,21,16.600,hip_hop,0,1,43.009
MUS0366,2,2.770,3.240,2.910,2.170,13.000,2.650,4.160,1.920,2.460,6.600,1.790,3.340,200.000,3.470,16.300,3.600,3.100,18,0.000,no_music,0,0,80.389
MUS0367,4,3.080,2.930,3.160,2.270,0.000,3.930,1.870,2.670,2.730,5.600,2.500,3.190,200.000,2.470,17.800,4.470,2.840,24,7.300,light_classical,1,0,72.285
MUS0368,5,3.030,3.190,3.300,3.460,5.500,3.070,2.570,3.660,3.070,7.400,2.380,3.720,156.100,3.220,37.100,2.480,2.320,32,14.800,no_music,0,0,76.093
MUS0369,0,1.920,2.600,2.340,2.900,4.400,2.030,2.610,3.440,2.550,6.900,3.120,1.920,27.600,1.700,20.300,2.760,1.220,20,6.300,no_music,0,0,56.285
MUS0370,4,3.340,2.520,3.720,2.890,6.400,3.040,3.940,2.710,3.110,7.800,3.540,3.510,0.000,3.900,26.600,2.740,3.420,18,21.500,no_music,0,0,69.490
MUS0371,4,2.430,2.290,3.730,3.200,0.000,2.750,1.590,3.070,3.240,6.400,3.740,3.110,30.300,2.720,20.000,4.120,3.030,31,17.500,hip_hop,0,1,59.269
MUS0372,3,3.860,2.770,3.890,2.550,4.600,3.390,2.210,3.480,2.680,7.300,3.580,2.950,181.700,2.740,22.400,2.560,2.340,18,6.700,light_classical,1,0,79.874
MUS0373,5,3.420,2.790,3.510,2.840,1.300,2.290,2.920,3.490,2.210,6.100,1.900,3.980,140.800,3.060,23.800,2.800,3.050,18,10.500,light_classical,1,0,45.750
MUS0374,3,2.730,4.040,3.720,2.520,5.800,2.070,3.580,3.200,2.920,7.800,2.540,2.800,109.100,3.540,23.400,2.550,3.110,35,15.700,hip_hop,0,1,72.783
MUS0375,1,2.610,3.200,3.590,3.870,7.600,3.290,2.230,3.580,2.150,6.300,3.120,3.140,32.300,2.210,29.800,4.060,3.530,25,0.500,hip_hop,0,1,48.870
MUS0376,5,3.130,3.360,3.240,3.330,6.000,3.680,4.130,3.930,3.680,8.800,3.660,3.490,200.000,3.830,28.900,2.730,3.000,27,24.100,hip_hop,0,1,76.974
MUS0377,1,1.990,3.780,3.920,2.670,5.300,2.430,3.530,3.220,1.720,8.000,3.280,2.140,133.200,3.420,24.600,2.530,3.040,27,4.200,hip_hop,0,1,51.591
MUS0378,2,2.180,3.090,1.610,3.640,3.200,3.540,1.730,2.610,2.240,7.300,2.680,2.880,97.500,2.640,21.400,3.240,2.590,20,0.000,no_music,0,0,66.540
MUS0379,5,4.030,1.690,3.760,3.870,2.500,2.700,3.920,2.960,3.510,7.200,3.290,2.830,135.400,2.800,45.000,3.620,3.890,31,23.600,light_classical,1,0,68.086
MUS0380,4,2.560,2.900,2.450,3.760,4.500,3.310,3.390,2.830,2.870,6.300,3.510,3.300,39.000,3.610,25.200,2.930,2.700,24,4.600,hip_hop,0,1,53.536
MUS0381,6,3.240,3.430,3.040,3.010,0.000,3.940,2.870,3.280,2.870,9.000,2.550,3.490,165.500,3.740,31.600,3.330,3.180,29,16.700,light_classical,1,0,55.611
MUS0382,4,3.700,2.960,3.530,4.150,7.800,2.960,3.800,2.950,3.740,6.900,3.030,2.100,165.700,2.830,18.800,2.930,4.480,22,17.400,hip_hop,0,1,72.534
MUS0383,5,2.380,2.680,1.890,3.160,0.400,2.770,3.130,2.490,2.270,7.200,1.750,2.710,0.000,2.500,18.700,1.780,1.970,18,0.100,no_music,0,0,43.115
MUS0384,2,2.610,2.270,3.200,2.150,1.100,3.270,2.040,3.130,2.520,8.000,2.700,2.710,200.000,2.320,27.100,3.140,1.900,18,13.300,hip_hop,0,1,56.703
MUS0385,2,3.180,2.640,3.170,3.460,7.900,2.900,2.560,2.370,2.910,5.400,2.830,2.510,105.300,3.780,24.900,3.020,2.400,28,0.000,light_classical,1,0,64.611
MUS0386,2,3.250,2.950,3.470,3.550,0.000,3.260,3.720,2.540,3.380,7.500,3.980,2.780,72.700,2.840,22.900,3.480,3.450,21,6.400,hip_hop,0,1,38.930
MUS0387,5,2.820,3.140,2.920,3.090,2.100,2.670,2.010,2.610,2.990,6.300,3.140,2.500,17.300,2.980,19.300,2.440,2.610,23,12.300,light_classical,1,0,57.733
MUS0388,5,3.710,3.410,2.970,3.180,0.000,2.770,2.070,3.470,3.730,7.700,3.760,4.030,200.000,2.620,21.500,3.880,3.150,26,10.200,hip_hop,0,1,63.104
MUS0389,4,2.760,2.400,3.700,3.730,6.600,2.810,3.040,2.600,3.030,5.100,2.390,2.540,0.400,3.440,33.700,2.850,1.830,18,6.200,light_classical,1,0,62.751
MUS0390,6,3.990,2.810,3.750,3.350,7.200,3.420,2.130,2.840,3.260,9.000,2.350,2.420,147.500,3.720,24.200,1.870,1.930,24,7.100,no_music,0,0,77.124
MUS0391,1,3.350,3.210,1.090,2.710,0.000,3.020,2.840,2.750,3.840,7.700,3.210,3.050,183.400,2.540,25.600,3.970,3.150,21,4.000,hip_hop,0,1,48.867
MUS0392,2,3.270,3.560,3.190,1.630,3.200,2.860,2.630,2.650,2.760,8.400,2.030,2.850,0.000,2.830,14.800,3.080,2.610,38,20.300,no_music,0,0,87.426
MUS0393,3,2.550,3.410,3.710,2.540,0.000,3.040,2.860,2.140,3.170,8.200,2.590,4.160,138.700,3.230,18.900,3.150,3.230,41,15.800,hip_hop,0,1,52.518
MUS0394,1,2.060,2.560,3.130,4.220,3.000,3.060,2.410,2.590,2.280,7.600,2.560,2.740,165.000,4.030,20.600,2.310,3.630,18,16.900,hip_hop,0,1,63.735
MUS0395,0,3.000,2.920,2.590,3.580,1.400,1.670,3.260,2.930,3.370,9.100,3.390,2.660,167.700,4.490,32.800,2.910,2.820,19,36.200,light_classical,1,0,61.929
MUS0396,2,2.820,2.940,3.560,3.460,6.000,3.180,3.000,2.790,3.160,8.000,2.210,3.720,85.000,3.510,27.200,2.640,1.890,22,11.900,light_classical,1,0,80.371
MUS0397,2,3.190,2.880,3.320,2.660,0.000,3.050,3.260,2.780,2.880,6.000,2.550,2.980,0.000,3.390,17.400,3.300,3.340,18,20.400,light_classical,1,0,52.191
MUS0398,5,3.180,3.410,2.640,4.130,1.600,3.110,3.740,3.980,3.780,8.900,3.220,2.480,200.000,4.090,25.000,3.380,3.750,30,25.400,no_music,0,0,60.433
MUS0399,0,3.540,2.940,2.430,2.750,0.000,2.950,3.460,4.230,2.140,8.600,3.290,2.320,77.300,4.010,36.200,3.440,4.100,23,14.500,light_classical,1,0,76.213
MUS0400,2,1.870,2.140,2.940,2.280,5.600,3.250,2.110,3.360,2.540,7.300,3.040,2.160,0.000,2.910,31.700,2.730,2.980,28,0.000,hip_hop,0,1,65.451
MUS0401,4,1.520,2.340,1.810,2.020,3.000,2.370,3.220,2.610,2.740,6.100,2.140,1.950,161.900,2.500,32.800,2.970,2.340,19,8.700,no_music,0,0,51.971
MUS0402,3,3.360,3.900,3.670,3.550,8.000,2.880,2.520,1.810,2.680,8.400,3.780,3.340,122.900,4.350,31.700,3.730,3.040,31,11.800,no_music,0,0,82.937
MUS0403,3,2.670,3.130,3.240,3.620,3.900,2.390,2.430,1.570,1.950,6.900,2.280,3.650,128.900,2.870,23.500,2.800,2.490,36,0.000,hip_hop,0,1,71.733
MUS0404,4,2.880,2.420,3.060,3.170,5.300,2.490,3.030,2.580,2.760,7.200,3.280,2.940,200.000,3.510,19.700,3.810,2.090,26,20.800,hip_hop,0,1,53.354
MUS0405,4,2.920,3.030,2.370,2.060,9.900,3.670,3.080,3.550,2.700,7.600,3.120,3.790,200.000,3.120,28.300,2.890,2.580,24,18.800,hip_hop,0,1,63.451
MUS0406,1,2.450,2.050,2.490,2.640,8.900,1.690,3.520,2.560,3.450,5.800,3.490,3.290,0.000,2.040,28.500,2.060,2.140,20,2.700,light_classical,1,0,47.461
MUS0407,2,3.600,2.390,3.160,3.350,8.200,2.610,2.120,3.580,3.580,5.300,3.720,2.960,98.600,3.030,22.900,3.000,2.740,24,0.000,light_classical,1,0,61.123
MUS0408,2,3.280,2.620,2.020,2.600,2.900,2.740,2.450,1.980,2.450,6.900,2.400,3.600,54.600,2.290,23.700,2.250,2.450,18,15.500,light_classical,1,0,50.275
MUS0409,3,3.110,2.920,3.880,3.890,6.500,3.680,3.640,2.650,3.350,8.200,3.220,3.090,0.000,3.550,19.500,3.090,2.340,25,18.900,no_music,0,0,71.441
MUS0410,5,3.150,4.410,2.370,3.500,5.300,3.720,2.460,3.130,3.850,8.000,3.090,3.530,196.400,3.640,23.100,3.080,4.040,21,22.000,no_music,0,0,60.660
MUS0411,3,3.320,3.000,3.550,2.930,3.300,1.860,2.380,2.590,3.140,4.400,3.090,2.640,47.700,3.240,21.800,3.030,2.720,22,12.900,light_classical,1,0,40.247
MUS0412,3,3.220,2.340,2.030,2.590,8.500,3.120,3.120,4.330,2.730,7.200,2.530,2.720,121.600,2.990,30.600,2.350,2.440,29,7.200,no_music,0,0,60.147
MUS0413,5,3.540,4.200,3.570,2.660,8.100,4.110,3.870,3.060,3.270,7.100,2.240,3.520,200.000,3.980,28.500,3.930,3.000,18,15.400,light_classical,1,0,66.475
MUS0414,2,3.420,2.640,2.910,2.860,4.100,3.670,2.640,3.270,3.760,6.400,3.250,3.300,79.500,3.980,24.600,3.050,2.780,18,13.800,hip_hop,0,1,46.315
MUS0415,4,2.970,3.250,3.600,2.950,0.000,3.260,3.400,3.040,2.020,4.600,3.270,3.260,0.000,3.330,28.500,2.970,2.700,22,20.800,hip_hop,0,1,64.629
MUS0416,3,2.970,4.360,2.790,2.890,6.100,2.590,2.980,2.450,2.810,7.900,2.160,2.430,91.100,3.160,25.500,3.190,3.930,27,1.000,light_classical,1,0,64.958
MUS0417,2,3.130,2.980,2.810,2.650,0.000,3.190,3.500,2.920,4.070,6.500,3.340,2.070,0.000,2.630,34.000,3.240,2.580,19,17.300,light_classical,1,0,57.240
MUS0418,5,2.300,2.500,3.590,2.460,9.200,3.740,3.320,3.100,3.410,8.000,2.560,2.260,90.300,2.490,42.400,2.370,3.420,18,10.000,hip_hop,0,1,66.782
MUS0419,3,2.840,3.990,3.650,4.060,0.000,3.560,3.300,3.060,2.060,6.000,2.810,3.610,200.000,2.180,36.400,3.290,2.000,28,3.800,no_music,0,0,66.790
MUS0420,5,2.930,3.450,3.160,3.800,6.900,3.170,3.280,1.110,2.990,5.600,3.790,2.530,76.100,3.660,25.400,2.410,3.140,20,12.500,light_classical,1,0,69.196
