participant_id,bilingual_language_use_and_identity,language_proficiency,cultural_identity_strength,family_attitude,family_identification,campus_belonging,family_support,perceived_discrimination,family_conflict,financial_strain,gpa,age,sleep_hours,study_hours,work_hours,bilingual_use_days,spanish_identification,english_identification,bicultural_harmony,peer_support,academic_confidence,gender,generation,college_year,survey_language,home_language,first_generation_college,living_arrangement,language_brokering,cultural_club,financial_aid,self_esteem
T14_0001,1.614,2.443,3.695,3.408,3.802,3.251,2.455,3.464,2.863,2.867,3.906,21.0,7.8,17.107,26.509,2.0,2.326,2.718,2.505,3.001,1.911,woman,first,later,Spanish,English,no,away_from_family,no,no,yes,3.742
T14_0002,2.971,2.523,2.672,1.743,2.704,3.674,2.62,2.209,2.553,2.541,2.891,24.0,7.002,20.737,27.737,3.0,3.754,2.39,2.789,2.054,2.389,woman,first,later,Spanish,English,no,with_family,yes,yes,no,3.821
T14_0003,3.152,3.467,2.818,2.655,2.626,2.676,2.606,3.275,3.602,3.077,3.211,21.0,6.997,19.523,14.109,3.0,2.91,2.993,2.649,2.805,2.097,man,second,first,English,Spanish,no,with_family,no,no,yes,3.74
T14_0004,3.269,2.543,2.878,4.163,4.006,1.426,1.668,3.879,3.096,2.292,3.207,22.0,7.797,17.656,6.204,4.0,2.914,3.321,2.357,3.177,2.84,woman,first,first,English,both,no,with_family,no,no,no,2.868
T14_0005,4.242,3.216,2.23,3.31,3.33,4.707,3.341,3.328,2.434,2.718,2.77,23.0,8.651,9.209,18.646,7.0,3.49,2.039,2.811,2.857,3.77,man,first,later,English,English,no,with_family,yes,yes,yes,4.501
T14_0006,3.476,2.76,3.774,3.542,3.705,4.223,2.568,3.351,3.497,2.38,3.179,20.0,7.439,24.967,7.529,6.0,1.784,3.151,3.31,3.245,2.667,woman,second,first,English,English,yes,with_family,yes,yes,no,3.17
T14_0007,4.439,2.831,3.185,3.485,2.938,3.473,3.388,2.498,2.206,2.895,3.714,19.0,7.942,10.632,12.675,6.0,3.684,3.194,3.62,3.108,2.984,man,third_or_later,first,English,both,yes,with_family,no,yes,no,3.457
T14_0008,2.873,3.367,2.566,3.552,3.135,3.023,3.479,2.09,2.707,3.813,2.723,24.0,6.416,17.393,9.174,4.0,3.933,3.894,2.397,3.666,2.933,woman,first,first,English,both,no,with_family,no,yes,no,3.871
T14_0009,2.876,2.301,2.445,3.499,4.865,3.292,1.625,2.478,2.823,2.337,2.622,20.0,6.22,19.764,35.195,3.0,2.63,1.914,2.515,3.099,3.045,woman,third_or_later,later,Spanish,both,yes,with_family,yes,no,yes,3.218
T14_0010,4.984,3.768,3.707,2.186,2.779,3.573,3.125,1.642,2.87,4.291,3.298,23.0,7.442,16.415,15.463,5.0,3.766,4.423,3.077,3.729,2.613,man,third_or_later,first,English,both,yes,away_from_family,no,no,no,4.182
T14_0011,2.007,2.679,2.191,2.36,3.443,3.995,2.722,3.749,3.806,2.449,2.598,23.0,7.604,20.243,11.69,4.0,1.332,1.192,1.47,2.194,4.276,woman,second,first,English,Spanish,yes,away_from_family,yes,no,no,2.342
T14_0012,4.081,3.568,3.282,3.699,2.752,2.552,1.444,4.126,3.245,3.347,2.589,24.0,7.272,11.497,14.722,6.0,2.807,2.986,4.094,2.647,3.331,man,second,first,Spanish,both,no,with_family,no,yes,no,2.983
T14_0013,3.777,2.059,3.866,2.268,2.325,3.086,3.074,3.104,3.884,3.357,3.172,23.0,6.169,9.935,14.425,4.0,3.904,1.661,3.733,1.75,2.817,woman,first,first,English,both,no,with_family,yes,yes,yes,2.928
T14_0014,2.47,3.719,3.62,2.753,2.338,3.158,1.852,2.765,3.012,2.857,3.079,19.0,6.528,13.196,13.056,3.0,4.043,1.725,1.873,2.728,2.7,woman,third_or_later,later,Spanish,both,no,away_from_family,yes,no,no,2.796
T14_0015,3.412,2.827,4.345,3.073,2.182,2.123,3.52,2.001,2.916,3.853,3.242,20.0,7.259,11.842,23.958,6.0,2.436,3.067,3.752,2.496,2.754,woman,second,first,Spanish,English,no,away_from_family,yes,no,no,3.569
T14_0016,3.545,2.168,3.521,3.973,2.822,3.385,2.843,3.62,3.31,3.773,3.125,24.0,8.592,20.407,35.429,6.0,4.311,3.619,3.199,1.853,2.29,man,second,first,English,English,yes,away_from_family,no,yes,no,3.278
T14_0017,3.764,3.471,2.26,3.131,2.179,2.915,3.662,2.541,3.302,2.693,2.947,21.0,7.311,15.382,27.678,7.0,3.592,2.302,3.014,3.118,3.207,man,second,later,English,both,no,with_family,no,no,yes,3.049
T14_0018,3.745,3.044,3.801,2.365,2.716,2.846,2.961,3.767,2.573,2.611,2.536,20.0,7.162,20.363,4.688,6.0,3.155,2.993,3.55,3.801,2.718,man,third_or_later,later,English,English,yes,away_from_family,no,yes,no,3.89
T14_0019,3.73,3.213,3.1,2.059,3.847,3.764,2.877,3.028,3.522,3.605,3.655,22.0,7.187,8.163,3.871,7.0,3.762,2.872,2.116,2.874,2.661,woman,first,later,English,English,no,with_family,no,yes,no,2.879
T14_0020,4.104,4.925,4.109,2.793,2.044,3.028,4.537,2.874,1.2,2.954,2.826,19.0,7.078,16.012,5.427,5.0,3.416,4.077,3.724,3.592,3.038,woman,first,first,English,Spanish,no,with_family,yes,yes,yes,3.686
T14_0021,2.73,3.024,2.425,2.914,2.662,2.817,3.988,2.181,3.343,3.968,2.966,20.0,6.616,19.715,17.303,4.0,2.662,2.64,2.686,3.716,2.755,man,first,first,Spanish,English,yes,away_from_family,no,no,no,3.692
T14_0022,4.181,3.49,2.633,3.249,1.381,2.127,2.823,3.861,3.924,2.646,2.608,22.0,6.214,22.51,7.725,7.0,2.539,3.099,4.265,3.083,2.963,man,second,later,Spanish,both,no,away_from_family,no,yes,no,3.03
T14_0023,4.089,2.418,3.206,4.397,2.558,3.302,3.723,2.136,4.467,3.79,3.539,22.0,6.99,26.041,27.127,7.0,4.545,3.599,2.73,2.219,3.403,woman,third_or_later,first,Spanish,English,yes,with_family,no,no,no,3.709
T14_0024,2.282,2.625,3.186,2.949,3.576,3.092,1.43,2.501,2.96,4.229,2.737,25.0,7.454,7.993,13.265,2.0,2.89,2.655,3.125,3.584,2.08,woman,first,later,English,English,no,with_family,yes,yes,yes,2.832
T14_0025,3.376,3.856,4.25,2.888,2.758,1.88,2.735,3.359,3.4,2.627,3.073,20.0,7.052,6.06,24.075,6.0,2.644,3.054,2.948,3.109,1.958,man,first,later,English,both,no,away_from_family,yes,yes,no,3.045
T14_0026,3.136,3.144,2.266,2.198,3.211,2.423,2.589,2.697,2.483,3.224,3.6,23.0,8.418,9.785,15.274,3.0,2.883,2.478,3.033,2.363,2.834,woman,first,later,English,Spanish,no,away_from_family,no,yes,yes,2.809
T14_0027,4.324,4.8,2.08,3.318,3.656,3.64,3.301,2.858,3.275,1.934,2.633,22.0,8.498,8.027,20.257,4.0,3.344,2.809,2.915,2.367,2.942,woman,third_or_later,later,English,English,no,with_family,yes,no,yes,3.408
T14_0028,3.24,2.714,2.577,1.957,3.105,2.89,3.859,3.686,2.735,3.1,3.162,22.0,7.452,12.431,0.719,3.0,3.425,3.311,3.108,3.215,2.026,woman,first,later,Spanish,Spanish,no,with_family,no,yes,no,2.893
T14_0029,3.55,2.939,2.793,3.297,3.304,3.431,3.901,2.82,2.879,2.664,3.48,21.0,7.514,27.464,11.133,4.0,3.12,2.925,2.305,2.271,4.182,woman,third_or_later,later,English,both,no,with_family,yes,no,yes,3.699
T14_0030,3.24,2.601,2.818,3.368,3.423,3.313,3.354,2.694,2.426,3.754,2.026,21.0,7.733,20.87,14.661,4.0,3.189,3.594,3.066,2.783,2.893,woman,third_or_later,first,English,English,yes,away_from_family,yes,yes,no,3.283
T14_0031,3.512,3.716,3.175,3.138,2.945,2.997,1.903,2.21,3.094,3.864,3.318,21.0,6.693,11.558,9.275,5.0,4.067,1.918,1.313,3.754,3.693,man,second,first,Spanish,Spanish,no,away_from_family,no,no,no,3.855
T14_0032,3.309,2.256,2.617,4.037,3.445,2.431,3.025,2.683,3.131,3.457,3.118,19.0,6.48,35.476,7.699,4.0,2.752,2.078,4.298,3.715,2.464,woman,third_or_later,later,Spanish,both,no,away_from_family,yes,no,yes,3.089
T14_0033,3.267,3.462,3.139,1.966,2.671,1.48,2.794,3.129,1.98,1.401,2.152,22.0,6.825,14.825,20.321,6.0,2.87,3.806,2.948,2.247,3.424,man,second,first,English,both,yes,away_from_family,no,yes,no,3.31
T14_0034,3.467,2.511,3.574,3.251,3.109,3.443,2.86,1.607,4.598,2.593,2.392,23.0,7.333,15.112,18.711,6.0,2.68,3.881,2.375,2.64,3.456,man,third_or_later,first,English,Spanish,yes,away_from_family,no,yes,no,3.265
T14_0035,2.215,2.772,1.828,2.66,2.058,2.757,2.885,2.897,3.544,2.89,2.886,18.0,7.196,14.693,2.429,3.0,2.979,2.206,3.05,3.937,2.692,woman,second,later,English,Spanish,no,away_from_family,no,no,yes,2.583
T14_0036,3.296,2.502,2.873,2.425,2.878,2.969,1.734,2.846,3.36,2.49,3.782,18.0,8.843,5.569,7.176,4.0,1.524,1.561,3.808,3.063,2.768,woman,first,first,English,English,yes,away_from_family,yes,yes,yes,3.107
T14_0037,2.577,3.217,1.436,2.239,2.605,2.137,2.374,1.717,3.958,2.259,2.443,19.0,7.682,6.649,19.103,3.0,1.773,3.557,3.217,3.206,3.128,man,second,later,Spanish,English,yes,away_from_family,yes,yes,yes,2.606
T14_0038,2.259,1.287,2.476,2.887,4.236,3.92,3.018,2.47,3.784,3.937,3.123,24.0,7.092,17.005,32.085,5.0,2.816,2.322,1.624,3.8,3.44,woman,second,later,English,both,no,with_family,yes,no,no,3.185
T14_0039,2.947,3.839,3.831,1.546,2.991,3.434,3.037,3.681,3.474,2.479,2.806,22.0,6.623,21.292,9.053,4.0,2.934,3.474,2.294,3.221,2.48,woman,third_or_later,first,English,Spanish,yes,with_family,no,yes,yes,3.003
T14_0040,3.361,2.016,2.145,2.111,2.345,2.75,3.154,2.174,3.174,3.505,3.509,19.0,7.073,20.133,18.712,3.0,3.542,4.24,2.389,3.59,2.02,woman,third_or_later,first,English,both,no,with_family,yes,yes,no,2.544
T14_0041,4.227,2.628,2.696,3.107,2.829,3.08,2.884,2.347,2.535,3.046,3.358,22.0,5.766,16.265,10.537,6.0,3.032,3.952,3.061,1.727,2.545,woman,second,first,Spanish,English,yes,away_from_family,yes,yes,yes,3.766
T14_0042,3.633,2.485,2.81,3.428,4.064,3.386,2.482,2.526,2.801,2.806,2.632,21.0,7.945,20.127,0.954,7.0,3.053,3.008,3.6,3.79,3.099,woman,third_or_later,first,English,Spanish,yes,with_family,no,yes,no,2.91
T14_0043,4.591,4.36,4.395,2.771,3.494,4.998,3.544,4.314,3.292,4.546,3.562,24.0,6.24,21.983,10.926,6.0,3.993,3.36,3.345,2.741,3.326,woman,second,first,Spanish,both,no,with_family,no,yes,no,3.527
T14_0044,3.584,2.539,3.778,2.758,4.005,3.686,2.778,2.393,2.947,3.113,3.197,24.0,6.737,15.001,24.913,5.0,3.676,2.315,2.532,3.52,3.496,man,first,first,Spanish,English,yes,away_from_family,no,no,no,2.855
T14_0045,3.391,2.098,3.82,3.164,3.417,3.222,2.692,3.263,3.023,3.662,2.71,21.0,7.931,16.763,21.303,3.0,3.799,3.525,2.263,2.759,2.461,woman,third_or_later,first,Spanish,both,no,with_family,yes,no,no,3.089
T14_0046,3.743,3.365,3.512,2.526,2.514,3.719,2.819,3.969,2.993,1.248,3.068,19.0,7.206,24.273,20.95,6.0,3.391,4.636,3.501,3.046,3.452,man,first,later,Spanish,Spanish,yes,with_family,no,yes,yes,2.962
T14_0047,2.076,2.626,2.39,2.314,3.501,2.536,3.064,2.445,4.205,3.327,2.49,20.0,6.25,9.858,6.369,4.0,2.617,2.52,2.88,2.889,3.031,man,second,later,English,both,no,away_from_family,no,yes,no,3.174
T14_0048,3.484,3.073,3.534,2.923,4.167,3.169,2.538,1.715,2.644,3.04,3.153,20.0,7.168,24.032,18.178,5.0,2.456,1.856,3.072,3.127,3.723,man,second,later,Spanish,Spanish,no,away_from_family,yes,no,yes,3.797
T14_0049,2.889,1.386,2.489,2.327,1.908,3.664,2.941,2.512,2.316,2.556,2.654,23.0,8.081,19.267,16.026,4.0,2.683,2.745,3.254,3.366,3.882,woman,second,later,Spanish,both,no,away_from_family,yes,yes,no,3.476
T14_0050,3.489,4.012,2.825,3.049,3.306,2.83,3.265,3.381,3.584,2.39,2.791,18.0,6.536,21.03,8.052,5.0,3.443,3.954,3.788,2.95,1.417,man,second,later,English,English,yes,away_from_family,yes,yes,no,3.33
T14_0051,2.933,1.819,3.225,2.904,2.49,2.364,3.869,3.391,2.901,3.517,3.346,21.0,8.288,20.453,14.785,5.0,3.309,3.799,2.614,1.851,2.477,man,second,first,Spanish,both,no,with_family,yes,no,yes,3.271
T14_0052,4.379,3.004,3.322,1.925,4.195,3.299,2.913,3.744,3.134,2.921,3.269,27.0,7.779,25.3,20.776,4.0,3.88,4.353,3.984,2.926,4.904,woman,third_or_later,first,English,English,no,away_from_family,yes,no,no,2.923
T14_0053,2.546,2.287,3.216,2.999,3.787,2.771,3.358,4.232,3.885,2.495,2.849,26.0,7.579,18.722,23.047,3.0,3.014,2.657,4.373,2.358,3.579,woman,second,later,Spanish,Spanish,no,away_from_family,yes,yes,yes,3.743
T14_0054,3.251,3.949,3.818,2.523,3.526,1.66,2.352,2.04,3.578,3.117,2.859,21.0,7.166,15.961,37.903,4.0,2.773,1.802,3.488,3.081,3.477,man,second,first,Spanish,both,no,with_family,yes,yes,no,3.545
T14_0055,3.99,2.926,3.078,1.973,3.256,2.665,2.424,2.815,2.406,2.034,2.986,20.0,6.091,18.743,6.17,4.0,2.772,3.214,2.179,3.106,3.605,man,first,first,Spanish,English,yes,away_from_family,yes,yes,no,4.21
T14_0056,3.622,2.585,2.941,3.897,3.621,3.087,2.227,2.513,2.853,3.056,2.463,21.0,7.028,23.009,22.956,5.0,2.46,2.857,4.076,3.218,1.871,woman,second,later,English,both,yes,away_from_family,no,yes,yes,4.091
T14_0057,3.807,4.164,4.037,3.113,2.173,3.184,1.715,1.76,2.442,2.117,2.248,24.0,7.033,19.537,34.188,4.0,3.233,2.881,2.857,3.147,3.281,woman,second,first,Spanish,Spanish,yes,with_family,yes,yes,no,3.737
T14_0058,3.15,4.137,3.156,2.838,3.532,3.198,2.701,3.457,3.362,2.148,3.828,21.0,5.979,7.784,1.817,5.0,2.862,2.885,3.255,2.456,3.17,woman,second,later,Spanish,English,yes,away_from_family,no,yes,yes,3.365
T14_0059,3.605,2.895,2.665,2.663,3.748,2.554,3.939,2.791,3.213,2.786,3.343,19.0,7.59,22.023,14.221,6.0,3.34,2.934,2.28,3.211,3.223,woman,second,later,Spanish,English,no,with_family,no,yes,no,2.784
T14_0060,3.844,3.779,3.749,2.445,2.238,3.687,3.418,3.407,3.812,2.312,3.335,20.0,7.248,22.718,12.914,4.0,3.638,2.465,2.608,4.396,1.757,woman,second,first,English,English,no,with_family,yes,no,yes,3.532
T14_0061,3.622,4.159,3.541,2.724,2.576,2.565,4.094,3.344,3.723,2.348,2.689,20.0,5.56,27.59,3.679,3.0,3.044,3.184,2.696,3.729,3.891,woman,first,later,Spanish,Spanish,yes,with_family,yes,no,yes,4.101
T14_0062,2.881,2.457,3.612,4.009,3.266,2.709,3.32,3.657,2.386,2.403,2.767,19.0,6.855,18.335,36.446,3.0,3.218,2.446,3.28,4.119,2.831,woman,second,later,Spanish,both,no,with_family,no,no,no,3.75
T14_0063,3.334,3.306,3.25,2.615,2.349,2.07,1.841,2.835,2.261,2.774,3.173,22.0,7.929,9.619,9.383,7.0,3.16,1.655,3.27,3.456,3.113,woman,first,later,English,Spanish,no,away_from_family,yes,no,yes,3.624
T14_0064,2.948,2.755,2.921,2.856,1.851,1.742,3.726,3.183,2.754,2.708,2.882,25.0,6.66,25.148,30.323,3.0,3.02,3.479,3.903,3.832,1.879,man,second,first,English,both,yes,with_family,yes,no,yes,2.852
T14_0065,3.596,2.795,2.372,2.021,2.288,3.92,3.56,2.234,2.911,2.79,2.392,22.0,5.33,17.433,25.536,5.0,3.408,1.521,4.113,4.404,2.685,woman,first,later,Spanish,both,yes,with_family,no,yes,yes,3.748
T14_0066,3.447,2.77,4.22,3.68,3.41,2.38,3.98,3.065,2.927,3.481,3.839,22.0,7.743,16.06,11.5,4.0,2.458,3.489,3.387,3.214,2.204,woman,second,later,English,both,no,with_family,no,yes,no,4.017
T14_0067,3.09,2.621,2.181,3.331,2.376,3.469,3.973,3.385,3.191,2.666,3.045,19.0,7.943,19.713,5.233,1.0,3.881,3.186,3.125,4.178,3.033,man,second,first,English,English,no,away_from_family,yes,no,no,3.136
T14_0068,2.833,3.708,2.855,2.4,2.11,3.431,2.762,2.518,3.604,2.585,2.751,20.0,7.604,19.022,17.535,5.0,1.227,1.671,2.415,2.272,2.188,man,first,later,Spanish,both,no,with_family,no,no,no,2.986
T14_0069,4.182,4.293,3.878,3.012,3.273,2.39,3.547,2.479,3.927,1.871,2.591,23.0,6.349,20.326,14.669,6.0,2.274,3.295,3.099,4.07,2.234,woman,second,first,Spanish,both,yes,away_from_family,yes,no,yes,3.06
T14_0070,2.829,3.673,3.123,1.755,1.514,3.382,3.392,1.981,3.109,3.404,3.193,21.0,7.669,19.738,3.0,2.0,3.344,2.153,2.712,3.281,3.722,man,first,later,English,English,yes,away_from_family,no,yes,no,3.086
T14_0071,3.428,2.919,2.879,3.512,2.989,3.897,2.002,3.979,3.433,3.751,3.36,18.0,6.677,4.135,7.824,5.0,3.009,2.052,2.923,1.423,3.229,man,first,later,Spanish,Spanish,yes,away_from_family,no,no,yes,2.764
T14_0072,3.437,3.769,3.65,3.921,2.789,2.16,2.635,3.202,2.459,3.52,3.129,20.0,7.146,4.752,15.163,4.0,2.657,3.397,1.848,2.347,2.261,man,first,first,English,both,yes,with_family,yes,yes,yes,3.925
T14_0073,3.471,3.279,3.888,3.699,2.285,2.047,4.062,2.64,2.881,2.562,3.044,19.0,8.279,27.838,29.534,4.0,2.418,4.199,2.367,2.428,2.919,woman,second,later,Spanish,Spanish,no,away_from_family,yes,yes,yes,3.093
T14_0074,2.857,1.714,2.768,2.709,2.107,3.172,2.409,3.745,2.29,3.257,2.572,20.0,7.431,12.511,14.065,5.0,4.407,3.181,2.482,2.936,2.64,man,first,first,English,English,yes,away_from_family,yes,yes,yes,3.178
T14_0075,3.268,2.965,3.029,2.757,3.181,3.43,3.156,1.996,3.745,2.442,2.444,21.0,5.97,13.634,17.854,5.0,2.494,3.707,2.271,2.809,1.649,woman,first,first,English,Spanish,no,away_from_family,no,no,yes,3.432
T14_0076,4.345,3.829,2.634,3.08,1.977,2.466,3.12,3.333,4.307,2.205,2.819,21.0,8.303,23.072,19.984,6.0,2.559,3.215,3.538,3.929,4.604,man,second,first,English,both,no,away_from_family,yes,no,yes,2.946
T14_0077,2.641,2.305,2.544,2.838,1.803,2.218,3.736,3.21,3.642,2.014,3.189,21.0,6.576,14.753,11.376,5.0,2.703,3.112,2.962,2.912,2.947,man,first,later,Spanish,Spanish,yes,with_family,yes,yes,yes,2.805
T14_0078,4.169,3.1,3.465,3.033,3.408,3.012,3.286,4.205,3.688,2.264,3.228,21.0,8.221,20.385,10.641,6.0,3.542,3.567,2.999,3.362,2.583,nonbinary_or_self_described,first,first,Spanish,English,yes,with_family,no,yes,yes,4.186
T14_0079,3.335,2.738,2.089,3.162,3.254,3.083,2.943,3.949,3.304,1.694,2.603,21.0,6.451,21.202,8.372,6.0,2.828,3.897,2.026,2.892,3.626,woman,first,first,English,Spanish,no,with_family,yes,no,yes,3.455
T14_0080,3.262,3.1,1.656,3.238,3.725,2.967,3.424,3.965,3.256,3.408,3.392,25.0,6.721,30.453,17.569,6.0,2.93,2.85,2.806,3.344,3.015,man,first,first,Spanish,both,yes,away_from_family,no,yes,yes,3.474
T14_0081,3.254,2.989,3.618,2.484,1.862,2.719,2.478,2.547,2.409,3.55,3.467,24.0,5.908,15.253,6.798,5.0,2.69,2.368,2.553,2.291,2.051,woman,second,later,English,English,yes,with_family,no,yes,yes,2.847
T14_0082,2.562,2.465,2.287,3.97,3.575,2.546,3.788,2.668,4.568,1.479,3.811,25.0,6.618,21.839,23.607,5.0,2.478,2.581,2.589,3.659,1.661,woman,second,later,Spanish,Spanish,no,away_from_family,yes,yes,yes,2.198
T14_0083,3.298,3.53,3.154,2.929,1.503,2.4,3.433,2.884,4.026,1.964,3.269,22.0,8.314,20.016,24.154,5.0,2.999,2.828,1.821,3.355,3.057,woman,first,later,English,both,yes,with_family,no,no,no,3.455
T14_0084,3.788,3.162,3.927,4.317,3.32,2.951,3.915,2.379,2.919,3.342,2.414,26.0,7.274,12.353,0.462,7.0,3.361,3.086,2.089,4.247,4.794,woman,third_or_later,later,English,Spanish,no,with_family,no,yes,yes,4.11
T14_0085,2.823,2.067,1.91,3.581,3.251,3.534,3.119,2.262,2.517,3.561,3.513,18.0,6.976,21.785,5.654,3.0,4.24,3.44,2.862,3.044,3.026,woman,third_or_later,first,Spanish,English,yes,away_from_family,yes,no,no,3.583
T14_0086,3.552,3.834,2.494,3.242,3.289,3.126,2.349,3.228,2.153,1.879,3.342,18.0,7.191,10.657,10.805,2.0,2.671,2.865,2.331,2.728,2.521,woman,third_or_later,later,English,both,no,with_family,yes,yes,yes,3.224
T14_0087,2.635,2.795,2.956,3.152,2.249,2.783,3.634,2.342,4.047,2.687,2.869,20.0,7.379,4.669,12.445,4.0,3.448,2.928,2.282,2.793,3.625,woman,third_or_later,first,English,Spanish,no,with_family,no,yes,no,2.413
T14_0088,3.978,3.762,3.262,2.554,3.148,2.827,2.757,2.508,2.567,1.672,2.821,19.0,6.494,13.578,15.73,4.0,3.798,1.85,3.029,3.609,4.234,man,third_or_later,first,Spanish,Spanish,yes,with_family,no,yes,no,3.847
T14_0089,3.737,3.802,3.029,3.08,2.917,3.369,3.908,2.935,3.348,3.524,3.257,22.0,6.886,9.228,9.054,5.0,2.572,2.452,2.255,3.946,4.524,man,second,first,Spanish,Spanish,yes,with_family,yes,no,no,3.659
T14_0090,4.652,3.811,4.555,3.47,2.977,3.417,3.875,2.831,1.97,3.729,2.708,21.0,6.567,27.242,12.957,4.0,4.071,4.161,4.155,3.968,3.258,woman,second,later,Spanish,both,yes,with_family,no,no,no,3.503
T14_0091,2.168,2.453,1.551,2.838,3.556,3.219,1.608,3.287,2.55,3.723,2.811,23.0,7.546,18.113,6.618,6.0,2.45,3.053,2.564,2.772,3.688,woman,second,first,Spanish,Spanish,yes,away_from_family,yes,yes,yes,2.97
T14_0092,3.733,2.636,2.608,4.089,2.798,2.534,1.775,2.319,3.724,2.521,2.886,19.0,8.3,13.302,12.404,6.0,2.939,3.275,3.45,4.504,2.737,man,third_or_later,later,Spanish,English,no,away_from_family,yes,yes,yes,3.781
T14_0093,4.201,3.074,3.777,2.909,4.665,3.588,2.195,3.643,1.864,2.809,3.37,23.0,7.969,21.628,27.431,6.0,2.673,2.918,3.808,2.305,3.373,man,second,later,English,both,no,away_from_family,no,no,no,3.295
T14_0094,3.572,1.865,1.974,3.318,2.521,3.697,3.979,3.489,3.213,1.771,3.284,21.0,7.406,23.767,18.038,2.0,2.775,2.734,3.15,2.659,2.575,woman,second,first,English,English,yes,away_from_family,no,yes,yes,2.439
T14_0095,3.88,1.323,2.25,3.942,3.524,3.393,4.452,3.282,1.37,3.409,3.506,19.0,6.619,31.194,19.727,6.0,4.611,3.299,3.719,2.375,2.808,woman,first,first,English,English,yes,with_family,no,no,yes,2.946
T14_0096,2.559,3.134,2.093,3.601,3.377,2.658,1.783,3.334,3.601,3.848,3.356,18.0,7.594,17.552,13.151,2.0,2.097,3.244,3.992,3.66,4.434,woman,first,later,English,English,yes,with_family,yes,yes,yes,2.934
T14_0097,2.162,2.153,2.382,2.811,1.416,4.263,3.05,4.256,2.847,3.547,3.803,21.0,7.487,18.516,19.884,3.0,2.719,1.982,3.454,2.306,2.464,man,first,first,English,Spanish,no,away_from_family,yes,yes,yes,3.337
T14_0098,3.792,2.86,1.836,3.121,2.506,2.39,2.987,1.868,3.323,2.807,2.778,21.0,6.159,28.212,18.53,5.0,3.491,3.46,3.185,1.487,2.951,man,first,later,English,both,no,away_from_family,no,no,no,2.754
T14_0099,3.583,3.256,2.794,4.441,3.572,2.725,2.821,3.027,2.899,4.702,2.552,19.0,7.115,15.375,16.695,4.0,1.908,2.766,3.347,3.202,3.155,woman,second,first,Spanish,Spanish,no,away_from_family,no,yes,yes,3.954
T14_0100,4.499,2.891,3.047,4.529,1.76,2.558,2.953,1.785,2.561,2.347,3.694,27.0,7.287,21.214,10.234,6.0,3.804,3.128,3.69,3.22,3.953,woman,first,first,English,Spanish,yes,with_family,no,no,no,3.107
T14_0101,2.975,1.373,2.537,2.779,2.45,2.94,2.25,3.149,2.368,2.682,2.609,20.0,5.875,17.3,40.035,5.0,3.314,4.242,2.511,4.084,3.474,man,second,later,English,both,yes,with_family,yes,yes,yes,3.261
T14_0102,3.357,2.831,3.939,2.525,3.203,2.446,2.251,3.108,1.961,2.316,3.187,23.0,6.674,12.905,22.239,6.0,4.418,4.459,1.985,3.471,2.813,woman,third_or_later,later,Spanish,English,no,with_family,no,no,yes,3.544
T14_0103,2.508,3.17,1.809,2.414,2.723,3.138,2.28,3.794,2.636,3.995,2.955,19.0,7.249,16.863,10.885,6.0,2.761,2.777,2.448,3.718,3.022,man,first,first,English,Spanish,yes,away_from_family,yes,yes,no,2.862
T14_0104,2.654,2.958,2.535,2.459,2.003,3.816,2.953,2.775,4.021,3.262,2.66,22.0,7.557,8.47,12.761,4.0,2.903,2.547,2.427,3.685,2.398,nonbinary_or_self_described,third_or_later,later,Spanish,Spanish,yes,away_from_family,no,no,no,2.885
T14_0105,3.117,2.289,2.67,3.254,2.196,3.023,2.738,3.0,2.885,2.203,2.892,25.0,7.247,13.823,19.469,5.0,3.525,2.213,2.23,3.498,2.809,woman,first,first,English,Spanish,no,with_family,no,no,no,3.446
T14_0106,3.049,1.74,3.055,3.088,2.284,2.537,2.922,3.439,3.061,4.399,2.975,23.0,7.22,16.401,18.991,5.0,2.324,4.171,4.031,2.777,2.761,man,second,later,Spanish,English,no,away_from_family,yes,no,yes,4.442
T14_0107,3.603,3.695,2.944,2.528,2.166,2.793,3.968,4.043,2.594,3.418,3.433,20.0,6.392,13.517,32.33,6.0,2.422,2.996,2.376,3.928,3.447,woman,first,first,English,Spanish,yes,away_from_family,no,yes,no,3.568
T14_0108,3.018,2.652,2.954,2.721,2.55,3.048,2.129,4.601,2.749,2.111,3.893,20.0,7.145,21.822,10.478,4.0,3.003,2.936,3.248,2.918,2.765,woman,third_or_later,later,Spanish,English,yes,away_from_family,yes,yes,no,3.476
T14_0109,4.247,3.14,3.209,3.495,2.928,3.192,3.07,3.622,2.152,3.249,3.318,19.0,7.158,24.171,26.085,5.0,3.564,2.681,3.363,2.593,3.211,woman,second,first,Spanish,both,no,with_family,no,yes,yes,3.885
T14_0110,3.833,2.231,3.489,4.459,2.905,3.791,2.788,3.125,1.817,2.642,3.11,21.0,7.5,9.569,40.201,4.0,3.813,3.712,2.27,1.134,3.252,woman,third_or_later,first,Spanish,English,no,away_from_family,no,no,yes,3.395
T14_0111,3.801,3.434,2.702,3.864,3.231,2.739,2.737,2.425,3.976,2.742,2.77,22.0,7.744,20.679,4.388,5.0,3.463,2.99,4.144,2.259,2.387,man,third_or_later,later,English,both,no,with_family,no,yes,no,3.649
T14_0112,2.604,2.723,3.166,2.792,2.396,2.923,2.303,4.025,2.326,1.818,2.146,20.0,7.287,17.423,21.082,4.0,3.17,2.977,2.487,2.094,2.442,man,second,first,Spanish,English,no,away_from_family,no,no,yes,3.578
T14_0113,4.004,2.958,2.744,3.905,2.013,3.346,3.228,2.931,1.883,3.471,3.068,19.0,6.761,15.375,5.139,5.0,2.779,2.17,1.822,2.859,3.028,woman,third_or_later,later,English,English,no,with_family,no,no,no,3.501
T14_0114,3.388,2.39,2.645,3.353,3.873,3.022,4.427,3.537,2.266,3.36,2.677,20.0,6.973,21.115,5.78,6.0,3.228,3.435,2.321,3.042,3.592,woman,third_or_later,later,English,Spanish,yes,away_from_family,yes,no,yes,3.328
T14_0115,3.464,3.669,3.747,2.912,3.195,2.967,3.007,2.804,3.637,2.297,3.089,24.0,5.623,27.086,25.016,5.0,3.252,3.938,3.112,2.573,4.247,man,first,later,Spanish,Spanish,no,with_family,no,yes,yes,1.959
T14_0116,3.11,4.268,2.654,3.21,2.645,2.579,3.002,3.205,3.404,2.153,3.538,20.0,8.517,25.93,12.163,4.0,2.446,2.952,3.031,2.179,2.237,man,first,first,English,English,no,with_family,yes,yes,no,2.846
T14_0117,4.068,3.619,4.106,2.148,2.547,2.557,3.798,2.323,3.478,3.371,2.493,23.0,5.952,21.007,21.764,6.0,2.255,2.235,2.675,2.974,3.174,man,second,first,English,Spanish,yes,away_from_family,yes,yes,yes,3.645
T14_0118,3.7,3.543,3.705,3.864,2.658,2.688,2.743,3.626,3.363,2.398,2.92,26.0,7.334,8.08,10.569,5.0,3.642,2.636,3.343,3.627,4.486,man,first,later,Spanish,both,yes,away_from_family,yes,no,yes,3.228
T14_0119,3.066,1.798,2.605,2.981,3.53,3.269,3.839,2.926,2.151,3.959,2.548,26.0,7.119,18.793,12.23,6.0,3.267,2.989,2.891,3.729,3.756,woman,first,first,English,Spanish,yes,away_from_family,no,no,yes,3.537
T14_0120,4.006,3.393,3.08,2.851,2.176,2.624,3.267,3.777,3.002,3.946,2.369,23.0,6.499,15.58,19.968,6.0,3.642,2.4,3.754,2.307,3.85,man,third_or_later,first,Spanish,English,yes,with_family,no,no,yes,2.904
T14_0121,3.189,2.829,2.78,3.437,3.104,2.382,3.548,4.285,3.928,1.458,3.57,20.0,6.183,12.373,29.069,5.0,2.784,3.03,3.273,2.559,2.795,man,second,first,Spanish,Spanish,yes,away_from_family,no,yes,no,2.97
T14_0122,4.371,3.802,2.724,3.716,3.275,3.332,4.535,3.154,3.615,3.132,3.835,24.0,7.049,10.654,14.533,7.0,2.233,3.451,2.643,3.8,2.783,woman,third_or_later,first,English,English,yes,with_family,no,no,yes,2.922
T14_0123,3.728,3.496,3.57,3.234,4.485,3.508,3.385,2.585,3.365,2.885,3.777,25.0,6.51,6.796,31.532,3.0,4.091,3.582,2.92,2.352,2.303,man,first,later,Spanish,English,yes,away_from_family,yes,yes,no,3.548
T14_0124,3.715,3.504,3.581,3.383,2.947,2.755,3.466,2.343,3.11,2.261,3.15,22.0,6.41,24.726,17.03,5.0,3.437,1.845,4.275,3.297,1.883,woman,third_or_later,later,Spanish,English,no,away_from_family,no,yes,no,3.928
T14_0125,3.454,3.421,2.586,3.942,2.182,2.453,1.769,3.128,2.512,3.497,3.2,25.0,7.659,26.481,9.82,4.0,4.004,3.761,3.723,3.016,3.009,man,first,later,Spanish,English,no,with_family,yes,no,no,2.619
T14_0126,2.501,3.557,1.91,3.61,2.101,3.512,3.144,2.775,2.569,2.793,2.498,23.0,6.304,21.391,17.484,5.0,3.768,3.196,1.96,2.044,3.881,woman,second,later,English,English,yes,away_from_family,no,yes,no,3.404
T14_0127,3.004,2.47,2.849,3.624,2.204,3.071,3.098,3.163,2.951,2.998,2.264,18.0,6.137,19.594,12.762,6.0,2.591,2.709,3.45,3.792,2.664,man,third_or_later,later,English,Spanish,yes,with_family,no,no,yes,2.848
T14_0128,4.095,2.652,3.491,3.473,2.757,2.749,3.29,3.072,2.501,2.198,3.852,19.0,6.653,7.084,10.892,5.0,2.575,2.641,4.543,2.882,3.07,man,third_or_later,later,Spanish,English,yes,with_family,no,yes,yes,3.819
T14_0129,3.033,2.401,2.032,3.553,2.497,4.074,2.775,2.551,2.882,3.769,2.763,24.0,7.835,20.597,13.935,5.0,2.644,3.354,3.568,1.86,2.737,man,third_or_later,later,Spanish,both,yes,away_from_family,yes,no,no,2.831
T14_0130,3.636,2.956,3.053,1.765,2.675,2.657,2.427,2.587,2.918,3.505,3.048,22.0,7.018,17.2,17.992,4.0,3.385,3.58,2.521,2.682,2.194,man,second,first,Spanish,English,yes,with_family,no,no,yes,2.662
T14_0131,3.365,2.978,2.938,2.883,2.732,2.865,1.77,2.445,3.03,3.97,3.377,20.0,7.122,17.778,17.382,5.0,2.731,3.271,2.848,2.328,3.332,man,first,later,English,English,no,with_family,no,no,no,3.248
T14_0132,3.659,2.413,3.776,3.532,3.305,2.205,4.141,1.942,2.715,3.682,2.801,20.0,8.904,18.82,20.965,6.0,2.117,2.956,3.195,4.919,2.645,woman,first,later,English,Spanish,yes,with_family,yes,no,no,3.434
T14_0133,3.4,3.103,2.914,3.302,3.11,3.762,3.053,3.057,3.349,2.788,2.805,23.0,7.193,27.512,22.285,5.0,2.235,2.598,3.295,2.908,3.789,man,third_or_later,first,Spanish,both,yes,away_from_family,yes,yes,no,3.377
T14_0134,3.338,3.374,2.795,3.646,4.021,3.377,3.253,2.872,4.573,4.063,2.805,22.0,7.544,27.753,21.476,4.0,2.888,2.911,3.45,2.639,3.119,man,second,later,English,English,yes,away_from_family,no,no,yes,3.418
T14_0135,3.779,3.206,3.693,3.594,3.98,1.994,3.214,4.014,2.847,2.93,2.947,19.0,6.207,27.025,23.012,6.0,3.023,2.603,3.387,3.311,2.678,man,second,later,English,Spanish,yes,away_from_family,no,no,no,3.733
T14_0136,3.715,2.559,3.29,2.608,2.706,2.976,2.744,3.339,2.682,1.583,2.274,18.0,6.712,18.713,17.71,3.0,4.119,2.744,2.683,3.097,2.623,man,second,first,English,English,yes,with_family,no,no,yes,3.459
T14_0137,3.114,3.321,3.035,2.478,2.349,2.39,3.319,4.103,2.911,2.097,2.91,22.0,5.81,21.796,19.616,5.0,3.266,2.416,2.315,2.366,2.289,woman,first,later,English,both,no,with_family,yes,yes,yes,2.995
T14_0138,3.029,3.625,2.653,2.525,3.283,4.015,2.812,3.865,2.169,3.875,3.283,19.0,8.047,16.507,18.075,3.0,2.801,3.433,3.324,3.093,2.436,man,first,first,English,English,yes,with_family,yes,no,no,3.488
T14_0139,2.733,3.34,2.004,3.624,3.278,3.392,2.716,3.282,3.494,3.818,2.586,22.0,6.013,25.69,20.106,2.0,3.184,2.155,2.817,3.28,3.878,man,second,later,Spanish,English,yes,with_family,yes,yes,no,3.279
T14_0140,3.225,3.414,2.921,2.503,2.718,3.09,4.19,3.673,2.527,2.329,2.964,20.0,8.191,18.937,28.099,4.0,2.943,2.743,3.141,3.14,3.299,man,third_or_later,first,Spanish,English,yes,with_family,yes,no,no,3.515
T14_0141,3.252,2.703,2.823,3.011,2.505,1.374,3.518,3.094,3.066,4.151,2.448,20.0,6.912,31.248,18.835,5.0,3.057,2.518,4.201,3.252,2.654,woman,second,first,English,both,no,with_family,yes,no,no,2.886
T14_0142,3.133,2.781,2.827,3.541,3.036,2.008,2.317,3.517,2.301,2.477,2.583,22.0,7.711,15.233,20.359,4.0,3.918,3.428,2.471,1.756,3.665,woman,third_or_later,first,English,both,yes,away_from_family,yes,yes,yes,2.903
T14_0143,3.478,2.512,2.752,2.554,3.605,2.687,2.504,3.67,2.073,4.131,3.313,20.0,8.626,7.851,6.32,6.0,2.513,2.358,4.275,2.97,4.328,woman,third_or_later,later,English,Spanish,no,with_family,no,no,yes,3.445
T14_0144,2.811,3.266,1.475,3.239,1.515,2.503,2.921,3.126,3.479,3.96,3.351,22.0,6.994,19.326,14.237,6.0,3.026,2.836,2.909,2.939,3.72,woman,first,first,English,both,yes,with_family,yes,yes,no,2.933
T14_0145,3.913,3.295,2.137,4.048,2.692,4.098,2.83,4.736,3.806,2.625,2.748,20.0,7.653,29.114,18.531,5.0,2.532,4.164,2.218,2.569,2.884,woman,third_or_later,first,English,English,no,away_from_family,no,yes,yes,2.659
T14_0146,3.072,2.533,2.502,2.36,3.388,2.633,3.649,3.728,2.352,2.623,2.761,21.0,5.599,15.1,16.782,2.0,2.835,3.871,2.257,3.099,2.313,woman,first,first,English,both,yes,away_from_family,yes,yes,yes,3.536
T14_0147,4.441,2.021,3.43,2.992,2.48,3.408,2.629,2.818,3.297,3.405,2.702,24.0,6.301,11.457,1.573,7.0,2.954,2.657,3.881,4.792,3.423,man,first,first,English,Spanish,no,away_from_family,yes,no,no,3.08
T14_0148,2.896,3.126,1.668,3.189,2.232,3.855,2.649,2.874,2.514,3.607,3.69,22.0,6.052,16.172,9.856,3.0,3.27,2.405,3.963,3.733,3.36,woman,second,later,English,Spanish,no,away_from_family,yes,yes,no,3.609
T14_0149,3.555,2.499,2.842,2.965,1.796,2.679,3.241,3.356,1.631,2.124,3.499,18.0,6.755,16.608,27.198,6.0,4.385,4.176,2.551,3.645,1.547,man,first,first,English,Spanish,no,away_from_family,no,no,no,4.071
T14_0150,2.483,2.588,3.408,2.52,2.95,4.075,2.336,3.523,3.274,1.764,2.991,29.0,7.099,33.757,5.501,7.0,3.518,2.186,3.429,3.694,3.169,man,third_or_later,later,Spanish,Spanish,no,with_family,yes,no,no,3.49
T14_0151,3.265,3.977,2.108,2.336,4.447,2.837,3.299,2.229,3.515,2.168,3.66,19.0,6.736,21.433,21.63,5.0,1.689,4.159,2.851,3.574,4.237,woman,third_or_later,first,Spanish,Spanish,no,with_family,yes,no,yes,3.057
T14_0152,3.098,2.842,2.424,2.203,3.313,2.257,3.682,2.708,3.446,1.434,2.668,23.0,7.08,29.91,11.745,3.0,2.315,3.603,2.687,3.934,2.648,woman,third_or_later,first,English,English,yes,with_family,no,no,yes,3.257
T14_0153,4.763,3.841,3.305,2.824,3.035,3.744,3.291,1.886,2.415,1.965,3.594,20.0,8.223,12.703,20.069,5.0,3.05,3.573,3.283,2.999,4.014,man,second,later,Spanish,both,no,away_from_family,no,no,no,4.163
T14_0154,4.063,2.887,2.957,3.416,3.567,3.801,3.834,2.866,1.83,4.09,3.438,22.0,8.648,10.585,12.567,4.0,1.866,4.163,3.438,3.586,3.944,woman,third_or_later,later,Spanish,English,no,with_family,no,yes,yes,3.68
T14_0155,2.655,2.603,2.263,2.874,3.463,2.228,2.442,3.513,2.6,2.859,3.787,19.0,7.341,9.983,3.749,3.0,2.244,3.423,1.856,3.309,2.679,woman,second,later,English,both,no,away_from_family,no,no,yes,3.691
T14_0156,3.218,2.161,3.847,3.961,2.295,2.958,2.484,2.865,3.827,2.482,3.52,22.0,7.248,22.156,4.364,5.0,3.267,4.056,4.75,2.477,4.289,man,second,later,Spanish,Spanish,no,with_family,no,yes,no,3.621
T14_0157,4.229,2.784,4.013,3.003,3.931,2.292,3.654,3.164,2.661,2.996,3.195,23.0,7.154,25.304,15.547,6.0,3.039,4.542,3.578,3.815,3.702,woman,second,later,English,English,yes,away_from_family,no,no,yes,2.809
T14_0158,1.984,3.615,2.839,2.572,2.81,3.024,2.68,2.605,3.071,4.141,2.798,19.0,6.739,16.582,15.568,3.0,1.893,2.712,2.444,3.428,2.855,man,first,later,Spanish,Spanish,yes,away_from_family,no,no,no,2.619
T14_0159,3.373,2.787,4.778,3.353,2.782,2.673,2.366,2.434,2.974,3.144,2.33,21.0,8.155,12.429,32.98,4.0,2.864,2.814,3.438,3.127,2.533,woman,first,first,Spanish,both,yes,with_family,yes,yes,yes,3.053
T14_0160,3.674,1.995,2.585,4.557,2.532,1.864,2.181,3.03,2.735,2.532,2.637,18.0,6.986,29.445,2.787,2.0,3.192,3.436,3.397,2.638,2.421,woman,first,later,Spanish,both,yes,away_from_family,no,no,no,3.013
T14_0161,2.289,2.855,2.416,3.599,3.292,2.889,3.586,3.701,2.425,3.831,2.924,20.0,6.839,32.833,18.973,2.0,3.25,3.36,2.138,2.727,1.892,woman,second,later,English,both,yes,with_family,no,no,no,2.934
T14_0162,3.767,3.677,3.141,2.021,3.033,4.046,4.336,3.381,2.97,2.622,3.203,26.0,7.623,14.145,16.331,5.0,3.576,3.03,3.244,3.11,3.226,woman,first,later,Spanish,Spanish,yes,with_family,no,yes,yes,3.6
T14_0163,3.804,3.081,3.438,3.153,3.219,3.381,4.074,3.068,3.836,1.726,3.646,23.0,6.618,17.908,20.734,5.0,2.593,3.088,3.08,4.059,4.008,man,second,first,Spanish,both,yes,away_from_family,yes,yes,no,3.569
T14_0164,2.804,2.225,2.749,3.036,4.257,3.633,1.948,3.431,4.065,4.262,2.722,21.0,7.061,20.805,3.306,5.0,2.147,4.061,2.545,3.339,3.059,woman,first,first,Spanish,both,no,away_from_family,yes,no,no,2.203
T14_0165,2.669,2.233,2.933,2.514,2.485,3.08,2.352,4.889,2.584,3.496,3.481,21.0,9.338,28.239,26.372,3.0,4.699,2.759,2.504,2.562,3.151,woman,first,first,English,both,yes,away_from_family,no,no,no,2.038
T14_0166,3.235,1.746,2.896,2.736,2.656,3.379,2.917,2.534,2.632,3.451,2.84,22.0,6.128,10.263,9.437,5.0,3.099,3.394,2.873,4.194,2.635,man,first,first,English,English,yes,with_family,yes,yes,yes,3.527
T14_0167,2.52,3.256,2.216,3.517,3.636,3.722,2.366,3.539,3.414,2.682,3.229,20.0,6.735,21.814,18.569,5.0,2.992,2.464,3.241,2.299,3.399,woman,first,later,English,both,no,away_from_family,no,no,no,3.418
T14_0168,3.553,3.519,3.77,2.39,2.81,1.064,3.601,1.462,3.787,3.265,3.036,19.0,6.208,18.907,5.013,5.0,2.937,2.208,3.239,3.224,2.024,woman,third_or_later,later,English,both,no,away_from_family,yes,no,no,3.577
T14_0169,3.779,2.346,2.216,2.291,1.453,3.135,3.987,1.7,2.279,2.591,1.974,20.0,7.738,16.625,23.538,5.0,4.143,2.664,3.654,3.575,3.423,woman,third_or_later,first,English,both,yes,away_from_family,no,yes,no,2.926
T14_0170,4.246,2.995,3.687,2.483,2.291,2.339,2.321,2.029,4.043,3.585,3.383,22.0,7.248,10.013,28.505,5.0,2.756,3.139,3.921,2.198,3.089,woman,first,later,English,Spanish,yes,with_family,no,no,yes,3.8
T14_0171,3.353,3.606,2.639,2.866,2.83,2.813,3.318,2.391,2.344,3.269,2.246,19.0,7.232,18.281,13.689,6.0,2.989,2.531,2.649,3.755,1.261,woman,second,first,English,both,yes,with_family,no,yes,yes,3.392
T14_0172,3.1,2.865,2.707,3.273,2.994,2.135,2.079,3.592,3.779,3.919,3.208,23.0,7.154,20.542,18.705,7.0,2.217,3.483,3.395,3.476,1.939,man,first,later,Spanish,Spanish,yes,away_from_family,no,yes,no,3.52
T14_0173,4.283,3.23,3.403,1.896,3.496,4.787,3.87,2.807,3.01,1.627,2.573,19.0,7.763,23.293,23.273,3.0,4.875,4.351,3.347,2.303,2.974,man,first,first,English,English,no,away_from_family,yes,yes,yes,3.021
T14_0174,3.111,3.959,3.643,4.343,2.504,3.783,2.103,2.174,2.309,3.576,2.828,24.0,8.213,30.105,21.589,4.0,3.404,3.01,3.504,3.214,2.128,woman,second,first,English,Spanish,no,away_from_family,yes,no,yes,3.015
T14_0175,3.829,4.086,3.535,2.558,3.811,3.545,3.138,2.631,4.17,3.766,3.465,19.0,7.704,23.019,20.467,6.0,2.165,3.937,3.229,2.84,3.864,woman,third_or_later,first,Spanish,Spanish,no,away_from_family,no,yes,yes,4.67
T14_0176,4.272,3.564,2.848,3.457,3.096,3.607,3.326,3.466,2.227,2.384,3.163,23.0,6.793,9.937,5.014,7.0,3.339,2.473,3.327,3.649,4.618,woman,first,later,Spanish,both,yes,with_family,yes,yes,no,3.487
T14_0177,2.534,4.625,2.102,2.439,3.069,2.58,2.433,3.643,3.102,2.41,3.368,22.0,6.953,14.039,28.793,3.0,2.651,2.434,4.165,3.018,2.921,woman,second,first,English,English,no,away_from_family,yes,no,yes,3.66
T14_0178,2.416,1.776,2.354,3.059,3.036,1.76,3.418,3.52,3.02,3.264,2.743,22.0,9.445,16.997,24.623,5.0,2.488,3.972,3.496,3.511,4.007,man,second,later,English,English,yes,with_family,no,no,no,2.377
T14_0179,3.403,2.174,3.466,3.789,2.241,3.096,2.653,2.86,3.131,1.489,3.236,18.0,7.712,20.375,17.129,4.0,2.278,3.504,3.561,2.668,3.516,man,first,later,Spanish,Spanish,no,away_from_family,yes,yes,yes,3.316
T14_0180,3.143,3.134,2.564,2.56,3.199,2.955,3.113,2.458,2.577,2.757,2.795,21.0,7.58,6.355,10.667,4.0,4.038,3.5,3.693,3.314,2.774,woman,second,later,Spanish,Spanish,yes,with_family,no,yes,no,3.091
T14_0181,4.603,4.327,3.531,4.445,3.834,4.14,3.875,2.757,3.334,4.469,3.496,19.0,7.154,12.943,35.962,7.0,2.846,3.412,1.993,2.517,2.385,woman,first,first,English,both,no,with_family,no,yes,no,3.968
T14_0182,3.364,3.763,2.702,2.932,3.829,3.68,2.768,3.06,3.142,2.923,2.515,23.0,6.803,28.812,18.342,5.0,3.885,2.547,2.547,3.986,1.999,woman,second,first,English,English,no,away_from_family,yes,yes,yes,3.578
T14_0183,4.892,3.19,3.783,2.811,2.461,3.659,2.907,3.0,3.457,2.039,2.689,26.0,7.788,22.169,14.69,4.0,2.214,3.112,4.103,2.559,3.342,man,third_or_later,later,English,both,yes,with_family,yes,yes,no,3.953
T14_0184,3.721,3.561,4.195,2.738,1.362,2.095,2.59,3.553,4.198,2.885,2.831,18.0,7.606,28.357,21.262,5.0,2.788,3.331,3.778,3.283,1.113,woman,first,first,Spanish,English,no,with_family,no,no,no,3.534
T14_0185,4.615,2.752,2.499,1.792,3.398,3.689,3.389,2.404,2.887,2.334,2.966,20.0,6.737,22.241,15.458,5.0,3.739,2.631,2.653,3.171,1.935,man,second,later,Spanish,English,yes,with_family,no,no,no,2.963
T14_0186,3.711,3.711,3.396,2.341,2.897,4.061,2.662,2.044,2.548,2.839,3.29,20.0,6.014,13.718,34.371,3.0,4.719,2.18,3.875,2.209,3.559,man,second,first,Spanish,both,yes,with_family,no,yes,no,3.461
T14_0187,3.066,2.302,2.278,3.668,3.108,1.861,1.865,2.875,2.427,4.174,3.435,20.0,7.275,25.288,23.847,6.0,2.831,2.57,3.86,3.18,3.684,woman,third_or_later,later,English,English,no,away_from_family,no,no,no,2.045
T14_0188,3.113,3.124,2.399,2.864,3.218,3.113,3.738,3.44,2.146,3.092,2.448,21.0,6.929,22.63,10.695,5.0,2.477,4.148,2.639,2.851,3.512,man,first,later,English,both,no,with_family,yes,yes,yes,3.781
T14_0189,2.445,3.054,3.182,3.203,2.215,3.393,2.785,2.482,4.577,2.0,3.09,20.0,8.188,13.915,16.549,4.0,3.255,2.779,2.129,2.521,2.529,woman,second,first,Spanish,English,yes,with_family,no,no,no,2.838
T14_0190,1.712,2.41,2.451,2.138,3.437,4.013,2.201,4.001,3.734,3.221,2.67,25.0,8.329,15.782,17.6,1.0,4.265,2.904,3.639,2.555,3.526,man,second,first,English,English,yes,with_family,yes,yes,no,2.982
T14_0191,4.353,3.134,3.636,2.333,3.628,2.876,2.476,2.09,3.192,3.17,3.63,19.0,4.986,9.327,29.709,6.0,3.064,3.585,3.53,4.413,3.741,man,first,first,English,Spanish,yes,away_from_family,no,no,yes,3.276
T14_0192,3.497,3.32,2.026,3.118,2.647,3.765,2.923,1.54,3.609,2.455,2.601,18.0,7.608,34.128,20.289,7.0,3.355,3.166,2.451,3.641,3.585,man,second,first,English,Spanish,no,with_family,no,yes,yes,3.949
T14_0193,2.214,1.85,3.617,4.064,3.231,2.905,2.686,3.183,3.058,3.175,3.609,21.0,7.85,12.831,19.86,4.0,1.939,2.569,3.108,2.988,3.068,woman,second,later,Spanish,English,no,away_from_family,yes,no,yes,2.771
T14_0194,2.233,3.25,3.058,2.627,2.575,2.865,3.338,2.177,3.007,3.837,3.258,22.0,7.491,15.752,11.512,3.0,2.948,2.766,2.224,3.033,2.403,woman,second,first,Spanish,both,no,with_family,no,no,no,2.357
T14_0195,2.765,3.146,1.679,2.593,2.88,2.823,2.136,2.143,2.792,2.416,3.201,23.0,7.098,26.609,29.687,6.0,2.842,2.341,3.281,3.303,3.337,woman,third_or_later,later,Spanish,both,no,away_from_family,yes,yes,yes,2.562
T14_0196,4.432,3.043,3.29,2.436,3.218,2.741,3.123,1.962,3.254,2.865,3.868,19.0,8.267,23.239,8.439,6.0,3.525,3.731,3.491,3.194,2.672,woman,third_or_later,first,Spanish,both,no,away_from_family,no,no,yes,3.38
T14_0197,3.175,2.971,1.85,4.585,3.056,3.738,1.928,3.278,3.013,2.311,3.737,22.0,6.492,20.409,14.643,6.0,3.622,2.847,2.724,1.688,2.489,woman,second,first,Spanish,Spanish,no,away_from_family,no,no,yes,2.39
T14_0198,2.71,3.671,2.045,2.032,2.009,2.841,3.391,3.007,3.268,3.345,2.808,20.0,8.168,20.132,9.125,4.0,2.481,3.317,1.87,4.18,2.477,man,third_or_later,first,English,English,no,with_family,no,yes,no,2.877
T14_0199,2.814,3.697,2.484,2.296,3.354,3.79,2.379,2.311,2.562,4.224,3.145,18.0,6.754,11.192,23.303,6.0,2.915,2.458,2.679,2.095,2.539,man,first,first,English,English,yes,away_from_family,yes,yes,yes,2.813
T14_0200,4.001,3.678,2.571,2.084,3.5,3.323,2.847,2.773,3.017,1.605,3.468,19.0,6.449,19.325,14.249,5.0,2.936,2.961,4.368,2.775,3.161,woman,first,later,English,both,yes,away_from_family,yes,no,yes,3.011
T14_0201,3.651,3.952,3.786,2.246,3.487,2.757,4.621,3.349,1.968,2.32,3.127,21.0,5.406,19.46,11.935,6.0,4.154,1.844,3.154,3.699,2.478,woman,third_or_later,later,Spanish,both,no,with_family,no,yes,yes,3.476
T14_0202,3.587,2.602,2.37,1.592,2.427,2.827,3.574,3.037,3.569,4.473,2.514,19.0,7.931,12.157,8.495,6.0,2.272,3.44,2.032,1.605,2.926,woman,second,first,Spanish,English,no,away_from_family,yes,yes,yes,2.64
T14_0203,3.579,3.02,3.49,3.006,2.574,2.94,3.472,2.928,3.594,2.739,3.232,21.0,7.01,23.191,14.191,5.0,1.541,1.296,2.202,3.037,4.204,man,third_or_later,first,English,English,no,with_family,yes,yes,no,3.837
T14_0204,2.572,2.994,3.219,3.443,2.523,3.307,2.974,2.191,2.625,2.562,3.396,25.0,7.811,25.024,12.893,3.0,3.306,3.173,1.868,2.635,3.647,woman,second,first,Spanish,English,no,away_from_family,no,yes,yes,3.498
T14_0205,4.898,4.635,3.711,4.633,4.714,3.423,3.757,3.119,3.987,3.252,3.546,23.0,6.563,8.869,9.421,6.0,2.702,4.145,3.441,3.236,1.547,woman,first,first,Spanish,Spanish,no,with_family,yes,no,no,4.286
T14_0206,3.46,3.831,2.301,3.493,3.405,3.37,3.703,2.767,3.065,3.439,3.06,24.0,7.843,19.021,8.909,5.0,3.512,2.808,2.651,2.444,2.722,woman,second,later,Spanish,both,no,away_from_family,yes,no,yes,3.534
T14_0207,2.988,3.229,2.058,4.257,3.368,2.936,3.211,2.569,2.933,3.044,3.25,22.0,7.32,18.829,13.311,6.0,3.06,3.18,3.019,3.316,2.902,woman,second,later,Spanish,both,no,away_from_family,no,no,no,3.151
T14_0208,3.087,1.494,2.936,2.486,3.783,3.796,4.891,2.675,2.351,2.531,2.59,24.0,7.407,10.47,9.135,1.0,1.817,2.066,3.489,2.399,3.709,man,third_or_later,later,Spanish,Spanish,yes,with_family,no,no,no,3.341
T14_0209,3.584,3.302,3.953,1.853,4.855,2.293,3.163,2.993,2.778,4.235,3.829,19.0,7.856,23.612,19.269,5.0,2.368,3.56,4.357,2.6,2.29,man,second,later,English,both,yes,with_family,yes,yes,no,3.399
T14_0210,3.294,3.382,3.668,1.867,2.571,3.35,3.416,3.327,3.815,3.152,2.844,23.0,7.316,23.186,24.641,4.0,2.427,2.92,3.25,3.737,2.897,man,third_or_later,later,Spanish,both,no,away_from_family,no,yes,no,3.634
T14_0211,3.702,4.364,2.593,3.415,3.329,3.818,2.394,2.073,1.651,2.327,2.88,21.0,6.423,18.484,8.18,5.0,2.491,3.49,4.447,3.903,3.506,woman,first,later,English,English,yes,with_family,no,no,no,3.678
T14_0212,3.171,3.154,3.281,2.786,3.848,3.274,4.741,3.248,2.66,3.841,2.682,21.0,6.851,23.721,28.321,5.0,2.976,3.622,3.174,2.552,3.393,woman,first,later,English,Spanish,yes,away_from_family,no,yes,yes,3.691
T14_0213,3.5,2.802,2.014,3.396,2.531,2.876,2.616,2.558,2.262,2.527,2.808,19.0,5.95,23.821,17.929,5.0,3.844,4.164,3.104,2.829,3.782,nonbinary_or_self_described,third_or_later,later,English,both,no,away_from_family,yes,yes,yes,3.99
T14_0214,3.387,2.081,2.522,1.895,3.594,2.796,4.494,2.395,2.538,3.617,3.779,23.0,7.799,16.421,16.88,6.0,3.539,2.543,2.74,2.712,3.139,man,first,first,Spanish,both,no,away_from_family,yes,no,yes,3.311
T14_0215,3.448,3.443,3.315,2.366,2.547,2.821,3.618,2.568,3.905,4.934,2.644,20.0,7.173,10.929,5.683,6.0,2.874,2.912,2.913,2.915,2.911,man,second,first,English,Spanish,no,away_from_family,yes,yes,yes,3.022
T14_0216,3.815,2.933,2.578,2.501,3.687,2.774,2.838,4.419,3.573,2.965,3.488,20.0,7.431,9.904,5.36,5.0,3.018,2.467,4.142,1.584,3.13,woman,first,first,English,Spanish,no,with_family,yes,no,yes,2.219
T14_0217,2.799,3.29,2.674,2.895,2.829,2.614,2.855,3.34,2.933,3.314,3.423,22.0,7.677,32.816,25.079,4.0,2.117,3.221,2.088,2.203,2.247,man,first,first,English,Spanish,yes,away_from_family,no,no,no,2.981
T14_0218,4.127,3.891,3.468,3.913,3.497,4.83,3.358,2.48,2.582,3.525,2.37,22.0,7.503,10.838,23.721,4.0,2.737,2.896,3.376,2.345,2.294,man,third_or_later,later,English,English,yes,with_family,yes,yes,no,4.18
T14_0219,3.854,3.176,2.689,3.38,2.704,4.116,3.781,2.165,3.618,4.174,2.91,22.0,7.494,16.513,28.669,5.0,3.777,2.605,3.122,3.027,3.799,man,third_or_later,later,English,English,no,with_family,no,yes,no,3.385
T14_0220,2.851,2.722,3.189,4.154,2.168,3.883,2.585,3.38,2.62,3.41,3.356,22.0,7.624,18.054,34.804,6.0,4.028,3.211,3.785,3.314,3.015,man,second,first,English,Spanish,yes,away_from_family,yes,yes,no,3.522
T14_0221,2.579,2.771,2.499,2.785,2.372,2.764,3.567,3.08,3.965,2.134,2.952,19.0,5.657,17.837,13.434,6.0,2.1,4.027,2.658,2.923,2.903,woman,third_or_later,first,English,Spanish,yes,with_family,no,no,no,3.598
T14_0222,2.924,2.906,3.423,2.909,3.187,3.185,2.993,2.705,4.311,3.195,3.536,22.0,7.359,24.913,11.573,6.0,4.075,2.981,3.55,3.612,2.357,woman,second,later,English,both,yes,away_from_family,no,no,no,3.173
T14_0223,3.844,3.745,2.064,2.249,3.042,2.262,3.041,2.815,2.731,1.728,3.139,23.0,6.634,18.285,7.848,7.0,4.142,3.637,3.359,3.437,1.981,woman,second,later,English,both,yes,away_from_family,no,no,no,3.829
T14_0224,3.578,2.857,3.014,2.809,3.19,3.237,4.648,2.852,2.331,1.332,2.742,22.0,7.197,7.534,7.764,4.0,4.225,2.521,2.609,2.236,4.002,man,second,later,Spanish,Spanish,no,away_from_family,no,no,yes,3.973
T14_0225,3.2,2.759,2.86,2.799,2.956,4.126,3.321,3.234,2.202,2.452,3.291,23.0,6.165,25.347,19.947,5.0,2.315,4.022,1.591,4.234,2.981,nonbinary_or_self_described,second,later,English,English,yes,away_from_family,no,no,yes,2.977
T14_0226,3.427,2.495,3.051,3.503,1.972,1.671,4.429,3.412,3.037,2.903,2.762,21.0,8.73,13.984,26.576,5.0,1.489,3.519,1.564,3.945,2.581,woman,first,first,Spanish,both,yes,with_family,no,no,yes,3.018
T14_0227,3.088,3.94,2.084,3.317,3.289,2.245,3.27,3.28,2.701,2.755,3.542,21.0,7.51,18.418,3.529,4.0,2.01,3.987,2.924,3.087,2.845,man,second,later,English,both,yes,away_from_family,no,no,yes,3.949
T14_0228,3.693,3.511,2.475,3.253,2.649,1.857,3.417,2.24,2.57,2.689,2.932,20.0,7.144,30.365,20.172,5.0,2.015,1.894,2.518,3.332,3.515,man,third_or_later,first,Spanish,English,no,away_from_family,yes,yes,no,3.144
T14_0229,3.247,2.878,4.098,2.501,2.472,2.581,1.934,3.164,3.646,2.697,2.472,24.0,6.149,12.944,21.609,5.0,2.061,2.407,2.88,3.038,2.981,man,third_or_later,later,Spanish,both,yes,with_family,no,yes,yes,2.308
T14_0230,3.26,2.917,3.072,2.87,2.17,2.322,2.492,3.189,3.788,3.961,3.823,20.0,7.105,23.677,13.257,6.0,3.242,3.765,3.545,1.879,4.402,man,third_or_later,later,Spanish,Spanish,no,away_from_family,yes,no,yes,2.98
T14_0231,3.436,2.87,2.462,1.666,2.923,2.877,3.181,4.464,3.734,3.22,3.195,22.0,7.522,24.988,18.492,4.0,3.267,4.261,2.65,3.093,3.281,man,third_or_later,later,English,English,no,away_from_family,yes,no,no,3.614
T14_0232,4.246,2.432,3.462,3.907,4.091,1.654,3.604,2.604,2.25,2.557,3.06,20.0,7.788,18.382,32.258,4.0,3.549,3.753,3.608,3.657,2.922,woman,third_or_later,first,English,English,no,away_from_family,yes,yes,no,4.161
T14_0233,4.863,3.477,2.964,2.318,2.636,2.959,3.819,2.05,3.254,2.04,3.593,20.0,7.129,26.814,13.622,5.0,2.942,3.739,3.214,3.573,2.657,man,third_or_later,later,English,both,yes,away_from_family,yes,no,no,4.323
T14_0234,4.052,3.65,3.347,2.233,2.87,2.848,2.604,2.852,3.636,2.85,3.153,22.0,6.668,12.134,13.422,5.0,3.76,3.027,3.269,3.149,3.577,woman,second,later,English,Spanish,yes,with_family,no,yes,yes,3.171
T14_0235,2.774,1.136,1.93,3.38,3.58,2.678,1.805,3.516,3.726,2.814,2.798,24.0,6.389,11.859,2.16,6.0,2.028,1.874,2.131,3.52,2.745,man,first,later,English,English,yes,away_from_family,no,no,no,2.544
T14_0236,3.283,3.423,2.329,2.148,3.278,3.185,3.192,3.788,1.211,2.72,3.097,20.0,7.295,22.516,30.621,3.0,3.421,2.98,3.421,3.311,3.356,man,second,later,Spanish,both,yes,away_from_family,no,yes,yes,4.106
T14_0237,3.351,3.875,2.961,2.521,2.878,2.593,1.844,3.191,2.335,3.095,3.215,22.0,7.142,19.86,21.531,6.0,2.653,2.309,2.105,2.489,2.154,man,first,first,Spanish,Spanish,yes,with_family,yes,yes,yes,3.014
T14_0238,3.025,2.81,1.234,2.511,3.203,1.878,3.558,2.477,3.274,3.353,2.554,22.0,7.398,18.706,2.102,5.0,2.529,1.781,2.807,3.317,3.34,woman,first,later,English,English,no,with_family,yes,yes,no,2.812
T14_0239,3.078,2.122,3.706,3.911,4.776,3.054,3.506,2.701,3.307,2.23,3.32,21.0,7.031,19.036,8.681,5.0,3.339,2.158,2.876,2.587,2.991,woman,first,first,English,English,no,with_family,no,no,no,3.0
T14_0240,2.948,2.513,2.84,3.402,2.227,1.705,2.948,2.897,2.329,2.468,2.83,28.0,7.781,15.478,16.728,4.0,3.388,3.018,2.25,4.033,4.279,man,first,later,English,both,yes,away_from_family,no,no,no,3.362
T14_0241,4.394,3.669,2.553,4.725,2.312,2.588,2.59,1.432,2.924,3.339,2.718,19.0,6.71,14.314,13.049,5.0,3.152,3.223,3.874,1.78,4.644,woman,first,first,English,both,no,with_family,yes,yes,yes,3.924
T14_0242,2.546,2.986,2.225,3.652,2.21,1.988,2.422,2.396,3.693,3.832,3.699,19.0,8.165,25.63,15.937,6.0,2.24,2.853,2.618,1.991,3.508,woman,third_or_later,later,Spanish,English,yes,with_family,no,yes,no,3.468
T14_0243,4.151,2.389,3.227,2.062,2.237,2.819,3.662,2.87,2.843,2.276,2.837,19.0,7.329,16.482,17.435,5.0,3.302,2.517,3.566,1.452,4.328,man,third_or_later,later,Spanish,Spanish,yes,away_from_family,no,yes,yes,3.305
T14_0244,2.331,2.666,2.827,3.018,2.33,2.736,2.767,3.47,1.605,3.575,2.69,21.0,6.507,15.656,9.256,2.0,2.349,2.983,2.574,3.036,1.88,woman,first,first,English,Spanish,no,with_family,yes,yes,no,2.374
T14_0245,3.354,3.345,1.267,2.957,4.071,2.679,3.633,2.598,3.617,2.894,2.691,22.0,8.332,20.396,23.645,5.0,2.811,2.827,2.316,2.664,3.012,woman,third_or_later,first,English,Spanish,no,with_family,yes,no,no,3.247
T14_0246,3.017,2.541,3.465,3.061,3.205,1.876,2.899,2.346,2.152,2.184,2.392,22.0,8.25,15.353,23.591,2.0,2.035,2.964,2.263,1.628,2.807,woman,third_or_later,first,English,English,yes,away_from_family,yes,no,no,2.907
T14_0247,2.918,2.577,3.059,2.763,2.388,2.664,2.246,2.601,4.676,2.631,3.214,19.0,7.04,15.682,8.004,2.0,1.999,3.182,3.982,3.699,2.723,man,third_or_later,later,Spanish,English,yes,with_family,yes,yes,yes,2.216
T14_0248,2.895,3.499,2.269,2.623,3.456,2.695,2.699,2.185,2.357,1.902,2.475,21.0,7.267,13.341,8.605,5.0,3.465,2.492,2.818,3.095,3.982,man,third_or_later,first,English,English,yes,with_family,yes,yes,yes,2.827
T14_0249,3.244,3.613,3.872,2.885,2.771,3.685,2.942,3.011,2.635,3.346,3.533,24.0,7.809,36.091,1.324,3.0,2.561,3.343,2.376,2.591,2.881,woman,first,later,Spanish,Spanish,no,with_family,yes,yes,no,2.769
T14_0250,3.848,3.363,2.781,2.376,2.784,2.921,1.838,3.29,2.424,4.109,3.58,19.0,6.545,26.105,17.594,4.0,2.733,4.666,3.449,4.476,3.066,woman,second,later,Spanish,both,no,with_family,no,yes,no,3.475
T14_0251,2.88,2.746,3.44,3.301,2.233,3.608,3.347,2.874,3.877,2.987,1.868,20.0,7.344,2.252,20.904,4.0,2.99,1.888,2.873,3.347,3.0,man,third_or_later,first,English,Spanish,no,with_family,no,yes,yes,3.066
T14_0252,2.558,2.206,2.997,1.925,2.303,3.591,3.211,2.963,4.788,4.26,3.159,24.0,7.839,23.094,13.468,4.0,1.692,2.216,2.85,2.81,2.284,man,second,later,English,both,no,with_family,no,yes,yes,2.923
T14_0253,2.602,3.239,3.12,2.656,1.618,3.344,2.945,2.615,2.128,1.982,2.384,23.0,6.81,15.408,22.534,4.0,1.998,2.327,2.809,4.029,1.421,woman,third_or_later,first,Spanish,English,yes,with_family,no,yes,no,2.839
T14_0254,4.668,3.633,2.961,1.972,4.224,4.571,3.941,3.757,3.341,2.587,2.25,23.0,6.784,23.918,13.27,5.0,4.226,3.539,3.474,3.506,2.574,man,first,later,Spanish,English,no,with_family,yes,no,no,3.418
T14_0255,2.931,2.448,2.259,2.402,2.463,3.341,2.062,2.4,3.01,3.024,2.483,24.0,7.797,15.461,17.874,4.0,3.186,2.477,1.87,2.573,3.301,man,second,later,Spanish,both,yes,with_family,no,no,yes,3.488
T14_0256,3.183,2.867,2.819,3.116,2.793,2.989,3.086,4.528,3.427,2.531,2.558,18.0,6.888,12.146,23.415,2.0,3.757,1.821,2.489,2.242,2.69,woman,third_or_later,later,Spanish,Spanish,no,away_from_family,no,no,yes,2.739
T14_0257,2.43,1.914,3.119,3.394,2.589,2.927,2.537,1.94,1.788,3.221,3.422,24.0,8.418,10.155,18.891,5.0,3.874,3.678,2.433,2.88,2.19,woman,first,first,English,Spanish,no,away_from_family,yes,no,yes,3.926
T14_0258,3.729,3.099,2.09,4.487,2.532,1.66,3.079,3.072,2.613,2.844,3.797,22.0,6.555,18.448,27.623,4.0,4.172,2.804,2.646,3.973,1.832,woman,second,first,Spanish,Spanish,yes,away_from_family,yes,yes,yes,2.997
T14_0259,3.292,2.358,3.196,2.991,3.505,1.18,3.725,2.639,2.487,2.348,2.642,22.0,6.622,10.75,16.913,6.0,2.425,3.774,2.201,4.368,3.934,man,second,later,English,both,no,away_from_family,no,yes,yes,2.122
T14_0260,3.575,3.19,3.687,3.435,3.731,4.61,2.901,3.609,3.481,2.673,3.54,19.0,7.831,24.151,28.112,4.0,2.45,2.84,2.676,3.018,3.824,woman,third_or_later,later,Spanish,English,no,away_from_family,no,no,no,3.249
T14_0261,4.125,2.897,2.771,2.563,3.429,3.397,3.868,2.551,2.95,2.839,3.227,24.0,7.86,9.829,17.172,6.0,3.667,4.151,2.421,2.829,3.294,man,second,later,English,both,no,away_from_family,yes,yes,no,3.776
T14_0262,4.316,2.383,3.4,2.856,3.401,3.161,1.459,2.794,3.47,2.346,2.81,21.0,8.019,10.744,22.001,7.0,2.22,3.401,3.909,2.09,2.663,man,third_or_later,later,English,Spanish,yes,with_family,no,yes,yes,3.468
T14_0263,3.045,2.846,3.181,3.495,1.81,4.173,2.442,3.266,2.617,3.327,2.042,21.0,6.097,22.426,20.516,6.0,2.473,3.006,2.538,3.554,2.147,woman,first,first,Spanish,both,yes,with_family,yes,yes,yes,2.972
T14_0264,2.947,2.422,3.032,1.703,1.79,3.036,2.553,2.203,2.727,2.319,3.434,21.0,7.02,23.832,6.233,4.0,3.75,3.089,2.791,3.542,2.466,woman,second,later,Spanish,English,yes,with_family,yes,yes,yes,4.044
T14_0265,3.722,1.695,3.468,3.042,3.609,4.423,2.403,2.172,2.919,3.389,3.717,20.0,7.511,17.316,23.575,4.0,2.771,2.901,3.095,3.345,3.181,woman,third_or_later,later,English,both,no,away_from_family,yes,no,yes,3.486
T14_0266,3.46,3.449,1.609,3.507,3.021,2.731,2.912,3.105,4.514,3.745,3.189,21.0,8.735,24.964,11.919,4.0,3.471,3.179,3.104,1.986,2.084,woman,third_or_later,first,English,Spanish,no,away_from_family,yes,yes,yes,3.707
T14_0267,3.465,2.751,2.315,2.496,2.273,2.853,3.87,3.894,1.75,3.962,2.561,21.0,7.312,17.848,29.057,5.0,3.364,2.816,4.111,2.638,3.807,woman,second,later,English,both,yes,away_from_family,no,no,yes,3.093
T14_0268,2.997,2.155,2.852,1.784,2.358,2.35,2.256,2.963,2.891,1.522,2.99,21.0,8.151,11.556,5.98,4.0,1.596,3.559,2.791,2.944,3.711,woman,third_or_later,later,Spanish,English,no,with_family,no,yes,no,3.641
T14_0269,4.107,3.162,3.956,2.975,2.974,3.517,2.305,2.833,1.947,3.735,2.681,21.0,5.637,13.714,35.75,5.0,2.28,3.053,4.309,2.341,3.176,man,second,first,English,English,no,away_from_family,no,yes,yes,2.994
T14_0270,3.284,2.939,3.712,3.29,3.008,4.103,3.152,2.497,4.17,3.351,2.252,20.0,7.865,11.192,26.99,4.0,3.497,2.295,3.116,3.458,2.712,woman,third_or_later,first,Spanish,English,no,with_family,no,yes,no,3.388
T14_0271,2.495,2.592,2.2,3.499,2.981,2.649,3.678,3.406,3.768,2.964,2.038,21.0,8.173,17.702,11.08,4.0,2.43,1.155,3.819,2.425,2.974,man,first,later,English,English,no,with_family,yes,yes,yes,2.986
T14_0272,3.568,2.112,2.975,4.226,3.413,1.95,2.45,2.704,2.3,2.826,3.224,22.0,6.965,25.174,20.589,3.0,2.441,2.817,2.893,4.086,2.091,man,second,first,Spanish,both,no,away_from_family,yes,yes,no,2.761
T14_0273,2.382,2.123,3.468,2.802,3.428,2.492,3.113,3.581,4.482,3.066,2.788,22.0,7.312,19.951,13.629,5.0,4.314,1.77,1.688,2.739,2.905,woman,second,later,Spanish,Spanish,yes,away_from_family,no,yes,yes,2.893
T14_0274,3.48,3.942,3.708,3.909,3.235,3.734,2.852,2.412,2.743,4.2,3.299,24.0,6.928,22.868,9.613,5.0,2.838,3.652,2.54,3.031,3.1,man,first,later,English,both,yes,with_family,yes,no,no,3.195
T14_0275,2.926,2.55,3.18,3.249,2.491,2.417,2.441,3.299,4.67,2.396,2.826,23.0,7.254,21.012,6.931,4.0,3.175,2.069,3.928,2.628,2.717,woman,first,later,English,Spanish,yes,away_from_family,no,yes,no,3.139
T14_0276,3.003,2.751,1.738,2.931,3.119,2.796,2.838,3.563,4.362,2.98,3.293,21.0,5.439,24.983,27.68,6.0,3.379,2.999,2.727,3.839,3.522,man,second,later,Spanish,both,no,with_family,yes,no,yes,2.638
T14_0277,3.477,2.909,2.436,1.38,3.941,2.769,4.142,2.686,2.698,1.849,2.671,24.0,7.477,21.477,27.531,3.0,1.863,3.968,3.076,2.762,3.376,man,first,later,Spanish,both,yes,away_from_family,yes,yes,no,3.414
T14_0278,3.481,1.904,3.487,3.484,3.393,2.794,3.057,3.145,1.918,3.412,3.112,23.0,6.143,20.11,23.65,6.0,3.711,2.704,2.407,3.088,3.952,woman,first,later,English,English,yes,away_from_family,no,yes,no,3.976
T14_0279,3.679,2.596,2.984,2.692,3.199,2.845,1.425,2.08,4.069,3.187,2.941,23.0,7.596,19.459,30.891,5.0,2.501,2.724,3.087,3.559,4.478,man,third_or_later,later,English,English,yes,away_from_family,yes,no,yes,3.107
T14_0280,3.575,3.758,1.569,3.377,4.364,4.319,2.252,2.011,3.038,2.148,2.586,19.0,6.715,11.146,1.496,4.0,3.828,2.642,3.757,2.377,2.878,woman,second,later,English,English,yes,with_family,yes,no,yes,3.005
T14_0281,4.284,3.461,2.674,3.398,2.726,4.949,2.977,2.689,4.627,2.544,2.874,27.0,6.34,23.813,27.196,6.0,2.875,4.285,3.894,3.056,1.868,man,second,later,English,both,no,with_family,yes,no,no,3.637
T14_0282,4.259,4.352,2.311,2.829,2.479,3.263,3.22,3.646,2.028,3.488,2.995,19.0,7.561,24.246,22.72,7.0,3.328,2.718,2.931,3.721,2.313,man,second,later,English,Spanish,yes,with_family,yes,no,yes,3.702
T14_0283,4.437,3.377,3.396,2.962,2.803,4.479,2.143,2.912,1.757,2.372,2.715,18.0,5.762,5.797,19.314,6.0,3.296,2.161,2.842,4.027,3.803,man,third_or_later,first,English,English,no,with_family,no,yes,no,3.876
T14_0284,3.216,3.679,3.053,1.812,3.38,2.525,3.506,3.974,3.506,2.854,3.785,22.0,7.159,27.401,18.489,4.0,2.543,2.769,3.214,1.719,2.503,man,third_or_later,first,English,both,yes,away_from_family,no,yes,yes,3.217
T14_0285,3.555,2.822,1.619,2.606,3.359,1.607,1.984,3.218,2.929,3.634,2.667,23.0,6.383,14.354,19.036,6.0,3.117,3.174,3.043,3.248,3.391,man,third_or_later,later,English,English,no,away_from_family,yes,yes,yes,2.231
T14_0286,4.168,3.414,2.214,1.949,2.372,3.194,2.483,3.595,3.123,2.76,1.98,22.0,7.129,30.788,21.869,6.0,2.557,2.981,2.782,2.177,3.682,man,first,first,English,Spanish,no,with_family,no,yes,yes,3.2
T14_0287,1.948,1.687,2.243,2.744,3.059,1.88,2.299,3.59,4.677,3.214,2.79,23.0,7.258,21.303,20.743,3.0,2.712,2.464,2.116,3.355,2.275,man,second,later,English,both,yes,with_family,yes,yes,no,2.736
T14_0288,4.429,4.282,3.73,2.844,3.669,2.574,2.89,2.563,3.318,2.74,3.437,25.0,6.693,24.233,18.976,7.0,2.878,3.78,3.049,3.901,3.376,woman,second,later,English,both,yes,with_family,no,yes,no,4.005
T14_0289,3.668,3.804,4.146,2.834,2.421,4.358,3.252,3.299,2.894,3.83,2.895,23.0,6.321,24.688,9.81,5.0,2.518,3.258,1.849,2.491,2.494,man,third_or_later,later,English,Spanish,no,with_family,no,no,no,3.106
T14_0290,4.293,3.7,3.205,2.736,3.833,3.187,3.724,3.649,2.33,1.78,3.34,24.0,7.496,14.309,17.159,4.0,3.752,2.344,2.447,3.242,3.237,man,first,later,English,Spanish,no,away_from_family,yes,no,yes,3.935
T14_0291,3.457,3.709,3.339,2.615,2.845,4.157,3.433,2.499,2.856,1.217,2.57,22.0,6.715,31.743,7.667,7.0,3.502,2.956,2.868,2.993,4.33,man,third_or_later,first,Spanish,Spanish,no,with_family,yes,no,no,4.33
T14_0292,2.807,2.678,1.859,2.903,2.512,1.315,2.372,2.944,2.307,3.435,3.451,22.0,6.069,19.582,18.934,5.0,3.93,2.118,2.729,1.95,3.232,man,third_or_later,first,Spanish,English,yes,away_from_family,no,yes,no,2.895
T14_0293,2.533,3.793,2.468,3.779,2.885,2.215,3.307,2.81,4.159,2.448,2.678,21.0,8.434,17.29,7.058,6.0,3.359,2.72,2.576,3.078,2.843,woman,third_or_later,first,Spanish,Spanish,no,with_family,no,yes,yes,3.8
T14_0294,4.159,2.833,3.554,3.599,3.959,2.744,3.735,3.071,1.776,2.775,2.938,20.0,7.601,14.677,21.993,4.0,2.895,3.618,2.529,3.494,2.754,woman,third_or_later,later,English,both,yes,away_from_family,yes,yes,no,3.196
T14_0295,3.152,3.187,2.226,2.532,2.873,2.061,3.902,3.133,3.048,3.212,3.403,25.0,7.865,14.382,0.215,7.0,3.544,3.841,3.083,3.528,3.316,man,first,first,English,Spanish,no,away_from_family,yes,no,yes,4.099
T14_0296,3.328,2.764,2.772,3.504,3.367,2.036,3.105,2.876,2.91,3.003,3.659,24.0,6.749,24.987,21.027,4.0,2.184,3.408,3.183,2.922,2.433,woman,third_or_later,first,English,English,no,away_from_family,yes,no,yes,3.228
T14_0297,3.379,2.18,3.657,3.406,3.689,3.115,3.484,2.688,3.456,3.072,3.078,21.0,7.602,27.776,35.204,6.0,2.655,2.692,2.663,4.0,1.71,man,first,first,Spanish,Spanish,yes,with_family,yes,yes,yes,2.571
T14_0298,3.344,3.368,3.161,2.295,3.267,3.663,2.598,1.877,3.93,2.41,2.953,23.0,8.016,13.965,17.007,3.0,2.684,3.402,2.768,3.038,3.213,woman,third_or_later,later,Spanish,English,no,away_from_family,yes,no,no,3.71
T14_0299,2.066,2.507,2.831,4.409,2.636,3.151,2.142,3.043,2.278,3.3,2.657,22.0,6.595,17.545,10.447,2.0,2.258,4.011,2.252,2.17,3.129,woman,first,first,Spanish,both,no,away_from_family,no,yes,no,2.062
T14_0300,3.083,3.112,2.142,2.797,3.25,2.905,3.989,3.354,1.968,1.826,3.226,28.0,7.888,17.59,20.742,5.0,3.117,2.334,3.824,3.469,1.789,woman,first,later,English,English,no,with_family,no,no,no,3.334
T14_0301,3.618,2.26,3.561,2.781,2.1,2.808,2.719,2.741,3.427,3.152,2.72,18.0,7.472,11.212,19.474,4.0,3.214,2.716,3.202,3.467,2.92,woman,first,first,English,Spanish,no,with_family,no,no,no,3.375
T14_0302,3.495,2.678,2.976,2.789,3.161,3.497,3.879,3.308,2.366,3.688,3.777,22.0,6.194,9.98,12.419,7.0,4.716,2.509,3.158,3.442,3.256,nonbinary_or_self_described,second,later,Spanish,Spanish,yes,away_from_family,yes,yes,no,3.032
T14_0303,3.508,3.379,2.191,2.858,3.475,2.313,3.012,3.595,3.439,2.701,2.882,20.0,7.043,2.658,14.224,6.0,3.894,2.924,4.26,2.479,2.677,man,second,later,English,English,yes,away_from_family,no,no,yes,3.172
T14_0304,3.409,3.687,3.335,3.395,2.847,2.966,4.639,2.662,3.331,2.295,3.092,23.0,6.307,22.287,15.471,4.0,1.405,3.823,3.017,2.628,2.327,woman,third_or_later,first,English,both,no,with_family,no,yes,no,3.943
T14_0305,3.49,2.492,2.962,2.892,2.654,3.314,3.945,3.743,2.599,3.747,2.189,21.0,6.98,25.78,5.085,5.0,2.761,2.778,2.552,2.934,2.732,woman,third_or_later,first,Spanish,English,yes,with_family,no,no,no,3.244
T14_0306,3.552,3.279,1.918,3.119,3.084,2.133,2.092,2.563,2.094,1.562,2.797,26.0,7.444,21.723,17.688,3.0,2.334,1.709,3.375,3.824,3.631,woman,third_or_later,later,Spanish,both,no,away_from_family,yes,yes,yes,1.956
T14_0307,2.135,1.922,2.702,3.205,3.195,3.079,2.366,2.772,3.174,2.813,2.234,25.0,5.311,9.675,3.676,5.0,1.647,2.653,3.502,2.642,4.046,woman,second,first,English,both,yes,with_family,yes,no,yes,3.297
T14_0308,3.481,3.143,2.633,2.539,2.846,2.5,3.417,3.496,3.228,3.498,3.291,27.0,8.95,16.419,0.877,6.0,3.022,3.717,2.943,2.612,2.519,man,third_or_later,later,Spanish,English,no,with_family,yes,no,no,3.16
T14_0309,4.305,4.161,3.092,2.989,3.811,3.777,3.099,3.888,2.641,3.41,3.558,24.0,7.898,27.11,15.702,6.0,3.709,4.07,2.653,2.541,4.249,woman,second,later,Spanish,both,yes,away_from_family,no,yes,yes,4.493
T14_0310,3.504,3.112,3.112,3.303,2.626,2.68,2.701,2.878,4.18,2.947,3.455,22.0,7.846,10.054,9.879,6.0,2.807,3.875,2.891,3.647,3.026,man,first,first,English,both,yes,with_family,yes,yes,yes,3.081
T14_0311,3.129,3.838,2.04,2.302,2.551,3.398,3.312,2.74,3.078,4.05,3.261,21.0,8.117,20.789,19.015,5.0,3.715,2.956,3.187,3.835,3.423,man,second,later,English,both,no,with_family,no,no,yes,3.695
T14_0312,3.156,2.139,2.956,2.519,2.754,3.963,4.1,2.892,1.638,3.46,3.746,18.0,8.36,29.469,15.666,7.0,2.987,2.474,2.5,3.037,1.737,woman,first,later,English,Spanish,yes,with_family,no,no,no,3.546
T14_0313,3.608,1.987,2.902,2.112,3.286,3.97,3.543,2.601,3.369,2.971,2.138,19.0,7.572,10.07,18.354,5.0,3.841,4.34,2.488,1.557,2.956,man,third_or_later,first,Spanish,English,no,with_family,yes,no,no,3.048
T14_0314,3.153,3.871,3.196,3.275,2.229,2.977,2.605,3.641,3.042,4.605,3.239,24.0,7.727,15.771,17.324,1.0,2.994,2.492,3.513,3.543,2.704,woman,third_or_later,later,Spanish,both,no,away_from_family,no,no,no,4.166
T14_0315,3.186,2.539,4.106,2.554,3.346,4.125,2.904,2.849,2.896,2.68,2.83,24.0,7.899,19.15,2.058,2.0,2.313,3.43,1.918,2.231,2.417,woman,second,first,Spanish,Spanish,yes,with_family,yes,yes,yes,3.678
T14_0316,4.107,3.035,1.998,3.786,3.069,2.953,2.728,3.376,4.081,2.397,3.45,24.0,7.068,13.285,7.526,6.0,1.855,3.025,2.115,3.128,2.526,woman,third_or_later,first,English,both,yes,with_family,no,yes,yes,3.588
T14_0317,3.506,3.624,3.864,3.855,3.327,2.365,2.9,2.17,3.996,3.004,2.683,21.0,6.479,12.59,19.9,2.0,2.435,1.875,3.219,2.931,3.148,woman,first,first,English,Spanish,yes,with_family,no,yes,no,3.957
T14_0318,3.493,3.462,2.771,4.081,2.985,2.899,3.013,2.316,3.463,2.622,3.146,21.0,6.57,16.237,26.164,6.0,2.84,3.316,3.897,2.673,2.578,man,first,first,Spanish,both,no,with_family,no,no,yes,3.207
T14_0319,4.436,1.829,2.98,3.854,1.549,2.233,3.482,2.776,4.516,3.037,2.984,19.0,7.848,26.571,27.425,6.0,1.96,2.334,3.041,2.912,1.969,man,second,later,Spanish,both,yes,with_family,no,yes,yes,2.408
T14_0320,3.508,3.656,2.17,3.279,2.339,2.93,2.53,1.724,2.845,3.277,2.837,23.0,7.104,9.874,8.0,6.0,2.591,3.105,3.553,3.536,2.805,man,first,later,English,Spanish,no,with_family,yes,no,yes,3.24
T14_0321,2.901,4.002,3.181,3.04,2.875,2.495,2.624,3.628,4.067,2.289,2.748,23.0,5.968,19.844,16.487,6.0,3.712,2.729,3.564,3.725,2.671,woman,first,first,English,both,yes,with_family,no,no,yes,3.34
T14_0322,3.299,3.652,2.364,2.36,3.48,2.778,3.234,3.802,3.496,4.964,2.262,21.0,6.881,18.023,6.419,6.0,1.146,2.835,1.678,3.332,2.558,woman,third_or_later,first,Spanish,English,yes,with_family,no,yes,yes,2.645
T14_0323,4.331,2.951,3.062,3.879,2.63,2.988,3.881,3.284,1.298,3.018,3.357,22.0,7.518,14.134,15.207,6.0,4.223,3.462,2.564,3.153,2.907,man,first,first,Spanish,Spanish,yes,with_family,no,yes,no,3.7
T14_0324,4.418,3.594,2.91,3.829,2.351,2.435,3.949,3.161,2.808,2.291,3.32,19.0,7.593,19.557,15.905,7.0,2.578,3.375,3.364,3.03,2.755,nonbinary_or_self_described,first,later,English,both,yes,with_family,yes,yes,no,3.646
T14_0325,2.234,2.509,2.311,3.237,1.369,2.018,3.095,3.128,2.254,2.974,3.198,20.0,7.065,20.178,11.534,5.0,2.713,3.331,2.51,2.421,3.867,woman,third_or_later,first,Spanish,Spanish,yes,away_from_family,no,no,no,2.835
T14_0326,3.87,2.933,3.074,1.902,2.118,3.646,3.597,2.755,1.803,4.814,2.502,23.0,7.457,34.526,18.866,7.0,3.631,3.43,3.129,2.366,2.097,nonbinary_or_self_described,second,first,English,both,yes,away_from_family,no,yes,yes,3.602
T14_0327,2.891,2.675,3.978,2.205,2.346,1.035,2.505,3.859,2.762,3.319,2.919,23.0,7.145,23.631,18.25,3.0,3.594,3.154,4.092,1.54,1.989,man,second,later,English,English,no,away_from_family,yes,yes,no,3.189
T14_0328,4.753,4.279,3.19,3.82,3.79,2.072,4.241,2.969,2.685,3.449,3.515,24.0,7.053,12.802,5.083,7.0,2.337,3.754,3.744,2.829,4.997,woman,second,later,Spanish,Spanish,yes,with_family,no,yes,no,4.092
T14_0329,3.756,3.833,2.174,3.324,4.179,4.294,2.882,3.682,3.443,2.969,3.119,25.0,7.448,16.162,11.094,4.0,2.647,2.635,2.848,4.05,2.363,man,third_or_later,first,English,English,yes,with_family,no,yes,no,3.898
T14_0330,2.082,2.715,2.73,2.801,2.842,2.451,3.094,3.044,2.872,3.22,3.046,22.0,6.608,21.316,20.385,5.0,3.794,3.562,3.272,3.173,4.391,man,second,first,Spanish,Spanish,yes,with_family,no,no,no,3.045
T14_0331,3.676,1.828,3.082,2.569,2.47,3.174,3.408,2.956,2.972,3.238,2.784,20.0,7.026,13.971,29.294,7.0,3.258,2.474,3.579,2.019,3.181,woman,second,first,Spanish,Spanish,no,with_family,no,yes,yes,3.34
T14_0332,2.597,3.572,1.871,3.132,3.377,4.129,3.402,2.211,2.224,2.528,3.561,23.0,6.119,16.581,3.26,6.0,2.315,3.463,2.061,2.821,2.22,woman,second,first,English,Spanish,yes,away_from_family,yes,yes,no,3.829
T14_0333,4.634,3.568,3.724,3.046,1.982,2.131,3.592,3.744,3.003,2.457,3.526,21.0,6.656,34.643,2.057,5.0,3.748,1.849,2.613,4.199,3.651,man,second,later,Spanish,English,yes,away_from_family,no,no,no,3.483
T14_0334,3.496,2.467,3.542,1.546,3.687,3.96,2.462,2.563,2.937,1.944,2.38,22.0,5.872,16.232,11.405,6.0,1.038,3.716,2.669,3.753,3.029,woman,first,later,Spanish,Spanish,no,away_from_family,yes,yes,yes,3.618
T14_0335,3.207,2.697,2.591,3.054,2.464,3.652,3.301,2.481,2.425,3.277,3.255,24.0,9.28,18.424,20.448,4.0,2.968,3.802,1.786,4.688,2.664,woman,third_or_later,later,English,Spanish,yes,with_family,no,no,yes,3.539
T14_0336,4.166,4.148,2.679,3.038,2.891,3.375,3.936,3.786,2.583,2.643,2.828,24.0,6.719,17.532,4.278,7.0,2.259,1.852,4.109,3.9,2.549,man,second,later,Spanish,Spanish,no,away_from_family,no,yes,no,3.711
T14_0337,3.321,2.895,2.233,2.376,3.736,2.909,1.842,2.967,3.881,2.479,1.923,23.0,7.299,8.283,19.513,7.0,2.86,1.92,2.697,2.857,3.448,woman,second,later,Spanish,English,yes,away_from_family,no,no,no,2.857
T14_0338,2.6,2.843,3.083,3.199,2.876,2.601,1.89,2.214,3.534,2.892,3.172,21.0,6.772,14.244,19.984,3.0,2.901,3.391,2.524,2.974,2.919,woman,second,later,Spanish,both,yes,with_family,yes,yes,no,2.955
T14_0339,3.261,2.795,2.978,2.31,3.243,3.488,3.044,3.161,4.358,2.613,3.431,27.0,6.944,21.614,5.961,5.0,2.757,2.561,4.022,1.972,2.623,woman,third_or_later,first,English,English,yes,with_family,yes,yes,no,3.456
T14_0340,3.574,3.105,3.551,3.551,3.212,3.231,3.86,2.723,1.893,2.31,3.325,19.0,7.195,12.671,23.709,3.0,4.402,3.94,2.7,3.302,3.373,woman,third_or_later,later,Spanish,Spanish,no,away_from_family,no,yes,no,3.462
T14_0341,2.89,1.56,3.259,3.535,2.731,3.3,2.363,2.517,2.534,3.219,3.891,22.0,5.859,32.408,8.367,4.0,3.424,3.04,3.14,2.821,3.624,woman,second,later,Spanish,both,yes,away_from_family,no,yes,no,2.723
T14_0342,3.504,2.669,3.83,3.323,3.506,2.123,2.301,1.971,2.633,2.561,2.396,19.0,6.717,35.87,23.263,5.0,2.367,2.92,3.978,4.231,4.556,woman,second,first,Spanish,both,yes,with_family,yes,no,yes,3.692
T14_0343,3.106,3.352,2.759,4.127,3.123,2.993,2.037,3.041,3.272,2.155,3.282,20.0,8.76,20.262,9.857,7.0,3.221,2.687,2.758,3.592,2.461,man,second,later,Spanish,Spanish,no,away_from_family,yes,yes,no,3.263
T14_0344,3.918,3.846,3.119,3.047,3.854,1.916,3.394,3.617,2.119,2.869,3.774,20.0,7.666,20.144,13.111,3.0,3.266,3.615,2.639,2.612,3.345,woman,first,first,Spanish,Spanish,no,away_from_family,no,no,no,3.776
T14_0345,3.013,3.114,2.5,3.01,2.873,3.117,3.241,3.406,3.195,3.423,3.837,23.0,7.155,13.298,26.77,4.0,3.064,2.221,2.254,2.855,1.009,man,third_or_later,first,English,both,yes,with_family,yes,no,no,3.169
T14_0346,3.318,3.544,2.903,3.408,2.408,3.629,1.589,3.106,3.172,3.446,2.498,20.0,5.97,12.545,18.094,5.0,2.14,2.104,3.663,3.115,2.906,woman,third_or_later,first,English,Spanish,yes,away_from_family,no,no,no,2.614
T14_0347,3.022,2.586,1.745,3.014,3.55,2.634,3.043,2.084,2.936,2.84,2.594,18.0,8.084,25.352,23.754,3.0,2.75,3.145,2.711,3.461,1.989,man,first,first,English,English,yes,away_from_family,no,yes,yes,3.632
T14_0348,3.061,4.351,4.816,4.397,3.502,2.604,2.176,3.799,3.757,3.025,3.284,20.0,7.375,22.865,17.916,5.0,3.283,2.743,2.88,2.014,3.943,woman,third_or_later,later,Spanish,Spanish,no,away_from_family,yes,yes,no,3.772
T14_0349,2.981,3.161,2.958,3.051,2.338,1.854,4.197,3.267,4.22,3.539,2.808,21.0,6.032,17.978,11.614,3.0,3.045,2.155,3.119,2.315,2.359,woman,second,first,English,both,yes,with_family,no,no,yes,2.888
T14_0350,2.838,2.834,2.206,2.36,2.513,2.702,3.05,2.602,4.411,2.897,3.094,22.0,5.741,23.932,6.94,4.0,1.058,3.148,2.634,3.85,3.295,woman,third_or_later,later,English,both,yes,away_from_family,no,yes,no,2.834
T14_0351,2.86,1.784,2.872,2.613,2.296,2.593,2.107,3.477,3.069,2.305,3.414,20.0,6.005,3.625,11.872,3.0,3.367,3.87,2.726,4.261,2.209,woman,first,later,English,English,no,away_from_family,no,yes,no,2.639
T14_0352,4.197,3.872,2.502,3.017,3.345,2.471,2.964,2.224,3.752,2.427,3.86,19.0,7.641,13.671,23.681,5.0,2.642,2.069,3.735,2.306,2.623,woman,third_or_later,later,English,both,no,away_from_family,no,yes,no,4.246
T14_0353,3.2,2.943,3.209,4.291,3.358,3.703,2.433,2.386,3.785,2.612,2.994,21.0,7.11,14.771,2.8,4.0,2.921,3.881,2.709,3.249,3.243,woman,third_or_later,first,Spanish,both,yes,away_from_family,no,no,yes,3.436
T14_0354,3.818,3.414,3.506,4.569,3.975,2.268,4.021,2.98,2.501,3.659,3.606,23.0,7.295,18.225,16.118,3.0,3.55,1.819,3.762,3.52,3.001,woman,second,later,Spanish,English,yes,with_family,yes,no,yes,2.999
T14_0355,4.152,3.125,3.763,2.984,3.418,3.005,1.436,2.765,1.684,3.814,2.772,21.0,7.117,20.652,27.002,4.0,3.375,2.448,3.369,3.408,2.004,woman,third_or_later,later,Spanish,both,no,away_from_family,yes,no,yes,3.976
T14_0356,3.554,2.675,3.377,2.577,3.019,3.575,2.5,3.741,2.487,2.48,2.925,22.0,7.248,9.974,14.334,5.0,3.129,1.204,3.53,2.506,2.092,woman,first,later,Spanish,both,no,away_from_family,yes,no,no,4.039
T14_0357,3.488,2.465,3.06,3.153,3.309,2.567,1.861,2.366,3.907,2.298,2.626,29.0,6.64,17.788,18.989,6.0,2.626,4.093,1.987,2.57,3.213,man,second,first,Spanish,English,no,away_from_family,yes,no,no,3.522
T14_0358,3.227,2.621,2.468,3.871,2.295,4.011,3.415,2.395,3.861,3.899,2.559,21.0,7.996,19.373,30.464,5.0,2.584,2.939,2.404,3.171,3.527,woman,second,first,English,English,no,away_from_family,no,no,yes,2.969
T14_0359,3.67,4.1,1.861,4.013,2.553,3.227,2.984,4.047,3.469,3.242,3.311,23.0,8.612,19.37,21.601,2.0,3.065,2.058,4.3,2.457,3.776,woman,second,later,English,Spanish,yes,away_from_family,no,yes,yes,2.384
T14_0360,3.601,3.022,4.495,3.472,2.479,3.473,3.107,1.567,2.76,2.931,2.801,18.0,6.267,20.477,26.327,3.0,4.511,2.618,4.303,3.344,2.676,nonbinary_or_self_described,third_or_later,later,Spanish,both,no,with_family,yes,yes,yes,3.624
