participant_id,exercise_duration,sleep_quality,study_demands,financial_strain,social_support,time_management,sleep_hours,study_hours_week,paid_work_hours,course_load_units,study_breaks_day,longest_study_hours,sitting_hours_day,caffeine_mg_day,commute_minutes,baseline_worry,activity_self_efficacy,schedule_control,age_years,outdoor_hours_week,housing_disruption,sports_team_participation,injuries,exercise_type,exam_period,gender,year_in_college,housing,first_generation,caregiving,recreation_access,stress_level
T08_0001,56,7.8,6.7,9.7,3.7,6.2,5.8,27,12,12,7,3,9.9,130,8,7.7,1.2,4.1,24,9.1,5.8,no,no,resistance,ordinary,woman,later,with_family,no,no,yes,4
T08_0002,77,7.2,3.1,5.4,6.4,5.5,7.2,21,3,9,5,0.75,6.4,203,61,2.5,5.4,5,23,8.7,4.5,no,no,mixed,ordinary,woman,later,with_family,yes,no,yes,2.25
T08_0003,37,3.3,6.3,5.7,5.5,7,6.9,14,4,15,2,3.25,6.1,54,51,4,3,6.5,21,2.8,4.9,no,yes,aerobic,exam,woman,later,with_family,no,no,yes,3
T08_0004,65,5.5,2.7,6.5,8.8,7.5,7.1,6,22,10,6,2.25,6.4,67,12,4.5,3.1,2.9,33,6.2,4.4,no,no,mixed,ordinary,woman,first,away_from_family,no,no,yes,3
T08_0005,30,5.9,5.4,4.7,7.7,5.6,8.6,12,3,13,1,1.25,9.5,296,26,5.8,6.5,7.8,23,4.2,3.2,yes,no,mixed,exam,man,first,with_family,no,no,no,5.5
T08_0006,82,4.6,7,8.1,3.4,8.9,8.8,33,10,9,4,3.25,4.1,77,29,3,5,6.8,24,7.2,3.7,no,no,mixed,ordinary,woman,first,away_from_family,no,no,yes,2.75
T08_0007,58,1.7,3.1,7.5,3.7,5.7,6.4,25,7,10,4,3.25,5.7,247,30,1.8,4.3,1.5,24,0.8,1.9,yes,no,mixed,ordinary,woman,later,with_family,no,no,yes,4
T08_0008,14,7.7,4.9,2.9,4.9,8.2,7.2,17,3,11,3,0.5,6.7,34,31,2.7,7.1,6.9,25,5.7,3.2,yes,yes,mixed,ordinary,man,first,with_family,yes,yes,yes,2.75
T08_0009,39,4.7,5.2,4.1,5.6,4.7,8,27,18,6,4,2.5,7.7,95,45,4.7,5.4,4,23,1.6,5.5,yes,no,aerobic,ordinary,woman,later,away_from_family,no,no,yes,4.75
T08_0010,62,4.5,7.3,4.8,3.5,3.4,7.5,26,15,9,3,2,9,196,9,4.8,3.5,3,27,7.9,6.2,no,no,mixed,exam,woman,first,with_family,no,yes,yes,2.25
T08_0011,45,6.5,4.4,5.9,9.6,4,7.7,11,15,6,1,0.75,5.7,86,20,2.9,4.4,2,25,3.4,0.4,yes,no,mixed,exam,man,later,away_from_family,no,no,no,3.5
T08_0012,92,7,5.3,8.4,3.8,5.1,7.2,36,7,10,5,2.25,4.6,372,19,4.3,3.5,5.5,24,1.2,3.1,yes,no,mixed,ordinary,man,later,away_from_family,no,yes,yes,4.25
T08_0013,42,5.6,7.4,3.3,3.5,4.9,7.6,22,14,16,7,2,5.9,299,33,4.4,4.2,5.9,22,4.4,5.5,no,no,resistance,ordinary,woman,later,with_family,yes,no,no,3.75
T08_0014,111,5.5,5.2,5,8,6,6.8,17,4,16,1,2,4,119,52,5.7,4.1,3.9,25,13,5.5,no,no,aerobic,ordinary,woman,later,with_family,no,no,yes,4.5
T08_0015,66,3.9,8.7,7.1,4,5.2,7.5,34,16,14,3,2,7.6,124,12,8.2,4.4,5.9,23,3.7,5.5,no,yes,mixed,ordinary,man,first,with_family,no,yes,no,4.25
T08_0016,30,9.5,5.4,6.6,4.8,3.2,7.9,17,26,13,2,1.5,6.8,142,21,5.8,6.9,5.4,21,12.7,0.4,no,no,mixed,exam,man,later,with_family,no,no,no,4.75
T08_0017,62,2.6,5.1,4.3,2.3,9,8.6,27,20,14,2,2,4.3,200,36,3.8,5.4,6,21,4,5.9,no,no,mixed,ordinary,woman,first,with_family,no,no,yes,3.75
T08_0018,45,4.9,5.5,5.4,4.1,5,8.6,17,8,8,5,3.75,7.4,157,55,4,3.8,5.9,26,11,7.6,no,no,resistance,ordinary,woman,later,away_from_family,yes,yes,yes,2.5
T08_0019,21,6.8,5.3,7.1,5.3,1.7,6.8,21,3,12,2,2,8.8,41,2,3.4,4.8,5.4,27,6,5.2,no,no,resistance,exam,man,first,with_family,yes,no,yes,3.75
T08_0020,76,8.4,3.5,4.6,5.4,6.4,7.6,21,9,14,5,1,7.1,174,30,6.9,5.3,6,23,12.1,6.3,no,no,aerobic,exam,woman,first,away_from_family,yes,no,yes,2.75
T08_0021,61,5.1,6.5,5.7,4.7,3,8,30,33,10,2,2.5,9.4,213,50,2.5,2.5,7.3,25,6.6,3.2,no,no,aerobic,exam,woman,later,away_from_family,no,no,yes,4.5
T08_0022,47,2.9,5.4,4.7,2.6,2.5,7.3,19,36,12,4,1.75,5.2,143,27,7.1,2.9,8.6,20,8.1,5.2,no,yes,mixed,exam,man,later,away_from_family,yes,yes,yes,4
T08_0023,46,3,5.7,5.2,5,2.7,6.6,37,11,16,3,1.75,8.7,57,1,5.9,3.4,5.7,22,2,6,no,no,aerobic,exam,man,first,away_from_family,yes,yes,yes,4.5
T08_0024,24,4.6,4.9,6.2,2.8,5.9,7.7,18,18,14,4,2.25,6.3,97,19,5.5,9.5,6.4,23,0.5,4.6,yes,no,resistance,ordinary,woman,first,with_family,yes,yes,no,5
T08_0025,52,6.8,3.2,6.6,6.7,4.1,7.7,19,12,17,3,1,6.6,112,38,2.4,5.1,5.8,25,0.9,3,yes,no,mixed,ordinary,man,later,away_from_family,no,no,yes,2.25
T08_0026,64,5.1,4.5,6.8,4.3,4,6.3,9,8,17,5,1.25,6.7,197,1,5.6,5.2,4.3,29,7.6,3.8,no,no,aerobic,ordinary,man,later,with_family,no,no,yes,4.25
T08_0027,59,4.5,5,2.2,2.9,7.2,6.8,28,10,13,6,2.25,4.4,304,50,4.6,6.2,5.8,24,3.9,3.5,yes,no,resistance,ordinary,man,later,with_family,no,no,no,4
T08_0028,35,4.8,2,6.5,2.9,2.6,7.8,9,17,12,5,2,7.2,336,19,7.8,4.1,4.2,21,4.5,5.7,no,yes,mixed,exam,woman,later,away_from_family,yes,no,yes,3.75
T08_0029,19,6.6,4.6,4.4,3.1,3.2,6.8,9,7,10,6,1.25,4.7,192,16,7.2,5.8,1.2,26,11.2,7.7,yes,no,mixed,ordinary,woman,first,away_from_family,yes,no,yes,4.25
T08_0030,59,7.1,3.1,6.1,4,5.3,7.8,18,16,12,2,3.25,5.4,121,38,0.8,7.4,4.3,29,11.5,3.6,no,no,mixed,ordinary,man,first,with_family,yes,yes,yes,3.5
T08_0031,27,2.9,3.1,2.9,5.3,4.3,5.5,11,4,11,3,2.5,3.3,301,36,5.8,1.4,8.1,24,6,4,no,no,mixed,exam,man,later,away_from_family,yes,yes,yes,4.5
T08_0032,32,6.8,5.1,4.6,2.4,6.4,7.3,18,24,9,0,2.25,6.7,102,5,4.5,5.3,6.6,25,5.1,3.1,no,no,aerobic,ordinary,woman,later,with_family,yes,no,no,3.25
T08_0033,11,6.3,6.8,5.9,9.1,3.4,6.6,21,17,14,3,3.25,9.8,177,40,4.5,6.7,5.3,24,7.2,2.5,yes,no,aerobic,ordinary,man,first,away_from_family,yes,no,no,4
T08_0034,31,5.3,4.8,4.1,4.8,3.2,8.4,10,5,14,8,1.75,8.3,128,30,2,6.6,6.1,23,6.6,3.2,no,yes,aerobic,exam,woman,later,with_family,yes,no,yes,3.25
T08_0035,31,8,6.6,2.9,5.2,3.6,5.4,35,32,11,4,1.75,9.7,215,26,5.9,2.1,3,26,7.6,0.2,yes,yes,aerobic,exam,man,later,away_from_family,no,no,no,4.5
T08_0036,56,0.7,6.8,4.9,7.9,2.1,7.1,20,9,11,2,0.75,7.4,113,12,6.2,3.2,5.1,27,3.2,7.8,yes,yes,aerobic,exam,man,first,with_family,yes,no,yes,4
T08_0037,27,6,6.2,5.8,2,6.1,6.7,22,8,10,2,2.75,8.5,124,5,5.7,2.3,4.8,26,11.9,4.5,yes,no,aerobic,exam,woman,later,away_from_family,no,yes,yes,2.75
T08_0038,54,6.6,3.7,2.8,9,6.1,6.9,20,7,7,2,3.25,5.3,133,47,8.3,2.8,5.3,26,2.7,4.3,yes,no,aerobic,exam,man,later,with_family,yes,yes,no,3
T08_0039,25,4.5,3.3,5.5,8,2.9,6.1,10,26,17,2,2.5,7.2,54,26,4.6,5.2,3.8,20,6.7,4,yes,no,mixed,ordinary,woman,first,with_family,yes,no,no,3.75
T08_0040,4,6.6,5.8,4.5,9.4,5.8,6.9,9,7,19,5,2.5,8.5,86,13,3.7,6,5.3,25,3.1,5.7,yes,no,mixed,ordinary,man,first,away_from_family,no,no,no,2.5
T08_0041,25,4.9,4.4,7,5.8,6.3,7,32,20,13,2,1.25,8.5,76,13,2,5,3.6,21,6.8,1.9,yes,no,mixed,exam,man,later,away_from_family,no,no,yes,3.75
T08_0042,12,5.9,6.7,6.6,4.8,5.8,7.5,18,9,12,4,3,7,81,59,5.5,8.4,9.6,29,5,6.2,no,no,resistance,exam,woman,first,away_from_family,no,yes,yes,4.75
T08_0043,33,3.1,3.8,8.9,6.9,4.8,6.1,35,30,12,6,2.25,8.5,210,13,1.6,3.9,7.2,19,10.5,2.8,no,no,aerobic,ordinary,man,later,away_from_family,no,no,yes,3.25
T08_0044,47,5.6,7.4,7.1,7.7,4,5.9,12,22,13,5,2.75,10,277,41,8.6,3.4,2.7,24,1.8,9.6,no,no,resistance,ordinary,woman,later,with_family,yes,yes,no,3.75
T08_0045,30,1.7,3.9,4.3,5.9,6.5,6.4,33,11,11,3,1.75,5.4,203,34,5.4,6,3.5,20,4.5,3.1,yes,no,aerobic,ordinary,man,first,with_family,no,no,yes,4
T08_0046,43,4.5,6,5.5,2.7,6.4,9.3,9,7,11,1,3,8.7,66,64,3.3,7.2,1.7,29,9.8,4,no,no,aerobic,exam,woman,first,with_family,no,yes,no,2.75
T08_0047,62,6.4,6.9,3.7,5.9,5.4,6.9,24,13,9,2,1.5,7.8,136,1,5.2,5.9,5.3,21,6.1,3.9,no,yes,aerobic,ordinary,woman,first,away_from_family,yes,no,yes,3.75
T08_0048,32,7.3,3.3,3,2.6,5.2,5,40,15,10,9,2,4.6,17,31,6.5,7.2,5.6,22,3.3,4.9,no,no,resistance,ordinary,woman,later,away_from_family,yes,no,yes,4.25
T08_0049,8,6.4,2.8,6.1,4.1,3.8,5.7,20,14,14,1,1.5,5.7,70,2,5.6,6.3,2.9,22,5.7,6.5,no,no,mixed,ordinary,woman,later,with_family,no,yes,yes,2.75
T08_0050,71,2.4,2.5,5.3,5.7,5.4,6.9,15,3,12,4,2,7.6,105,34,7.6,4.5,5.6,26,5.4,3.7,no,no,mixed,ordinary,woman,later,with_family,no,yes,yes,3
T08_0051,33,2.5,5.4,6.2,7.9,4.3,7.7,22,4,14,5,1.75,10.6,29,22,4.1,5.1,4,24,5.7,3,no,no,mixed,ordinary,nonbinary_or_self_described,later,with_family,no,yes,yes,3
T08_0052,71,3.4,7.1,7.2,7.2,5.1,5.3,28,8,12,5,3,8.2,160,27,6.6,5.5,7.5,30,9.2,5.8,yes,no,mixed,ordinary,man,first,with_family,no,no,no,4.5
T08_0053,31,7.6,6.2,2,1.9,5.2,7.7,13,13,9,5,1.75,7.3,63,29,2,5.8,4.9,29,12.7,6.3,no,no,mixed,ordinary,woman,later,away_from_family,yes,no,yes,1.75
T08_0054,32,7.1,4,3.4,6.5,3.2,7.6,22,16,8,7,2.25,4.9,130,22,3.2,6,3.6,22,3.6,3,no,no,mixed,exam,woman,first,away_from_family,no,no,yes,3
T08_0055,34,7.1,2.5,3.1,6.5,1.9,7.1,13,2,14,5,3.5,7.2,125,24,4.5,5.3,6,33,5.9,3.7,no,no,aerobic,exam,woman,later,away_from_family,yes,no,yes,3
T08_0056,48,4.3,6.1,7.5,3,3.9,7.9,23,9,11,4,4.25,6.3,71,59,4.1,5.7,7.5,23,7.4,6.2,yes,no,mixed,ordinary,woman,first,with_family,no,no,yes,3.75
T08_0057,44,7.3,4.1,2.6,4.8,4.3,8.5,17,20,15,6,3.25,7,202,12,3.3,6.5,4.9,18,0.1,6.6,no,no,aerobic,ordinary,woman,first,with_family,yes,no,no,2.75
T08_0058,51,3.9,5.9,6.2,5.2,4.6,8.2,32,2,17,1,2.25,6.3,280,18,4.9,2.5,5.2,25,7.9,5.7,yes,yes,mixed,exam,woman,later,away_from_family,no,no,yes,4.5
T08_0059,13,7.5,1.8,4.5,5.8,2.2,8.5,8,29,17,5,1.75,5.8,296,29,5,4.9,5.2,19,5.3,3.3,no,no,aerobic,ordinary,man,later,with_family,no,yes,yes,2.75
T08_0060,14,3.1,5,4.6,6.4,3.4,7.5,13,0,12,6,2.5,10.1,140,12,5.6,2.5,3.4,20,5.3,7.2,no,no,mixed,ordinary,woman,later,with_family,yes,no,yes,3
T08_0061,56,6.4,5.9,5.1,3.3,5.7,5.4,11,29,15,3,2.5,9.4,152,57,2.9,7.9,7.1,27,11.1,6.1,no,yes,aerobic,exam,woman,later,away_from_family,yes,yes,yes,4.75
T08_0062,38,2.9,4.3,7.2,4.2,3.9,6.7,32,16,16,2,2.25,8.3,55,43,6.8,6.8,6.9,24,7.4,4.5,no,no,aerobic,exam,woman,first,away_from_family,no,no,no,4.25
T08_0063,63,3.3,6.8,8.9,4.3,6.8,7.5,22,6,9,3,1.75,7.9,86,12,5.2,5.1,6.4,18,1.7,6.7,no,no,mixed,exam,man,later,with_family,yes,no,yes,4.5
T08_0064,30,3.9,4.3,7.1,4.3,6.9,7,28,15,17,3,3,7.8,70,23,3.2,0.6,8.6,21,5.9,3.6,no,no,aerobic,ordinary,woman,later,away_from_family,yes,no,yes,4.5
T08_0065,29,3.3,3.7,5.9,5,5,7.4,25,11,13,1,1.5,4.4,216,22,3.4,5.8,6.6,19,5.4,3.2,yes,no,mixed,exam,man,first,away_from_family,no,no,yes,3
T08_0066,6,4.2,3.8,2.6,6.2,2.5,7,10,9,4,1,2,8.9,89,29,3.8,6.2,4.7,24,11.3,5,yes,no,aerobic,ordinary,woman,later,with_family,no,no,yes,3.5
T08_0067,41,4.2,6.1,3.8,5.3,3.1,7.4,8,12,9,5,3.25,10,66,53,6.3,5.7,6.2,26,3.5,1.5,no,no,mixed,ordinary,man,first,with_family,no,no,no,4.5
T08_0068,55,2.5,7.4,4.9,6.2,7,8.7,26,2,13,5,2,5.7,1,6,3.2,3.2,6.3,21,5.4,3.8,no,no,resistance,ordinary,man,later,away_from_family,yes,no,yes,3
T08_0069,56,6.8,5.7,5.3,5.1,3.2,6.3,7,9,9,5,1.5,5.3,132,56,2,4.2,6.9,18,2.7,6.7,no,no,aerobic,ordinary,woman,first,away_from_family,no,no,yes,2.75
T08_0070,48,4.4,8.4,4.8,3,5.8,7.1,24,4,16,4,2.5,7.5,125,46,4.3,6.5,4.2,21,5.6,6.5,yes,no,mixed,ordinary,man,later,away_from_family,no,no,yes,4.75
T08_0071,86,6.6,7,2.6,4.6,3.4,7.2,21,1,13,6,2,6.5,157,61,5.8,8.4,5.2,30,2.5,5.5,yes,yes,mixed,ordinary,woman,later,with_family,no,yes,no,4.5
T08_0072,86,4.5,2.9,4.8,4.2,3.2,7.4,25,18,19,2,1.75,9,187,61,4.8,2.1,3.6,19,2,3.5,no,no,aerobic,ordinary,man,later,away_from_family,no,no,yes,4.25
T08_0073,7,8.5,7.4,5,5.3,6.4,7.4,27,1,16,4,2.25,4.9,0,42,9.1,4.2,3.3,24,8.1,8,yes,no,mixed,ordinary,woman,later,with_family,no,no,no,2.75
T08_0074,17,7.7,1.3,7.6,3,1.4,8.6,37,16,17,9,2.5,9.2,169,34,4.9,3.1,4.9,30,7,3.6,yes,no,mixed,ordinary,nonbinary_or_self_described,first,away_from_family,yes,no,yes,3.5
T08_0075,74,6.9,3.4,3.3,6.2,5.6,7.8,30,3,8,4,2.25,8.5,32,6,2.6,2,3.2,21,3.8,4,yes,no,aerobic,ordinary,man,later,away_from_family,no,no,yes,4
T08_0076,60,2.2,6.5,1,2.8,4.8,8.9,21,19,17,4,2.25,6.4,115,72,3.7,2.8,3,31,5.3,6.2,no,yes,resistance,exam,nonbinary_or_self_described,later,away_from_family,yes,yes,no,2.75
T08_0077,87,5,6.7,3.1,3.5,2,7.6,30,15,9,4,1.5,6.4,317,18,5.4,4,6.2,20,6.4,7.6,no,no,resistance,ordinary,woman,first,away_from_family,yes,yes,yes,5.25
T08_0078,65,4.7,5.8,4.7,3,4.1,8.1,11,23,10,4,0.75,5.5,236,26,5.1,9.1,4.9,22,5.5,9.4,no,yes,mixed,exam,man,first,away_from_family,yes,no,yes,4.25
T08_0079,57,6.1,1.7,4,6.6,5.8,8.1,5,20,18,2,3.75,10.5,131,27,4.9,4.3,5.8,30,5.5,7.4,no,no,aerobic,ordinary,woman,later,away_from_family,yes,yes,no,2.75
T08_0080,88,3.5,7.7,5,3.8,4.9,5.6,9,9,8,2,2.75,8.1,117,5,6.2,2.7,9,24,5.5,7.3,yes,no,resistance,ordinary,woman,first,away_from_family,no,no,no,5.5
T08_0081,16,1.3,1.2,4.6,5.8,4.5,6,10,15,13,6,1.75,5.5,151,8,6.6,7.3,6.9,19,2.3,2.3,no,no,resistance,ordinary,man,first,away_from_family,yes,no,no,4.5
T08_0082,85,3.5,6.8,2.9,0.1,5.4,7.8,15,13,14,1,4,10.8,137,10,6.2,7.1,5.2,24,9.4,5.9,yes,no,mixed,ordinary,man,later,away_from_family,yes,yes,yes,3.75
T08_0083,14,3.8,3,4.6,6.2,4.6,6.2,24,7,9,4,2.5,6.9,97,10,5,6.6,8,28,5,5.5,no,no,mixed,exam,man,first,with_family,no,yes,no,4.25
T08_0084,70,7.7,5.8,3.4,2.3,5.1,6.8,11,4,11,6,2.75,8.7,140,38,2.3,4.4,1.5,19,2.6,4.9,no,no,aerobic,exam,man,first,away_from_family,no,no,yes,3.5
T08_0085,62,8.1,5.9,4.6,6.5,5.8,7.5,29,4,10,7,2.75,5.3,139,14,2.5,5,6.5,33,3.2,4.5,no,no,mixed,exam,man,first,away_from_family,no,no,yes,2
T08_0086,28,8.8,4.2,6.2,8.5,5.3,6.6,11,16,13,4,1.5,5.1,152,68,5.2,5.4,2.5,29,7.6,5.9,no,no,mixed,ordinary,man,later,away_from_family,yes,no,no,3.25
T08_0087,81,5.6,3.5,4.4,6.6,2.3,7,22,22,11,5,3,8.7,55,28,4.1,3.2,4.8,22,4.8,4.3,no,no,aerobic,ordinary,man,later,away_from_family,yes,yes,yes,3.5
T08_0088,61,4.8,5.4,4.1,5.9,4.5,7.3,25,5,7,6,2.75,8.8,64,61,4.7,1.2,6.2,23,0.9,4,no,yes,mixed,exam,man,first,away_from_family,no,no,yes,4
T08_0089,28,5.9,5.6,2.8,5.1,4.7,6.9,11,16,10,3,2.25,3.9,54,4,4.1,5.3,3.8,24,3.6,3.9,no,no,mixed,ordinary,woman,later,away_from_family,no,no,no,3
T08_0090,12,5.4,3.8,5.3,4.8,3.5,4.7,12,37,11,4,3.25,10.4,121,52,4.9,4,5.1,23,6.7,7.6,no,no,mixed,exam,woman,later,with_family,no,no,yes,5
T08_0091,45,6.7,1.2,4.9,4.8,5.8,6.8,17,30,15,4,0.25,11.8,143,49,5.9,5.6,3.1,28,2.8,5,no,no,mixed,ordinary,man,first,with_family,yes,no,yes,4.25
T08_0092,44,2.5,4.4,1,4.8,3.3,7.3,25,31,11,5,0.75,5.8,17,6,3.2,8.4,3,20,8.6,3.8,no,no,aerobic,ordinary,woman,later,away_from_family,no,no,yes,3
T08_0093,27,1.7,4,5,5.6,5,7.3,8,19,14,2,0.25,10.6,233,17,2.6,6.5,5.6,26,7.7,4.6,no,no,resistance,ordinary,man,first,with_family,yes,no,no,4.25
T08_0094,61,7.9,3,2.8,5.1,3,8.6,3,11,15,0,2.5,7.3,171,15,4.7,3.4,3.8,24,8.2,8.1,no,no,aerobic,ordinary,woman,first,with_family,yes,no,yes,4.25
T08_0095,51,5.4,5.7,3.6,7.7,6.4,7.2,22,18,14,2,1,7,161,43,5.7,5.6,6,30,7.3,4.9,yes,yes,aerobic,ordinary,man,later,with_family,no,no,no,2.5
T08_0096,60,9.1,6.5,4.8,5.7,7.1,7.6,18,8,10,5,1.5,6.9,102,28,2.5,8.5,2.4,22,0.9,5.8,yes,no,mixed,ordinary,woman,first,with_family,no,no,yes,3.75
T08_0097,50,4.9,6.8,3.7,6,1.2,6.8,21,22,10,2,1.5,4.5,228,6,7.9,7.6,5.1,22,1,1.1,no,no,mixed,exam,woman,later,away_from_family,no,no,yes,3.75
T08_0098,24,3.4,6,5,6.4,4.5,6.3,24,3,8,5,3.75,8.9,168,15,8.8,7.1,3.3,20,10.9,7.4,yes,yes,aerobic,ordinary,woman,first,with_family,no,yes,no,3.5
T08_0099,47,5.2,3.4,2.9,4.3,5.7,6.7,24,17,14,5,1.75,5.2,25,30,3.7,6.8,3,25,5.8,2.5,no,no,mixed,ordinary,woman,later,with_family,yes,no,yes,4
T08_0100,17,5,7.3,4.3,4.8,3.1,7.3,21,5,11,3,2.75,7,18,25,1.3,5.6,3.7,25,6.9,6.8,yes,no,mixed,ordinary,woman,later,with_family,yes,yes,yes,5
T08_0101,31,5,6.9,0,3.8,5.1,8.9,25,9,11,6,1.75,9.7,80,14,7.9,4.7,5.6,25,7.2,0.7,yes,yes,aerobic,ordinary,nonbinary_or_self_described,later,away_from_family,no,no,no,3
T08_0102,54,4.1,7.5,5.4,5.7,1.4,9.1,19,25,17,2,2.75,4.3,108,4,7.1,4.9,3.9,29,5,3.7,no,no,mixed,ordinary,man,later,with_family,no,no,yes,5.25
T08_0103,32,4.4,5.2,3.4,5.6,2.8,4.6,31,2,7,3,1.5,7.7,61,59,4.2,5.7,5,26,8.7,3.6,no,no,aerobic,ordinary,woman,first,away_from_family,no,no,yes,4.25
T08_0104,37,6.1,4.9,4.5,4.3,6.3,6.5,14,25,9,4,1.75,8.4,273,25,6.8,4.3,6.2,31,5.1,3.9,yes,no,mixed,ordinary,woman,first,with_family,no,no,yes,2.25
T08_0105,99,6.7,4.5,4.5,6.6,7,7.7,25,11,10,3,0.25,9,138,32,3.4,6.2,7.3,23,8.6,6.4,no,no,mixed,exam,woman,first,with_family,yes,no,yes,2.75
T08_0106,12,2.5,3.8,8.6,7,4.4,6.3,6,24,12,4,2.5,8.5,95,20,3.9,5.7,9.3,24,7.1,5.2,no,no,mixed,exam,man,first,with_family,yes,no,yes,3.75
T08_0107,66,3.8,3.7,5.6,6.2,5,6.4,25,14,12,4,2.5,5.6,171,28,5.4,3.7,2.3,24,5.4,5.6,no,no,aerobic,ordinary,man,first,with_family,no,no,yes,3.75
T08_0108,18,6.5,5.5,3.6,6.1,6.1,6.6,7,21,11,5,0.5,3.9,106,47,4.6,7.1,3.2,28,2.7,8.5,no,no,mixed,ordinary,nonbinary_or_self_described,first,with_family,no,no,yes,3.25
T08_0109,38,4.6,5.7,5,5.1,3.9,6.8,12,26,14,2,2,5.2,81,78,1.9,5.4,5.4,18,2.4,6.4,no,no,aerobic,exam,woman,first,with_family,no,yes,yes,3.75
T08_0110,98,6.2,6.9,5.6,7.3,1.9,6.9,27,22,12,7,2,8.9,223,25,6.5,5.8,5.3,22,3.8,5.9,no,no,mixed,exam,woman,later,away_from_family,no,no,yes,3.75
T08_0111,45,5.2,3.8,6.8,7.5,7.6,4.9,9,32,11,4,1,6.5,60,13,4.9,2.3,7,28,2.5,5,no,no,aerobic,exam,woman,later,away_from_family,no,no,yes,3.75
T08_0112,70,5.1,5.7,7.8,7.9,2.4,6.1,23,0,9,6,3.5,6.2,189,7,4,3.2,6.3,19,7.5,3.8,no,yes,aerobic,ordinary,man,later,with_family,yes,no,yes,3.75
T08_0113,6,0.4,5.2,7.6,3.6,1.1,7.1,24,8,11,7,2.5,6.2,246,35,4.7,5.4,5.8,21,7.2,1.2,no,yes,resistance,exam,man,later,away_from_family,yes,no,yes,5.75
T08_0114,54,3.8,3.7,3.4,6.4,4.8,7.7,20,9,11,5,0.5,7.2,163,27,2.8,9.2,7.1,28,5.2,5.1,yes,yes,aerobic,ordinary,woman,later,away_from_family,no,no,yes,3.75
T08_0115,58,6.5,4.8,5.4,5.6,3.9,8.7,22,6,13,4,2.25,6.9,232,40,3,3.7,5.2,24,0.5,5.3,yes,no,resistance,ordinary,woman,later,away_from_family,yes,no,yes,3
T08_0116,56,4,4,6.4,5.3,6.7,8.4,28,15,9,3,3,8.6,198,39,5.2,5.4,5,23,1.1,6.8,yes,no,mixed,exam,man,first,with_family,yes,no,yes,4.25
T08_0117,65,2.3,3.7,4.4,6,3.3,6.2,16,15,15,3,3.75,6.2,106,30,6.6,5,4.4,19,5.6,2,no,yes,aerobic,ordinary,woman,later,with_family,no,no,yes,3.5
T08_0118,34,6.4,7.5,4.9,2.6,4.7,8.3,24,11,7,2,2.5,10.7,32,20,4.3,3.4,5.6,30,4.3,5.3,no,yes,aerobic,exam,woman,later,away_from_family,no,no,no,4
T08_0119,23,3.8,6.7,6.1,3.4,3.4,7.4,18,1,15,7,1.75,7.1,178,28,4.4,6.5,4.8,25,8.6,4.4,no,no,resistance,ordinary,man,first,with_family,yes,no,yes,4.75
T08_0120,55,4.7,5.7,4.6,9.6,6.1,6.6,22,13,11,4,2.5,9.9,297,14,4,5.7,8,23,10.2,5,no,no,aerobic,ordinary,man,later,away_from_family,no,yes,yes,4
T08_0121,31,5.7,3.8,6.1,1.6,5.1,6.7,14,11,13,9,1,10.2,221,23,6.6,7.1,6,22,2.8,6.1,no,no,aerobic,exam,man,later,with_family,no,no,yes,3.5
T08_0122,37,6,4.7,5.8,5,6,6,6,2,11,4,1.5,6.1,202,50,4.9,3.3,6.1,26,3.9,4.6,no,no,mixed,ordinary,woman,later,away_from_family,yes,no,no,4
T08_0123,11,8.5,3.5,1.6,8,5.7,6.8,22,1,13,2,2,5.1,61,26,5,3.1,4.4,18,6.8,2.8,no,no,mixed,ordinary,man,first,away_from_family,no,no,yes,2.25
T08_0124,57,5.1,1.3,5.1,8.2,4.8,6.4,12,9,13,1,2.5,5.4,371,11,2.8,6.2,6.2,19,0.7,7,no,yes,aerobic,exam,man,later,away_from_family,yes,no,no,5.5
T08_0125,84,7.3,6.3,1.8,3.9,2.6,7,21,14,9,8,2.25,7.6,151,12,3.6,4.7,7.6,31,2.3,7.6,no,no,aerobic,ordinary,woman,first,away_from_family,yes,no,no,2
T08_0126,66,2.4,5.7,1.9,4.4,2.5,7.9,16,2,8,2,2.75,5,285,14,6.9,4.6,4.4,23,8.3,7.6,no,no,aerobic,exam,woman,first,away_from_family,no,no,yes,2
T08_0127,23,4.7,7.3,7.1,2.5,3.3,7.5,5,14,12,2,2,5.2,304,39,0.8,4.6,5.8,22,10.5,5,no,no,aerobic,exam,man,later,with_family,no,yes,yes,4.5
T08_0128,14,3.4,4.6,3.6,4.2,6.9,8,12,18,15,5,0.75,6.6,245,52,6.8,3.2,4.5,19,1.5,4.3,no,yes,mixed,ordinary,man,first,away_from_family,no,no,yes,4.25
T08_0129,78,5,5,3,6.1,6.4,7.8,16,13,13,5,1.5,7.5,64,26,3.3,6.1,2.9,25,3.9,7,no,yes,resistance,exam,man,later,with_family,no,no,yes,3.25
T08_0130,63,5.9,2,6.1,1.9,2.1,8.5,15,1,14,4,2.75,6.4,63,41,5.7,7.8,4.1,24,2.8,3.7,no,no,mixed,ordinary,woman,first,with_family,no,no,yes,4.5
T08_0131,57,3.1,7.3,5.6,1.8,6.2,8.4,32,9,8,3,1.5,4.7,188,21,6.9,5,5.1,23,3.5,4.8,yes,no,mixed,ordinary,woman,first,away_from_family,no,no,yes,2.5
T08_0132,77,5.3,7.6,6.1,2.2,5.9,7,22,15,12,8,2.75,5.2,126,13,4.3,3.8,3.3,21,6,0.8,no,no,mixed,ordinary,man,later,with_family,yes,no,yes,1.75
T08_0133,17,3.4,2.6,2,5.7,4.2,8.6,33,3,13,2,3.25,5.8,204,27,3,3,4.3,24,0.7,3.8,no,no,aerobic,ordinary,woman,later,away_from_family,no,yes,yes,4.5
T08_0134,10,2.9,6.8,6.4,4.7,6,6.5,17,6,11,6,1.75,7.2,167,38,3.5,4.1,7.7,23,5.3,4.9,yes,no,mixed,ordinary,woman,later,with_family,yes,no,yes,4
T08_0135,36,2.9,5,3,5.7,6.4,5.7,26,19,15,7,2,8.1,183,30,4.5,4.3,5.7,28,3.9,2.7,yes,no,mixed,ordinary,woman,later,with_family,yes,yes,yes,4
T08_0136,50,4.2,5.9,1.1,4.3,4.9,6.3,39,24,12,4,3.25,5.1,132,33,6,6.4,0.6,29,6.1,4.6,yes,yes,mixed,ordinary,woman,later,with_family,no,yes,yes,4.25
T08_0137,22,7.8,5.9,6.3,2.8,6.1,5.8,16,5,14,6,2,2.7,193,49,5.5,4.9,4.8,24,5.6,5.8,no,yes,resistance,ordinary,man,first,away_from_family,no,no,yes,4.25
T08_0138,58,4.2,3.7,3.2,7.2,6.8,7.7,15,18,16,7,3.75,7.4,76,48,6.7,5.9,6.4,23,8.7,6.8,no,no,mixed,ordinary,man,first,away_from_family,yes,yes,no,3.25
T08_0139,15,6.3,2.1,3.2,4.6,5.8,7.9,22,11,7,6,1.5,2.8,86,52,7.3,3.4,1.8,21,11.6,5.6,no,no,aerobic,ordinary,woman,first,away_from_family,no,no,yes,4.5
T08_0140,27,4.5,3.8,3.5,7.7,5.1,6.5,19,14,15,6,2,8,155,0,7,5.6,8,25,1.8,5.1,no,no,aerobic,ordinary,woman,later,away_from_family,no,yes,no,2.75
T08_0141,51,2.7,4.3,6.5,3.7,5.8,9.9,17,27,10,4,3.25,4.4,257,28,6.8,3.3,8.4,26,2.9,3.7,no,no,mixed,ordinary,man,later,with_family,yes,no,no,4
T08_0142,23,5.4,4.4,4.7,2.2,5.3,6,28,17,9,5,2.25,3.9,76,2,5,3.5,2.8,28,4.3,7.1,no,no,mixed,ordinary,woman,later,with_family,no,yes,yes,3.25
T08_0143,55,3.1,3.1,6,6.1,4.8,6.5,23,2,12,3,1,8.2,44,38,4.6,2.9,7.1,31,8.2,7.2,no,no,resistance,ordinary,man,first,away_from_family,no,no,yes,3.25
T08_0144,88,4.7,4.9,3.1,5.8,1.4,8.3,22,13,12,8,1.25,5.1,58,34,4.4,3.6,4.8,19,8.4,4.5,yes,no,mixed,ordinary,woman,later,away_from_family,yes,no,yes,2.5
T08_0145,6,3.8,6.4,7.2,5.3,7.3,7.5,20,7,8,7,1.5,8.2,240,52,1.3,4,4.6,23,3.6,3.4,no,no,resistance,ordinary,man,later,with_family,no,no,no,4
T08_0146,74,3.2,5.8,4.3,5.4,8,7.7,31,3,13,6,3.75,8,182,57,4.2,4.1,4.4,25,2.2,1.7,no,no,mixed,ordinary,woman,later,with_family,no,no,no,3
T08_0147,70,7,4.5,2,5.8,3.7,6.8,32,39,15,8,2.75,5.5,110,14,5.1,4.8,8,28,6.4,7.9,no,no,mixed,exam,man,first,away_from_family,no,no,no,2.75
T08_0148,22,4.9,6,4,6,3.6,6.9,29,11,12,4,1.5,7,181,48,3.1,3.3,4.6,27,3.8,4.9,no,no,resistance,ordinary,woman,later,with_family,no,no,yes,3.75
T08_0149,77,5.4,5.4,5.2,4.4,6.1,6.5,16,6,16,4,2.25,5.7,114,37,9.6,3.3,2.9,27,3.4,3.2,no,no,mixed,exam,woman,later,with_family,no,no,no,4
T08_0150,35,6.3,4,2.1,6.5,5.2,6.5,9,24,6,7,3.25,4.9,2,5,4.9,3.6,1.2,27,5.4,6.6,no,no,mixed,ordinary,man,later,with_family,no,no,yes,3.75
T08_0151,24,4.1,5,5.5,4.2,5.6,7.1,7,19,15,5,2.25,6.7,265,34,4.3,2.7,7,25,11.2,2.9,yes,no,mixed,ordinary,woman,later,away_from_family,no,yes,yes,3.5
T08_0152,70,6,8.4,6.5,2.6,7,6.8,23,1,9,6,2.25,8.7,180,8,6,7.6,5.2,22,2,2.7,yes,no,mixed,ordinary,man,later,away_from_family,no,no,yes,5.5
T08_0153,54,4.6,6.1,7.2,5.5,6.7,8.1,13,10,17,3,2.75,9,151,62,2.3,3.2,4.5,26,6,4.8,yes,no,resistance,ordinary,man,later,with_family,no,yes,no,3.5
T08_0154,78,2.7,6.8,6.9,7.3,7.1,8.4,19,17,12,4,2.5,6.5,261,20,6,6.1,5.8,31,2.8,2.5,no,no,aerobic,exam,man,later,away_from_family,yes,no,yes,1.75
T08_0155,23,7.4,3.7,4.3,5.1,2.8,7.7,13,26,7,4,2.5,11.2,79,27,6,6.1,5.3,20,4.5,5.6,yes,yes,aerobic,ordinary,man,later,away_from_family,yes,yes,no,2.75
T08_0156,84,5.7,4.4,3.7,2.8,9.2,6.6,25,12,12,6,3,6.2,294,36,3.2,1.9,3,19,5.6,4.8,yes,yes,mixed,exam,woman,first,with_family,yes,yes,no,4
T08_0157,56,3.3,4,4,5,5.8,6.3,23,1,13,6,1.5,9,131,21,0.2,3.9,5.2,28,3.6,4.1,no,no,mixed,exam,man,later,away_from_family,no,yes,yes,3
T08_0158,20,5.8,6.2,3,8.4,9.3,5.8,22,15,11,2,1.75,5.1,70,30,3.7,6.6,5.1,28,4,4.5,yes,no,aerobic,exam,man,later,away_from_family,yes,yes,no,4
T08_0159,34,6.1,3.4,7.3,5.9,5.2,8.3,16,16,11,5,2.5,8,116,13,4.5,4.2,3.6,33,3.4,4.1,no,no,resistance,exam,man,later,with_family,no,no,no,3.75
T08_0160,28,5,7.9,2.4,2.4,5.6,7.6,7,2,13,4,1.75,3,123,22,2.9,2.7,5.1,19,0.6,6.6,yes,no,resistance,ordinary,woman,later,away_from_family,no,no,yes,4
T08_0161,39,0.5,6.5,2.9,5.4,6.3,6,25,16,15,7,3.25,8.6,240,29,5.9,4,9.6,25,0.7,2.3,yes,no,mixed,exam,man,first,away_from_family,yes,no,no,6
T08_0162,67,3,3.4,6.1,3.4,6,6.9,19,16,12,4,2.5,8,128,31,1.5,4.5,4.1,24,0.8,9.4,yes,no,mixed,ordinary,man,first,with_family,no,no,yes,4
T08_0163,66,3.2,5.6,6.5,6.2,6.2,8.7,33,20,8,2,1.75,7.1,197,38,2.3,7.5,5.3,25,2.9,1.7,yes,no,aerobic,ordinary,woman,later,away_from_family,no,no,yes,2.75
T08_0164,7,6.6,3.6,4.2,5.8,6.1,6.6,9,14,12,4,3,7.2,235,16,7.8,1,6.1,21,1.6,2,yes,no,aerobic,exam,woman,later,with_family,no,no,yes,3.25
T08_0165,47,6.2,4.7,6.3,7,3.5,6.4,20,24,11,3,2.75,8.1,158,17,4.5,5.5,3.4,22,7.7,4.3,no,no,mixed,ordinary,man,later,with_family,yes,no,no,3.75
T08_0166,117,4.8,5,1.6,5.3,7.7,6,4,16,19,3,1.75,7,199,27,9,4.2,1.9,30,2,6.3,no,no,aerobic,ordinary,man,later,away_from_family,yes,yes,no,4
T08_0167,94,4.6,4.1,6.5,8.1,2.5,7.2,28,34,13,2,3.25,7.9,29,27,4.8,6.1,5.2,32,4.8,2.3,no,no,mixed,ordinary,man,first,away_from_family,no,no,yes,4.25
T08_0168,44,4.6,6.5,2.5,6.3,6.5,7.1,10,15,13,2,2.75,7.4,214,36,5.6,4.7,2.8,25,9.4,7.8,no,no,resistance,exam,man,later,with_family,yes,no,no,4.25
T08_0169,18,9,7.5,4.6,2.4,4.6,6.8,42,17,8,6,2.5,4.2,62,47,4.3,5.6,3.3,28,2.4,3.5,no,no,mixed,ordinary,woman,first,with_family,no,no,yes,5
T08_0170,49,4.8,5.3,2.2,1.9,7,7.9,10,16,6,2,1.5,9.1,159,54,2.2,5.3,6.5,33,6.7,5.2,no,no,aerobic,ordinary,woman,first,away_from_family,yes,yes,no,4.25
T08_0171,75,6.3,3.2,4.3,4.7,4.4,8.9,4,28,11,5,2.5,7.3,201,36,6,2.7,4.2,18,2.7,1.7,no,yes,mixed,ordinary,woman,later,with_family,no,no,yes,2.25
T08_0172,26,7.1,6.2,7.1,5.2,7.9,7.4,29,38,11,5,1.25,5.7,50,5,7.7,2.7,3.6,25,9,4.1,no,yes,aerobic,exam,woman,first,with_family,yes,no,no,4.5
T08_0173,15,5,5.8,6,4,5.7,7.4,13,20,13,3,1.75,7.2,123,52,1.7,3.4,3.7,25,8.1,5.2,yes,no,mixed,ordinary,man,first,with_family,yes,no,yes,3.75
T08_0174,53,3.9,4.3,6.8,6.1,4.4,6.9,23,5,11,0,1.25,7,122,40,3.7,7.2,3.2,28,4.8,6.4,no,no,resistance,ordinary,man,later,away_from_family,yes,no,yes,3
T08_0175,3,4.6,5.7,2.1,5.6,6.8,6.4,7,11,9,7,0.75,6,161,24,5.4,3.7,4.1,26,5.1,7.5,yes,yes,aerobic,ordinary,woman,later,away_from_family,yes,no,yes,2.75
T08_0176,53,2.8,4.8,2.9,5.7,5.5,6.5,23,0,12,3,1.75,2.8,80,31,5.2,2.8,7,23,2.2,3.2,yes,no,mixed,exam,woman,later,with_family,no,no,no,2.75
T08_0177,49,6.5,5.9,7.6,4.9,4,6.5,6,23,15,3,3.25,8.2,188,34,8.7,5.2,2.4,19,5.5,6,yes,no,resistance,ordinary,woman,later,away_from_family,no,no,yes,3.75
T08_0178,26,6.5,5.8,4.8,6.5,5.7,9.2,19,18,12,4,1,7.3,65,25,6.3,6.4,5.6,22,2.8,3.9,no,no,aerobic,exam,nonbinary_or_self_described,later,away_from_family,yes,no,yes,2.75
T08_0179,47,7.9,8.1,4.1,5.3,5.8,5.8,14,6,13,8,2.25,3.5,68,33,4.3,5.9,3.9,25,3,6.3,no,no,mixed,exam,woman,first,with_family,no,yes,yes,3.75
T08_0180,50,2.9,3.8,4,4.9,8,7.2,16,17,12,4,2.5,7.3,102,42,6.1,4.4,0.2,32,1.7,6.3,no,no,resistance,ordinary,woman,first,with_family,yes,no,yes,3.25
T08_0181,98,4.6,2.5,3.5,7.1,5.7,6.5,23,21,16,3,1.25,6.4,166,37,6.2,4.1,6,23,0.8,5.4,no,no,mixed,exam,woman,later,with_family,no,no,no,4
T08_0182,15,5.9,2.8,2.9,8.4,4.6,7.7,30,16,13,5,3.75,7,184,38,4.7,4.7,3.6,21,6.7,4.4,yes,no,resistance,exam,woman,first,away_from_family,no,yes,yes,3.75
T08_0183,71,6.4,9.7,6.5,4.1,6.3,8.6,12,13,15,5,3,8.1,157,10,2.5,7.1,6.2,27,8.2,6.3,no,no,aerobic,exam,woman,first,with_family,no,no,yes,3.75
T08_0184,45,6.4,7.8,2.9,5.3,1.9,6.1,20,25,12,2,1.75,9.4,219,54,4,2.6,7.1,22,4.4,1.8,yes,no,mixed,ordinary,man,later,away_from_family,no,no,yes,3.5
T08_0185,48,4.9,8.5,3.9,4.4,6.3,6.5,22,23,12,6,1.75,6.9,233,8,1.4,6.1,5.6,30,2.4,4.5,no,no,aerobic,ordinary,man,first,away_from_family,no,no,yes,3.5
T08_0186,74,3.8,6,5.7,5.1,5.7,6.6,24,23,10,3,2.75,10,81,9,3.1,7.1,5,23,1.9,2.6,yes,yes,mixed,ordinary,woman,later,with_family,yes,no,yes,3.25
T08_0187,30,5.4,6.1,8.8,4.5,3.5,7.6,33,17,14,4,2,7.3,49,24,6.2,3.8,4.4,24,11.4,5.2,no,no,mixed,ordinary,man,first,away_from_family,no,no,yes,5
T08_0188,62,4.5,9.4,4.6,5.8,3.6,8.5,16,19,15,5,3.25,7.3,103,23,3.4,4.9,4.3,23,3.2,3,no,yes,mixed,exam,woman,later,away_from_family,yes,no,yes,3
T08_0189,17,9.5,7.9,7.9,8.3,4.6,6.6,16,19,14,4,1,3.3,156,19,4.3,3.5,5.1,24,4.1,5.3,no,no,aerobic,ordinary,woman,later,away_from_family,no,no,no,3.75
T08_0190,52,6,3.4,7.7,8.3,3.5,6.6,15,16,11,2,2.25,7.1,158,26,3.9,5.9,5.3,23,5,4.5,no,no,mixed,exam,nonbinary_or_self_described,first,with_family,yes,yes,yes,4
T08_0191,19,4.2,4.9,6.1,9.1,7.5,7.1,10,1,9,6,3.75,5.8,203,35,7.2,4.7,5.7,24,2.6,3.2,yes,no,aerobic,ordinary,man,first,away_from_family,no,yes,no,3.75
T08_0192,55,6.9,6,3.7,5.5,8.5,7,11,32,10,5,2.75,8.3,193,50,5.2,5.1,4.2,23,8.9,3.8,no,no,aerobic,exam,man,later,with_family,no,no,yes,2.5
T08_0193,55,3,4.9,4.4,6.2,6.3,7.7,15,9,10,4,0.25,6.5,82,30,7.4,2.3,6.6,24,2.5,4.5,no,no,mixed,ordinary,man,first,with_family,yes,no,yes,3.5
T08_0194,16,4.1,3.1,6,7.6,4.8,6.9,23,25,11,3,2.5,7.4,128,9,3.5,5.5,5,22,8.7,1.3,yes,no,mixed,exam,woman,first,away_from_family,no,no,no,4.75
T08_0195,96,2.4,5.3,6.7,3.1,4.4,6.9,16,11,13,4,1.25,7.8,230,20,5,7.4,2.9,35,9.7,5.1,no,yes,aerobic,ordinary,man,later,with_family,yes,no,yes,1.5
T08_0196,57,2.1,2.4,4.7,8.7,5.1,7.2,11,9,15,7,1.75,8.4,129,48,3.8,4.9,5.4,21,5,2.9,no,no,resistance,ordinary,man,first,with_family,yes,no,no,3.5
T08_0197,55,2.9,3.6,6.6,5.2,5.6,8.9,21,26,13,4,1.75,7.6,89,14,6.8,2.4,7.3,23,6.3,6.7,no,yes,mixed,ordinary,man,first,with_family,yes,no,yes,3.75
T08_0198,46,4.8,2.9,2.1,9.2,2.2,6.9,23,33,14,4,3.75,6.3,111,17,4.4,1.4,6.3,29,11.4,3.7,yes,no,aerobic,exam,man,first,with_family,yes,no,yes,3.75
T08_0199,67,7.7,4.6,3.8,5,4.1,6.7,29,27,6,5,2.5,7.1,192,27,6.6,5.6,4,29,7.9,5.2,no,no,aerobic,ordinary,man,later,with_family,yes,no,yes,3.5
T08_0200,39,5.7,6.8,5,4.6,2.2,6.7,24,20,16,3,2,10.1,203,24,3.7,6.1,0.4,19,0.3,5.6,no,no,resistance,exam,man,first,away_from_family,no,no,no,4.75
T08_0201,87,5.6,4.5,2.8,3.2,2.2,7.5,15,2,13,2,3.5,6,152,74,8.2,4,1.1,31,7.2,1.8,yes,no,resistance,exam,man,first,away_from_family,no,no,yes,3.25
T08_0202,56,5.3,5.7,6,4.4,3.9,6.8,21,8,5,5,2.25,6.9,17,19,5.3,0.8,5.2,23,2.6,4.5,no,no,resistance,ordinary,woman,first,with_family,yes,yes,yes,4.25
T08_0203,13,4.9,5.9,6.9,6.1,4.6,7,33,17,12,0,2.5,9.4,284,34,3.6,5.7,6.7,23,6.9,4.7,no,no,mixed,exam,woman,later,away_from_family,no,no,yes,5
T08_0204,84,4.7,5.7,3,3.3,5.2,8.4,29,13,17,1,0.25,8.4,152,24,3.8,5.6,2.4,18,7.3,7.2,no,no,resistance,exam,man,later,with_family,no,no,yes,3.75
T08_0205,53,6.7,3.8,6.1,8,6.1,7.1,27,11,5,1,1,6.5,196,56,3.9,0.8,2,27,8.7,4.1,no,no,mixed,ordinary,woman,later,with_family,no,yes,yes,5
T08_0206,32,7.5,5.3,2.5,7.9,2.5,9.1,15,9,10,5,1.25,9.9,169,30,4.8,7.3,5.8,29,5.1,4.8,no,no,mixed,ordinary,nonbinary_or_self_described,later,with_family,yes,no,yes,3.5
T08_0207,47,3.7,6.5,6.3,7.9,2.9,6.5,20,10,10,3,2.5,4.1,2,56,3.5,2.2,4.4,28,8.7,1.1,no,no,mixed,exam,man,later,with_family,yes,yes,no,4.5
T08_0208,62,4.2,7.1,8.2,3.3,4.8,6.1,17,13,10,5,2.5,8.6,78,9,3.8,6.9,4.7,26,3.3,3,no,no,mixed,exam,man,first,away_from_family,no,yes,yes,4.5
T08_0209,7,6.3,8.6,6.6,6.5,4.3,7.6,20,27,11,3,1.5,4.7,175,24,2.5,2.6,7.1,26,7.7,1.7,no,no,mixed,exam,woman,later,with_family,no,no,yes,2.75
T08_0210,49,3.2,5.3,2.7,3.9,5.6,5.5,19,18,15,2,0.75,7.2,107,27,7.9,5.9,4.4,25,7.3,4.3,yes,no,aerobic,ordinary,man,first,with_family,no,no,no,4.25
T08_0211,51,5.7,4.9,5,5.2,1,8.5,15,15,15,6,2,5.4,107,30,3.3,4.9,2,26,4.2,3.4,no,no,resistance,ordinary,man,later,with_family,no,no,yes,3.75
T08_0212,18,4.2,5.5,5.6,5.5,3.8,7.7,13,23,12,6,3.5,7.7,106,18,4,2.1,8.2,30,3.5,7.6,no,no,mixed,exam,woman,later,away_from_family,no,no,no,5
T08_0213,100,4.4,7,7.6,9.4,6.5,7.9,7,22,12,4,1.25,2.7,104,27,4.5,6.4,6.8,22,5.6,2.9,no,no,aerobic,exam,woman,first,away_from_family,yes,yes,no,2.5
T08_0214,34,5,1.6,8.2,4.7,4.5,6.9,25,21,11,4,2.5,7.1,120,46,7.8,5.1,3.1,31,6,4.8,no,no,mixed,ordinary,woman,first,with_family,yes,yes,yes,4
T08_0215,8,3.4,6.4,2.6,8.5,3.7,8.5,27,2,17,3,1.75,7.9,232,20,2.6,2.7,4.9,25,1.9,5.6,yes,no,mixed,exam,woman,first,away_from_family,yes,no,no,4.25
T08_0216,7,5.2,3.6,4.4,6,6.9,5.1,24,31,7,2,1.25,7.7,173,31,1.9,5.5,9.1,29,3.8,1.6,no,no,mixed,ordinary,woman,later,with_family,yes,no,yes,3
T08_0217,40,6.3,5.8,4.4,4.9,6.7,5.6,34,15,16,7,1.75,6.3,115,28,7.2,4.4,6.1,24,6.9,6.8,no,no,mixed,exam,man,later,away_from_family,no,no,yes,3.25
T08_0218,53,3.7,3.4,5.4,3.4,6.6,7.6,11,9,9,7,3.25,9.5,150,35,3.8,4.5,3.5,26,6.7,3.6,no,yes,mixed,exam,man,first,away_from_family,yes,no,yes,4.25
T08_0219,28,6.5,6.8,3.8,7.5,4.3,7.8,22,1,12,7,2.25,10.3,56,37,5.5,4.7,5,22,5.7,5.3,no,no,aerobic,ordinary,man,later,with_family,no,no,no,3.25
T08_0220,62,8.4,5.2,4.1,4.5,3.5,7.4,22,2,16,4,2,6.9,215,33,7.6,8.2,4.4,28,7.7,7.9,no,no,aerobic,ordinary,man,later,away_from_family,no,no,no,4
T08_0221,6,4.3,3.7,3.2,4.2,3.3,7.7,34,13,7,8,1.5,5.4,132,19,7.6,8,4.8,26,4.6,5.1,no,no,mixed,exam,woman,later,away_from_family,yes,no,no,4.75
T08_0222,41,2.5,5.8,6.7,3.9,5.7,6.9,23,1,10,5,2.25,8.2,135,26,5.6,5.3,6.5,21,8.2,5.7,no,no,mixed,exam,woman,first,away_from_family,yes,no,yes,3.75
T08_0223,44,2.8,3.4,3.7,6.1,4.1,7.3,46,22,6,3,1.5,4.9,64,17,5.3,6.6,2.4,24,6.6,6.4,yes,no,aerobic,exam,man,first,away_from_family,yes,no,yes,3.75
T08_0224,54,7.1,7.6,5.2,2.7,2.4,8.7,12,25,14,1,1.75,8.1,226,54,3.5,8.7,4,23,2.5,7.8,no,no,mixed,exam,man,later,with_family,no,no,yes,3.5
T08_0225,46,7.1,6.8,8.9,4.1,5.3,6.4,12,8,11,4,2.25,6.4,200,23,6.5,5.7,4.5,27,5.9,4.1,yes,no,resistance,ordinary,man,later,away_from_family,no,no,yes,4
T08_0226,56,7,5.5,4.1,4.3,4.3,7.8,19,22,7,6,2.75,5.8,157,25,5.5,5.1,3.1,24,4,6.3,no,no,resistance,ordinary,woman,first,with_family,no,no,yes,4.25
T08_0227,63,6.2,7.4,4,2.4,5.7,6.7,22,21,11,2,2.5,3.1,182,17,6.8,6.3,4.3,28,5.3,3.5,no,no,mixed,exam,man,later,with_family,yes,no,no,4
T08_0228,27,3.5,3.3,4,4.7,2.9,6.9,25,15,16,5,1.5,9.3,224,12,8.4,8.1,5.7,23,2.2,1.5,no,no,mixed,exam,man,first,with_family,yes,no,yes,3.25
T08_0229,55,4.9,4.3,3.6,7,6.3,5.7,38,8,13,4,1.25,4.2,79,26,2.8,7.4,6,31,7.4,4.4,no,no,aerobic,ordinary,woman,first,with_family,no,no,yes,3.5
T08_0230,56,6.7,6.5,3.7,7.8,6.8,5.2,23,28,13,4,3.5,4.7,111,8,2.1,5.9,7.3,20,8.5,1.4,no,no,aerobic,exam,man,first,with_family,no,no,yes,2.25
T08_0231,70,2.7,3.3,5.1,4.2,3.3,6.8,14,13,16,1,2.75,4.2,79,24,4.4,6.2,7.7,22,7.4,5.1,no,no,aerobic,exam,woman,later,away_from_family,no,no,no,3.5
T08_0232,22,6.9,2,3.1,4.3,4.7,7.4,35,8,13,5,1.25,11.6,168,4,5.3,5.3,2.9,25,6.9,5.8,no,no,aerobic,exam,woman,later,away_from_family,no,no,yes,3.5
T08_0233,30,9.6,7.4,5.4,7.2,5.3,7.1,7,2,12,4,2.75,9.4,135,7,4.2,5,5.9,20,8.1,6.5,yes,no,mixed,ordinary,man,first,away_from_family,no,no,no,4.25
T08_0234,65,4.3,3.5,6.4,7.7,5.5,6.3,17,29,16,2,1.75,5.5,102,59,6.7,2.4,3.3,19,8.3,2.6,no,no,mixed,ordinary,woman,later,away_from_family,no,no,no,2
T08_0235,30,4,3.9,7.8,6.7,5.9,7.4,20,8,9,5,2,7.9,34,11,4.3,3.4,5.7,28,9.5,6.1,yes,no,aerobic,ordinary,man,first,away_from_family,yes,yes,no,3.25
T08_0236,44,3.7,5.6,4.7,8,0.5,7.2,16,8,8,5,3.5,8,134,16,6.4,5.9,3.6,25,1.6,3.7,yes,no,mixed,ordinary,woman,first,away_from_family,no,yes,no,2
T08_0237,70,3.6,5.8,2.5,5.7,3.6,7.2,24,28,10,3,2.5,4.6,56,63,2.6,7.9,3.1,19,0.5,3.8,no,no,mixed,ordinary,nonbinary_or_self_described,first,away_from_family,yes,no,no,3.75
T08_0238,30,6.3,6.8,3.5,2.2,4.3,5.5,21,16,14,3,2.75,6.7,63,37,5.3,3.3,6.3,28,2.7,2.1,yes,no,resistance,exam,woman,later,away_from_family,no,yes,yes,5.75
T08_0239,51,5.7,4.7,4.6,6.1,5,7.4,18,11,15,1,3.25,12.7,38,4,6,5.1,3,29,7,4.3,no,no,aerobic,ordinary,woman,later,with_family,no,no,yes,3.75
T08_0240,32,4.5,8.7,7.1,6,1,6.9,28,16,10,2,2.5,9.1,128,15,5.9,8.4,4.6,31,4.1,6.5,yes,no,mixed,ordinary,woman,later,with_family,no,yes,yes,4.5
T08_0241,56,6.5,5,6.4,6.3,6,7.6,29,15,16,3,2,9.1,64,54,4.9,5.4,5.6,20,3.6,6.9,no,no,resistance,ordinary,nonbinary_or_self_described,later,with_family,no,no,yes,3.5
T08_0242,57,3.7,3.6,4.7,4,3.4,8.4,14,14,14,5,1,7.4,228,61,3.1,3.9,3.3,31,4.1,3.6,yes,no,resistance,exam,woman,first,away_from_family,yes,no,yes,4.5
T08_0243,71,3.9,1.2,5.5,7.1,3.2,8,7,7,14,6,2.25,6.6,206,42,6.3,4,4.9,25,6.3,3.3,no,no,aerobic,ordinary,woman,later,away_from_family,yes,no,yes,4.5
T08_0244,40,4.2,3.5,8.3,3.3,3.2,6.3,16,4,9,4,3.5,4.1,158,26,5,4.1,7.7,19,1.5,6.7,no,no,aerobic,ordinary,man,later,away_from_family,no,no,yes,4.5
T08_0245,30,6.7,8,4.3,6.3,3.9,7.6,23,20,10,4,2.25,9.2,139,19,5.6,5.6,5.6,21,11.6,5.4,no,no,mixed,exam,man,first,away_from_family,yes,no,yes,5.25
T08_0246,11,4.5,5.8,4.6,5.2,5.7,7.7,22,7,13,5,0.75,2,38,28,5.9,5.8,5.4,28,5.8,5.1,no,no,mixed,exam,man,first,away_from_family,yes,no,no,5
T08_0247,57,3.1,5.3,5.4,4.6,6,6.2,18,25,9,7,3.5,2.3,94,28,4.4,4.8,6.4,23,5.7,4.3,no,yes,resistance,ordinary,man,later,away_from_family,no,no,yes,5.25
T08_0248,45,3.6,6.6,5.8,9,3.2,6.1,29,2,10,6,3,8.4,59,26,2.9,6.1,3.5,32,7.4,5,yes,no,mixed,ordinary,woman,later,with_family,yes,no,no,3.5
T08_0249,25,2.3,4.2,6.4,6,6,7.1,8,22,10,6,3.5,8.7,146,20,7,6.5,3.7,23,9.3,7.5,no,no,mixed,ordinary,man,later,with_family,no,no,no,3.5
T08_0250,74,5.8,6.3,8.3,5.5,7,5.6,30,27,13,6,3,7.2,138,30,4.4,6.5,4.1,19,4.6,4,no,no,resistance,ordinary,woman,later,away_from_family,no,no,yes,3.75
T08_0251,20,6.2,4.2,5.3,7.5,3.7,7.1,15,34,14,4,2,9,191,23,7.7,5.7,4.6,26,6.6,6.9,yes,no,aerobic,exam,woman,first,away_from_family,no,no,no,3
T08_0252,10,4.2,5.8,4.6,1.9,5.1,7.1,33,13,10,5,2,3.9,220,45,4.4,7.2,6,21,1.2,6.3,yes,no,mixed,ordinary,woman,later,away_from_family,no,no,yes,2.25
T08_0253,8,2.8,4,3.7,2.7,5.9,6.5,29,18,12,0,2,7.9,273,17,5.2,5.7,8.2,22,5.6,4.4,yes,no,resistance,ordinary,woman,first,with_family,no,no,yes,3
T08_0254,52,4.9,6.8,2.4,4.4,3.2,8.3,25,10,3,8,2,4.8,42,30,5.3,5.4,1.3,21,6.9,8,no,no,resistance,ordinary,nonbinary_or_self_described,first,away_from_family,no,no,yes,5
T08_0255,17,4.2,9.5,5.7,4.5,2.5,5.5,11,19,9,7,2.75,6.2,20,13,8.9,2.2,6.4,27,10,1.8,no,no,aerobic,ordinary,man,later,with_family,no,no,yes,4.25
T08_0256,79,4.8,4.1,6.7,8.3,5.1,8.5,27,4,12,2,1.75,7.6,108,34,7.5,5,3.4,26,6.9,1.5,no,no,aerobic,ordinary,man,first,away_from_family,yes,no,yes,2.75
T08_0257,88,5.3,3.4,4,3.3,6.5,8,24,22,12,5,1,6.3,163,55,2.7,4,4.5,23,6.2,3.9,no,yes,resistance,ordinary,nonbinary_or_self_described,later,with_family,yes,no,yes,4.25
T08_0258,50,3.3,4.2,4,6.5,7.4,7.3,33,35,13,5,4.25,7.4,167,10,6.8,5.3,5.8,25,5,3.5,no,no,mixed,exam,woman,later,with_family,no,no,yes,3.5
T08_0259,71,4.3,3.5,6.4,4.4,4.1,7.4,13,32,13,3,1.25,7.4,224,18,8.8,6.8,5,28,6.4,6.5,no,no,mixed,ordinary,man,first,away_from_family,no,no,yes,5.5
T08_0260,20,3.9,4.7,4.3,6.1,3.3,6.4,19,12,7,2,2.25,7.8,112,33,6,9.1,5.1,22,3,5.5,no,no,aerobic,ordinary,man,later,away_from_family,yes,no,yes,3.5
T08_0261,38,6.5,5.5,4.6,5.6,5.9,7.6,25,22,13,3,2.25,7.8,132,18,3.4,5.1,6.1,27,5.1,5.6,yes,no,mixed,ordinary,woman,later,away_from_family,no,yes,yes,3.75
T08_0262,42,5.8,4.2,5,6.2,3.3,6.5,5,30,16,4,1,3.6,300,37,5,6.8,7.6,28,5.1,4.8,yes,no,mixed,ordinary,woman,first,away_from_family,yes,no,no,4.5
T08_0263,6,4.4,4.3,6.9,6.4,4.8,5.9,10,18,12,6,1.25,5.5,194,16,5.1,6.6,5.3,20,9.1,5.8,yes,no,aerobic,ordinary,man,later,away_from_family,yes,no,yes,4
T08_0264,23,3.3,3.1,6.9,8.2,5.2,7.1,23,22,9,2,2,6.3,183,63,5.3,4.3,5.4,26,8,3.1,no,no,mixed,exam,woman,later,away_from_family,no,no,yes,3.25
T08_0265,81,6.6,5.3,8.3,4.3,5.3,5.7,20,8,15,1,3.5,7.4,144,31,8.2,4.4,2.1,20,7.2,4.5,no,no,aerobic,exam,woman,later,away_from_family,yes,yes,yes,3.75
T08_0266,49,4.9,3.6,5.6,3.5,5.9,6.7,19,4,7,5,3.25,9.3,138,34,3.8,6.1,6.9,18,5.1,7.7,no,no,aerobic,exam,man,later,with_family,no,no,no,2.5
T08_0267,85,8.4,6,3,3.2,5.3,7.3,13,17,9,6,3,7.2,141,47,6.6,5.1,5.3,23,8.1,7.7,no,no,mixed,exam,woman,later,away_from_family,yes,yes,yes,3
T08_0268,59,7,7.4,4.2,5.1,4.3,5.6,25,20,9,2,2.25,7.6,159,26,2.7,5.7,6.1,33,6.6,6.8,no,no,aerobic,ordinary,woman,later,with_family,no,no,no,3.5
T08_0269,51,6.4,3.1,2.7,5,4,6.2,19,29,14,1,1,7.7,132,44,4.8,1.8,4,19,4.1,4,yes,no,mixed,ordinary,woman,later,with_family,no,no,yes,4.75
T08_0270,32,6.5,6.7,4.1,4.7,6.6,7.1,17,12,12,5,0.75,3.7,8,24,7.3,4.1,4.8,19,4,2.4,no,no,aerobic,ordinary,woman,first,with_family,yes,no,yes,3.5
T08_0271,90,2.3,3.2,4,4.3,6.5,6.7,13,26,9,5,2.75,9.7,302,28,3.2,5.6,6.4,26,8.8,9.4,no,no,aerobic,exam,woman,later,with_family,no,no,yes,3.5
T08_0272,26,6.4,3.5,2,2.3,2.5,6.5,4,16,10,5,1.25,9.2,197,49,5.1,3.4,4.2,28,2.4,3.2,no,no,aerobic,ordinary,man,first,away_from_family,no,no,yes,3.25
T08_0273,41,4.9,5.4,6.7,3.8,5.9,9.2,9,11,10,4,3.75,6.1,89,43,6.3,1,8.2,20,7.1,7.8,no,no,resistance,exam,man,later,away_from_family,no,no,yes,4.5
T08_0274,65,5.8,7.3,5.4,4,9.6,7.7,9,26,14,3,2,4.3,60,11,8.3,3.6,4.3,20,3.4,6.9,yes,no,aerobic,ordinary,man,later,away_from_family,yes,no,yes,3.25
T08_0275,51,3.4,5.8,3.1,5.8,6.8,7,6,39,13,4,3.75,9.5,100,34,0.2,4.7,4.8,27,0.9,6.9,no,no,mixed,ordinary,woman,later,with_family,yes,no,yes,4
T08_0276,74,5.1,5.1,4,5,0.6,7.8,24,9,12,4,2.5,7.3,76,48,2.9,2.1,5.8,25,6.6,5.7,yes,no,mixed,ordinary,man,first,with_family,no,yes,yes,3.5
T08_0277,23,4.8,4.4,4.6,6.5,6.6,5.1,25,13,12,3,1,8.5,351,34,2.7,5.1,4,22,4.9,6.6,no,no,aerobic,exam,man,later,away_from_family,no,no,yes,2.75
T08_0278,8,6.9,6.7,7,8.4,5,5.9,8,26,10,2,2.25,6.3,229,28,5.8,2.9,1.5,20,7.6,8.1,no,no,mixed,ordinary,man,later,away_from_family,no,yes,yes,5
T08_0279,5,3,5.4,6.3,4.3,3.1,7.8,19,19,6,1,2.25,6.8,12,29,2.7,4.6,8.7,24,5.8,5.1,no,no,mixed,exam,woman,later,with_family,no,no,yes,4.5
T08_0280,5,1.2,5.4,3.6,3,5.1,8.4,5,11,16,3,1.25,7.7,198,26,2.7,5.4,2.4,24,4.7,6.5,no,no,aerobic,exam,man,later,away_from_family,no,no,no,5
T08_0281,52,7.4,1.6,5.4,4.2,7.8,8,14,24,13,4,2.25,4.6,20,53,7.7,1.5,3.1,28,5.7,7.5,yes,no,mixed,ordinary,man,later,away_from_family,yes,no,yes,2.25
T08_0282,46,3.5,1.7,5.1,6.5,4,8.3,25,27,16,2,2.25,7.7,367,38,4.2,4.7,7.1,23,8.7,6.8,yes,no,mixed,ordinary,woman,later,away_from_family,no,no,yes,5.5
T08_0283,84,0.8,4.7,4.9,3.6,5,6.4,18,14,10,5,0.75,6,145,10,1.5,9.3,8.3,26,9,4.1,yes,no,mixed,exam,woman,later,with_family,yes,no,yes,4.5
T08_0284,9,8.3,5.6,6.2,5.5,2.2,5.8,4,18,11,5,2.75,5.6,216,42,4.6,4.7,7.7,24,12.6,5.8,yes,no,mixed,ordinary,nonbinary_or_self_described,later,with_family,no,no,yes,2.75
T08_0285,93,6.5,2.3,5.9,3.3,2.7,8,14,12,17,2,1.25,7.9,133,21,5.1,5.8,7.3,19,10.4,5.8,no,no,mixed,ordinary,man,later,with_family,no,no,yes,3
T08_0286,68,6.1,5.7,4.6,2.2,8.5,8.2,3,30,11,6,3,4.4,139,13,3.9,1.3,3.8,27,3.7,4,no,no,mixed,ordinary,woman,later,with_family,yes,no,yes,4
T08_0287,70,3.1,6.4,4,6.4,2.3,6.5,36,3,12,6,1,7.6,71,5,6.4,3.2,1.5,26,8,3.5,no,no,aerobic,exam,woman,first,away_from_family,no,no,no,3.25
T08_0288,85,8.1,5,5.6,3.1,6.9,7.2,19,11,14,3,3.25,10.6,175,6,4.6,5,5.7,25,8,7.9,no,no,mixed,ordinary,woman,later,with_family,no,no,yes,3
T08_0289,17,7.7,5,5.1,7.6,7.8,8.5,26,17,16,5,3,7.6,11,24,3.8,2.8,4.4,26,0.3,4.8,no,no,resistance,ordinary,woman,later,away_from_family,yes,no,yes,3.5
T08_0290,96,6.6,6.8,7.1,5.4,4.5,6.8,18,29,12,4,1,6,331,3,5.1,3.4,7.3,22,2.2,5.5,no,no,aerobic,ordinary,man,first,away_from_family,no,no,no,3.5
T08_0291,24,3.7,7.5,7.6,4.4,6.3,7.6,27,17,8,4,3,6.8,175,15,4.1,8.1,9.5,25,5.7,4.6,no,no,aerobic,ordinary,woman,later,away_from_family,yes,no,yes,4.5
T08_0292,57,8.1,4.4,6.5,5.6,5.8,8.4,20,8,13,3,2.75,6.9,200,28,5.8,3.9,6,29,1.2,1.9,no,no,mixed,ordinary,man,later,with_family,no,no,yes,4
T08_0293,55,7.5,5.6,5.2,3.7,6.3,6.7,24,2,13,5,3.75,4.7,132,31,3.7,5.5,3.7,19,5.4,4.6,yes,yes,mixed,exam,woman,first,away_from_family,no,no,yes,3.75
T08_0294,68,7.4,2.1,6.8,1.9,2,5.3,22,12,15,4,1.5,7.7,186,28,3.1,2.5,5.1,24,4.6,4.7,no,no,mixed,ordinary,woman,later,with_family,no,yes,yes,4.25
T08_0295,47,6,6.7,6.6,5.2,3.1,7.9,17,12,10,7,0.5,10.8,132,20,2.7,4,5.5,24,6.5,5.1,no,no,mixed,exam,man,later,with_family,no,no,yes,1.75
T08_0296,111,6.3,3.3,4.5,6.6,5.3,7.1,16,4,7,5,2.25,9.2,123,35,4.8,7,7.3,22,8.6,6.7,no,no,aerobic,ordinary,woman,later,away_from_family,no,no,yes,2.5
T08_0297,58,9,4.6,6.1,1.3,5.7,7.8,11,19,11,3,3.25,6.9,92,47,8.4,2.8,3.6,21,5.5,3.2,no,no,resistance,exam,man,first,away_from_family,no,no,yes,3.5
T08_0298,75,5.1,5.9,4.5,3.1,6.1,7.6,18,23,12,1,1,9.3,180,49,4,4,1.4,25,3.3,7.9,no,no,mixed,ordinary,woman,first,with_family,yes,no,yes,2.75
T08_0299,26,5.2,5.1,2.1,3.3,3.7,5.7,28,15,10,3,1.75,5.8,135,40,2.6,4.4,4.9,23,12.7,2.4,yes,yes,mixed,ordinary,nonbinary_or_self_described,first,away_from_family,no,no,yes,2.75
T08_0300,61,6.1,7.8,5.4,4.2,6.2,7.2,26,14,14,3,2.5,9.5,48,16,4.7,2.9,2.8,22,5.2,3.9,yes,no,mixed,ordinary,man,later,with_family,no,no,yes,3.25
T08_0301,72,8,4.6,6.5,6.6,5.8,8.6,11,29,16,7,2.5,5.2,176,19,8.8,4.8,6.1,19,5.4,5.7,no,no,mixed,exam,woman,later,with_family,no,no,no,2.5
T08_0302,65,5.9,2.7,7.1,4.8,3,7.3,22,12,13,2,2,10.3,23,32,3.6,7.3,3.6,27,7.3,3.4,yes,no,mixed,ordinary,woman,later,away_from_family,no,no,yes,3.5
T08_0303,43,5,8.3,3.5,7.4,7,7.7,18,21,11,3,3,4.3,9,33,7.8,4.8,5.1,31,2.5,2.1,no,no,mixed,exam,man,later,away_from_family,no,no,no,4
T08_0304,75,7.2,7.1,4.7,5.3,3.8,7.1,13,27,10,2,3,7.5,101,49,2.8,7,6.3,25,4.5,7.7,no,no,aerobic,ordinary,woman,later,away_from_family,no,no,yes,3
T08_0305,36,5.2,5.8,4.2,5.9,4.2,6.1,25,11,10,5,1.5,8.5,13,52,5.7,7.2,6,28,4.5,5.7,yes,no,mixed,ordinary,woman,later,away_from_family,no,no,yes,2.75
T08_0306,44,8,5.4,5.1,7,8.6,7.5,4,18,12,5,3.25,7.2,131,39,6,7.4,6.2,18,9.1,3.1,no,yes,mixed,ordinary,woman,later,away_from_family,no,no,yes,4.25
T08_0307,41,5.2,9.7,4.8,4.3,6.1,7.6,29,34,14,5,1,7,157,38,3.6,5.7,2.9,25,4.8,3.6,yes,yes,aerobic,exam,woman,later,away_from_family,yes,no,no,4
T08_0308,46,5.2,9.3,5.4,5.4,5.1,6.2,24,6,13,6,4.5,5.7,30,23,6.2,5.4,6.4,25,6.5,3.3,yes,no,mixed,ordinary,woman,later,away_from_family,no,no,no,4.5
T08_0309,62,6.5,1.6,5.6,5.4,3.1,6.8,30,3,18,1,2.25,6.9,327,8,6.1,5.5,4.2,22,1.9,6,yes,no,mixed,ordinary,woman,later,away_from_family,no,no,no,2.75
T08_0310,6,6.4,4.7,5.9,7.3,5.5,8,28,5,12,7,1.25,7.6,47,30,4.4,3,5.7,21,7.3,4.9,no,no,aerobic,ordinary,man,later,with_family,yes,no,yes,3.5
T08_0311,70,6,6.9,4.7,6.1,2.6,6.3,11,9,12,7,2,12.7,87,43,3.6,2.4,4.2,22,1.7,5.2,no,no,aerobic,ordinary,woman,first,with_family,no,no,no,3.25
T08_0312,18,7.3,6.2,3.6,6.7,4.2,7.5,17,13,15,4,2,7.4,291,49,6.4,1.5,4.5,21,4.4,4.1,no,yes,aerobic,ordinary,man,first,away_from_family,no,no,no,3.5
T08_0313,16,4.5,4.5,6.8,3.8,3.1,7.5,37,11,15,3,1.75,10.1,90,30,2.8,1.6,2.7,24,6.6,7.3,no,no,mixed,ordinary,woman,later,away_from_family,no,no,no,4.75
T08_0314,33,8.3,8.2,7.1,3.7,7.2,7,36,30,9,2,1,6.1,25,37,8.8,3.2,2.3,19,7.5,1.3,no,yes,mixed,exam,woman,first,with_family,yes,no,no,4.25
T08_0315,16,7.5,4.7,6.5,4,3.9,6.1,19,4,5,6,1.25,2.1,90,2,5.4,3.5,6,21,1.9,6.3,no,no,aerobic,ordinary,nonbinary_or_self_described,later,away_from_family,no,no,yes,3.5
T08_0316,24,4.6,8.5,7.2,4.8,5.1,9.7,25,24,10,4,2.75,6.8,295,39,8.9,3.1,6.4,27,7.4,4.8,yes,no,mixed,ordinary,woman,first,away_from_family,yes,yes,yes,4.5
T08_0317,20,7.7,7.3,6.7,5.9,4.1,6.5,30,35,11,4,1.75,3.1,72,19,3,4.4,2.4,25,7.7,6.4,no,no,mixed,exam,man,later,away_from_family,no,no,yes,4.25
T08_0318,22,6.4,5,5,2,5.3,8.2,30,9,12,5,3.25,5.6,267,31,5.9,2.7,7.2,21,8.7,7.9,no,no,aerobic,ordinary,woman,later,with_family,no,yes,yes,5
T08_0319,96,4.5,3.6,5.5,7.9,5.7,7.1,33,13,12,4,1.75,8.6,83,12,5.1,2.7,3.4,28,1.9,4.1,yes,no,aerobic,ordinary,nonbinary_or_self_described,later,with_family,no,no,yes,3
T08_0320,65,4.6,4.1,3.3,5.6,8.2,6.8,21,18,14,6,1.25,3,31,31,5.5,2,5.4,23,5.1,0.1,no,yes,mixed,ordinary,woman,first,with_family,yes,yes,yes,3.25
T08_0321,48,3.4,4.3,7.1,6.9,5.9,8.3,17,23,13,4,1,4.5,130,43,6.7,3.9,5,26,6.3,1.3,no,no,aerobic,ordinary,man,first,with_family,no,no,yes,3
T08_0322,44,5.6,9.1,4.1,6.5,7,9,8,4,13,3,3.25,2.7,117,43,6.9,4,5,20,9,3.6,no,no,aerobic,ordinary,man,first,with_family,yes,no,yes,2.75
T08_0323,15,4.5,5.5,5.2,2.4,4.4,6.6,26,32,11,2,2.25,6.7,224,29,3.7,7.6,6.4,22,8.2,4.3,yes,no,resistance,ordinary,woman,later,with_family,no,no,yes,2.75
T08_0324,26,9,3.4,4.2,2.3,4.3,7.6,9,6,14,6,3,4.6,149,42,6.5,4.9,4.4,23,3,2.7,no,no,aerobic,ordinary,woman,later,away_from_family,no,no,yes,3.5
T08_0325,108,6.9,2.6,4.2,5.8,3.2,7.2,24,15,10,4,2.75,7.2,30,25,3.8,4.8,4.7,23,2.4,7.6,no,no,aerobic,exam,man,later,away_from_family,no,yes,yes,3.75
T08_0326,50,7.5,6.2,7.9,4.4,3.9,6.9,17,9,14,5,2,5.5,124,20,7,5.6,0.2,20,4.7,5.5,yes,yes,resistance,exam,man,later,with_family,yes,yes,yes,4.75
T08_0327,81,6,7.1,3.7,5.3,4.5,7.7,2,28,10,4,2,4.8,269,42,4.9,8.2,4.4,24,7.6,3.4,no,no,mixed,exam,woman,first,with_family,yes,yes,yes,3.25
T08_0328,27,7.5,4.8,2.3,6.9,6,5.9,26,9,11,6,1,5.1,156,21,3.7,5,4.6,25,4.4,6.1,no,no,resistance,ordinary,man,later,away_from_family,yes,no,yes,3.25
T08_0329,39,4.1,3.7,7.2,4.5,5.9,6.8,10,9,13,6,4,5.5,89,7,3.6,7.5,6.5,24,2.8,5.3,no,no,aerobic,ordinary,man,first,away_from_family,no,yes,no,3.75
T08_0330,20,6.3,4.9,5.2,4.7,7.1,9.2,26,11,12,6,0.5,10.1,84,31,6.7,0.3,3.2,20,1.2,4.9,no,no,aerobic,exam,nonbinary_or_self_described,later,with_family,yes,no,no,3.5
T08_0331,13,4.3,7.4,5.5,6.4,4,6.5,21,12,11,6,2.75,6.2,257,56,4.9,5.3,4.6,23,2.8,5.2,yes,no,mixed,exam,man,later,away_from_family,no,no,yes,4
T08_0332,92,5,3.9,4.9,7.7,0.7,6.9,15,11,15,6,0.5,6.7,67,29,7.5,4,4.7,28,4.8,7.6,yes,no,mixed,exam,woman,later,away_from_family,no,no,yes,2.75
T08_0333,60,6.1,4.4,8.3,7.6,3.7,4.3,20,2,10,8,2.75,6.7,155,39,4.2,4,5.8,23,3.3,3.8,yes,yes,resistance,ordinary,man,later,with_family,no,no,yes,3.5
T08_0334,27,2.9,8.5,5.2,3.4,3.8,5.7,26,29,7,4,1,8.7,225,20,7.2,5.6,8,26,1.8,4.6,no,yes,aerobic,ordinary,man,later,away_from_family,yes,no,no,5
T08_0335,44,2.6,6.4,5.8,5.4,2.1,6.5,23,12,10,4,0.75,7.2,36,32,4.8,5.2,3.9,21,10.2,6,no,yes,mixed,ordinary,man,later,away_from_family,no,no,yes,4.75
T08_0336,39,4.9,2.4,7,3.9,5.9,9.2,16,9,14,4,2.75,8.4,152,34,4.9,6.5,3.6,26,9.9,6.5,yes,no,resistance,exam,man,later,with_family,no,no,yes,3.75
T08_0337,79,6.2,5.3,2.4,5.4,4.9,6.8,30,12,14,4,2.25,5.6,218,19,4.2,2.9,3.7,28,7.4,2.3,no,yes,resistance,exam,nonbinary_or_self_described,later,with_family,no,no,yes,2.25
T08_0338,28,6.6,2.9,4.3,0.4,1.3,7.3,22,33,13,5,2.75,9.2,76,27,4.1,3,6.6,21,3.5,4.9,no,no,aerobic,ordinary,nonbinary_or_self_described,later,away_from_family,yes,no,yes,3.5
T08_0339,39,6,5.9,3.2,7,5.3,7.5,27,21,11,4,2.25,4.8,243,39,6.8,4.5,9.2,28,1.1,5.9,yes,no,aerobic,exam,nonbinary_or_self_described,first,away_from_family,no,no,yes,3.5
T08_0340,32,7.2,7.3,3.7,4.3,4.3,7.5,31,10,12,5,1.5,4.4,126,7,6.2,2.9,4.3,20,4,7.2,no,yes,mixed,ordinary,woman,first,with_family,yes,yes,yes,4.25
T08_0341,57,3.9,6.9,4.9,3.9,4.4,9,21,18,19,3,2.5,6.9,68,41,6.1,5.9,6.1,23,1.1,5.4,no,no,resistance,ordinary,man,first,away_from_family,no,no,no,3.5
T08_0342,30,3.2,6.1,5.7,7,3,6.3,21,8,12,4,1.25,7.4,187,22,5.1,7.8,5.2,20,8.4,3.7,yes,no,aerobic,exam,woman,later,away_from_family,yes,yes,no,6
T08_0343,72,4.2,3,3.1,4.5,3.1,6.8,26,7,13,6,2.25,11.5,97,24,4.5,5.6,6,21,2.1,5.6,no,no,resistance,ordinary,woman,first,away_from_family,no,yes,yes,3.25
T08_0344,15,5.1,5,2.3,4.4,4.4,8,12,23,11,3,2,9.6,19,28,2.4,4.8,6.4,19,9.5,5.5,no,no,mixed,ordinary,man,later,with_family,yes,no,no,4
T08_0345,40,5,0.5,6.9,4.8,6.5,7.9,16,9,11,3,1.25,5.8,198,39,6.2,6.6,4.9,23,7.4,1.9,no,no,aerobic,exam,woman,later,with_family,no,no,yes,4
T08_0346,43,3.7,3,3.4,6,3.4,5.5,27,21,12,2,3.75,4.9,334,7,6.9,6.2,7.5,25,7.7,7.1,yes,no,mixed,exam,woman,later,with_family,no,no,no,1.5
T08_0347,36,6.4,3.8,7.9,5.6,6.4,6.8,30,22,16,5,2.25,7.7,133,8,2.8,4.5,7.3,26,7.6,5.2,no,no,mixed,ordinary,woman,first,away_from_family,no,no,yes,2.25
T08_0348,11,6.9,6.2,5.3,5.7,8.7,8,24,21,12,4,1.25,6.2,265,51,6.5,7.2,7.4,22,2.7,7.1,yes,no,mixed,ordinary,woman,first,away_from_family,yes,no,yes,4.5
T08_0349,22,4.7,6,4.2,7.5,4.5,5.6,24,7,9,5,1.25,7.7,157,16,4.7,5,7.6,19,6.3,4.1,yes,no,mixed,ordinary,man,first,away_from_family,yes,no,yes,2.75
T08_0350,30,1.2,1.2,3.4,5.3,7.9,6.7,29,20,10,4,1,8.4,90,22,8,9.4,3.6,25,7.4,6.6,no,no,mixed,exam,woman,first,away_from_family,yes,no,yes,4
T08_0351,35,2.1,4.8,6.5,3.1,4.2,7.1,20,3,15,3,4.25,8.2,79,27,6.3,3.4,5.1,28,8.5,3.8,no,no,resistance,ordinary,woman,later,with_family,no,no,yes,4.25
T08_0352,48,7.3,5.7,7.3,7.7,5.6,4.9,33,24,13,6,3.25,4.5,52,18,7.8,2.1,5,24,4.6,3.3,no,no,mixed,exam,man,first,with_family,no,yes,yes,4.75
T08_0353,16,3.2,8.5,2.9,5.3,3.2,7.5,40,3,14,8,1.25,8.4,70,50,9.1,6.4,3.7,25,2.4,6.1,no,no,resistance,ordinary,woman,later,with_family,no,no,yes,5
T08_0354,85,5.6,7,4.4,4.6,6.2,8,33,15,12,3,1.5,2.7,103,48,8.6,8.6,4.1,31,5.3,5.5,no,yes,resistance,ordinary,man,later,away_from_family,no,no,yes,3.25
T08_0355,28,5.1,5.2,6.8,2,2.7,5.8,30,15,14,5,4,7.4,275,37,7.4,4.9,4.3,24,6,5,no,no,aerobic,exam,man,first,away_from_family,no,no,no,5
T08_0356,72,6,6.7,4.4,7.2,1.6,6.4,38,21,11,4,1.75,6.8,170,15,1.6,6.3,4.6,26,4.8,5,yes,no,mixed,ordinary,man,first,away_from_family,yes,yes,yes,4
T08_0357,48,5.3,2.9,6.5,4.9,3.3,8,29,16,11,7,1,8.7,183,22,5.4,5.2,2.2,23,2.2,3.8,no,no,resistance,exam,man,later,away_from_family,yes,no,no,4
T08_0358,12,3.4,7.7,6.6,5,7.8,6.3,9,18,10,4,1.75,5,232,18,6.1,8,7.3,25,6.7,3,no,no,mixed,exam,man,first,with_family,no,no,no,2.75
T08_0359,57,4.1,3.9,5,2,5,7.4,21,8,13,2,4.25,8.4,62,37,3.9,6.1,3.3,26,2.1,4.2,no,no,mixed,ordinary,man,first,away_from_family,yes,no,yes,3
T08_0360,15,6.8,4.7,4.5,5,3.5,7.6,14,20,12,1,3.75,6.9,229,9,7.6,4.5,3.4,29,4.3,5,yes,yes,mixed,exam,man,later,with_family,no,no,yes,3.75
T08_0361,43,3.9,5.1,7.2,3.9,3.3,8.7,18,20,16,4,1.75,7.1,300,10,7.2,4.4,7.2,21,3.8,2.5,no,no,resistance,exam,woman,first,away_from_family,yes,no,yes,3.25
T08_0362,94,6.1,5.1,6.9,4.9,3.6,7.2,26,5,8,2,0.75,5.3,302,4,5.2,2,4.8,29,4,2.6,no,no,aerobic,exam,man,later,with_family,yes,no,yes,2.75
T08_0363,60,4.6,1.7,4,5.4,6.5,7.1,26,12,13,4,2.5,3.6,114,4,4.1,5.2,7.2,26,6,3.7,yes,no,mixed,ordinary,woman,later,with_family,yes,no,yes,3
T08_0364,11,1.6,5.6,5.7,6.1,5.6,8,35,27,9,3,2.25,4.3,187,9,4.4,7.3,5.6,23,7.5,3.6,no,no,mixed,exam,man,first,with_family,yes,no,yes,5.25
T08_0365,28,4.8,3.8,5.6,4.8,5.5,7,13,28,12,4,2.25,7.9,168,20,6.7,4.7,3.3,27,2.8,6.1,no,no,aerobic,ordinary,man,later,with_family,yes,no,yes,4.5
T08_0366,52,3.3,2,8,5.5,5.5,6.7,19,20,13,4,2.25,4.2,52,4,2.6,7.2,5.3,20,5.1,3.2,yes,no,mixed,ordinary,man,later,away_from_family,no,yes,yes,1.5
T08_0367,79,4.5,7.3,6.6,2.2,6.2,7.6,18,1,13,0,3,9.2,241,29,6.6,5.4,8.3,24,6,3.1,no,yes,aerobic,exam,woman,later,with_family,no,no,no,4.75
T08_0368,14,3.8,5.5,3,5.5,5,6.2,20,8,13,6,2.25,11,79,36,3.7,4.3,4.7,26,7.1,2.6,no,no,mixed,ordinary,man,first,away_from_family,yes,no,yes,6
T08_0369,45,2.3,5.1,6.4,3.5,7.2,7.6,14,10,18,1,2.25,8.9,144,15,3.1,6.5,6.1,22,8.7,4.2,no,yes,mixed,ordinary,man,later,with_family,no,no,yes,4.75
T08_0370,66,2.4,3.6,9,4.3,6.7,6.9,29,34,16,6,3.75,5.7,27,14,1,6,6,26,0.6,2.6,yes,no,mixed,ordinary,woman,first,away_from_family,no,yes,yes,3.5
T08_0371,40,3.3,4.3,3,4,6.1,6.5,14,29,18,5,3.75,6.3,125,30,6.6,5.7,5.1,25,5.9,5.9,no,yes,aerobic,ordinary,woman,later,away_from_family,no,no,yes,4
T08_0372,61,5.4,6.8,5.1,3.4,2.7,6.6,30,16,11,6,2.5,5,344,44,1.4,7.6,5.6,26,5.5,7.2,no,yes,mixed,ordinary,nonbinary_or_self_described,later,with_family,no,no,yes,3.75
T08_0373,73,2.1,4.8,5.8,4.5,4.4,7,31,8,12,6,1.5,8.3,185,14,5.1,5.8,4.2,23,3.1,4.4,yes,no,aerobic,exam,nonbinary_or_self_described,later,with_family,no,no,no,4.25
T08_0374,62,3.7,3.6,8.1,6.1,5.6,8.5,23,11,16,5,3,3.8,201,11,8.6,2.6,4.9,25,6.1,3.4,no,no,mixed,ordinary,woman,later,with_family,yes,no,yes,4
T08_0375,22,9.3,7.9,5.3,2.5,3.7,7.7,19,26,14,4,2.25,8.7,223,26,7,4,5.1,28,1.7,5.9,yes,no,mixed,exam,man,first,with_family,yes,no,no,4.75
T08_0376,81,6.9,5.6,5.2,8,4.3,7.3,21,27,19,5,1.25,6.8,60,6,5.8,2.9,4.2,23,6,7.1,no,no,resistance,ordinary,man,first,with_family,yes,yes,no,3
T08_0377,41,6.1,6.3,7.7,3.9,5.5,7.5,18,25,14,4,1,4.5,200,42,5.4,4.7,8.6,20,7.6,3,no,no,mixed,ordinary,woman,later,away_from_family,no,no,yes,2.5
T08_0378,57,4.5,5.4,6.4,3.2,8.6,8.3,24,4,8,5,2.25,6.8,382,29,6.4,5.6,4.3,26,0,6.6,no,yes,resistance,ordinary,nonbinary_or_self_described,later,away_from_family,yes,no,no,4.25
T08_0379,32,6.4,5.3,7.3,5.3,6.1,6.8,18,6,14,6,1.5,7,154,46,8.1,3.8,2.2,26,4.6,4.5,no,no,aerobic,ordinary,woman,later,with_family,yes,no,yes,4
T08_0380,19,3.5,7.8,4.5,6.6,6.7,6.4,41,27,14,5,1.75,5.3,136,39,2.9,4.7,6.6,22,3.3,4.1,no,no,resistance,exam,woman,later,away_from_family,yes,yes,yes,2.75
T08_0381,18,2,1.5,1.4,4.2,6.6,7.2,13,27,6,6,3.25,2.4,135,0,2.6,5.1,4.9,22,5.4,5.4,no,no,mixed,ordinary,man,first,away_from_family,no,no,no,3.75
T08_0382,17,7.2,4,6.7,3.6,6.5,7.2,24,17,12,7,3,4.8,56,31,6.9,5.1,3,20,4,3.4,no,no,aerobic,ordinary,man,first,with_family,yes,no,yes,3.25
T08_0383,69,5.1,9.1,4.2,5.3,6.2,7.6,12,24,13,4,3.5,2.9,80,23,2.6,7.8,6.2,23,1.5,3.4,no,no,aerobic,exam,man,first,away_from_family,no,no,no,4.25
T08_0384,25,7.5,0.7,8.6,4.1,8,7.8,29,8,7,7,1.25,5.9,200,11,3.8,8,2,26,6.6,6.6,no,no,mixed,ordinary,man,later,with_family,no,no,yes,2
T08_0385,51,6,7.6,1.2,4.5,2.4,5.4,26,2,10,6,1.5,5.8,74,42,5.9,8.3,3.7,21,4.8,7,no,no,aerobic,exam,man,later,with_family,no,no,yes,3.25
T08_0386,77,2.8,3.1,6.1,5.6,5.1,6.8,27,10,13,7,0.5,9.9,114,8,4.1,6.8,1.8,23,2.3,8.7,no,yes,aerobic,exam,woman,later,away_from_family,no,no,yes,4
T08_0387,48,4.3,5.1,4.1,4.6,4.3,7.4,18,17,15,4,4,4.5,183,61,2.8,7.3,6.3,25,7.5,8.2,no,no,aerobic,ordinary,woman,later,away_from_family,yes,no,yes,3.25
T08_0388,20,3.8,5.2,3.5,4.6,3.2,6.7,13,25,7,5,3.25,7.1,242,8,4.2,2.9,5.6,25,5.4,6.3,no,no,aerobic,ordinary,man,first,with_family,yes,no,no,4.25
T08_0389,38,6.6,2.5,2.1,3.1,4.2,7.2,22,13,12,5,2,5.8,192,11,1.7,3.4,2,21,0.2,5.3,no,no,mixed,ordinary,man,later,with_family,no,no,yes,2.25
T08_0390,50,6.6,6.4,6.8,3.7,6.3,7.3,22,18,10,5,3,6,27,24,2.6,6.4,5.8,27,1.5,6.6,yes,no,aerobic,ordinary,man,later,away_from_family,yes,yes,yes,4
T08_0391,33,0.6,5.4,7.9,5.6,5,6.7,15,13,10,4,2.25,6.5,116,2,6.3,5.7,6.1,22,8.2,3.2,yes,no,aerobic,ordinary,woman,first,away_from_family,no,no,yes,3.75
T08_0392,18,6.4,6.8,2.3,5.8,3.5,6.9,28,1,10,5,2.5,5.6,105,65,5.6,8.8,1.6,19,6.6,5.9,no,yes,aerobic,ordinary,man,later,away_from_family,no,no,yes,3.75
T08_0393,42,5.1,5.8,3.6,4.1,3.9,8.4,27,4,9,5,3,7.1,183,20,6.6,2.8,8.2,23,9.1,8.5,no,no,aerobic,exam,woman,later,away_from_family,no,no,yes,2.5
T08_0394,14,4.2,6.5,4.1,4.9,3.2,6.3,13,28,14,8,0.5,9.2,178,25,4.8,4.5,0.6,30,4.5,6.2,yes,no,aerobic,ordinary,man,first,with_family,yes,no,yes,4
T08_0395,30,7.4,2.5,4.3,4.4,4.1,7,20,20,13,4,1.75,4.1,113,66,2.5,4,6.8,22,3.8,3,no,no,mixed,exam,woman,later,away_from_family,yes,no,yes,3.5
T08_0396,73,5.8,1.4,4.7,7.3,5.2,8,23,29,10,7,0.5,6.3,207,24,4.5,1.8,5.3,23,2.9,3.3,yes,yes,mixed,ordinary,woman,later,away_from_family,no,no,yes,3.25
T08_0397,86,4.6,5.2,5,6.4,4.3,6,21,30,11,5,0.5,7.6,170,35,2.5,5.3,5.2,22,0.1,3.7,no,no,mixed,ordinary,man,first,with_family,no,no,yes,4.75
T08_0398,51,5,6.1,6.7,5.2,9.5,5.5,7,11,18,2,2.5,8.1,212,37,5.3,4,5.5,25,5.6,8.7,no,yes,mixed,exam,woman,first,away_from_family,yes,no,no,4.75
T08_0399,11,5.8,3.1,4.2,1.8,6,6.6,24,19,17,5,0.25,4.5,85,17,4.8,4,3.9,21,4.2,4.2,no,no,mixed,exam,man,later,away_from_family,no,no,yes,3.25
T08_0400,52,4.8,6.2,5.6,5.6,7.2,8.1,26,22,12,1,2,8.3,179,46,6.1,6.3,6.5,26,9.5,8.2,no,yes,aerobic,exam,man,later,away_from_family,yes,no,no,2.5
T08_0401,42,5.6,9,7.3,6.9,3.8,6.6,23,27,10,3,1.5,8.3,112,23,6.3,4.4,3.9,19,11.6,5.3,yes,no,resistance,ordinary,woman,first,away_from_family,no,no,yes,5
T08_0402,98,5.9,2.6,2.2,5.7,5.6,7.3,22,26,11,4,1.5,9.4,202,38,4.2,5.7,3.1,26,2,5.5,yes,yes,resistance,exam,woman,later,away_from_family,yes,no,no,2.75
T08_0403,75,4.9,6,5.9,1.1,4.7,7.4,21,15,9,4,1.75,5.1,3,8,2.9,7.1,0.6,18,2.2,4.9,no,yes,mixed,ordinary,man,later,away_from_family,no,no,yes,3.75
T08_0404,40,4.7,2.8,6,4.2,5.6,7.9,22,10,18,3,2.25,4.2,38,1,0.6,6.1,5.9,21,0.8,4.4,no,no,aerobic,exam,woman,later,away_from_family,no,no,yes,4.25
T08_0405,26,9.2,6.1,8.3,4.2,6.3,6.8,21,33,6,0,1,7.3,27,28,6,7.5,7,23,8.1,3,yes,no,aerobic,ordinary,man,later,with_family,no,no,yes,2.5
T08_0406,9,9.4,4.3,4.6,5.8,4.9,6.4,22,9,9,3,1.75,7.3,143,49,5.8,5.6,6.5,20,8,5.8,no,no,resistance,exam,man,first,away_from_family,no,no,no,3.25
T08_0407,65,3.6,4.1,7.4,5.6,8,6.9,8,24,11,3,1.75,8.4,168,39,5.8,4,4,19,7.9,4.4,no,no,mixed,exam,man,later,away_from_family,yes,no,no,5
T08_0408,75,6.3,3.4,6.3,5.7,3.8,6.4,35,11,9,2,1.5,9,155,10,2.8,4.5,1.1,26,7.6,5.1,no,no,mixed,ordinary,woman,first,with_family,no,no,yes,3.25
T08_0409,56,7.1,8,2.6,2.8,0.1,6.6,16,7,10,2,2.75,6.2,114,21,3.4,7.8,4.4,29,4.1,2.2,no,no,mixed,ordinary,man,later,with_family,no,yes,yes,4.25
T08_0410,39,7.6,5.3,8.6,4.9,4.1,6,24,34,11,5,1.75,7.4,104,28,3.8,8,5.1,18,11.4,8.2,no,no,resistance,ordinary,man,first,with_family,no,no,yes,4.25
T08_0411,79,4.7,1.3,5.5,4.6,4.5,6.8,8,34,10,1,1.75,7.5,31,52,9.2,2.4,5.4,30,5.1,3.5,no,yes,mixed,exam,man,later,with_family,yes,no,yes,3.75
T08_0412,18,3.5,5.9,6.6,3.4,7.8,7.5,7,5,14,6,2.25,4.7,258,39,4.8,4.4,7.2,22,8,4.7,no,no,aerobic,ordinary,woman,later,with_family,no,no,yes,4.5
T08_0413,58,2.7,4.7,5.3,5.3,4.3,5.2,14,0,8,3,2.25,5.5,102,24,7.6,8.2,3.1,22,4.3,4.7,yes,no,mixed,ordinary,woman,later,away_from_family,yes,no,yes,2.75
T08_0414,10,5.9,6.1,4.7,2.9,3,5.5,20,5,11,8,0.75,4.4,363,30,6.3,5.4,2,21,2.3,7.5,no,no,aerobic,exam,woman,later,with_family,no,no,yes,3.75
T08_0415,27,1.8,4.1,6.7,7.2,7.2,8.8,36,22,16,6,2.25,7.3,244,31,1,5.3,7.6,19,3.2,6.4,no,no,mixed,ordinary,man,later,with_family,no,no,yes,3.5
T08_0416,57,4.8,4.9,5,6,6.3,7.2,11,19,10,4,2,6,39,38,3,5,6.8,21,9.7,6.5,no,no,aerobic,ordinary,woman,later,away_from_family,no,no,no,5
T08_0417,26,7.1,2.2,8.3,1.7,7.2,7.1,3,31,12,8,4,8.7,182,35,4.9,5.8,4.3,21,3.5,6,yes,no,aerobic,exam,man,later,away_from_family,no,no,yes,5
T08_0418,39,3.4,1.6,6.6,5.2,4.9,7,12,10,13,7,3.75,4.4,181,43,9.7,2.1,2.9,31,7.7,4.9,no,no,resistance,exam,man,first,away_from_family,no,no,yes,3.5
T08_0419,55,6.6,2.2,6.4,3.7,0.4,6.5,15,20,8,4,2.5,5,139,10,5.7,8.3,5.4,22,0.9,1.5,no,no,mixed,ordinary,woman,later,away_from_family,no,no,no,3.75
T08_0420,50,6.8,5.8,6,6.6,3.5,6.5,26,21,13,1,2.75,6.9,272,9,5,7.9,6.3,29,7.6,7.5,no,no,resistance,ordinary,woman,first,away_from_family,yes,no,yes,4
