participant_id,unrealistic_doll_exposure,age,usual_doll_play_frequency,cultural_beauty_standards,bmi_for_age_z,appearance_internalization,appearance_focus,autonomy,caregiver_body_acceptance,peer_acceptance,appearance_teasing,screen_hours_day,sleep_hours,outdoor_play_minutes,family_warmth,peer_appearance_talk,siblings,caregiver_education_years,household_size,media_literacy,general_worry,school_setting,caregiver_relationship,older_sister,doll_ownership,organized_sport,arts_club,shared_bedroom,caregiver_fulltime_work,prior_media_lesson,session_time,body_satisfaction
T11_0001,neutral_toy,5.887,4.0,3.701,0.419,3.436,3.114,3.434,2.653,2.584,3.825,2.866,9.932,60.936,3.478,3.085,1.0,13.0,4.0,1.588,3.189,urban,parent,no,no,yes,yes,no,no,no,afternoon,15.418
T11_0002,unrealistic_doll,6.713,3.0,3.275,-0.326,2.666,4.096,2.989,1.807,2.351,3.606,1.427,10.241,75.796,2.786,3.072,0.0,12.0,5.0,3.678,3.138,rural,other_guardian,no,no,no,yes,no,yes,no,morning,11.398
T11_0003,unrealistic_doll,6.034,3.0,3.334,1.749,3.543,3.002,4.246,3.155,2.626,2.418,0.981,10.076,52.956,3.208,2.532,2.0,14.0,4.0,2.867,3.116,rural,other_guardian,no,no,yes,yes,yes,yes,yes,morning,14.002
T11_0004,neutral_toy,6.614,4.0,3.25,0.474,2.89,3.035,4.266,2.415,2.888,3.755,1.108,11.347,58.299,2.188,3.979,2.0,13.0,5.0,2.766,2.291,suburban,parent,yes,no,no,yes,yes,no,no,morning,15.456
T11_0005,neutral_toy,6.262,4.0,3.574,0.701,3.064,3.364,3.333,2.836,2.598,2.683,2.488,10.025,101.293,3.636,3.875,2.0,14.0,4.0,3.165,2.788,suburban,other_guardian,yes,yes,no,yes,yes,no,no,afternoon,12.349
T11_0006,neutral_toy,6.02,3.0,1.698,2.019,4.284,2.262,3.935,2.442,2.739,2.733,2.979,9.421,87.125,2.735,2.597,1.0,17.0,4.0,3.46,2.955,rural,other_guardian,no,yes,no,yes,yes,yes,yes,afternoon,15.395
T11_0007,unrealistic_doll,7.379,1.0,2.516,-0.623,4.145,1.681,3.081,2.696,4.352,3.527,2.811,10.821,62.326,3.077,3.376,1.0,15.0,3.0,2.888,3.124,suburban,other_guardian,no,no,yes,yes,yes,yes,yes,afternoon,15.352
T11_0008,unrealistic_doll,6.436,3.0,3.584,-0.038,2.117,3.565,3.512,4.017,2.783,1.245,1.027,10.485,81.855,3.327,3.156,1.0,8.0,4.0,1.962,4.3,rural,other_guardian,no,no,yes,no,no,yes,no,morning,14.086
T11_0009,neutral_toy,7.771,1.0,3.864,0.208,2.515,3.374,1.729,4.257,4.232,3.13,2.348,9.644,43.663,2.207,3.168,1.0,11.0,3.0,3.255,3.58,rural,parent,yes,yes,no,no,no,yes,no,afternoon,14.868
T11_0010,unrealistic_doll,5.929,4.0,2.649,0.141,2.213,2.738,2.201,3.084,2.34,3.203,1.815,10.397,114.437,3.432,2.32,0.0,12.0,5.0,4.191,3.185,rural,other_guardian,yes,yes,no,no,yes,yes,no,afternoon,13.014
T11_0011,neutral_toy,7.752,1.0,2.116,1.278,1.871,4.228,3.244,3.085,3.031,3.149,1.098,10.28,58.614,2.874,2.398,2.0,14.0,4.0,3.027,2.755,rural,other_guardian,no,yes,no,yes,yes,no,no,morning,14.254
T11_0012,unrealistic_doll,6.242,2.0,3.778,1.614,3.397,2.406,2.759,3.926,1.667,3.574,1.585,9.206,53.869,3.784,2.475,3.0,17.0,5.0,3.803,2.634,rural,parent,no,yes,yes,no,yes,yes,no,afternoon,11.455
T11_0013,neutral_toy,5.856,3.0,2.547,0.152,2.504,2.512,3.443,2.136,3.059,1.968,2.38,9.301,95.847,2.931,2.632,1.0,13.0,4.0,1.81,3.796,urban,parent,no,no,yes,no,yes,yes,yes,morning,13.235
T11_0014,neutral_toy,7.154,3.0,4.027,0.444,2.998,2.434,3.253,3.571,2.283,1.708,2.354,9.78,90.806,3.293,2.335,1.0,15.0,3.0,2.587,2.978,urban,parent,no,yes,yes,no,yes,yes,yes,afternoon,14.466
T11_0015,neutral_toy,7.502,6.0,2.858,-1.022,3.616,3.756,2.128,2.666,3.905,2.994,2.414,11.091,63.698,3.845,2.594,1.0,12.0,3.0,3.773,3.637,suburban,parent,no,no,no,yes,yes,yes,no,afternoon,16.532
T11_0016,neutral_toy,6.905,2.0,2.003,-0.244,1.84,4.713,2.247,2.844,1.888,3.728,2.266,9.951,87.86,2.779,1.77,1.0,14.0,7.0,1.851,2.917,suburban,parent,no,yes,yes,no,no,no,yes,morning,15.798
T11_0017,unrealistic_doll,7.698,1.0,2.604,-1.332,3.63,2.323,2.68,1.897,2.009,2.638,1.213,9.169,55.981,3.674,3.298,2.0,12.0,4.0,2.966,4.16,urban,parent,no,no,no,no,no,no,no,morning,15.567
T11_0018,neutral_toy,6.034,6.0,3.152,-0.592,2.505,3.887,3.361,2.862,1.949,2.999,3.291,9.855,71.749,3.076,4.306,2.0,15.0,5.0,4.317,3.415,urban,other_guardian,yes,yes,yes,yes,yes,no,yes,morning,12.153
T11_0019,neutral_toy,7.776,2.0,4.321,-1.187,2.368,3.475,2.738,3.37,3.733,2.651,1.384,9.19,54.124,2.842,4.228,1.0,16.0,6.0,2.507,2.745,suburban,parent,yes,no,yes,no,yes,no,no,afternoon,14.444
T11_0020,neutral_toy,6.435,3.0,2.615,-0.744,3.264,2.778,3.161,3.246,3.77,2.809,1.42,9.893,74.968,3.314,3.034,2.0,14.0,5.0,3.186,2.414,suburban,other_guardian,no,yes,no,no,no,no,no,afternoon,13.486
T11_0021,unrealistic_doll,6.093,2.0,2.347,-2.039,3.417,3.007,3.578,2.775,2.72,2.492,2.059,10.968,58.374,2.697,2.459,1.0,17.0,3.0,2.091,1.554,urban,parent,no,no,yes,yes,no,yes,no,morning,12.916
T11_0022,neutral_toy,8.04,1.0,2.776,-1.102,2.734,2.658,2.877,2.189,3.36,2.938,2.535,10.486,80.007,1.698,3.322,2.0,15.0,4.0,2.161,3.714,suburban,other_guardian,yes,no,yes,yes,yes,no,yes,morning,14.288
T11_0023,neutral_toy,8.137,1.0,3.732,-0.678,3.068,2.723,3.651,2.641,2.92,4.095,2.63,9.705,68.121,4.206,3.795,1.0,15.0,3.0,3.715,1.683,suburban,parent,yes,no,no,no,no,no,yes,afternoon,15.758
T11_0024,neutral_toy,7.035,4.0,2.875,1.453,3.326,3.314,2.805,3.083,3.328,3.929,2.823,10.383,69.019,3.008,2.534,1.0,11.0,3.0,2.173,2.563,rural,other_guardian,no,yes,yes,no,no,no,no,afternoon,13.865
T11_0025,neutral_toy,7.201,3.0,2.593,0.864,2.394,3.041,2.921,3.025,2.074,3.609,1.987,11.061,99.062,2.514,3.836,1.0,12.0,4.0,3.221,2.523,urban,parent,yes,no,yes,yes,no,no,no,morning,14.956
T11_0026,neutral_toy,6.567,1.0,2.797,-0.463,2.566,3.701,2.828,3.442,2.523,3.196,3.062,10.221,54.276,1.08,2.758,2.0,14.0,4.0,2.489,2.57,urban,other_guardian,yes,no,no,yes,yes,no,no,afternoon,14.208
T11_0027,unrealistic_doll,7.512,3.0,3.079,1.56,3.025,3.416,2.875,2.006,4.276,3.215,1.501,9.784,20.494,3.093,2.23,3.0,9.0,6.0,4.233,2.87,urban,parent,no,yes,yes,yes,yes,no,no,afternoon,12.746
T11_0028,unrealistic_doll,7.198,2.0,4.215,0.007,2.085,2.754,3.138,4.181,4.442,3.652,0.687,10.412,51.048,2.922,3.291,2.0,13.0,4.0,2.589,2.652,rural,parent,no,no,yes,yes,no,no,no,afternoon,15.213
T11_0029,neutral_toy,7.058,3.0,3.316,-1.141,3.206,3.11,1.588,3.135,2.868,3.349,1.071,10.655,47.994,3.472,3.157,2.0,13.0,4.0,3.532,2.265,suburban,parent,no,yes,no,no,no,yes,yes,afternoon,14.484
T11_0030,unrealistic_doll,7.981,3.0,3.29,-0.353,2.622,2.598,3.295,3.421,2.892,2.762,1.707,10.487,63.037,2.272,2.151,2.0,15.0,5.0,3.082,3.644,urban,parent,no,yes,yes,yes,yes,yes,yes,afternoon,12.257
T11_0031,unrealistic_doll,8.231,4.0,3.321,-0.593,2.175,2.334,3.066,2.476,2.807,4.017,1.247,9.708,84.071,4.402,1.733,0.0,15.0,3.0,3.387,2.813,suburban,other_guardian,yes,yes,no,yes,yes,no,no,afternoon,16.163
T11_0032,unrealistic_doll,7.143,2.0,3.736,0.413,3.276,3.391,2.646,2.092,2.172,3.471,1.619,9.608,60.58,1.448,3.36,1.0,12.0,4.0,1.895,2.84,suburban,other_guardian,no,yes,no,yes,yes,yes,no,morning,10.992
T11_0033,unrealistic_doll,7.537,2.0,3.843,-0.63,2.775,1.656,2.382,2.655,2.23,4.557,2.812,9.548,91.879,2.874,3.342,2.0,15.0,5.0,2.537,2.58,urban,other_guardian,yes,yes,no,yes,no,yes,no,morning,11.532
T11_0034,neutral_toy,7.535,6.0,3.748,1.072,2.774,2.698,2.462,3.759,2.705,3.638,1.358,9.39,80.045,3.414,3.02,2.0,14.0,4.0,1.768,2.508,suburban,parent,no,no,no,yes,no,no,no,morning,11.811
T11_0035,unrealistic_doll,6.871,4.0,3.007,1.133,3.165,2.592,3.644,2.214,3.158,2.649,2.121,10.271,85.665,2.521,3.578,1.0,15.0,3.0,4.044,2.224,suburban,other_guardian,no,yes,yes,yes,no,no,no,morning,12.405
T11_0036,neutral_toy,5.729,2.0,2.652,-1.22,2.498,3.587,2.405,3.264,3.32,3.262,0.799,10.306,52.513,2.401,4.276,2.0,12.0,4.0,4.037,2.569,suburban,other_guardian,yes,yes,no,no,no,yes,no,afternoon,14.472
T11_0037,neutral_toy,7.685,3.0,2.456,1.542,2.665,3.139,3.141,2.183,2.574,2.948,1.68,9.858,50.022,2.454,3.102,1.0,14.0,5.0,2.232,4.033,suburban,parent,yes,no,no,yes,no,no,yes,morning,12.866
T11_0038,unrealistic_doll,8.393,3.0,3.026,0.524,3.282,2.149,1.101,2.051,3.773,3.386,2.678,10.22,54.705,2.345,3.05,0.0,13.0,6.0,3.152,3.246,urban,parent,no,no,no,no,yes,no,no,morning,12.683
T11_0039,unrealistic_doll,5.725,5.0,2.631,-0.573,2.37,3.017,3.581,2.334,3.081,3.115,0.65,9.273,82.05,3.992,2.937,2.0,12.0,4.0,3.487,2.704,rural,parent,no,yes,yes,no,no,no,yes,afternoon,15.068
T11_0040,unrealistic_doll,6.861,4.0,2.257,-1.237,3.484,1.714,1.878,3.401,2.762,2.709,2.329,9.565,60.333,2.559,3.547,0.0,9.0,4.0,2.853,2.166,rural,parent,no,yes,no,yes,yes,no,yes,afternoon,14.266
T11_0041,neutral_toy,7.673,3.0,3.008,-0.245,2.94,2.769,2.49,2.974,3.035,2.531,2.487,10.204,69.249,1.699,3.05,0.0,11.0,4.0,2.73,2.6,suburban,parent,yes,no,no,no,no,no,yes,morning,17.778
T11_0042,unrealistic_doll,6.514,6.0,4.171,0.482,3.304,2.493,2.727,4.688,3.039,2.621,1.558,9.818,83.701,3.09,4.036,1.0,12.0,5.0,3.423,2.246,urban,other_guardian,no,yes,no,no,yes,yes,no,afternoon,13.994
T11_0043,neutral_toy,7.177,1.0,3.313,0.431,3.576,3.11,2.427,3.186,3.001,3.326,2.077,9.999,70.579,4.116,4.243,3.0,13.0,5.0,2.453,2.583,rural,other_guardian,yes,no,no,no,yes,yes,yes,afternoon,13.407
T11_0044,unrealistic_doll,6.629,2.0,2.174,0.909,3.844,1.829,3.196,1.104,2.709,3.405,1.167,9.819,69.3,3.153,2.987,2.0,17.0,4.0,3.897,1.376,suburban,parent,yes,no,no,no,yes,no,no,afternoon,14.573
T11_0045,neutral_toy,6.75,4.0,3.429,-2.129,1.899,2.525,2.683,4.287,1.265,3.62,0.901,10.062,79.012,3.188,3.917,2.0,12.0,4.0,2.46,3.747,suburban,other_guardian,yes,no,no,yes,yes,yes,yes,morning,12.385
T11_0046,neutral_toy,6.979,4.0,2.888,1.681,3.436,3.02,3.945,2.494,2.078,4.186,1.819,10.083,14.148,3.584,3.916,0.0,14.0,4.0,3.455,3.04,suburban,parent,no,no,no,yes,no,no,yes,afternoon,14.164
T11_0047,unrealistic_doll,6.216,1.0,2.275,1.215,3.269,2.701,2.023,2.42,4.298,2.434,0.862,10.81,65.02,1.936,3.039,0.0,13.0,5.0,2.333,2.502,suburban,other_guardian,no,yes,yes,no,no,yes,yes,morning,12.154
T11_0048,neutral_toy,7.666,2.0,2.738,1.479,2.795,3.687,3.04,2.883,3.155,3.305,3.088,9.672,32.26,3.194,3.039,0.0,16.0,5.0,3.152,2.411,suburban,parent,yes,no,yes,no,yes,yes,yes,afternoon,15.448
T11_0049,unrealistic_doll,6.291,3.0,2.856,0.938,2.709,2.923,3.154,2.807,3.389,2.248,0.71,10.861,60.541,2.992,2.137,3.0,13.0,5.0,2.617,3.698,urban,parent,yes,no,no,yes,yes,no,no,morning,15.066
T11_0050,unrealistic_doll,5.791,3.0,2.428,0.11,4.007,3.852,2.557,2.872,2.748,2.677,1.053,10.179,41.467,2.208,2.604,1.0,18.0,4.0,2.417,2.204,suburban,parent,yes,no,yes,no,yes,no,yes,morning,11.594
T11_0051,neutral_toy,5.945,4.0,2.933,-0.456,4.661,2.916,2.858,2.927,3.412,3.316,1.619,10.725,48.505,3.627,2.054,3.0,14.0,5.0,2.902,2.135,rural,parent,no,yes,no,yes,no,yes,no,morning,14.665
T11_0052,neutral_toy,8.319,1.0,3.712,-0.907,3.5,3.248,2.477,3.551,2.27,3.011,2.052,9.138,18.827,3.459,1.937,2.0,14.0,4.0,2.446,2.821,urban,parent,no,no,yes,yes,yes,no,yes,morning,11.621
T11_0053,neutral_toy,6.582,2.0,3.722,-0.23,2.532,2.297,2.483,3.493,3.742,2.57,1.818,8.709,84.852,2.401,2.427,3.0,9.0,5.0,3.146,3.188,urban,parent,yes,yes,yes,no,yes,yes,yes,morning,13.367
T11_0054,unrealistic_doll,7.23,6.0,3.874,0.351,2.239,1.755,2.535,2.351,4.17,4.166,2.748,10.778,37.728,4.151,2.63,1.0,13.0,4.0,4.156,2.171,urban,other_guardian,no,no,no,yes,yes,yes,no,morning,13.313
T11_0055,neutral_toy,7.533,4.0,2.39,-0.584,3.007,2.933,3.18,2.098,3.307,1.836,3.569,10.315,71.026,2.964,3.19,0.0,15.0,6.0,4.072,2.363,urban,other_guardian,no,yes,yes,no,no,yes,no,morning,13.618
T11_0056,unrealistic_doll,7.13,2.0,3.562,0.789,3.008,2.247,2.333,2.893,3.485,3.238,1.812,10.332,24.39,4.707,2.593,2.0,15.0,4.0,2.891,4.114,suburban,other_guardian,no,yes,no,no,no,yes,no,afternoon,13.504
T11_0057,neutral_toy,8.247,5.0,4.777,-0.959,3.29,3.469,2.24,2.214,3.15,3.942,0.891,10.101,100.395,2.603,1.956,2.0,11.0,5.0,2.434,3.271,suburban,parent,yes,no,yes,yes,yes,no,yes,afternoon,13.558
T11_0058,unrealistic_doll,7.184,1.0,3.09,-2.16,3.188,3.558,2.817,2.9,2.829,3.998,1.394,9.618,50.052,1.406,2.648,2.0,15.0,5.0,2.689,2.399,suburban,other_guardian,yes,no,no,no,yes,no,yes,morning,13.42
T11_0059,unrealistic_doll,6.128,2.0,2.298,-0.364,3.926,3.296,2.86,2.423,2.808,2.859,2.038,9.857,37.462,2.233,3.632,1.0,19.0,4.0,3.461,4.116,suburban,parent,yes,yes,no,yes,yes,yes,yes,afternoon,13.073
T11_0060,unrealistic_doll,7.524,5.0,3.967,-0.724,1.838,2.844,3.164,3.597,2.819,2.958,1.662,11.142,94.06,4.135,4.026,1.0,13.0,4.0,3.204,3.791,urban,other_guardian,yes,no,yes,yes,no,no,no,morning,14.956
T11_0061,neutral_toy,7.186,2.0,2.95,0.106,1.443,3.712,3.249,3.303,2.411,3.009,0.747,11.009,77.349,3.886,3.273,1.0,14.0,5.0,1.762,3.055,urban,parent,no,no,yes,no,no,yes,yes,morning,15.199
T11_0062,neutral_toy,8.023,5.0,3.402,0.081,2.792,3.37,3.625,2.823,3.169,2.265,2.513,10.524,82.261,3.165,3.939,1.0,9.0,4.0,2.515,3.011,rural,parent,yes,yes,no,yes,no,no,yes,afternoon,13.583
T11_0063,unrealistic_doll,7.516,5.0,2.539,-0.121,3.975,3.45,2.638,3.001,2.858,3.703,3.211,9.472,84.861,3.617,2.817,0.0,18.0,4.0,2.152,3.005,suburban,parent,no,no,no,no,no,yes,no,morning,14.791
T11_0064,neutral_toy,6.788,4.0,2.089,1.053,3.186,2.407,2.317,2.697,3.011,2.936,2.768,9.95,58.986,3.582,3.613,2.0,15.0,5.0,1.827,1.776,urban,other_guardian,no,yes,yes,yes,no,yes,no,morning,15.255
T11_0065,unrealistic_doll,6.567,2.0,2.257,-0.724,2.405,3.549,2.97,2.243,3.744,3.724,1.725,9.856,71.209,3.205,3.758,2.0,16.0,5.0,3.643,3.57,rural,parent,yes,yes,yes,yes,yes,yes,no,morning,13.607
T11_0066,unrealistic_doll,6.293,2.0,2.894,-1.215,2.252,3.088,3.34,2.955,3.141,2.179,2.834,9.362,17.34,3.541,3.761,1.0,15.0,4.0,3.137,3.754,suburban,other_guardian,yes,yes,yes,no,yes,yes,yes,afternoon,15.243
T11_0067,neutral_toy,6.03,6.0,2.952,0.164,3.395,4.405,2.7,3.093,2.462,4.537,2.941,10.112,62.12,2.956,3.422,2.0,17.0,5.0,3.446,3.198,rural,parent,yes,no,yes,no,no,no,no,afternoon,13.344
T11_0068,neutral_toy,7.336,3.0,2.27,0.533,2.972,3.173,2.129,2.101,4.766,3.958,2.089,9.862,104.477,2.933,3.054,3.0,15.0,5.0,1.607,1.922,rural,other_guardian,no,no,no,yes,no,no,yes,morning,13.407
T11_0069,unrealistic_doll,7.485,0.0,4.045,0.313,3.341,4.095,2.045,3.042,2.782,3.097,1.407,10.895,34.866,3.057,4.174,2.0,14.0,5.0,3.079,2.384,rural,parent,yes,no,yes,yes,yes,yes,no,afternoon,10.968
T11_0070,neutral_toy,6.048,3.0,1.468,-0.73,3.941,2.922,3.622,3.212,2.895,3.367,1.521,9.356,81.766,3.405,1.63,1.0,17.0,3.0,3.429,2.515,suburban,parent,yes,yes,yes,yes,no,yes,no,afternoon,13.418
T11_0071,unrealistic_doll,6.904,3.0,4.318,0.01,2.91,3.635,3.185,2.676,3.205,3.85,2.501,10.017,61.131,2.752,3.892,3.0,17.0,5.0,2.671,2.491,urban,other_guardian,yes,no,no,yes,no,yes,yes,morning,15.823
T11_0072,neutral_toy,7.528,2.0,3.97,1.665,3.808,2.666,2.202,4.055,2.638,1.882,2.386,9.933,67.309,2.581,2.207,2.0,13.0,5.0,2.673,1.983,rural,parent,no,yes,yes,no,no,yes,no,morning,14.827
T11_0073,unrealistic_doll,6.496,2.0,2.984,-1.812,2.435,2.739,3.448,2.921,2.024,3.03,2.733,9.48,50.228,2.121,3.118,2.0,13.0,4.0,2.194,2.868,rural,parent,no,no,no,yes,yes,no,yes,afternoon,13.863
T11_0074,unrealistic_doll,5.9,3.0,3.235,0.642,3.881,3.151,2.698,2.986,3.19,2.09,2.006,10.184,45.241,3.754,2.776,1.0,13.0,4.0,3.742,2.653,suburban,parent,no,yes,yes,no,no,yes,yes,afternoon,14.218
T11_0075,neutral_toy,6.887,6.0,3.109,1.107,2.531,2.284,1.957,2.635,3.475,2.815,1.59,11.091,36.386,3.458,1.671,0.0,15.0,4.0,3.284,3.329,suburban,parent,no,no,yes,no,yes,no,no,afternoon,13.51
T11_0076,neutral_toy,7.16,1.0,2.524,-1.176,2.469,4.26,4.092,2.623,2.951,3.056,2.388,9.603,54.683,4.162,3.734,1.0,15.0,4.0,2.785,3.081,suburban,parent,no,no,no,no,yes,no,yes,afternoon,15.094
T11_0077,unrealistic_doll,6.383,1.0,3.255,-0.219,3.63,2.721,2.05,2.676,3.061,1.367,1.901,9.782,81.752,2.645,3.507,1.0,13.0,4.0,3.668,2.946,urban,other_guardian,yes,no,no,yes,no,yes,no,afternoon,11.765
T11_0078,neutral_toy,6.931,1.0,2.42,-0.896,3.798,2.088,3.424,3.356,3.926,1.987,1.104,10.175,54.548,2.569,1.405,2.0,13.0,4.0,3.79,4.186,rural,parent,no,yes,yes,yes,yes,yes,yes,afternoon,16.203
T11_0079,unrealistic_doll,7.331,4.0,2.699,-0.539,3.426,3.585,3.464,3.624,2.917,2.979,1.098,9.34,33.232,2.164,2.56,3.0,9.0,5.0,3.427,2.911,suburban,parent,yes,yes,yes,yes,no,no,no,morning,12.266
T11_0080,unrealistic_doll,6.458,5.0,2.807,2.025,3.456,2.103,3.916,2.357,2.674,2.368,3.11,10.462,50.998,3.39,3.458,1.0,15.0,5.0,2.565,3.38,rural,parent,no,no,no,yes,yes,no,yes,morning,12.144
T11_0081,neutral_toy,6.81,5.0,3.397,-0.01,2.15,3.311,3.096,2.732,3.743,2.102,1.366,8.781,86.245,2.965,2.044,1.0,16.0,3.0,2.563,1.994,urban,parent,yes,yes,yes,yes,no,yes,no,afternoon,12.497
T11_0082,neutral_toy,6.329,3.0,2.62,-0.958,3.166,3.258,1.266,3.296,3.178,2.978,2.1,9.065,57.959,2.39,3.251,1.0,11.0,4.0,2.907,2.425,urban,parent,yes,no,no,yes,yes,yes,yes,afternoon,11.479
T11_0083,neutral_toy,6.334,3.0,3.244,0.222,2.788,3.848,2.738,4.212,3.305,2.172,1.92,9.296,93.862,1.966,3.126,3.0,16.0,5.0,3.358,3.974,urban,other_guardian,no,no,yes,no,yes,yes,no,morning,17.914
T11_0084,unrealistic_doll,7.537,5.0,3.763,2.15,2.582,2.326,2.414,3.33,2.187,3.065,2.263,9.723,86.929,2.969,3.528,3.0,18.0,5.0,3.028,3.463,urban,parent,no,yes,yes,no,no,yes,yes,afternoon,11.518
T11_0085,neutral_toy,8.24,5.0,2.237,-0.042,4.205,3.01,3.57,3.482,3.474,2.225,2.413,10.027,84.61,1.919,1.979,2.0,17.0,4.0,2.061,1.803,rural,other_guardian,yes,yes,no,no,yes,no,yes,afternoon,12.862
T11_0086,neutral_toy,7.45,6.0,3.248,0.929,3.127,4.019,3.48,2.962,3.654,3.815,2.697,11.331,28.624,2.794,3.109,3.0,13.0,5.0,1.497,1.81,rural,parent,yes,yes,yes,yes,yes,no,no,morning,14.08
T11_0087,neutral_toy,7.084,5.0,2.271,-0.218,1.897,3.154,4.604,3.225,1.774,3.378,0.764,9.854,66.027,1.706,3.328,2.0,15.0,4.0,2.945,3.782,rural,other_guardian,yes,no,yes,yes,no,yes,yes,afternoon,14.492
T11_0088,unrealistic_doll,6.462,4.0,3.187,-0.031,4.298,2.977,4.236,2.384,2.895,4.397,1.451,11.509,56.805,2.413,2.676,2.0,9.0,4.0,2.806,1.963,suburban,parent,no,yes,no,no,yes,yes,no,morning,10.559
T11_0089,neutral_toy,7.607,3.0,2.847,1.27,3.301,4.239,3.296,3.567,2.742,2.197,0.888,9.657,90.884,3.618,2.796,2.0,18.0,4.0,3.547,2.648,suburban,parent,yes,no,no,no,no,yes,no,afternoon,14.41
T11_0090,unrealistic_doll,7.677,1.0,3.307,-0.237,3.789,2.635,3.289,2.931,2.329,2.805,1.935,9.777,64.843,2.549,2.52,2.0,11.0,4.0,2.874,3.163,rural,other_guardian,yes,no,yes,no,yes,no,yes,morning,14.301
T11_0091,neutral_toy,6.814,1.0,2.162,0.875,3.135,4.089,3.863,2.75,2.896,3.229,2.182,10.694,82.928,4.706,2.511,2.0,13.0,4.0,3.017,2.719,urban,parent,no,yes,no,no,no,no,yes,afternoon,12.333
T11_0092,unrealistic_doll,6.534,2.0,2.001,-0.343,1.678,2.144,3.29,3.597,2.063,4.379,3.248,10.86,61.216,2.541,3.784,2.0,17.0,4.0,2.934,3.222,suburban,parent,yes,yes,no,yes,yes,yes,no,afternoon,15.493
T11_0093,neutral_toy,8.214,4.0,2.203,-1.508,2.233,2.965,4.129,2.814,3.316,3.131,3.188,9.726,126.603,3.646,2.567,1.0,16.0,4.0,3.046,4.997,urban,parent,no,yes,no,yes,yes,no,no,afternoon,15.891
T11_0094,unrealistic_doll,6.444,2.0,2.628,0.515,2.349,3.831,3.754,2.101,3.441,2.625,1.347,9.473,58.452,2.971,3.215,1.0,11.0,6.0,3.76,2.078,urban,other_guardian,yes,yes,no,yes,no,no,no,afternoon,13.36
T11_0095,neutral_toy,7.156,4.0,3.358,-0.401,2.266,3.418,4.925,1.813,3.209,3.426,1.878,8.255,52.665,2.559,2.718,1.0,19.0,3.0,2.902,2.299,rural,parent,no,yes,yes,no,yes,yes,no,morning,12.979
T11_0096,unrealistic_doll,6.965,6.0,3.393,-0.058,3.4,2.976,3.638,2.774,2.29,3.021,2.331,9.316,35.583,3.019,3.748,2.0,15.0,5.0,3.347,3.247,urban,other_guardian,yes,no,no,no,yes,no,yes,afternoon,12.547
T11_0097,neutral_toy,6.822,3.0,3.362,0.548,3.017,3.143,3.515,2.315,2.86,2.895,2.339,9.724,84.794,3.493,2.832,0.0,14.0,3.0,2.477,3.067,suburban,other_guardian,no,no,no,no,yes,no,no,afternoon,11.604
T11_0098,unrealistic_doll,7.163,1.0,2.109,-1.619,2.515,2.392,2.892,3.105,3.888,2.713,1.504,9.886,48.756,2.602,3.341,0.0,16.0,4.0,1.51,1.822,urban,parent,yes,yes,yes,no,no,no,yes,morning,15.147
T11_0099,unrealistic_doll,6.251,3.0,3.808,0.174,2.179,3.041,2.195,3.241,3.067,2.251,2.114,9.294,42.176,2.992,3.691,3.0,8.0,5.0,2.443,2.453,urban,other_guardian,no,yes,yes,yes,no,yes,yes,afternoon,12.891
T11_0100,unrealistic_doll,6.285,4.0,1.848,-0.2,2.501,2.988,1.537,2.862,3.179,2.527,0.821,9.621,29.066,3.647,3.212,2.0,17.0,4.0,3.565,2.548,rural,parent,no,yes,yes,no,no,no,no,afternoon,12.505
T11_0101,unrealistic_doll,7.729,1.0,3.691,-1.325,2.688,2.751,2.698,2.822,2.615,1.94,2.546,9.08,78.86,2.889,2.685,2.0,15.0,4.0,2.022,3.148,suburban,parent,no,no,no,no,no,no,yes,morning,11.971
T11_0102,neutral_toy,7.274,4.0,2.95,0.314,1.645,3.425,3.613,4.85,3.565,3.363,2.369,9.949,22.215,2.628,2.932,1.0,17.0,6.0,2.507,2.486,urban,parent,no,yes,no,yes,yes,yes,yes,afternoon,15.818
T11_0103,unrealistic_doll,7.065,0.0,2.913,0.384,3.329,4.227,3.936,3.012,2.811,3.729,0.054,9.438,50.712,3.458,3.569,2.0,16.0,4.0,2.37,2.675,urban,parent,yes,yes,no,yes,yes,yes,no,morning,15.837
T11_0104,neutral_toy,7.656,7.0,3.127,-0.175,2.865,3.258,2.645,4.435,3.417,1.582,2.725,8.848,57.262,1.944,2.93,2.0,15.0,5.0,2.56,3.428,urban,other_guardian,yes,no,yes,yes,yes,no,yes,morning,15.798
T11_0105,unrealistic_doll,6.208,4.0,2.775,0.594,2.926,2.647,3.264,3.663,3.26,2.634,2.461,10.347,60.797,2.312,3.118,2.0,16.0,4.0,2.541,2.81,urban,parent,no,yes,yes,yes,no,yes,yes,morning,12.806
T11_0106,unrealistic_doll,6.744,4.0,3.788,0.887,3.316,2.097,4.121,2.429,2.618,4.071,2.52,9.735,69.171,3.21,2.566,2.0,16.0,5.0,2.888,3.212,suburban,other_guardian,yes,no,no,yes,yes,yes,no,afternoon,11.13
T11_0107,unrealistic_doll,7.733,4.0,3.478,-0.152,3.698,2.201,3.458,3.477,3.887,3.608,1.214,9.939,86.707,2.971,3.41,2.0,8.0,4.0,3.04,3.951,suburban,parent,yes,yes,no,no,yes,no,no,afternoon,14.678
T11_0108,unrealistic_doll,6.972,2.0,3.038,-0.549,3.668,3.171,3.362,4.222,2.447,1.912,2.111,9.271,35.795,1.708,1.784,3.0,10.0,5.0,2.458,3.467,suburban,other_guardian,yes,yes,yes,yes,yes,no,yes,morning,14.619
T11_0109,unrealistic_doll,5.863,5.0,3.342,0.074,2.766,2.666,3.16,2.212,3.797,3.444,3.006,9.849,78.205,2.64,2.256,1.0,16.0,4.0,2.303,4.131,suburban,other_guardian,yes,no,no,no,yes,no,yes,morning,11.073
T11_0110,unrealistic_doll,6.851,7.0,2.614,0.972,4.053,1.822,4.179,2.342,1.587,2.934,1.994,10.803,97.7,3.062,3.212,1.0,14.0,6.0,3.109,3.708,urban,other_guardian,no,yes,yes,no,no,no,yes,morning,15.429
T11_0111,neutral_toy,7.15,3.0,2.303,2.295,3.389,2.849,3.614,2.784,1.787,3.614,2.492,9.264,68.647,3.612,2.432,0.0,15.0,4.0,2.926,2.772,urban,parent,yes,yes,no,no,yes,yes,yes,morning,14.369
T11_0112,neutral_toy,7.261,4.0,3.082,0.52,3.816,4.041,2.368,2.686,3.185,1.946,2.134,9.214,17.663,3.148,2.461,2.0,13.0,5.0,2.471,2.815,urban,parent,no,no,no,no,no,no,yes,morning,13.679
T11_0113,neutral_toy,5.727,2.0,2.349,0.232,3.44,3.784,2.862,3.495,3.008,3.145,2.405,10.583,44.709,3.001,2.919,2.0,13.0,4.0,3.709,2.232,urban,other_guardian,no,no,yes,yes,yes,no,no,morning,14.68
T11_0114,unrealistic_doll,7.266,3.0,2.03,-0.35,3.525,2.839,3.361,2.928,2.572,3.226,3.553,10.079,84.997,2.957,1.827,2.0,12.0,5.0,4.098,3.066,rural,parent,yes,yes,yes,no,no,no,no,afternoon,14.3
T11_0115,neutral_toy,7.876,5.0,2.184,-0.049,3.515,2.511,2.678,1.654,3.074,3.446,2.163,10.695,47.007,4.099,2.329,4.0,12.0,6.0,3.49,2.847,rural,parent,yes,no,no,yes,yes,yes,no,morning,12.784
T11_0116,unrealistic_doll,8.161,5.0,2.967,-0.953,1.787,2.899,2.108,2.795,4.203,2.957,2.261,10.632,63.924,2.746,1.868,2.0,13.0,4.0,3.357,2.207,rural,parent,no,no,no,yes,no,yes,yes,afternoon,15.464
T11_0117,unrealistic_doll,7.362,3.0,2.643,0.094,3.086,2.731,3.352,2.785,2.886,3.435,1.79,10.255,92.863,3.168,3.577,3.0,15.0,5.0,2.338,3.018,suburban,parent,no,no,no,yes,no,no,yes,afternoon,11.244
T11_0118,neutral_toy,6.312,2.0,2.871,-0.506,1.878,2.846,4.539,3.858,3.852,3.598,1.144,10.604,31.557,4.379,2.633,1.0,12.0,3.0,2.3,2.512,urban,parent,yes,yes,yes,yes,yes,yes,no,afternoon,14.57
T11_0119,neutral_toy,6.931,5.0,3.855,-0.849,3.23,3.996,4.346,2.829,2.216,3.512,1.626,10.321,83.731,2.959,3.331,2.0,9.0,4.0,2.778,4.068,rural,other_guardian,yes,no,yes,no,yes,yes,yes,afternoon,12.665
T11_0120,unrealistic_doll,6.573,2.0,1.984,-0.048,2.868,3.403,2.949,2.831,3.361,2.696,2.104,10.174,84.148,3.578,2.312,1.0,13.0,3.0,2.907,2.541,suburban,other_guardian,yes,yes,no,yes,no,no,yes,afternoon,15.289
T11_0121,neutral_toy,7.288,3.0,2.73,-0.212,3.22,3.671,2.871,3.629,3.06,3.281,1.336,10.48,68.026,2.175,1.86,1.0,13.0,6.0,3.324,3.461,urban,other_guardian,yes,yes,no,yes,no,no,no,morning,14.751
T11_0122,unrealistic_doll,7.54,3.0,3.652,-1.013,2.387,3.014,2.636,2.894,4.387,1.156,1.793,9.544,63.142,3.324,2.423,0.0,15.0,4.0,4.149,3.865,suburban,parent,yes,no,yes,no,yes,yes,no,afternoon,15.159
T11_0123,neutral_toy,7.804,6.0,2.873,-0.943,2.461,2.756,3.277,2.286,2.536,2.655,1.421,10.808,56.443,3.605,2.492,0.0,13.0,5.0,1.996,2.462,suburban,parent,yes,no,no,no,no,yes,yes,afternoon,15.41
T11_0124,neutral_toy,6.998,5.0,3.565,-0.438,3.797,2.527,3.678,2.815,3.378,3.169,2.352,10.419,61.345,3.171,4.266,0.0,11.0,5.0,2.557,2.882,urban,parent,yes,no,yes,yes,no,no,no,morning,13.932
T11_0125,neutral_toy,6.718,4.0,3.501,-0.256,1.71,2.435,2.872,1.989,2.897,3.196,2.565,9.041,14.07,4.121,2.298,2.0,12.0,4.0,2.099,2.999,urban,other_guardian,yes,yes,no,no,no,yes,yes,afternoon,12.995
T11_0126,unrealistic_doll,7.579,3.0,4.07,-0.087,2.958,2.861,3.489,2.893,3.081,2.851,1.927,10.495,77.933,3.244,3.703,0.0,14.0,5.0,1.214,3.271,urban,other_guardian,yes,no,yes,yes,yes,yes,yes,afternoon,12.791
T11_0127,neutral_toy,6.856,4.0,1.705,-0.187,3.459,3.166,3.229,3.645,2.967,3.111,2.084,10.748,65.078,3.032,2.604,0.0,11.0,2.0,3.41,2.001,urban,other_guardian,no,no,no,yes,yes,no,no,afternoon,14.843
T11_0128,neutral_toy,6.438,4.0,3.358,0.646,1.727,2.603,4.399,3.763,2.016,3.389,2.307,10.797,63.119,3.093,3.103,1.0,15.0,3.0,2.432,2.894,urban,other_guardian,yes,no,yes,no,yes,no,yes,afternoon,15.197
T11_0129,neutral_toy,6.581,4.0,3.222,-0.744,4.167,4.113,2.043,3.483,1.325,2.46,1.261,9.665,100.708,3.275,2.923,0.0,15.0,4.0,3.351,2.894,rural,parent,yes,no,no,no,no,yes,no,morning,14.921
T11_0130,unrealistic_doll,7.326,4.0,2.145,0.475,4.291,2.62,2.985,2.338,2.922,2.01,0.949,9.984,70.366,4.025,2.637,0.0,18.0,4.0,2.783,3.434,urban,parent,yes,yes,no,no,no,yes,yes,morning,13.712
T11_0131,neutral_toy,5.68,4.0,3.73,-0.314,4.136,2.475,2.774,2.621,2.953,3.63,1.42,10.504,95.737,2.504,4.128,1.0,16.0,5.0,2.607,2.56,urban,other_guardian,no,yes,yes,yes,yes,yes,no,morning,14.71
T11_0132,unrealistic_doll,7.315,4.0,2.375,0.703,2.122,2.981,2.853,1.343,3.357,2.997,1.504,8.437,55.536,3.931,4.155,2.0,10.0,5.0,4.347,3.5,rural,other_guardian,no,no,no,no,no,yes,yes,morning,14.736
T11_0133,unrealistic_doll,7.986,5.0,1.964,0.447,3.543,3.836,3.874,2.644,2.507,2.068,1.506,11.149,45.921,3.333,3.304,1.0,16.0,3.0,2.393,4.098,suburban,parent,no,no,no,no,yes,no,yes,morning,12.776
T11_0134,neutral_toy,7.348,1.0,3.291,0.127,3.139,3.574,2.328,2.935,2.542,3.689,2.182,9.362,78.377,2.918,3.185,1.0,15.0,3.0,3.191,4.05,suburban,parent,yes,no,no,yes,no,yes,yes,afternoon,14.353
T11_0135,unrealistic_doll,7.153,4.0,2.925,1.577,3.103,4.329,3.888,3.543,2.427,2.773,1.893,9.314,44.236,2.986,2.459,2.0,16.0,4.0,2.967,3.477,suburban,parent,yes,yes,yes,no,yes,no,yes,morning,12.056
T11_0136,neutral_toy,7.042,4.0,2.149,0.099,2.794,2.917,2.464,3.899,2.641,2.773,1.986,10.496,51.919,2.657,2.539,1.0,13.0,4.0,2.199,2.183,urban,other_guardian,no,no,yes,no,no,no,yes,morning,13.375
T11_0137,unrealistic_doll,6.07,3.0,3.127,-0.651,3.425,2.73,3.139,2.864,3.606,3.836,1.979,10.185,81.915,3.176,2.996,3.0,17.0,5.0,3.46,2.563,rural,other_guardian,no,no,yes,no,yes,yes,yes,morning,10.977
T11_0138,unrealistic_doll,8.109,1.0,3.775,0.535,2.468,2.551,3.227,3.043,3.082,2.803,0.958,8.566,57.692,2.343,2.486,2.0,13.0,4.0,2.512,3.943,suburban,parent,yes,no,no,yes,yes,no,no,afternoon,16.19
T11_0139,neutral_toy,8.031,2.0,2.493,0.509,2.618,3.667,2.88,1.214,2.151,3.667,2.819,10.633,118.006,2.247,3.908,1.0,17.0,5.0,1.842,3.092,urban,other_guardian,no,yes,no,no,no,yes,no,morning,13.151
T11_0140,neutral_toy,5.77,3.0,1.867,0.6,2.317,2.826,3.266,2.147,3.703,3.726,1.143,9.807,72.373,1.648,2.484,3.0,15.0,5.0,2.516,3.234,suburban,other_guardian,yes,no,yes,no,yes,no,no,afternoon,15.757
T11_0141,neutral_toy,6.37,0.0,2.082,-0.052,2.719,2.083,3.422,2.169,2.978,2.141,1.636,10.896,88.001,2.813,2.914,2.0,15.0,5.0,3.54,2.172,urban,parent,yes,yes,yes,no,yes,yes,no,morning,13.485
T11_0142,unrealistic_doll,7.174,6.0,3.738,-0.884,3.376,3.315,2.741,4.402,4.247,3.333,0.665,11.31,48.362,3.485,3.118,0.0,16.0,3.0,3.488,3.547,rural,parent,no,no,yes,no,no,no,yes,morning,14.715
T11_0143,unrealistic_doll,8.484,3.0,3.365,-0.97,3.061,4.018,3.028,2.662,3.43,4.201,2.362,10.696,63.884,2.881,3.069,0.0,13.0,5.0,4.086,2.251,suburban,other_guardian,no,no,no,yes,yes,no,no,morning,16.721
T11_0144,neutral_toy,7.484,0.0,3.497,-0.366,2.986,2.907,3.891,1.734,2.399,2.004,1.348,10.091,63.647,3.94,4.037,0.0,13.0,4.0,2.265,3.125,urban,other_guardian,no,no,yes,yes,no,no,yes,afternoon,12.468
T11_0145,neutral_toy,6.904,3.0,3.649,-0.968,3.424,2.743,2.121,2.67,3.41,3.922,1.42,8.245,99.562,4.192,3.729,0.0,17.0,4.0,2.613,3.339,suburban,parent,no,yes,no,no,no,yes,yes,morning,11.732
T11_0146,unrealistic_doll,6.357,4.0,2.704,0.205,3.416,2.839,2.514,3.318,2.836,4.495,2.596,9.799,53.451,3.118,1.643,3.0,18.0,5.0,3.821,2.175,suburban,other_guardian,yes,yes,no,yes,no,no,yes,morning,12.925
T11_0147,unrealistic_doll,6.984,3.0,3.643,-0.17,2.811,2.848,4.465,3.599,2.245,2.347,1.825,9.184,48.6,2.503,2.251,1.0,16.0,3.0,3.541,3.395,suburban,other_guardian,no,yes,no,yes,no,no,no,morning,12.857
T11_0148,neutral_toy,7.858,4.0,2.644,-1.185,2.923,3.082,2.798,2.491,2.951,4.96,0.877,9.811,25.29,3.336,3.048,1.0,12.0,4.0,2.543,3.64,urban,parent,no,no,no,no,yes,yes,yes,afternoon,14.142
T11_0149,neutral_toy,6.01,5.0,2.379,-0.357,1.428,1.957,3.594,4.118,2.841,3.309,1.428,9.17,60.216,3.181,2.307,1.0,14.0,3.0,1.579,3.189,suburban,other_guardian,no,no,no,no,no,no,yes,afternoon,15.723
T11_0150,unrealistic_doll,7.498,1.0,4.182,2.164,3.53,2.178,3.524,3.285,2.31,1.444,2.047,10.514,69.964,2.239,1.751,0.0,17.0,3.0,3.003,3.164,suburban,parent,yes,no,no,yes,no,yes,no,morning,11.951
T11_0151,neutral_toy,7.9,2.0,3.098,-0.938,2.627,2.052,3.718,3.532,3.346,2.777,1.371,9.318,76.088,3.223,2.643,1.0,14.0,6.0,3.722,4.301,suburban,parent,no,no,yes,no,no,yes,yes,morning,16.274
T11_0152,unrealistic_doll,7.105,2.0,2.646,-0.524,2.171,2.017,4.058,1.513,3.265,3.3,1.129,9.517,85.865,3.936,2.651,1.0,13.0,4.0,2.866,2.926,urban,parent,no,no,no,yes,yes,yes,no,afternoon,14.972
T11_0153,unrealistic_doll,7.36,3.0,2.385,1.379,2.076,3.38,3.379,3.547,2.062,3.471,0.67,9.564,96.073,3.095,2.305,1.0,14.0,3.0,1.946,3.785,suburban,parent,no,no,no,yes,yes,no,yes,afternoon,12.3
T11_0154,neutral_toy,6.142,7.0,2.605,0.228,3.72,2.242,2.948,2.844,3.142,3.296,1.91,10.724,57.496,2.989,2.228,1.0,14.0,4.0,2.61,2.747,rural,other_guardian,yes,yes,no,yes,yes,no,no,morning,15.182
T11_0155,unrealistic_doll,7.26,4.0,1.927,-1.982,1.523,3.249,2.337,4.593,2.317,2.874,1.871,9.958,19.166,3.167,3.177,1.0,16.0,5.0,3.444,4.162,rural,parent,no,no,no,no,no,no,no,afternoon,13.344
T11_0156,unrealistic_doll,7.631,1.0,3.131,-1.024,2.761,3.264,3.825,2.231,2.55,2.566,2.218,9.255,57.604,2.149,2.714,3.0,14.0,5.0,3.669,2.688,suburban,other_guardian,yes,no,yes,yes,yes,no,no,afternoon,14.722
T11_0157,neutral_toy,7.509,5.0,2.699,-0.463,3.308,2.425,1.736,2.3,4.035,3.212,2.572,10.21,60.736,3.439,2.353,2.0,15.0,5.0,2.299,3.807,rural,other_guardian,yes,yes,no,no,no,yes,no,morning,14.905
T11_0158,neutral_toy,7.871,4.0,3.179,-0.524,4.293,2.887,3.036,2.682,2.752,2.697,1.753,10.299,19.299,2.962,2.791,1.0,13.0,3.0,3.33,3.659,suburban,parent,yes,no,yes,yes,no,yes,no,morning,13.888
T11_0159,neutral_toy,8.088,3.0,3.306,-1.341,3.986,3.666,2.812,4.78,3.499,3.318,2.689,9.667,93.44,2.626,2.347,2.0,17.0,4.0,2.389,2.454,suburban,parent,no,yes,no,no,yes,no,yes,afternoon,17.289
T11_0160,unrealistic_doll,7.329,4.0,3.738,-0.908,2.945,3.518,3.639,3.065,2.192,2.547,2.101,10.351,93.811,1.827,2.42,1.0,13.0,4.0,1.168,3.065,rural,other_guardian,no,yes,no,no,no,no,no,afternoon,14.674
T11_0161,unrealistic_doll,6.872,5.0,2.249,-1.438,3.037,4.586,2.676,1.553,2.994,2.716,2.505,9.458,45.659,2.422,2.957,2.0,12.0,4.0,1.83,3.211,suburban,parent,yes,no,yes,no,no,no,no,morning,13.166
T11_0162,neutral_toy,6.287,1.0,3.033,0.954,4.061,3.092,2.338,1.517,3.444,3.024,1.332,9.166,79.401,2.657,3.259,1.0,16.0,4.0,2.437,2.28,rural,parent,yes,no,no,yes,no,yes,no,morning,10.977
T11_0163,neutral_toy,7.715,4.0,2.573,0.244,3.221,3.051,4.239,3.325,1.515,3.18,1.034,9.063,45.219,3.38,3.838,2.0,18.0,4.0,3.657,4.257,urban,parent,no,yes,no,yes,yes,yes,no,afternoon,14.349
T11_0164,neutral_toy,6.391,5.0,3.171,-0.071,3.237,2.433,2.645,2.311,1.908,2.72,1.607,10.969,72.665,3.111,2.545,2.0,18.0,4.0,2.428,1.827,rural,other_guardian,no,no,no,yes,no,no,no,afternoon,14.782
T11_0165,unrealistic_doll,6.63,5.0,1.843,0.032,2.322,2.885,2.979,3.115,2.593,3.669,1.854,9.458,105.743,3.429,2.761,2.0,15.0,5.0,3.168,3.034,rural,other_guardian,yes,no,no,yes,yes,yes,no,afternoon,12.922
T11_0166,unrealistic_doll,8.272,6.0,2.567,0.093,2.717,3.673,3.386,3.068,2.782,4.37,0.579,10.703,131.159,2.767,2.631,3.0,14.0,5.0,3.582,3.794,suburban,other_guardian,no,yes,yes,yes,yes,no,yes,afternoon,16.903
T11_0167,unrealistic_doll,7.724,7.0,2.702,-0.616,2.67,3.701,3.459,1.575,2.77,3.09,2.053,9.379,59.579,3.12,3.177,1.0,11.0,3.0,2.232,2.127,urban,parent,no,yes,no,yes,no,no,yes,morning,15.176
T11_0168,unrealistic_doll,6.789,4.0,2.64,-0.528,2.472,2.6,3.716,3.451,2.896,3.62,2.74,10.946,107.095,3.472,2.623,1.0,13.0,5.0,3.14,3.572,suburban,other_guardian,yes,no,no,yes,no,no,no,morning,12.853
T11_0169,neutral_toy,6.641,4.0,3.083,-1.968,2.102,4.138,2.848,2.632,2.137,2.19,2.354,9.984,56.435,2.836,2.306,3.0,14.0,5.0,1.405,2.474,suburban,other_guardian,no,no,no,no,yes,yes,yes,morning,14.918
T11_0170,unrealistic_doll,7.13,5.0,3.491,-0.078,4.209,3.006,3.216,3.275,2.96,3.43,1.357,9.766,105.142,2.41,4.226,2.0,15.0,4.0,4.443,3.443,suburban,other_guardian,yes,no,yes,yes,yes,yes,yes,afternoon,13.083
T11_0171,neutral_toy,7.521,3.0,1.641,-0.012,3.235,3.189,2.609,3.18,3.276,3.256,2.248,9.664,78.344,3.02,3.45,3.0,11.0,5.0,3.945,2.908,rural,other_guardian,yes,yes,yes,no,no,no,no,afternoon,17.312
T11_0172,neutral_toy,6.639,1.0,3.01,-0.132,2.632,2.651,2.628,3.308,2.606,2.949,1.556,10.537,84.799,3.433,2.321,3.0,14.0,5.0,3.382,3.103,urban,parent,no,no,yes,no,no,yes,no,morning,13.512
T11_0173,neutral_toy,6.369,5.0,2.649,0.282,2.789,3.086,2.788,1.725,2.898,2.23,1.53,9.472,36.192,1.905,1.913,1.0,14.0,4.0,3.227,3.194,urban,parent,yes,yes,yes,no,yes,no,yes,morning,16.604
T11_0174,neutral_toy,5.895,3.0,1.397,-0.673,3.676,2.809,3.414,3.317,2.598,1.937,2.003,10.06,64.954,3.083,4.476,1.0,12.0,6.0,2.257,2.385,urban,parent,yes,no,yes,yes,no,yes,no,morning,15.601
T11_0175,unrealistic_doll,7.046,4.0,2.384,-0.229,2.002,2.664,3.804,2.605,3.374,4.617,1.572,9.343,60.025,2.639,3.751,1.0,14.0,5.0,2.329,2.124,suburban,parent,yes,no,no,yes,yes,no,yes,morning,15.642
T11_0176,neutral_toy,6.074,2.0,3.791,-0.219,2.578,3.267,3.319,4.235,2.811,2.688,0.835,9.895,31.987,2.844,2.638,2.0,12.0,5.0,3.228,3.337,suburban,parent,yes,no,no,no,yes,yes,yes,afternoon,14.047
T11_0177,neutral_toy,8.361,5.0,3.481,0.392,2.741,2.795,2.885,3.658,2.652,3.041,0.756,10.793,69.796,1.147,2.5,1.0,15.0,3.0,2.926,4.047,rural,other_guardian,no,yes,no,no,no,yes,yes,afternoon,12.632
T11_0178,neutral_toy,8.305,2.0,3.544,-1.104,3.407,3.621,3.491,3.256,3.052,3.684,1.416,9.845,60.447,2.565,1.169,0.0,19.0,5.0,3.115,3.513,rural,parent,yes,yes,no,no,no,no,yes,afternoon,13.906
T11_0179,unrealistic_doll,8.037,2.0,2.971,-0.06,2.579,3.065,3.529,2.91,3.917,2.653,2.134,9.628,74.529,3.103,2.849,2.0,15.0,4.0,3.049,2.991,rural,parent,yes,yes,no,no,no,no,no,morning,13.47
T11_0180,neutral_toy,7.533,1.0,3.655,-0.704,3.909,2.93,3.12,2.225,3.029,4.463,1.712,8.989,42.351,3.355,3.275,2.0,9.0,4.0,3.641,3.196,suburban,other_guardian,yes,yes,yes,no,yes,yes,yes,afternoon,10.744
T11_0181,neutral_toy,5.655,1.0,3.939,-1.298,3.247,3.701,3.544,2.825,2.345,1.53,0.873,9.248,107.355,2.612,3.199,2.0,11.0,4.0,3.298,3.275,rural,parent,yes,yes,yes,no,yes,no,no,afternoon,14.271
T11_0182,unrealistic_doll,5.503,5.0,4.163,0.01,3.11,2.822,2.273,2.433,2.249,3.749,2.329,10.085,73.229,3.984,3.449,1.0,17.0,5.0,1.867,3.859,urban,parent,no,no,yes,yes,yes,yes,yes,afternoon,14.563
T11_0183,unrealistic_doll,7.592,6.0,3.053,-1.016,3.742,3.226,2.35,3.857,3.174,2.52,3.074,10.255,80.217,3.61,2.28,0.0,14.0,5.0,2.79,3.954,suburban,other_guardian,yes,no,no,yes,no,yes,yes,afternoon,12.502
T11_0184,unrealistic_doll,6.642,4.0,3.42,0.052,2.306,2.81,4.057,3.877,2.502,3.406,2.063,10.158,48.499,4.866,3.228,1.0,20.0,3.0,3.672,4.153,urban,parent,no,no,no,no,no,no,yes,afternoon,12.957
T11_0185,unrealistic_doll,7.752,5.0,2.333,0.79,3.275,4.201,1.972,4.438,2.768,2.494,1.554,9.799,37.75,3.788,2.856,3.0,17.0,5.0,3.264,2.851,suburban,parent,yes,yes,yes,yes,no,yes,yes,afternoon,15.7
T11_0186,unrealistic_doll,5.99,5.0,4.33,1.17,1.92,2.247,2.456,1.863,3.091,3.243,2.45,10.095,52.347,4.13,3.079,1.0,13.0,4.0,2.99,2.574,suburban,parent,no,yes,no,no,yes,yes,no,afternoon,12.332
T11_0187,neutral_toy,7.261,2.0,3.147,-1.126,1.991,2.892,4.279,3.953,3.72,3.256,2.613,10.792,50.223,2.483,2.552,0.0,12.0,5.0,2.416,2.97,rural,other_guardian,yes,yes,yes,yes,no,no,no,afternoon,15.691
T11_0188,neutral_toy,6.268,5.0,1.373,0.204,2.594,3.261,3.292,1.341,3.27,3.46,0.588,9.35,55.972,2.1,3.72,1.0,13.0,4.0,2.915,2.016,suburban,parent,yes,no,no,no,no,no,yes,afternoon,14.39
T11_0189,unrealistic_doll,6.821,3.0,4.224,0.029,1.922,2.135,1.959,3.273,3.5,3.939,1.244,9.806,53.167,2.229,3.248,2.0,10.0,6.0,3.294,4.193,rural,other_guardian,no,no,no,no,yes,no,yes,morning,13.213
T11_0190,unrealistic_doll,6.663,2.0,2.565,-1.153,1.704,1.992,2.511,2.235,2.895,2.659,1.854,9.602,120.927,3.826,3.894,1.0,12.0,5.0,3.396,2.631,rural,parent,yes,yes,yes,yes,no,no,no,afternoon,14.113
T11_0191,unrealistic_doll,7.069,5.0,3.718,-0.908,2.524,3.581,3.381,3.511,3.872,3.286,2.721,10.891,47.607,3.356,2.743,1.0,11.0,4.0,3.215,4.343,rural,other_guardian,no,no,yes,no,no,no,no,afternoon,13.736
T11_0192,neutral_toy,7.382,5.0,2.101,-0.122,2.843,2.673,3.423,2.69,3.319,2.647,2.13,9.758,27.114,2.209,2.219,2.0,19.0,4.0,2.328,3.472,urban,parent,yes,yes,no,no,no,yes,no,afternoon,16.407
T11_0193,unrealistic_doll,6.04,7.0,2.15,0.035,2.716,3.086,2.358,2.929,3.154,3.859,1.023,10.803,38.088,2.877,1.392,3.0,17.0,5.0,3.581,2.803,rural,other_guardian,yes,yes,no,no,yes,yes,no,afternoon,11.328
T11_0194,unrealistic_doll,7.497,4.0,2.332,1.172,3.144,2.046,2.866,1.829,4.405,4.162,0.7,10.336,43.776,2.307,3.287,1.0,14.0,4.0,3.735,2.197,urban,parent,yes,yes,yes,yes,yes,no,no,afternoon,14.371
T11_0195,neutral_toy,6.393,3.0,3.486,0.357,3.225,3.875,3.383,3.183,3.213,2.435,2.179,9.942,64.318,3.102,3.172,2.0,15.0,4.0,2.928,2.871,suburban,parent,yes,no,no,no,yes,no,no,morning,16.229
T11_0196,neutral_toy,7.971,5.0,2.953,-0.289,2.51,2.832,3.322,3.028,2.895,2.206,2.442,10.016,54.869,3.287,1.644,0.0,17.0,4.0,2.674,3.965,urban,other_guardian,yes,no,no,yes,no,no,no,afternoon,15.44
T11_0197,neutral_toy,6.165,5.0,2.256,-0.008,2.737,3.327,4.245,2.9,3.3,2.585,1.859,9.488,62.663,3.154,1.851,2.0,15.0,4.0,3.223,2.292,suburban,other_guardian,no,yes,yes,yes,no,no,no,afternoon,15.961
T11_0198,unrealistic_doll,7.364,3.0,2.737,0.489,2.137,2.88,2.397,3.502,4.262,2.978,2.134,8.842,74.717,2.395,2.411,1.0,9.0,5.0,3.986,2.412,suburban,parent,no,yes,yes,no,yes,yes,yes,morning,14.116
T11_0199,unrealistic_doll,8.165,0.0,3.925,-0.69,1.924,3.164,3.236,3.616,3.361,2.487,1.657,11.053,72.585,2.457,2.438,1.0,15.0,3.0,2.992,1.149,urban,other_guardian,no,no,no,yes,yes,no,no,morning,14.989
T11_0200,neutral_toy,8.256,3.0,2.809,0.49,3.97,2.467,3.124,3.327,3.497,3.669,1.715,9.122,82.811,3.467,3.495,1.0,13.0,5.0,2.256,2.36,urban,parent,yes,no,no,yes,no,yes,yes,afternoon,14.511
T11_0201,unrealistic_doll,7.308,3.0,2.976,0.197,2.946,2.56,3.388,2.387,3.23,2.905,2.785,10.182,95.264,2.642,2.921,2.0,12.0,4.0,3.696,1.143,suburban,parent,no,no,no,yes,no,yes,yes,afternoon,16.296
T11_0202,neutral_toy,7.415,3.0,2.979,0.948,3.541,2.471,1.749,3.202,2.315,3.713,2.376,10.288,58.063,2.379,2.267,1.0,12.0,3.0,3.179,2.959,rural,other_guardian,no,yes,no,no,yes,yes,no,morning,14.028
T11_0203,unrealistic_doll,5.522,1.0,3.551,0.017,2.94,4.032,3.699,1.674,2.801,2.405,1.963,10.037,49.112,2.924,2.258,1.0,17.0,5.0,3.814,2.908,urban,other_guardian,yes,no,yes,no,no,yes,no,morning,14.27
T11_0204,neutral_toy,6.575,4.0,3.505,-0.933,3.182,2.268,3.188,1.103,2.694,3.001,1.555,8.873,83.582,3.878,2.721,1.0,17.0,4.0,3.702,2.304,suburban,other_guardian,yes,yes,no,no,yes,no,no,morning,13.947
T11_0205,unrealistic_doll,6.885,5.0,3.921,0.177,3.914,4.065,3.168,3.228,3.737,2.9,2.619,10.588,61.692,4.299,1.83,1.0,13.0,4.0,3.395,2.762,rural,other_guardian,no,yes,no,no,no,no,no,afternoon,15.305
T11_0206,neutral_toy,6.944,3.0,2.415,-0.497,3.168,3.337,2.701,4.081,2.678,2.466,2.466,8.691,52.307,2.265,3.818,2.0,16.0,5.0,2.956,4.086,rural,parent,yes,no,yes,yes,yes,yes,no,afternoon,14.785
T11_0207,unrealistic_doll,6.21,1.0,2.22,0.505,3.129,3.395,1.375,3.937,2.326,2.658,2.864,9.384,79.469,3.079,3.183,2.0,16.0,6.0,2.032,3.13,rural,other_guardian,no,yes,yes,no,no,no,yes,afternoon,13.173
T11_0208,neutral_toy,7.31,5.0,1.746,-0.45,3.529,2.669,2.509,2.107,2.754,3.491,0.929,9.68,46.066,3.217,3.615,3.0,13.0,5.0,3.941,2.976,rural,parent,yes,no,yes,yes,no,no,yes,afternoon,13.089
T11_0209,unrealistic_doll,8.304,3.0,2.912,-0.365,3.359,3.194,2.128,2.118,2.887,3.487,3.125,10.367,70.398,3.62,3.699,1.0,14.0,3.0,2.066,4.104,suburban,other_guardian,yes,no,yes,no,no,no,no,afternoon,13.724
T11_0210,unrealistic_doll,6.964,2.0,2.301,0.412,3.928,4.106,2.998,2.017,3.054,3.771,2.305,9.338,66.645,2.305,4.248,2.0,12.0,4.0,2.637,2.983,suburban,parent,no,no,yes,no,yes,no,no,afternoon,10.218
T11_0211,neutral_toy,6.046,3.0,2.886,-0.78,2.577,2.21,1.63,3.08,2.394,2.412,2.189,9.706,74.503,4.3,1.924,2.0,15.0,5.0,3.248,2.605,rural,other_guardian,yes,no,yes,no,yes,no,yes,afternoon,11.838
T11_0212,unrealistic_doll,7.437,3.0,3.803,-1.1,2.854,2.886,2.084,3.629,3.778,2.63,2.977,10.112,63.35,2.935,2.787,1.0,16.0,4.0,3.729,1.941,rural,parent,no,no,yes,no,yes,no,yes,morning,15.852
T11_0213,unrealistic_doll,7.779,3.0,3.072,-1.511,1.302,4.377,1.765,3.842,3.082,2.586,2.267,9.687,29.473,2.454,3.544,0.0,12.0,5.0,4.335,2.836,urban,other_guardian,no,no,no,yes,no,yes,no,afternoon,13.486
T11_0214,unrealistic_doll,6.954,0.0,2.813,-0.658,2.716,3.52,2.633,2.474,3.051,2.482,1.544,10.269,28.104,4.466,3.247,0.0,17.0,4.0,2.071,2.581,suburban,other_guardian,no,no,yes,no,yes,no,no,afternoon,15.264
T11_0215,unrealistic_doll,8.213,2.0,2.284,0.43,2.378,2.275,3.146,2.477,2.881,1.997,1.478,9.103,77.8,3.084,1.723,0.0,13.0,5.0,2.596,3.227,suburban,other_guardian,yes,no,yes,no,yes,yes,no,morning,14.964
T11_0216,unrealistic_doll,6.471,1.0,3.688,0.028,2.392,3.068,4.5,2.598,3.513,2.66,0.737,10.721,85.54,3.752,4.044,2.0,13.0,4.0,1.4,3.306,suburban,parent,no,yes,no,yes,yes,yes,no,morning,15.583
T11_0217,unrealistic_doll,7.112,5.0,3.033,1.424,2.267,3.63,1.865,3.287,3.239,2.904,3.76,8.987,61.788,4.227,3.271,2.0,10.0,5.0,3.226,3.08,suburban,parent,no,no,no,yes,no,yes,no,morning,12.131
T11_0218,unrealistic_doll,6.526,4.0,3.694,0.484,2.73,2.929,4.125,2.921,3.674,4.069,2.724,9.666,41.029,2.626,3.605,1.0,12.0,4.0,3.005,3.311,rural,other_guardian,yes,no,no,yes,yes,no,yes,morning,12.314
T11_0219,neutral_toy,6.598,3.0,3.6,0.922,2.808,2.651,2.944,3.236,3.771,1.736,0.477,9.815,21.411,2.816,2.107,1.0,12.0,4.0,3.399,3.872,rural,parent,yes,no,no,yes,no,no,yes,morning,15.913
T11_0220,unrealistic_doll,7.649,4.0,3.379,1.663,2.987,3.5,3.381,3.224,2.84,3.871,3.091,10.298,33.808,3.97,2.165,1.0,15.0,4.0,4.258,3.702,suburban,other_guardian,yes,yes,yes,no,yes,yes,no,morning,14.792
T11_0221,neutral_toy,7.581,6.0,2.592,-1.269,1.926,1.69,3.444,3.442,2.025,1.081,2.729,8.604,52.789,2.382,3.064,1.0,15.0,4.0,2.713,3.443,urban,other_guardian,no,yes,yes,no,no,no,yes,afternoon,12.65
T11_0222,unrealistic_doll,6.363,3.0,3.068,0.159,2.294,3.251,3.167,2.631,2.533,2.849,2.058,11.103,78.351,2.123,3.655,0.0,19.0,5.0,2.569,4.084,urban,other_guardian,yes,yes,yes,yes,yes,yes,no,afternoon,11.305
T11_0223,neutral_toy,7.97,2.0,4.207,0.878,2.909,2.916,1.996,2.448,3.169,3.145,2.017,10.946,69.921,3.592,3.856,2.0,11.0,4.0,2.729,3.87,suburban,parent,yes,yes,no,yes,no,no,yes,morning,16.152
T11_0224,unrealistic_doll,7.09,2.0,2.311,-0.374,2.896,4.18,3.585,3.562,3.063,2.548,1.719,10.283,40.755,3.08,2.929,1.0,12.0,4.0,2.324,3.208,suburban,parent,no,yes,no,yes,no,yes,yes,afternoon,14.025
T11_0225,unrealistic_doll,6.934,5.0,2.756,1.371,4.262,2.654,2.397,2.288,2.736,2.698,1.741,10.142,100.316,2.3,3.24,0.0,15.0,4.0,3.186,3.585,rural,other_guardian,yes,no,yes,yes,yes,no,yes,afternoon,13.814
T11_0226,unrealistic_doll,7.088,4.0,2.993,1.17,2.832,2.579,2.447,3.372,3.871,2.693,2.164,10.394,62.535,2.835,2.073,1.0,12.0,5.0,2.487,2.004,rural,parent,yes,no,yes,yes,yes,no,yes,morning,14.327
T11_0227,unrealistic_doll,6.546,5.0,3.366,-0.765,3.334,2.636,2.76,3.531,3.127,4.001,2.409,10.239,77.637,2.19,2.295,1.0,15.0,3.0,3.415,4.093,suburban,other_guardian,yes,yes,yes,yes,no,no,no,morning,15.757
T11_0228,neutral_toy,6.382,1.0,4.933,-0.559,2.524,3.781,2.909,1.508,2.928,2.658,2.88,10.445,74.353,2.863,3.53,2.0,14.0,4.0,3.059,2.307,urban,parent,yes,yes,yes,yes,yes,no,no,morning,15.004
T11_0229,neutral_toy,5.551,6.0,2.902,-0.659,3.851,3.246,3.477,2.895,1.91,2.714,2.45,10.844,40.267,3.025,3.183,2.0,15.0,4.0,3.782,3.642,rural,other_guardian,yes,yes,no,yes,yes,no,no,afternoon,11.394
T11_0230,unrealistic_doll,8.196,0.0,3.568,0.729,3.04,3.664,4.364,2.154,2.472,2.223,1.231,9.845,56.218,3.613,2.45,1.0,15.0,3.0,3.696,3.057,suburban,other_guardian,yes,yes,no,yes,no,no,yes,afternoon,15.635
T11_0231,unrealistic_doll,7.354,5.0,3.773,-0.911,2.436,3.716,2.724,2.407,2.314,2.978,1.236,11.052,58.498,2.417,2.216,2.0,14.0,6.0,2.04,3.757,urban,other_guardian,no,no,yes,no,no,no,yes,morning,15.083
T11_0232,unrealistic_doll,7.585,1.0,3.109,-1.087,2.496,3.104,2.951,3.801,3.32,2.137,2.557,9.818,53.905,2.089,2.644,1.0,12.0,6.0,3.831,4.057,suburban,parent,yes,yes,yes,no,yes,yes,no,afternoon,16.039
T11_0233,unrealistic_doll,7.495,4.0,2.271,-0.812,2.775,1.236,1.7,3.239,3.772,1.962,3.873,10.975,19.751,3.056,2.569,2.0,13.0,4.0,2.798,2.006,suburban,parent,no,no,no,no,no,yes,no,morning,15.52
T11_0234,neutral_toy,7.473,2.0,3.788,-0.59,3.002,2.408,1.844,3.09,2.688,2.772,3.01,9.697,51.424,2.429,3.02,1.0,14.0,6.0,3.589,2.881,rural,parent,no,no,yes,yes,yes,yes,yes,afternoon,12.452
T11_0235,neutral_toy,7.489,4.0,2.213,-0.332,4.208,2.872,3.914,2.794,3.551,3.088,2.375,9.291,42.342,2.569,3.745,1.0,18.0,4.0,3.36,2.77,rural,other_guardian,no,no,no,no,no,yes,yes,morning,15.417
T11_0236,unrealistic_doll,6.92,3.0,2.694,0.413,2.172,4.011,4.682,2.783,4.25,2.572,2.195,9.856,88.694,3.078,3.575,1.0,15.0,4.0,3.242,4.43,rural,parent,yes,yes,no,yes,yes,yes,yes,afternoon,14.638
T11_0237,unrealistic_doll,7.025,5.0,2.908,-0.702,3.379,2.781,1.883,2.478,2.949,4.597,2.073,9.972,129.427,3.233,3.033,2.0,17.0,4.0,2.052,2.967,suburban,parent,no,yes,no,yes,yes,yes,yes,morning,12.859
T11_0238,unrealistic_doll,6.691,2.0,2.561,-0.194,3.498,2.609,3.727,2.805,2.679,2.545,1.473,9.524,50.541,2.969,2.368,2.0,11.0,6.0,2.297,3.445,rural,other_guardian,yes,yes,yes,yes,yes,yes,no,afternoon,13.353
T11_0239,neutral_toy,7.976,2.0,4.646,0.653,3.147,3.478,2.707,2.658,2.499,2.636,1.146,10.133,64.352,1.742,2.838,3.0,19.0,5.0,3.824,3.183,suburban,parent,yes,yes,yes,no,yes,yes,no,morning,10.662
T11_0240,unrealistic_doll,7.128,3.0,2.143,0.345,3.578,2.428,3.746,3.252,3.871,3.002,1.538,10.265,12.134,4.408,2.991,1.0,19.0,4.0,3.164,3.002,suburban,other_guardian,no,no,no,no,no,yes,no,afternoon,15.609
T11_0241,unrealistic_doll,6.696,2.0,2.906,-0.328,3.615,4.812,2.812,2.298,2.74,1.882,1.946,9.421,84.36,4.183,2.119,2.0,16.0,4.0,3.375,3.47,urban,other_guardian,no,yes,no,yes,yes,no,yes,afternoon,16.148
T11_0242,neutral_toy,7.712,3.0,2.244,-0.159,3.431,3.412,3.103,2.287,3.235,2.983,1.926,10.333,92.077,2.729,3.455,0.0,16.0,4.0,3.358,2.094,rural,other_guardian,no,no,yes,yes,yes,no,yes,morning,11.808
T11_0243,unrealistic_doll,7.964,3.0,3.494,-0.837,2.485,2.047,3.041,2.334,2.48,4.339,1.725,9.915,50.802,2.278,3.258,1.0,18.0,3.0,3.741,2.403,rural,parent,no,no,no,no,yes,no,no,morning,17.047
T11_0244,neutral_toy,7.365,3.0,2.771,-1.156,2.551,3.102,3.03,2.348,3.575,3.162,3.016,10.824,116.001,3.391,3.937,0.0,17.0,3.0,2.211,3.377,rural,parent,yes,no,no,yes,no,yes,no,morning,15.562
T11_0245,neutral_toy,7.328,5.0,3.622,0.661,3.474,2.231,2.862,2.798,2.131,2.829,2.023,10.272,91.149,4.071,2.296,1.0,18.0,5.0,4.813,3.414,suburban,other_guardian,yes,yes,no,yes,yes,yes,no,morning,11.873
T11_0246,neutral_toy,7.045,3.0,1.069,-0.043,1.531,3.715,3.336,2.545,2.257,3.234,2.184,9.004,54.575,3.672,3.322,2.0,13.0,5.0,3.695,3.323,urban,other_guardian,no,no,no,yes,yes,yes,no,morning,16.239
T11_0247,neutral_toy,8.258,3.0,2.465,0.042,2.345,2.904,3.215,4.077,3.373,3.192,2.381,9.749,18.507,3.494,3.372,3.0,17.0,5.0,3.017,2.593,suburban,other_guardian,no,no,yes,yes,yes,yes,yes,morning,16.842
T11_0248,neutral_toy,5.997,3.0,2.934,-0.538,2.204,3.888,3.736,2.462,3.853,3.109,0.924,9.735,48.515,3.056,4.052,1.0,14.0,4.0,2.824,3.873,urban,other_guardian,yes,no,no,no,no,no,no,afternoon,14.69
T11_0249,neutral_toy,7.181,3.0,4.809,0.189,2.679,3.315,2.819,3.994,2.465,2.271,1.401,10.788,62.715,2.78,2.889,1.0,16.0,3.0,3.039,3.748,urban,other_guardian,yes,no,no,no,yes,yes,yes,morning,12.439
T11_0250,neutral_toy,5.526,2.0,3.574,0.414,1.806,3.156,3.202,3.664,2.088,3.811,1.223,10.336,78.222,2.384,4.461,0.0,14.0,3.0,3.616,3.034,rural,other_guardian,no,no,no,yes,no,no,yes,morning,15.232
T11_0251,unrealistic_doll,6.76,5.0,2.826,0.467,4.192,2.756,2.867,3.075,3.869,2.554,1.691,9.93,97.369,2.665,4.55,2.0,10.0,5.0,2.653,3.154,suburban,parent,yes,no,yes,yes,yes,no,no,morning,11.589
T11_0252,unrealistic_doll,7.036,2.0,1.662,-0.572,2.927,3.718,4.151,1.48,3.58,3.283,0.307,9.581,76.659,2.444,3.457,0.0,15.0,3.0,3.503,3.013,suburban,other_guardian,no,no,yes,yes,no,no,no,morning,13.75
T11_0253,unrealistic_doll,6.009,3.0,1.801,-1.946,2.907,3.944,2.389,2.154,3.343,4.215,2.54,9.576,60.308,3.263,3.01,1.0,13.0,3.0,2.51,3.524,rural,other_guardian,yes,yes,no,yes,yes,yes,no,afternoon,13.549
T11_0254,unrealistic_doll,6.699,5.0,3.857,0.073,2.794,3.044,1.395,3.29,2.769,4.324,1.239,10.467,106.516,2.819,1.58,2.0,15.0,5.0,2.935,3.098,urban,parent,no,yes,no,no,yes,no,yes,afternoon,13.572
T11_0255,neutral_toy,5.915,4.0,2.416,2.244,3.552,2.422,4.093,2.817,3.111,2.421,0.407,9.971,90.35,3.264,3.189,1.0,11.0,5.0,3.191,1.149,rural,parent,yes,yes,no,no,no,no,yes,afternoon,13.688
T11_0256,neutral_toy,6.375,2.0,3.581,-0.148,2.417,4.173,1.98,3.485,2.456,2.891,1.782,10.163,60.983,3.132,3.207,0.0,10.0,4.0,2.981,3.396,suburban,parent,no,yes,no,no,no,yes,yes,morning,12.753
T11_0257,neutral_toy,7.237,7.0,3.572,0.66,3.338,2.917,2.433,3.518,1.949,2.523,1.328,9.776,48.8,3.236,3.319,3.0,13.0,5.0,4.095,2.472,suburban,other_guardian,yes,yes,yes,no,yes,yes,yes,morning,14.327
T11_0258,unrealistic_doll,6.858,3.0,2.928,-0.684,2.303,2.801,2.552,2.499,2.333,3.559,2.075,11.008,45.4,3.254,2.915,2.0,16.0,4.0,3.299,2.801,urban,other_guardian,no,yes,yes,no,no,yes,no,afternoon,15.066
T11_0259,unrealistic_doll,7.541,5.0,2.792,1.869,2.422,3.78,3.479,1.782,2.066,2.942,2.228,9.984,122.374,3.619,2.372,0.0,16.0,4.0,2.33,3.342,suburban,parent,no,yes,no,no,no,yes,yes,afternoon,15.075
T11_0260,unrealistic_doll,6.077,4.0,3.707,-0.209,4.195,4.28,2.239,3.215,3.151,2.094,3.513,9.376,64.544,2.458,2.802,1.0,11.0,3.0,3.225,2.267,rural,other_guardian,no,no,yes,yes,yes,no,yes,afternoon,11.892
T11_0261,unrealistic_doll,7.68,6.0,2.628,-1.666,2.179,4.082,2.396,2.339,2.458,2.698,1.926,10.649,51.731,3.304,3.489,3.0,19.0,5.0,2.666,2.88,rural,parent,no,yes,yes,yes,yes,yes,yes,afternoon,13.355
T11_0262,neutral_toy,6.777,0.0,3.66,0.605,2.218,3.678,2.655,3.372,2.533,4.039,1.978,10.967,19.205,1.844,3.581,1.0,12.0,4.0,3.582,1.239,urban,other_guardian,yes,yes,no,yes,no,no,yes,morning,14.298
T11_0263,unrealistic_doll,6.628,1.0,3.031,-0.742,3.608,2.582,4.224,1.903,2.688,2.244,1.665,10.367,49.121,3.258,3.287,2.0,15.0,4.0,4.061,2.896,suburban,other_guardian,yes,no,no,yes,no,yes,no,morning,13.794
T11_0264,neutral_toy,7.579,4.0,3.774,1.005,2.414,2.52,2.941,3.029,3.911,2.633,1.098,10.587,57.941,4.399,2.815,1.0,14.0,4.0,1.133,3.452,rural,other_guardian,yes,no,no,yes,no,no,yes,morning,14.876
T11_0265,neutral_toy,6.629,3.0,3.358,0.455,2.331,3.364,4.232,2.991,3.393,2.4,2.428,9.364,40.993,3.095,2.789,2.0,10.0,4.0,2.025,3.68,suburban,parent,yes,no,no,no,yes,yes,yes,afternoon,14.811
T11_0266,neutral_toy,5.682,1.0,2.38,1.087,2.943,2.799,3.012,3.129,2.97,2.825,1.268,10.797,62.158,2.872,3.536,0.0,11.0,4.0,2.621,3.066,urban,other_guardian,yes,no,no,no,no,no,yes,afternoon,14.31
T11_0267,unrealistic_doll,6.725,4.0,3.082,0.64,3.355,2.355,1.69,3.384,4.077,2.879,1.44,10.497,47.803,2.818,4.028,1.0,15.0,6.0,1.585,3.01,rural,other_guardian,yes,no,no,no,yes,no,no,afternoon,13.186
T11_0268,neutral_toy,7.186,5.0,4.321,1.72,3.295,2.796,4.291,3.109,3.526,3.245,2.883,9.365,49.728,2.791,3.758,0.0,11.0,4.0,3.67,3.276,urban,parent,no,yes,yes,yes,no,yes,no,morning,15.263
T11_0269,unrealistic_doll,6.662,2.0,3.184,-1.15,1.781,2.699,2.497,2.484,2.236,3.731,2.306,10.174,68.526,2.694,1.614,1.0,14.0,4.0,3.072,3.333,urban,other_guardian,yes,yes,yes,yes,no,no,yes,afternoon,13.346
T11_0270,unrealistic_doll,7.043,6.0,2.593,0.88,3.872,2.924,2.525,3.166,2.646,3.888,2.031,9.909,67.094,2.75,4.462,2.0,14.0,4.0,2.358,2.513,urban,other_guardian,yes,yes,yes,no,no,yes,yes,afternoon,14.789
T11_0271,neutral_toy,6.3,3.0,3.666,0.388,2.434,3.557,1.742,2.74,2.846,2.469,2.153,10.223,63.544,2.417,2.497,3.0,17.0,6.0,3.792,3.661,urban,parent,yes,no,no,no,yes,yes,yes,morning,14.156
T11_0272,unrealistic_doll,7.539,4.0,3.314,-1.522,2.278,1.741,3.139,2.553,3.888,2.216,1.89,9.609,61.147,3.104,3.629,0.0,14.0,3.0,2.55,3.44,rural,other_guardian,yes,yes,yes,yes,no,no,yes,morning,13.626
T11_0273,unrealistic_doll,7.105,1.0,3.046,-0.392,3.748,2.787,3.068,2.228,2.902,3.563,1.879,9.538,40.683,2.977,4.638,1.0,9.0,6.0,1.899,4.306,urban,other_guardian,yes,yes,yes,no,yes,no,no,afternoon,14.069
T11_0274,unrealistic_doll,6.99,0.0,3.516,2.039,2.72,3.931,3.477,2.849,2.58,3.044,1.953,9.778,39.84,3.802,2.553,2.0,12.0,4.0,4.453,3.475,urban,other_guardian,no,yes,yes,yes,yes,yes,no,afternoon,13.779
T11_0275,neutral_toy,7.129,3.0,3.829,-0.412,2.801,3.274,3.044,2.024,3.411,2.731,1.467,10.49,69.307,2.809,3.092,2.0,14.0,4.0,1.548,2.025,urban,parent,yes,yes,no,yes,no,yes,yes,morning,13.895
T11_0276,unrealistic_doll,7.632,2.0,1.936,-2.189,2.806,2.233,2.993,4.065,4.514,2.165,1.601,10.143,62.798,2.757,2.893,1.0,14.0,4.0,2.832,4.158,rural,parent,yes,no,no,no,yes,no,yes,afternoon,16.154
T11_0277,neutral_toy,7.495,2.0,3.344,0.185,3.644,2.079,2.248,3.311,3.123,2.675,2.083,10.575,63.762,3.565,3.108,1.0,11.0,6.0,3.633,2.649,suburban,other_guardian,no,yes,no,no,no,no,no,morning,11.132
T11_0278,unrealistic_doll,6.72,1.0,3.238,-1.395,3.126,3.055,2.815,4.371,3.529,2.925,1.614,9.321,44.066,3.603,3.353,0.0,12.0,5.0,3.943,2.848,suburban,parent,yes,no,yes,no,yes,yes,no,morning,15.026
T11_0279,neutral_toy,6.541,0.0,2.756,0.714,3.687,3.589,3.076,2.389,2.77,2.931,1.683,10.222,21.354,2.862,3.979,1.0,13.0,5.0,2.437,2.572,rural,other_guardian,yes,no,no,no,no,yes,yes,afternoon,11.053
T11_0280,neutral_toy,7.173,1.0,1.682,0.499,3.49,3.141,2.753,3.147,3.004,2.241,2.565,9.216,55.23,2.886,3.504,1.0,18.0,4.0,3.708,3.658,urban,other_guardian,yes,yes,yes,no,no,yes,no,morning,14.804
T11_0281,neutral_toy,5.821,3.0,2.778,0.372,2.115,2.84,3.419,3.789,3.279,2.996,2.385,10.431,78.025,2.79,3.17,2.0,11.0,4.0,4.053,4.394,rural,parent,yes,no,no,no,no,yes,no,afternoon,14.96
T11_0282,unrealistic_doll,7.439,4.0,2.937,1.828,3.311,3.408,3.889,3.103,3.419,1.522,2.785,9.645,96.714,3.895,2.464,0.0,18.0,4.0,3.305,2.411,rural,other_guardian,no,yes,no,yes,yes,no,no,morning,12.9
T11_0283,neutral_toy,7.57,1.0,2.149,-1.055,3.568,2.07,2.922,3.924,3.625,3.116,0.889,10.035,33.671,3.963,2.758,0.0,11.0,6.0,1.426,2.673,rural,parent,yes,yes,no,no,no,no,yes,afternoon,14.435
T11_0284,unrealistic_doll,7.614,5.0,4.089,-1.297,3.003,2.319,2.037,4.472,3.601,3.11,1.104,10.354,107.369,1.956,2.5,0.0,12.0,4.0,2.324,3.741,rural,other_guardian,yes,no,no,yes,no,yes,no,afternoon,15.947
T11_0285,unrealistic_doll,6.068,4.0,3.491,0.34,2.856,3.289,2.303,3.534,2.651,3.523,3.296,9.884,91.898,2.609,3.534,2.0,15.0,4.0,3.526,2.873,suburban,parent,no,no,yes,yes,yes,yes,no,afternoon,11.823
T11_0286,neutral_toy,6.24,5.0,2.787,-0.101,2.368,4.197,3.432,3.046,3.601,2.703,2.332,9.199,69.084,3.161,2.188,3.0,9.0,5.0,3.532,3.749,rural,parent,yes,no,no,yes,no,yes,no,afternoon,14.747
T11_0287,neutral_toy,6.596,4.0,1.992,1.339,2.602,3.366,3.554,2.065,2.16,2.772,0.499,10.38,86.168,2.97,3.313,2.0,13.0,6.0,3.255,3.239,rural,parent,no,yes,yes,no,no,no,yes,morning,16.426
T11_0288,neutral_toy,6.853,3.0,4.219,-0.213,2.735,3.037,2.873,3.323,2.618,2.111,1.776,9.56,53.807,3.549,3.137,1.0,13.0,4.0,3.039,2.042,rural,other_guardian,yes,yes,no,yes,yes,yes,yes,afternoon,12.101
T11_0289,unrealistic_doll,6.566,2.0,3.386,0.459,2.597,3.518,3.521,3.122,2.838,3.135,2.588,10.319,77.427,2.265,3.006,1.0,19.0,6.0,2.293,4.343,urban,parent,no,yes,yes,no,no,yes,yes,morning,14.072
T11_0290,unrealistic_doll,6.372,3.0,3.195,0.944,2.54,2.551,3.375,2.816,1.729,2.974,2.56,10.341,71.531,2.584,2.445,3.0,12.0,5.0,3.676,3.728,rural,other_guardian,yes,no,no,yes,yes,no,no,afternoon,8.236
T11_0291,unrealistic_doll,7.229,4.0,2.368,-0.258,3.176,1.945,2.452,3.816,2.896,2.834,1.73,10.164,61.925,3.376,2.542,2.0,13.0,4.0,3.591,3.223,urban,other_guardian,yes,yes,no,no,no,yes,yes,afternoon,16.672
T11_0292,neutral_toy,7.519,1.0,2.87,-0.393,3.653,3.644,4.104,3.14,2.966,4.461,0.54,10.664,102.499,3.227,3.815,1.0,14.0,3.0,3.536,2.191,rural,parent,yes,no,yes,yes,no,yes,yes,afternoon,15.242
T11_0293,neutral_toy,7.23,5.0,2.036,0.455,3.606,1.671,3.899,2.376,1.414,1.782,1.935,10.394,44.62,2.981,3.167,2.0,12.0,4.0,2.617,3.236,rural,other_guardian,no,no,no,no,no,no,yes,afternoon,13.459
T11_0294,neutral_toy,7.386,5.0,2.953,-0.113,3.138,3.228,2.856,3.181,2.891,3.158,0.724,10.644,69.185,4.445,2.853,1.0,14.0,4.0,3.467,3.088,rural,other_guardian,yes,no,no,yes,yes,no,yes,afternoon,15.253
T11_0295,neutral_toy,7.736,6.0,3.163,-0.599,2.928,4.282,3.618,1.725,3.515,3.434,1.624,10.259,36.469,2.78,2.641,2.0,10.0,4.0,2.781,4.788,suburban,other_guardian,no,yes,yes,yes,no,no,no,afternoon,12.518
T11_0296,neutral_toy,7.43,3.0,2.286,0.909,3.246,3.887,2.409,3.344,3.259,2.699,1.594,10.732,79.235,1.92,2.975,1.0,12.0,3.0,2.714,2.992,rural,parent,no,no,yes,no,yes,yes,no,afternoon,13.788
T11_0297,neutral_toy,8.084,3.0,3.211,0.192,3.189,3.181,2.007,4.115,3.878,3.272,2.201,9.21,81.49,3.331,3.294,1.0,13.0,3.0,1.795,3.893,urban,parent,no,yes,yes,yes,yes,yes,yes,afternoon,13.253
T11_0298,unrealistic_doll,5.925,3.0,2.821,0.531,3.478,2.835,1.885,2.502,3.255,2.0,0.867,8.967,62.159,3.303,3.318,1.0,13.0,3.0,1.473,4.256,urban,parent,yes,no,no,no,no,yes,no,morning,12.579
T11_0299,neutral_toy,5.614,2.0,2.465,0.095,2.504,2.85,1.865,2.636,2.323,1.9,1.782,11.269,71.158,1.85,2.789,1.0,18.0,3.0,3.19,3.095,suburban,parent,yes,no,no,no,no,yes,no,morning,15.742
T11_0300,neutral_toy,6.344,1.0,3.32,-0.889,3.308,2.785,3.558,3.252,2.61,1.645,1.163,8.825,16.68,2.227,3.896,1.0,15.0,3.0,3.132,2.73,rural,parent,yes,no,yes,no,no,yes,no,morning,13.302
T11_0301,unrealistic_doll,5.727,5.0,2.925,0.295,2.009,2.36,3.262,3.028,2.948,2.955,1.8,9.355,73.88,3.001,2.658,2.0,19.0,5.0,2.563,3.293,urban,parent,yes,yes,yes,yes,yes,no,no,morning,13.299
T11_0302,neutral_toy,6.826,2.0,2.381,0.66,2.212,3.862,2.844,3.526,3.574,4.207,0.416,10.436,95.448,3.845,3.245,2.0,17.0,4.0,3.918,2.991,urban,parent,yes,yes,no,no,no,no,no,morning,14.197
T11_0303,unrealistic_doll,7.68,4.0,2.734,1.282,1.878,3.513,3.368,2.56,2.84,3.111,2.445,8.821,82.316,2.97,3.756,1.0,16.0,4.0,3.148,2.631,suburban,other_guardian,yes,yes,no,no,yes,yes,no,morning,13.631
T11_0304,unrealistic_doll,6.491,4.0,3.226,1.856,4.569,3.275,3.765,1.397,3.619,3.502,3.013,9.253,38.704,3.115,3.018,3.0,13.0,6.0,3.272,2.345,urban,other_guardian,no,yes,yes,yes,yes,yes,no,afternoon,14.196
T11_0305,neutral_toy,6.565,2.0,2.789,1.08,3.746,2.397,3.495,2.729,3.32,4.039,1.372,9.973,84.558,2.72,3.782,3.0,10.0,5.0,1.992,3.35,suburban,other_guardian,yes,no,no,no,yes,no,no,morning,12.362
T11_0306,unrealistic_doll,7.395,6.0,2.332,0.005,2.748,2.857,3.086,4.249,4.031,2.304,2.166,10.447,24.773,2.338,2.45,0.0,13.0,6.0,2.819,2.464,rural,other_guardian,yes,yes,no,no,no,yes,yes,morning,13.669
T11_0307,neutral_toy,7.163,1.0,3.588,0.357,2.691,3.536,2.901,2.932,3.559,3.183,1.758,8.955,22.506,2.259,2.482,2.0,16.0,4.0,2.214,3.032,urban,parent,yes,no,no,yes,no,no,no,afternoon,17.474
T11_0308,neutral_toy,6.875,4.0,3.563,-1.965,2.291,3.293,3.63,2.218,2.896,3.043,2.49,11.159,43.385,3.619,3.759,1.0,12.0,3.0,3.414,3.899,rural,other_guardian,no,yes,yes,yes,no,no,no,afternoon,13.819
T11_0309,unrealistic_doll,7.357,5.0,2.763,1.51,2.969,3.426,2.063,3.137,3.573,4.06,1.162,10.385,77.311,2.432,3.43,3.0,15.0,5.0,2.519,3.509,rural,other_guardian,no,yes,no,yes,no,no,yes,morning,10.563
T11_0310,neutral_toy,7.058,4.0,3.069,-0.242,4.081,2.258,3.875,3.385,2.653,3.494,1.778,10.972,36.637,2.387,2.983,1.0,13.0,5.0,1.91,2.771,suburban,other_guardian,yes,yes,no,no,yes,no,yes,morning,14.847
T11_0311,neutral_toy,7.609,4.0,3.648,-1.126,3.948,2.614,3.701,2.053,1.207,4.374,0.664,10.083,74.346,3.425,3.574,1.0,16.0,5.0,2.895,2.941,suburban,parent,yes,yes,yes,yes,no,no,yes,afternoon,14.135
T11_0312,neutral_toy,6.542,6.0,2.287,-0.098,3.241,2.371,2.933,4.123,2.412,2.126,0.171,9.958,89.911,2.737,4.502,2.0,15.0,4.0,3.285,3.407,urban,parent,yes,no,yes,yes,no,no,no,morning,13.754
T11_0313,unrealistic_doll,7.265,5.0,2.024,0.954,3.089,2.82,1.946,2.973,2.563,3.329,0.648,9.703,48.359,2.95,2.514,2.0,14.0,5.0,3.479,2.872,suburban,other_guardian,yes,yes,no,no,no,no,no,morning,15.845
T11_0314,unrealistic_doll,7.818,5.0,2.469,1.587,2.126,3.898,3.385,3.338,2.077,3.24,2.128,9.117,112.938,2.466,3.027,0.0,15.0,4.0,2.003,3.556,urban,other_guardian,no,no,no,no,yes,yes,no,morning,12.56
T11_0315,neutral_toy,6.699,3.0,3.111,0.744,3.458,3.027,3.101,3.936,3.923,3.694,2.055,10.58,50.485,3.543,3.906,1.0,14.0,5.0,2.457,3.985,urban,other_guardian,yes,no,no,no,no,no,no,afternoon,11.518
T11_0316,neutral_toy,7.014,1.0,3.194,-0.07,3.06,3.288,3.709,4.103,2.734,3.179,1.76,10.06,55.148,2.624,2.363,2.0,11.0,4.0,1.463,3.763,rural,other_guardian,no,no,no,yes,yes,yes,no,afternoon,17.83
T11_0317,unrealistic_doll,8.222,3.0,2.686,1.042,1.27,3.167,4.166,1.994,3.058,2.935,2.862,9.74,103.107,2.524,3.65,1.0,14.0,4.0,3.378,3.531,urban,other_guardian,no,no,no,no,no,yes,yes,afternoon,15.423
T11_0318,unrealistic_doll,6.668,2.0,4.099,0.789,2.584,3.067,3.666,3.706,2.166,3.041,2.22,9.305,101.968,2.167,3.492,2.0,17.0,6.0,3.058,3.218,rural,other_guardian,no,yes,yes,no,yes,no,yes,afternoon,12.128
T11_0319,neutral_toy,6.397,2.0,2.978,-0.56,1.812,2.19,3.191,3.09,2.8,2.241,2.104,10.851,85.793,3.324,2.668,0.0,17.0,4.0,2.504,4.003,suburban,parent,no,yes,yes,no,no,yes,no,morning,15.542
T11_0320,neutral_toy,7.516,7.0,3.133,-0.106,3.438,2.712,2.829,2.338,3.962,2.259,1.767,11.098,93.355,2.887,2.605,1.0,12.0,5.0,2.201,2.691,suburban,parent,no,yes,no,yes,no,no,no,morning,12.636
T11_0321,neutral_toy,6.292,4.0,3.157,-0.021,2.242,1.762,3.349,2.461,3.524,3.321,1.531,9.769,81.413,1.91,3.557,2.0,13.0,4.0,3.302,3.188,rural,other_guardian,no,no,no,yes,yes,no,yes,afternoon,14.843
T11_0322,unrealistic_doll,7.291,1.0,3.681,-0.145,3.019,4.095,3.365,3.234,2.492,3.223,2.045,10.254,27.217,2.07,3.466,2.0,12.0,4.0,1.053,3.641,urban,other_guardian,yes,yes,no,no,no,yes,no,afternoon,11.61
T11_0323,unrealistic_doll,7.484,5.0,2.86,2.022,1.786,2.626,1.415,1.966,3.612,2.919,3.001,10.057,72.356,4.271,3.693,3.0,10.0,5.0,4.123,3.629,urban,other_guardian,no,no,yes,yes,no,yes,no,afternoon,14.888
T11_0324,neutral_toy,6.891,2.0,2.64,-0.368,3.049,2.522,3.283,2.183,2.32,3.481,1.48,8.757,50.659,2.241,3.407,3.0,11.0,5.0,2.084,2.482,rural,parent,yes,no,yes,no,no,yes,yes,afternoon,14.152
T11_0325,neutral_toy,6.605,0.0,2.718,0.444,3.445,2.628,2.95,4.829,4.275,3.753,2.603,10.608,82.971,3.284,2.623,1.0,17.0,4.0,2.047,3.876,urban,parent,yes,yes,no,yes,no,no,no,afternoon,14.455
T11_0326,unrealistic_doll,7.123,5.0,2.647,-0.996,3.316,3.402,4.014,2.891,3.764,2.943,2.594,10.893,66.227,3.415,2.258,2.0,13.0,5.0,2.99,2.633,urban,parent,no,yes,yes,yes,no,yes,yes,morning,14.024
T11_0327,neutral_toy,6.89,0.0,3.101,-1.818,3.988,2.37,3.695,3.393,2.409,2.978,1.588,10.82,60.263,3.658,4.048,3.0,18.0,5.0,2.594,1.933,rural,other_guardian,no,yes,no,no,no,no,yes,afternoon,15.61
T11_0328,neutral_toy,6.784,2.0,2.501,-0.644,3.232,3.326,2.281,3.507,3.119,3.069,2.384,9.745,69.769,1.974,3.248,3.0,17.0,5.0,1.961,2.882,rural,other_guardian,yes,yes,yes,no,yes,no,yes,morning,15.259
T11_0329,unrealistic_doll,6.805,1.0,2.676,-0.017,3.661,3.853,4.104,2.48,4.612,3.006,1.435,9.384,48.312,3.059,2.369,0.0,16.0,4.0,3.265,2.421,rural,other_guardian,yes,no,yes,no,no,yes,no,morning,15.345
T11_0330,unrealistic_doll,7.154,7.0,3.206,-0.978,3.367,2.605,3.375,4.123,4.375,3.289,3.151,9.352,28.975,3.21,1.896,2.0,13.0,4.0,2.282,3.196,urban,parent,yes,yes,yes,no,no,yes,no,morning,13.367
T11_0331,unrealistic_doll,6.332,5.0,3.636,0.271,4.038,3.119,2.517,3.739,2.782,4.816,1.256,10.286,83.662,2.717,4.024,2.0,15.0,6.0,2.635,3.811,urban,other_guardian,yes,no,yes,no,no,no,no,afternoon,12.656
T11_0332,neutral_toy,6.636,4.0,2.749,-0.201,2.608,3.594,2.851,2.748,3.634,2.741,2.47,9.836,86.578,3.163,2.419,0.0,13.0,3.0,3.668,2.978,urban,other_guardian,no,no,yes,no,no,yes,no,afternoon,15.173
T11_0333,neutral_toy,5.921,6.0,3.33,0.687,3.01,1.137,3.406,3.86,3.405,2.058,1.013,10.005,82.139,2.27,2.184,2.0,14.0,5.0,2.506,3.559,urban,parent,no,yes,no,no,yes,no,no,morning,12.46
T11_0334,neutral_toy,8.307,2.0,3.074,-1.291,1.663,2.754,3.262,4.423,2.759,2.29,1.182,10.684,18.319,2.724,3.133,3.0,11.0,5.0,3.089,3.131,urban,parent,no,no,yes,no,yes,no,no,morning,15.829
T11_0335,unrealistic_doll,6.003,3.0,2.68,1.371,3.826,2.283,3.564,3.742,3.056,2.608,2.079,10.611,88.141,3.691,3.6,2.0,12.0,5.0,1.408,3.222,suburban,other_guardian,yes,yes,no,no,yes,yes,yes,afternoon,13.26
T11_0336,unrealistic_doll,7.733,3.0,2.246,-2.239,3.723,2.931,1.833,3.7,2.865,2.893,2.912,10.662,82.927,3.812,2.033,3.0,11.0,5.0,3.711,2.436,rural,other_guardian,yes,yes,yes,no,no,yes,yes,afternoon,16.648
T11_0337,neutral_toy,5.867,2.0,3.564,0.019,3.914,3.042,3.26,2.797,3.887,3.57,1.834,9.541,32.81,3.391,2.221,2.0,14.0,4.0,2.933,2.615,rural,parent,no,no,yes,no,no,yes,yes,afternoon,10.93
T11_0338,unrealistic_doll,7.805,4.0,2.546,0.234,2.924,3.873,4.17,4.06,3.363,2.473,2.59,9.824,75.626,3.232,1.701,0.0,14.0,6.0,1.367,2.631,rural,other_guardian,no,no,yes,yes,yes,yes,yes,morning,13.22
T11_0339,unrealistic_doll,7.392,3.0,3.074,0.437,4.158,2.94,3.024,2.963,3.274,2.537,0.98,9.68,68.091,2.934,3.019,2.0,18.0,4.0,2.872,3.06,rural,other_guardian,no,yes,no,yes,yes,no,yes,afternoon,14.595
T11_0340,neutral_toy,7.049,7.0,3.652,-0.08,2.51,2.967,3.478,3.206,3.382,3.566,1.056,9.804,90.566,3.802,3.112,1.0,16.0,5.0,2.33,2.981,urban,other_guardian,no,yes,no,yes,yes,yes,yes,afternoon,13.304
T11_0341,unrealistic_doll,6.75,2.0,2.181,-0.529,2.995,4.233,3.086,3.389,3.888,2.347,0.648,9.614,66.081,2.767,4.45,2.0,14.0,4.0,4.323,2.768,suburban,parent,no,no,no,yes,yes,no,no,morning,14.64
T11_0342,unrealistic_doll,7.496,3.0,2.558,0.5,2.804,2.57,3.567,4.19,3.569,4.209,2.159,8.53,68.738,2.871,2.718,1.0,15.0,3.0,3.294,2.38,rural,other_guardian,yes,yes,no,yes,yes,yes,no,morning,16.417
T11_0343,unrealistic_doll,6.811,5.0,2.122,-0.944,1.959,2.391,2.313,2.244,2.629,2.222,2.585,11.194,38.686,3.74,3.343,1.0,12.0,4.0,2.83,2.818,suburban,other_guardian,no,yes,yes,yes,no,yes,yes,afternoon,14.603
T11_0344,neutral_toy,6.107,1.0,1.943,-1.72,3.539,2.723,3.506,2.364,3.511,3.306,1.153,10.005,17.509,2.997,3.642,2.0,15.0,4.0,3.2,2.031,urban,other_guardian,yes,yes,yes,yes,no,yes,no,afternoon,14.621
T11_0345,neutral_toy,7.419,4.0,2.67,0.918,2.107,2.685,3.492,2.531,2.746,2.886,0.387,9.154,37.397,2.788,3.289,2.0,11.0,4.0,2.358,1.906,urban,other_guardian,yes,no,yes,no,yes,yes,no,morning,12.974
T11_0346,neutral_toy,7.94,2.0,3.269,-0.656,2.916,4.369,3.533,3.555,2.881,2.125,1.718,10.183,43.646,2.94,3.408,1.0,15.0,4.0,2.675,2.66,suburban,other_guardian,yes,yes,no,no,no,yes,yes,afternoon,15.812
T11_0347,neutral_toy,6.978,6.0,3.099,-0.101,1.728,2.828,2.948,3.015,3.081,2.004,0.294,9.844,93.476,3.135,3.102,1.0,16.0,4.0,3.842,2.42,rural,parent,yes,no,no,yes,no,yes,no,afternoon,14.989
T11_0348,neutral_toy,6.068,1.0,2.448,1.237,4.156,4.162,1.94,2.97,2.636,2.666,1.941,9.238,19.706,3.451,1.268,2.0,13.0,4.0,2.905,2.421,suburban,other_guardian,no,yes,yes,no,yes,no,yes,morning,12.693
T11_0349,neutral_toy,8.144,2.0,1.987,-0.265,3.73,3.334,3.721,2.8,3.068,3.167,1.91,10.275,87.347,2.663,3.037,1.0,11.0,4.0,3.095,3.934,suburban,parent,yes,yes,no,yes,no,no,no,afternoon,14.827
T11_0350,unrealistic_doll,5.759,5.0,2.117,0.365,3.299,2.587,3.31,2.202,2.68,3.196,1.026,10.798,87.634,2.404,4.111,2.0,15.0,4.0,2.453,3.364,rural,other_guardian,no,no,no,yes,no,no,yes,afternoon,12.235
T11_0351,neutral_toy,6.543,3.0,3.682,-0.611,3.909,1.94,2.852,1.048,3.691,2.489,0.826,9.85,64.282,2.883,2.776,0.0,13.0,4.0,3.244,1.647,urban,other_guardian,yes,yes,yes,yes,no,yes,yes,morning,16.187
T11_0352,unrealistic_doll,6.891,2.0,2.986,-0.658,3.055,2.329,2.144,2.557,3.05,3.254,1.18,10.669,21.152,2.97,2.873,2.0,14.0,5.0,3.313,2.807,urban,other_guardian,yes,yes,no,yes,no,no,no,afternoon,13.367
T11_0353,unrealistic_doll,6.283,4.0,3.606,0.56,2.89,2.328,2.754,1.816,2.909,2.126,1.958,8.218,62.706,2.394,4.218,3.0,14.0,5.0,2.698,2.883,suburban,parent,yes,no,yes,yes,no,no,yes,morning,13.588
T11_0354,unrealistic_doll,6.034,1.0,3.715,0.388,4.758,2.858,2.697,4.107,3.289,2.389,2.882,9.378,87.266,3.279,3.551,2.0,10.0,4.0,4.354,2.721,urban,parent,yes,yes,yes,yes,yes,yes,yes,afternoon,12.567
T11_0355,unrealistic_doll,6.812,1.0,2.273,-1.272,3.446,3.365,4.03,2.535,2.802,3.05,3.719,9.535,75.646,4.003,3.108,2.0,13.0,4.0,2.083,2.12,rural,other_guardian,yes,yes,yes,yes,no,yes,no,afternoon,14.18
T11_0356,unrealistic_doll,5.541,7.0,2.129,1.203,4.225,1.794,3.379,3.658,3.898,2.759,2.665,10.237,93.156,2.165,3.176,1.0,8.0,4.0,2.006,3.025,urban,parent,no,no,yes,yes,no,yes,no,afternoon,12.871
T11_0357,unrealistic_doll,6.483,4.0,2.504,0.766,4.232,3.178,2.999,3.606,2.842,4.101,2.46,9.182,37.159,2.11,3.952,1.0,16.0,4.0,3.349,2.431,urban,other_guardian,no,yes,no,no,no,no,yes,afternoon,12.002
T11_0358,neutral_toy,7.063,0.0,3.212,-0.281,3.59,2.933,3.393,2.867,2.288,3.219,2.605,9.589,33.703,3.61,2.094,2.0,14.0,5.0,2.619,3.116,urban,other_guardian,yes,yes,yes,yes,no,yes,no,morning,12.632
T11_0359,unrealistic_doll,7.198,5.0,2.23,-0.848,3.579,2.485,2.871,2.772,2.42,2.892,1.383,9.789,55.212,2.485,3.665,2.0,18.0,5.0,2.403,2.919,rural,parent,yes,no,yes,no,yes,yes,no,afternoon,16.735
T11_0360,neutral_toy,6.075,3.0,2.896,-0.961,3.57,2.861,3.455,3.122,3.307,2.458,1.246,9.666,35.736,4.001,2.763,2.0,14.0,4.0,3.226,2.046,suburban,other_guardian,yes,yes,no,yes,no,yes,no,morning,15.613
