participant_id,meditative_breathing,baseline_speed,height,weight,age_years,training_hours_week,training_years,sleep_hours,pre_race_anxiety,attention_control,training_fatigue,recovery_readiness,coach_support,mindfulness_minutes_week,warmup_minutes,caffeine_mg,travel_minutes,hydration_readiness,baseline_stroke_count,baseline_turn_seconds,race_confidence,gender,recent_injury,taper_week,competition_level,usual_event,prior_mindfulness_course,strength_training,early_session,recent_illness,familiar_pool,swim_race_performance,personal_best_seconds,race_time_seconds,race_stroke_count
T06_0001,no_breathing,1.481,172.8,58.8,20,16.2,8,7.5,4,6.5,5.7,4.1,1.1,16,26,70,39,5.8,52,3.4,7,man,no,no,regional,sprint,no,yes,no,no,no,0.093,61.742,61.685,44
T06_0002,no_breathing,1.352,180.1,75.6,18,16.6,9,8.6,6.8,3.3,6.9,3.4,3.9,45,25,31,56,5.7,61,2.8,2.4,woman,yes,yes,regional,sprint,no,yes,no,no,yes,-2.212,67.633,69.129,60
T06_0003,breathing_5min,1.546,175.7,71.2,24,19.1,9,8.6,4,3.4,5.2,8.8,4.9,4,28,111,32,4.6,62,3.6,3.2,man,yes,no,national,distance,no,yes,no,no,yes,-1.335,59.146,59.936,65
T06_0004,no_breathing,1.554,167.3,78.9,20,16.4,8,8.2,5,6.9,6.9,6.8,6.5,43,21,88,44,6.3,59,2.9,4.4,woman,no,yes,national,sprint,yes,yes,yes,no,no,0.957,58.842,58.279,58
T06_0005,no_breathing,1.363,179.9,92.9,22,12.2,2,7.7,7.7,6,6.4,4.4,5.3,10,22,1,17,3.4,58,3.3,3.5,woman,no,yes,regional,sprint,yes,no,no,no,yes,-2.135,67.087,68.519,56
T06_0006,breathing_5min,1.418,171.6,67.2,22,11,10,5.9,7.9,6.2,7.2,1.1,7,81,25,64,17,6.2,53,3.8,2.8,man,no,no,regional,distance,no,no,yes,no,yes,-1.288,64.485,65.316,54
T06_0007,no_breathing,1.804,182.2,90.5,21,14.6,5,6.2,2.4,4.4,2.7,4.2,5.4,69,16,34,17,4.4,56,3.3,3.7,woman,no,yes,regional,distance,no,yes,no,no,yes,2.134,50.687,49.605,62
T06_0008,no_breathing,1.498,169,67,26,12.9,4,7.4,4.3,5.4,5.1,5,5.9,51,23,53,31,6.5,61,3.8,4.3,nonbinary_or_self_described,no,no,regional,sprint,yes,yes,no,yes,no,-1.598,61.041,62.016,66
T06_0009,breathing_5min,1.534,178,66.9,22,13.6,8,6.1,5,3.4,4.9,4.5,3.5,25,22,162,28,8.7,54,2.9,5.4,man,yes,no,regional,sprint,no,no,yes,yes,no,-2.005,59.609,60.804,56
T06_0010,no_breathing,1.676,189.7,71.8,19,15.1,9,7.3,5.4,9.1,4.3,6.6,5,54,22,134,12,7.8,51,2.7,5.5,woman,no,yes,regional,sprint,yes,yes,yes,no,yes,0.824,54.558,54.108,47
T06_0011,breathing_5min,1.602,188.5,79.6,21,6.9,3,8.4,4.2,2.2,7.8,0.1,4.6,69,31,132,44,6,58,2.7,6.4,woman,no,yes,regional,sprint,yes,yes,yes,no,yes,-4.097,57.079,59.418,60
T06_0012,breathing_5min,1.461,182.6,81.4,22,13.9,7,6.6,6,7.3,5.7,5.1,4.2,34,16,134,44,2.5,52,3.3,4.7,woman,no,no,regional,sprint,no,yes,yes,no,yes,0.699,62.587,62.15,48
T06_0013,no_breathing,1.688,160.7,69.5,20,14,7,7.6,1.9,3.5,7.7,2.6,6,21,26,45,12,8.2,59,3.2,2.6,woman,no,yes,regional,distance,no,no,no,yes,no,-4.092,54.171,56.388,56
T06_0014,no_breathing,1.418,179.6,68.7,18,11.7,9,7.3,5.2,4.7,2.2,4.2,5.7,41,18,75,5,5.1,60,3.2,2.9,man,no,yes,regional,distance,yes,yes,no,no,no,-0.129,64.485,64.568,56
T06_0015,breathing_5min,1.537,186.2,67.6,19,16.7,5,8.1,2.4,5.3,5.3,6.7,5.1,59,16,15,55,2.3,64,3,1.5,woman,no,yes,regional,distance,no,yes,no,no,yes,-2.662,59.493,61.077,67
T06_0016,breathing_5min,1.61,194.7,87.2,20,12.8,5,8.2,2.5,6.1,4.6,3.2,4.5,28,20,128,2,6.4,59,3.2,4.4,man,no,yes,regional,sprint,yes,yes,yes,no,no,-0.617,56.795,57.145,61
T06_0017,no_breathing,1.696,183.4,76.8,24,13.1,8,8.3,4.1,5.6,5.8,5.3,2.1,5,21,37,48,5.4,61,3.1,6.4,man,no,no,regional,distance,no,no,yes,no,yes,-1.011,53.915,54.46,57
T06_0018,breathing_5min,1.486,178.9,64.9,21,11.8,13,7.2,4.2,7.6,2,4,7.1,45,26,126,44,4.3,62,3.6,4.9,man,no,no,national,distance,no,no,no,no,no,0.24,61.534,61.386,66
T06_0019,breathing_5min,1.482,179.1,54.4,24,10,3,9,4.1,4.6,8.8,3.1,3.4,11,16,116,48,3.9,58,2.8,3.9,man,no,yes,national,sprint,no,yes,no,no,no,3.355,61.7,59.63,63
T06_0020,breathing_5min,1.599,167.3,77.4,20,12.6,13,7.1,3.3,6.4,5.6,5.6,8.8,54,15,35,29,9,59,3.6,4.4,woman,no,yes,regional,sprint,no,yes,no,no,no,-1.798,57.186,58.214,61
T06_0021,breathing_5min,1.583,172.6,59.6,24,12.6,4,7,5.9,4,7.3,7.9,6.7,4,21,165,47,4.6,46,3,6.4,man,no,no,national,distance,yes,yes,yes,no,yes,-0.503,57.764,58.055,42
T06_0022,breathing_5min,1.583,164.7,66.1,27,17.4,3,7.8,2.9,5.6,6.5,0.7,5.9,40,18,14,45,5.3,47,2.7,6.6,woman,no,yes,regional,distance,no,yes,no,no,no,-0.962,57.764,58.32,39
T06_0023,breathing_5min,1.725,190,86.3,20,11.4,7,7.8,4.5,4.4,4.5,7,3.8,35,16,71,43,5.2,57,3.6,3.7,man,no,yes,national,sprint,no,no,yes,yes,yes,-4.584,53.009,55.439,61
T06_0024,breathing_5min,1.709,183.5,72.6,18,16.3,7,7.6,7,7.2,3.9,2.9,3.5,7,19,41,17,7.9,61,3.4,6.2,woman,no,no,regional,sprint,no,no,yes,no,yes,-0.024,53.505,53.518,58
T06_0025,breathing_5min,1.507,189.2,78.8,21,9.2,11,5.4,2.7,7.4,3.7,5.3,7.5,64,19,142,31,3.5,60,3,3.3,man,no,no,national,distance,yes,yes,yes,no,yes,-1.046,60.677,61.312,64
T06_0026,breathing_5min,1.652,157.2,69.3,24,13.7,5,8.8,2.8,5.4,5.5,6.8,6.1,52,21,96,36,3.8,57,3.3,8.5,man,no,yes,national,sprint,no,yes,no,no,yes,-0.45,55.351,55.6,54
T06_0027,no_breathing,1.613,176.8,86.2,21,11.2,5,8.6,4.1,3.7,5.6,7.7,5.6,29,15,8,21,6,59,2.8,4,woman,yes,no,regional,sprint,yes,yes,yes,no,yes,-3.331,56.689,58.577,58
T06_0028,breathing_5min,1.545,162.6,72.6,20,20.9,5,7.2,7,4.4,4.3,3.6,3.9,65,15,94,39,7.8,60,3.1,5.5,woman,yes,yes,national,distance,no,yes,no,no,yes,-1.586,59.184,60.123,62
T06_0029,no_breathing,1.741,181.9,63.9,22,11,10,9.1,2.3,5.1,3.8,6.6,7.3,35,21,143,33,5.6,64,3.1,3.2,woman,no,no,regional,sprint,no,no,no,yes,yes,-1.723,52.522,53.427,70
T06_0030,breathing_5min,1.591,176.8,75.3,20,10.4,6,8.3,6.6,4.3,4.8,5.5,5.7,37,23,169,32,3.9,63,3,4.1,man,no,no,regional,distance,yes,no,no,no,yes,0.03,57.473,57.456,61
T06_0031,no_breathing,1.629,177.7,69.9,23,15.1,7,6.1,5.6,2.6,6.3,4.2,4.6,38,22,146,30,2.8,60,3.4,7.6,man,no,no,regional,distance,no,no,yes,no,no,-0.306,56.133,56.305,64
T06_0032,breathing_5min,1.664,187.5,71.4,24,15.3,6,7.7,6.1,6.1,5,4.7,6.6,53,30,79,53,3.1,69,3.4,5.3,man,yes,no,national,distance,yes,yes,no,no,yes,0.475,54.952,54.691,65
T06_0033,no_breathing,1.617,182.9,73.1,23,7.3,9,7.3,5.5,5.4,5.1,3.6,6.8,19,24,4,36,6.4,61,3.5,3.5,woman,no,no,regional,sprint,yes,yes,no,yes,yes,-1.715,56.549,57.519,62
T06_0034,no_breathing,1.549,186.8,101.7,22,13.3,8,8.1,5.5,3.3,7.8,2.5,4.7,56,19,129,75,9.3,75,3.7,5.7,woman,yes,no,national,distance,no,yes,no,no,yes,-3.323,59.032,60.994,74
T06_0035,no_breathing,1.535,180.1,67.3,22,14.3,7,7.5,6.9,6.2,5.2,6.8,7,63,19,118,60,3.7,65,2.8,4.1,woman,no,no,national,distance,no,no,no,no,yes,-1.502,59.57,60.465,68
T06_0036,breathing_5min,1.55,165.1,66.5,21,10.2,12,6.1,6.9,2.6,2.2,6.9,3.9,63,17,46,4,6,51,2.9,6.8,man,no,no,regional,distance,no,no,no,yes,yes,0.823,58.994,58.508,51
T06_0037,breathing_5min,1.278,180,77.9,21,20.9,2,7.4,3.5,3,6.4,5.4,5.7,14,23,150,34,6.8,52,3.5,4.2,man,yes,yes,national,distance,no,yes,no,no,no,-1.474,71.549,72.604,53
T06_0038,no_breathing,1.581,181.4,88.1,26,11.9,9,7.1,5.6,4.5,5.1,4.3,3.9,43,14,84,34,7.4,53,2.8,5.8,woman,no,no,regional,sprint,no,yes,no,no,no,-0.213,57.837,57.96,53
T06_0039,no_breathing,1.62,186.1,60.5,25,14.2,7,7.4,3.8,4.1,4.3,5.3,6.8,58,26,56,33,3.3,58,3.1,5.9,woman,no,yes,regional,sprint,no,yes,no,no,yes,1.699,56.444,55.485,63
T06_0040,no_breathing,1.491,160,67.9,25,11.2,7,9.5,5.3,3.2,5.3,7.8,1.9,21,19,60,67,4.6,60,3,4.1,man,no,no,regional,sprint,no,yes,no,no,no,-3.369,61.328,63.394,59
T06_0041,breathing_5min,1.48,188.4,79.8,22,14.9,13,6.9,4.4,5.6,4.4,9.7,4.7,28,14,159,49,4.1,61,3.1,5.7,man,yes,yes,regional,sprint,yes,no,no,no,yes,1.003,61.784,61.164,63
T06_0042,breathing_5min,1.53,181.1,99.5,22,19.7,9,9,4.1,5.4,2.6,9.6,5.6,40,21,18,60,5,56,3,5.9,man,no,no,regional,sprint,no,no,no,no,no,1.35,59.765,58.958,57
T06_0043,breathing_5min,1.401,181.1,70.8,21,13.2,7,6.8,5.8,3.9,2.6,4.1,2.5,15,17,154,24,4.2,58,3.4,7,man,no,yes,regional,sprint,yes,yes,no,no,yes,-0.522,65.268,65.609,63
T06_0044,no_breathing,1.419,170.5,74.4,19,12.9,11,7.7,8.4,5,6,4.9,5.1,36,19,48,28,8.9,61,3,6.6,woman,no,no,national,sprint,yes,yes,no,yes,no,-1.524,64.44,65.422,63
T06_0045,no_breathing,1.787,161.9,46.8,20,10.6,8,6.4,6.8,4,5.4,5.1,4.5,37,24,147,20,3.8,60,2.8,3.4,woman,no,yes,regional,distance,no,no,no,no,yes,-3.648,51.17,53.037,64
T06_0046,breathing_5min,1.541,170.8,73.4,23,11.6,10,7.5,3,7.8,6.3,3.2,5.2,89,23,7,46,3.7,53,3.3,6.9,woman,yes,no,national,distance,no,yes,no,no,yes,2.19,59.338,58.038,56
T06_0047,no_breathing,1.561,181.1,75.3,18,16.5,4,7.5,6,5.5,5.8,4.5,2.4,53,16,50,18,5.3,58,2.6,5.5,woman,no,no,national,sprint,no,yes,no,no,yes,-1.559,58.578,59.491,60
T06_0048,breathing_5min,1.532,180.4,83.1,22,13.8,6,7.2,7.7,0.9,6.2,4.5,4.7,23,13,9,39,4.8,51,3.3,5.3,woman,no,yes,regional,sprint,yes,yes,no,no,yes,0.409,59.687,59.443,51
T06_0049,breathing_5min,1.663,173.9,73,22,16.4,11,6.4,3.8,6.2,5.7,2.5,5.1,52,18,33,81,4.1,58,3.1,3,woman,no,no,national,distance,no,yes,yes,no,yes,-2.509,54.985,56.365,56
T06_0050,no_breathing,1.604,172.7,71.7,21,18,6,8,4.4,6.5,6.6,2.9,5.7,34,23,115,31,0.9,51,3.3,4.1,woman,no,no,regional,distance,no,yes,yes,no,yes,-0.337,57.007,57.199,51
T06_0051,breathing_5min,1.723,166.9,63.8,22,14.6,4,6.9,6.1,5.6,4.1,3,3.9,11,20,99,38,8.8,54,3.5,7.1,man,no,no,regional,sprint,yes,no,yes,no,yes,-3.063,53.07,54.696,54
T06_0052,breathing_5min,1.485,197,83.2,18,9.1,5,7,5.1,3.6,3.4,4.4,0.6,48,15,14,33,2,63,3,5.3,woman,no,no,regional,distance,no,yes,no,no,yes,-3.361,61.576,63.646,61
T06_0053,no_breathing,1.605,170.7,53.6,19,16.5,4,6.9,7.1,7.5,5.3,4,4.6,33,15,60,14,7.5,50,3.6,4.2,woman,no,yes,regional,distance,yes,no,yes,no,yes,-0.648,56.972,57.341,51
T06_0054,no_breathing,1.388,172.7,65.5,20,8.5,7,7.6,2.6,3.7,5.1,1.7,4.5,33,16,129,41,2.9,56,3.7,4.7,man,no,no,regional,sprint,no,yes,no,no,no,-3.593,65.879,68.246,57
T06_0055,breathing_5min,1.475,162.9,65.8,22,10.3,5,7.9,5,2.8,2.6,3.6,8.3,42,16,6,47,6.5,55,3.7,6.1,woman,no,no,regional,sprint,no,yes,no,yes,no,-1.689,61.993,63.04,53
T06_0056,breathing_5min,1.626,185,98.2,19,15,11,6,3.2,7.6,4.1,5.3,4.2,40,25,65,31,5.9,46,3.3,5.9,woman,no,no,regional,sprint,no,no,no,no,yes,-0.129,56.236,56.309,47
T06_0057,breathing_5min,1.736,189.9,73.8,19,17.6,7,6.2,4.1,6.2,5.1,6.9,6.9,42,16,48,10,5.1,63,3.2,4.9,man,no,no,regional,sprint,no,no,yes,no,yes,-0.356,52.673,52.861,64
T06_0058,breathing_5min,1.465,179.4,76.7,21,14.4,9,6.9,3.9,3,2.1,3.2,5.7,40,28,174,53,1.7,67,2.5,4,man,no,yes,regional,sprint,no,yes,no,no,yes,-0.826,62.416,62.932,69
T06_0059,breathing_5min,1.451,172,79.6,23,14.5,10,7.8,2.8,5.4,6.2,6.5,5.4,65,26,75,10,4.8,60,3.5,2.3,man,no,no,national,sprint,no,no,no,no,no,0.465,63.019,62.726,58
T06_0060,no_breathing,1.616,185.4,100.9,21,19.4,6,8.7,5.7,4.4,6.5,7.8,5.7,20,16,81,43,4,55,3.2,5.5,woman,yes,no,regional,sprint,no,no,no,no,no,-1.672,56.584,57.53,56
T06_0061,no_breathing,1.587,180,69.9,20,14,8,8.8,6.4,9.3,5.8,3.5,6.4,10,26,120,17,6.6,57,3.5,3.4,woman,no,yes,regional,sprint,no,yes,yes,no,no,-3.298,57.618,59.518,59
T06_0062,no_breathing,1.512,182.6,69.4,24,14.3,8,8.1,8.7,4.1,4.6,7.8,6.7,53,10,38,39,5.5,55,2.7,4.3,woman,yes,no,national,sprint,yes,no,no,yes,no,-3.23,60.476,62.429,54
T06_0063,no_breathing,1.406,177.5,78.4,25,15.2,4,7.5,4.1,6.4,3.8,4.6,1.5,45,24,116,38,6.5,59,2.8,3.8,woman,yes,no,national,distance,no,yes,no,no,no,-5.42,65.036,68.561,60
T06_0064,no_breathing,1.675,173.2,71.3,21,7.6,15,8.2,6,3.6,5.3,4.3,5.6,33,21,16,41,6.9,56,2.9,6.6,man,no,yes,national,distance,no,no,no,no,yes,-1.593,54.591,55.461,60
T06_0065,breathing_5min,1.432,183.3,77.8,20,12.7,6,8.3,6.4,2.3,4.9,3.9,5.4,38,13,34,38,4,56,3.2,5.2,man,no,yes,regional,sprint,no,yes,no,no,yes,-3.496,63.855,66.087,55
T06_0066,no_breathing,1.71,186.3,73.5,23,17.7,5,6.9,3.1,3.6,5.3,6.5,3.1,66,19,3,34,4,55,3.3,7.5,man,no,yes,national,sprint,no,yes,yes,no,no,-2.088,53.474,54.591,48
T06_0067,no_breathing,1.612,169.1,66.7,22,16.5,3,8.2,4.1,2.4,2.1,6.4,6.2,78,27,28,51,5.5,57,3.3,6.4,woman,yes,no,regional,distance,no,yes,yes,no,no,-0.898,56.725,57.234,56
T06_0068,no_breathing,1.762,176.5,75.9,24,14.6,9,6.6,6.7,3.3,4.2,6,3.1,8,15,173,32,6.3,54,3.4,8.1,woman,no,yes,national,sprint,yes,no,no,no,no,0.111,51.896,51.838,54
T06_0069,breathing_5min,1.729,171.2,62,19,15.4,10,6.5,5.7,4.6,6.3,3.6,2.6,43,17,99,17,5,59,3.3,7.8,woman,no,no,regional,sprint,no,no,no,no,no,1.522,52.886,52.081,62
T06_0070,no_breathing,1.587,173.5,78.7,22,15.3,3,9.5,5.3,7,2.5,4,1,17,20,41,60,6.4,56,3.1,5.2,man,no,no,national,distance,no,yes,no,yes,yes,1.456,57.618,56.779,57
T06_0071,breathing_5min,1.452,187.1,83.7,23,12.8,7,7.3,4.1,5.7,3.5,6.5,5.5,7,28,102,4,5.1,57,3.3,4.8,man,no,no,regional,distance,yes,yes,no,no,yes,0.671,62.975,62.552,57
T06_0072,no_breathing,1.678,172.9,63.2,20,11,3,7.7,2.9,6.4,3.3,3.5,4.7,61,28,51,65,2.8,57,3.3,1.2,woman,no,yes,regional,sprint,no,yes,no,no,yes,-2.464,54.493,55.836,64
T06_0073,no_breathing,1.593,164.1,58.1,23,17.4,5,8.2,3.2,5.3,2.6,7.9,7.2,50,20,56,34,4.4,49,2.9,3.4,man,yes,yes,national,sprint,no,yes,no,no,no,0.822,57.401,56.929,48
T06_0074,breathing_5min,1.364,173.1,61.3,21,9.5,8,6.5,3.8,9.6,4.2,3.4,5.9,30,15,52,51,7.5,52,3,1.3,woman,no,yes,regional,distance,no,yes,no,no,no,-0.417,67.038,67.318,52
T06_0075,breathing_5min,1.688,162.9,68.1,24,10.9,11,7.6,4.9,7.1,6.5,5.5,8.7,34,21,52,43,6.6,51,3.2,6.5,man,yes,no,regional,sprint,yes,yes,yes,no,yes,-0.2,54.171,54.279,53
T06_0076,no_breathing,1.339,181.2,66.6,22,12.7,7,7.8,5.2,6.2,5.2,4.7,7.4,28,23,204,39,3.6,57,4,2.6,woman,no,yes,regional,sprint,yes,yes,yes,no,yes,-0.526,68.29,68.649,51
T06_0077,no_breathing,1.432,166.1,55.8,21,15.8,4,7.9,6.6,2.9,3.9,6.5,3.2,31,16,202,64,4.5,63,3.2,6,man,no,no,national,sprint,no,no,no,no,no,1.044,63.855,63.188,63
T06_0078,no_breathing,1.596,189.5,59.7,23,16,11,7.3,5.1,4.9,5.8,4.9,4.3,62,24,176,22,6.1,62,2.9,3.5,woman,no,no,regional,sprint,yes,yes,yes,no,yes,2.069,57.293,56.108,59
T06_0079,breathing_5min,1.504,177.4,88.7,21,12.4,4,6.2,6.2,8.5,2.3,5,7.5,13,30,85,60,4.8,56,3.2,1.1,woman,no,no,regional,sprint,no,no,no,no,no,0.958,60.798,60.216,60
T06_0080,no_breathing,1.691,176.7,74.5,23,7.9,7,7.9,5.8,2.8,5.8,6.6,5.4,48,21,57,34,4.2,63,3.9,6.2,man,no,yes,national,sprint,yes,yes,no,yes,no,-1.01,54.075,54.621,64
T06_0081,no_breathing,1.25,176.1,81.1,21,11.6,2,8,6.6,4,6.4,5.7,6,37,18,118,14,6.3,57,3.1,2.1,woman,yes,yes,regional,sprint,no,no,yes,no,no,-2.651,73.152,75.091,57
T06_0082,no_breathing,1.64,173.4,59.6,20,11.9,5,7.7,3.9,6.3,5.9,4.1,7.3,37,19,57,12,4.5,60,3.1,3.2,man,yes,yes,regional,sprint,no,yes,yes,no,yes,1.943,55.756,54.673,64
T06_0083,breathing_5min,1.511,164.8,53.8,18,11.1,7,6.9,1.6,4.5,4.7,6.9,5.5,2,20,116,11,5.4,64,3.7,3.8,nonbinary_or_self_described,no,yes,regional,distance,no,yes,no,no,yes,-2.742,60.516,62.175,66
T06_0084,breathing_5min,1.56,174.8,57.4,24,15.5,7,7.9,5.3,4.1,6.3,5.3,3,39,21,21,32,3.3,62,3.4,4.9,woman,no,no,regional,sprint,no,yes,no,no,yes,-1.216,58.615,59.328,61
T06_0085,no_breathing,1.519,169.7,72.5,21,22.6,3,7.5,5.1,6.5,3.7,2,4.6,21,18,100,44,6.9,51,3.5,2.9,woman,no,no,regional,sprint,no,yes,yes,no,yes,-1.052,60.197,60.83,53
T06_0086,no_breathing,1.348,174.6,99.2,20,8.1,12,6.6,6.1,2.5,4.2,4.5,5.7,47,18,37,63,5.4,52,3,2.6,woman,no,no,regional,distance,no,yes,no,no,yes,-1.8,67.834,69.055,54
T06_0087,no_breathing,1.586,179.8,83.9,21,8.7,2,8.1,6.8,8.3,4.7,3.7,6,6,16,76,83,3.2,65,3.2,5.8,man,no,no,national,sprint,yes,yes,no,yes,yes,-3.662,57.654,59.765,62
T06_0088,breathing_5min,1.612,172.7,78.1,25,12.3,3,8.6,4.4,2.5,3.7,1.3,5.7,19,21,82,21,4.6,55,3.7,5.7,man,no,no,regional,distance,no,no,no,no,yes,1.189,56.725,56.051,53
T06_0089,breathing_5min,1.582,181.6,71.5,26,10.9,2,6.9,2.1,6.1,6.8,2.5,3.9,72,23,65,59,4.4,56,3.7,5.1,man,yes,no,national,sprint,no,yes,no,no,yes,-4.647,57.8,60.486,62
T06_0090,breathing_5min,1.424,179.7,82.3,21,16.6,7,9,6.4,2.5,5.7,4.4,3.4,45,17,125,48,3.4,57,3,2.2,woman,no,no,regional,sprint,yes,no,no,yes,no,-0.259,64.213,64.379,54
T06_0091,no_breathing,1.65,161.6,69.1,21,9.5,7,8,8,5.6,3.8,5.1,3.4,10,21,87,26,4.1,65,3.7,4.8,woman,no,yes,regional,distance,no,no,no,no,yes,-1.994,55.418,56.523,66
T06_0092,no_breathing,1.494,172.7,69.8,23,11.2,7,9,3.8,7.5,3.3,5.3,3.7,32,14,8,30,1.9,52,3.1,3.5,woman,yes,no,regional,sprint,no,no,no,no,yes,-1.272,61.205,61.984,50
T06_0093,no_breathing,1.651,181.1,71.7,21,18.9,5,7.6,8.4,2.5,4.2,5.9,4.8,3,16,107,61,6.7,53,3.4,5.1,man,no,yes,national,sprint,no,no,no,no,yes,1.021,55.385,54.82,52
T06_0094,no_breathing,1.48,181.5,68.2,25,10,8,8.5,1.9,4.5,4.3,4.8,3.8,35,16,30,42,5.6,62,2.8,6.1,woman,yes,no,regional,sprint,no,no,no,no,no,-1.444,61.784,62.676,62
T06_0095,breathing_5min,1.436,175.6,68.7,20,14.5,8,6.7,6,4,5,1.7,6.3,58,22,94,31,3.3,61,3,5.1,woman,no,yes,regional,sprint,no,yes,no,yes,yes,0.224,63.677,63.534,62
T06_0096,no_breathing,1.421,186.4,85.3,25,17.7,8,6.9,5.4,2.9,7.6,6.5,5.2,69,20,86,49,7,54,3.4,6.3,man,yes,yes,regional,distance,no,no,no,no,no,-0.599,64.349,64.734,56
T06_0097,no_breathing,1.572,171.2,72.1,19,20.4,7,7.8,5,7.9,7,4.1,2.9,41,22,96,50,5.5,57,3.1,8.2,woman,no,yes,national,distance,no,no,no,yes,no,0.28,58.168,58.005,62
T06_0098,no_breathing,1.547,166.2,66.8,19,15.2,6,7.1,4.1,1.1,8.2,8.9,5,10,17,63,25,3.4,66,3.1,5.6,man,no,no,regional,sprint,no,yes,yes,no,no,-3.72,59.108,61.307,60
T06_0099,breathing_5min,1.686,177.3,71.9,22,12.2,7,8.3,5.8,6.9,4.9,1.8,3.6,29,19,149,41,8.6,60,3.6,4.7,man,no,yes,regional,sprint,yes,yes,yes,no,no,-1.341,54.235,54.962,58
T06_0100,breathing_5min,1.329,179.1,49.5,19,7.4,11,6,2.6,5.4,3.3,5.3,7,29,22,106,36,7,60,3.3,1.8,man,no,no,national,sprint,no,no,no,no,no,-0.435,68.804,69.103,64
T06_0101,no_breathing,1.51,183.7,72,23,11,2,6.3,3.7,6.5,4.8,5.7,3.4,8,14,40,31,3.7,64,3.6,6,man,no,no,regional,sprint,no,yes,no,no,no,-2.482,60.556,62.059,61
T06_0102,no_breathing,1.43,166,62.4,19,17.3,8,7.8,4.6,4.7,6.1,6,4.7,29,14,11,24,2.5,58,3.3,5.8,man,no,no,regional,distance,no,yes,yes,yes,yes,-4.626,63.944,66.902,57
T06_0103,no_breathing,1.64,171.1,73.5,20,17.2,9,6.5,4.9,5.5,3.7,1.9,6.5,47,14,118,79,7.2,73,3.8,5.2,woman,no,no,regional,sprint,yes,yes,no,yes,no,-0.915,55.756,56.266,71
T06_0104,breathing_5min,1.539,185.4,64.8,20,17.6,8,6.7,0.9,3.7,4.3,6.2,6,25,15,108,28,4.9,56,2.8,3.9,man,no,yes,national,distance,no,yes,no,yes,yes,-1.828,59.415,60.501,60
T06_0105,breathing_5min,1.572,170.3,77.2,23,15,5,8.5,4,7.7,6.6,4.7,1.7,47,18,45,26,7.8,47,3,2.3,woman,yes,no,regional,distance,no,yes,no,no,yes,-2.43,58.168,59.581,45
T06_0106,no_breathing,1.838,172.1,63.5,25,5.9,9,7.5,1.7,1.2,4.5,7.4,4.7,72,33,44,52,8.1,60,3.4,5,woman,no,yes,regional,sprint,no,no,yes,yes,yes,2.2,49.75,48.656,59
T06_0107,breathing_5min,1.788,188.3,89.4,25,13.1,7,5.9,3.6,3.7,3.6,6.1,4.9,71,20,188,1,3.1,54,3.1,5.7,woman,no,yes,regional,distance,no,no,no,no,no,0.592,51.141,50.838,54
T06_0108,breathing_5min,1.584,162.4,51.6,18,12,10,8.2,2.9,3,7.9,4.1,4.4,53,28,104,54,6.3,63,3.1,3.5,woman,no,yes,regional,distance,yes,yes,yes,no,yes,1.428,57.727,56.903,71
T06_0109,breathing_5min,1.528,182.1,67.7,22,13.8,7,9,6.5,5,5.1,5.2,4.7,56,21,25,1,3,52,3.9,6.5,woman,no,no,regional,sprint,no,yes,no,no,yes,0.797,59.843,59.366,50
T06_0110,no_breathing,1.728,173.4,77.8,23,11.5,4,7.5,4.3,4.8,1.5,4.8,6.6,9,20,61,47,4.2,54,2.7,3.1,woman,no,no,regional,sprint,no,yes,no,yes,yes,-1.393,52.917,53.654,57
T06_0111,no_breathing,1.348,173.6,70.5,22,12.7,5,9.1,5.5,7.9,5.3,4.3,3.3,13,15,11,34,6.2,56,2.6,2.7,woman,no,no,regional,distance,no,yes,yes,yes,yes,-1.821,67.834,69.069,50
T06_0112,breathing_5min,1.753,181.4,72.8,19,8.1,5,7.8,2.6,3.7,5.9,4.9,4.8,21,26,83,45,5.6,63,2.9,5.8,man,no,no,national,sprint,yes,yes,no,no,no,-2.114,52.162,53.265,56
T06_0113,no_breathing,1.488,176,80.7,20,16.3,6,8.6,6.3,6,2.9,5.5,5.9,14,18,80,29,6.7,58,3.1,4.5,woman,no,yes,regional,sprint,yes,yes,yes,no,yes,0.623,61.452,61.069,53
T06_0114,breathing_5min,1.462,175.9,77.4,24,12.5,5,9.1,5.6,2.1,4.3,5.3,5,27,19,33,62,5.5,48,3,7.6,man,no,no,regional,sprint,no,no,no,yes,yes,-0.464,62.544,62.834,48
T06_0115,breathing_5min,1.442,170.9,75.7,21,16.5,5,8.2,3.4,7.3,6.6,6.9,5.2,47,27,134,9,4.6,56,3.2,4.5,woman,no,no,regional,distance,no,yes,no,no,yes,-0.991,63.412,64.04,59
T06_0116,no_breathing,1.591,167,73.2,24,15.1,8,7,8.2,6.4,5.8,3.6,4.5,35,22,29,50,4.9,59,2.8,4.8,man,no,yes,regional,sprint,yes,yes,no,no,yes,-2.603,57.473,58.969,54
T06_0117,breathing_5min,1.564,197.2,78.7,18,13.5,9,8.1,3.7,1.4,4.6,6.6,7.3,55,25,41,29,3.8,56,3,5.1,woman,yes,no,regional,distance,no,no,yes,no,yes,-3.394,58.465,60.449,56
T06_0118,no_breathing,1.532,174.1,65.6,25,10,14,6.3,2.3,5.4,4,6.8,4.8,31,19,128,19,2.5,48,3.7,2.8,nonbinary_or_self_described,no,yes,regional,sprint,no,yes,yes,no,no,-3.482,59.687,61.765,47
T06_0119,breathing_5min,1.499,173,57.8,19,8,13,9.4,4.1,5.8,5.4,4.1,6.3,12,15,51,34,5.3,65,3.4,6.2,man,no,no,regional,sprint,no,yes,yes,no,yes,1.38,61.001,60.159,59
T06_0120,breathing_5min,1.577,170.6,61.8,24,19.6,8,8.5,7.2,7.1,6.2,7.4,3.6,23,27,112,20,4.7,60,3.2,7.3,woman,yes,no,national,distance,yes,yes,no,no,yes,-0.818,57.984,58.458,59
T06_0121,breathing_5min,1.764,171.9,53.1,24,17.2,6,8.8,4.8,5.7,5.7,3.4,5.6,44,26,39,40,7.4,59,3,4.5,nonbinary_or_self_described,yes,no,regional,distance,yes,no,yes,no,yes,-0.518,51.837,52.106,61
T06_0122,breathing_5min,1.352,156.5,62.1,23,12.6,5,7,4,5.8,5.9,4.4,5,37,30,9,43,5.2,55,3.3,4,man,no,no,national,distance,yes,yes,yes,no,yes,-1.716,67.633,68.794,57
T06_0123,no_breathing,1.567,182,83.4,18,12.8,3,7.2,6.3,5.7,2.3,4.9,5.9,3,31,12,25,3.4,50,3.7,2,man,yes,yes,national,sprint,no,yes,no,no,no,-0.355,58.354,58.561,54
T06_0124,no_breathing,1.461,194.6,88.4,25,12.4,8,8.7,5.1,1.3,2.3,6.4,8.5,51,17,135,34,5.2,63,2.8,4.4,woman,no,yes,national,distance,yes,yes,no,no,no,-2.532,62.587,64.172,61
T06_0125,no_breathing,1.408,179,73.4,22,21.6,6,6.7,4.5,6.1,8.5,3.6,5.3,91,21,18,69,4.7,61,3.6,0.5,man,no,no,regional,sprint,no,yes,no,no,yes,-4.494,64.943,67.862,64
T06_0126,breathing_5min,1.55,168.8,55,19,13.2,5,6.9,6.1,4.7,4,2.6,5.5,20,22,81,30,5.5,66,3.4,9,man,no,yes,regional,distance,no,no,no,yes,yes,-4.127,58.994,61.429,62
T06_0127,no_breathing,1.633,176.7,70.3,20,13.8,10,7,8,4.9,6.5,5.9,6.5,20,21,64,69,4.3,48,3.2,4.4,man,no,no,national,sprint,yes,yes,no,no,yes,-3.128,55.995,57.747,51
T06_0128,breathing_5min,1.556,186.2,59.2,19,19.9,7,8.2,8.8,5.1,5.1,6.8,3.5,4,22,98,10,5.8,56,2.8,3.9,man,no,yes,national,sprint,no,no,yes,no,no,0.112,58.766,58.7,57
T06_0129,breathing_5min,1.497,176.7,81.9,22,20.6,10,8.4,4.2,5.2,4.5,5.3,3.5,86,14,124,22,4.9,49,3.2,6.4,woman,no,yes,national,sprint,no,no,yes,yes,no,-2.279,61.082,62.474,44
T06_0130,no_breathing,1.819,164.7,77.7,25,13.1,13,8,3.7,5.2,3,2.5,5.5,19,26,90,1,2.6,54,3.3,6.5,nonbinary_or_self_described,yes,yes,regional,sprint,yes,yes,yes,yes,yes,-1.096,50.269,50.82,58
T06_0131,no_breathing,1.486,183,70.1,21,17.8,6,8.7,5,3.2,3.8,7,4.3,48,24,55,17,5.9,56,3.2,2.8,woman,no,no,regional,distance,no,no,yes,no,no,0.292,61.534,61.354,60
T06_0132,no_breathing,1.463,165.2,74.8,24,10.7,2,7.2,5.9,2.9,5.3,5.7,4.5,44,20,56,9,6.4,64,3.5,4.7,man,no,yes,regional,distance,no,no,yes,no,yes,-0.653,62.502,62.91,64
T06_0133,breathing_5min,1.709,170.9,61.8,20,10.7,4,7,5.7,6,4.4,5.6,4.6,28,18,185,30,6.4,60,3.1,4.5,man,no,yes,national,sprint,yes,no,no,no,no,-2.122,53.505,54.64,54
T06_0134,no_breathing,1.534,162.3,61.1,21,14.7,8,8.6,8.5,6.7,6.8,5.6,5.2,70,21,93,52,9,62,2.6,4.1,man,no,no,regional,sprint,no,yes,no,no,yes,-3.865,59.609,61.913,64
T06_0135,no_breathing,1.655,182.9,75.3,24,21.1,4,7.1,4.5,4.5,6,5.5,6.3,11,24,29,42,5.9,57,2.3,6.9,man,yes,yes,regional,distance,no,yes,no,yes,yes,1.453,55.251,54.448,58
T06_0136,breathing_5min,1.477,172.1,79.6,18,14.4,12,5.1,5.7,2.9,6.4,4.2,6.2,28,18,44,61,2.2,57,3.6,8.3,woman,no,yes,national,distance,no,yes,no,no,no,-2.598,61.909,63.517,56
T06_0137,breathing_5min,1.579,183.6,59.3,20,24.5,5,9.3,4.7,4.3,3.2,4.6,5.5,34,18,96,42,4.4,54,3.5,3.6,man,no,yes,national,distance,no,no,yes,no,no,1.065,57.91,57.293,52
T06_0138,breathing_5min,1.471,175.4,70.9,21,14.4,12,7.2,4.4,4.7,5.7,6.6,9.3,16,22,63,61,6,49,3.2,6.5,man,no,yes,national,sprint,yes,no,no,no,yes,-0.283,62.162,62.338,47
T06_0139,no_breathing,1.635,180.3,77.1,20,17.5,2,6.5,6.5,5.5,7.2,6.3,8.2,27,18,37,32,2.3,58,3.3,4.5,woman,no,yes,national,sprint,no,yes,yes,no,no,-3.118,55.927,57.671,61
T06_0140,breathing_5min,1.539,168.5,58.6,21,9.7,6,8.7,3.8,8.3,3.6,2.8,2.2,57,23,63,76,4.5,54,4.2,5.7,woman,no,yes,regional,sprint,no,yes,no,no,yes,0.503,59.415,59.116,53
T06_0141,no_breathing,1.653,171,74.8,20,10.1,5,8.2,3.8,2.1,7.9,3.6,4.3,63,20,66,39,3.6,63,3.5,3.9,woman,no,yes,regional,distance,no,no,no,no,no,-4.775,55.318,57.959,61
T06_0142,no_breathing,1.482,174.3,63.9,19,10.5,7,7.1,5.2,5.3,5.4,4.4,3.6,13,16,102,20,3.9,60,2.9,4.9,man,no,no,regional,distance,no,yes,no,no,no,-5.935,61.7,65.362,66
T06_0143,breathing_5min,1.61,179,89.6,21,18.4,6,7.1,9.2,4.6,6.4,3.6,7.5,21,18,2,42,5.2,51,3.1,8.4,man,yes,yes,regional,sprint,no,yes,no,no,yes,-0.815,56.795,57.258,51
T06_0144,breathing_5min,1.752,184.2,75,24,11.6,5,9.5,6.7,5.9,3.2,7,3.4,3,19,152,36,4.6,61,3.5,3,woman,no,no,regional,distance,no,yes,yes,no,yes,0.168,52.192,52.104,56
T06_0145,breathing_5min,1.572,171.1,62.4,25,14.7,9,6.2,6.1,3.2,3.3,5.4,8.2,19,19,10,66,6.2,54,3.3,7,woman,yes,yes,national,sprint,no,no,yes,no,yes,-2.127,58.168,59.405,57
T06_0146,no_breathing,1.469,193.2,83.6,22,15.2,5,7.5,5.5,5.2,2.3,4.9,6,8,18,89,32,5.7,51,3.6,4.8,man,no,no,national,sprint,yes,yes,yes,no,yes,-0.573,62.246,62.603,47
T06_0147,breathing_5min,1.457,179.2,71.2,20,13.8,7,8.8,7.6,5.5,6.9,3.5,4.5,35,25,78,30,6,61,3.5,6.1,man,no,yes,national,sprint,no,yes,no,no,no,-1.114,62.759,63.458,54
T06_0148,no_breathing,1.52,190.9,88.8,20,18.6,6,8.9,5.9,6.4,1.6,3.3,7.7,58,20,104,70,3.1,59,2.8,4.2,man,no,no,regional,sprint,no,no,no,no,yes,-1.57,60.158,61.102,55
T06_0149,breathing_5min,1.542,168.3,76.4,23,17.2,4,8.9,8.2,6.4,7.3,2.9,4.7,7,19,134,14,4.9,60,2.6,3.3,woman,no,no,regional,sprint,no,yes,no,no,no,-0.341,59.3,59.502,59
T06_0150,breathing_5min,1.57,170.2,77.2,24,11.5,5,7.2,2.5,6.7,5.2,5.6,2.6,36,18,83,47,6.5,50,3.1,1.6,woman,no,no,regional,distance,no,yes,no,no,no,-2.138,58.242,59.487,45
T06_0151,no_breathing,1.78,173.4,72.4,21,5,3,7.7,3.5,5.3,7.1,7.5,3.6,53,19,25,29,6,58,3.3,4.4,woman,no,no,regional,sprint,no,no,no,no,yes,-3.67,51.371,53.256,62
T06_0152,breathing_5min,1.677,168.8,46.2,18,12,6,9.2,5.1,3,6,5.8,6,43,27,122,22,7.7,66,3.6,2.3,woman,no,no,regional,sprint,no,yes,yes,no,yes,2.464,54.526,53.182,64
T06_0153,no_breathing,1.638,171.4,62.7,19,12.8,7,7.9,3.4,5.4,6.4,5.7,4.3,36,21,37,40,6.8,62,3.1,5.2,man,yes,no,national,sprint,no,yes,yes,no,yes,0.76,55.824,55.4,57
T06_0154,breathing_5min,1.451,170,59.7,20,19.5,6,7.2,4.6,6.1,7.9,4.4,5.1,62,17,140,2,5.3,61,3.6,5.3,woman,yes,yes,regional,sprint,no,yes,yes,no,yes,-1.638,63.019,64.051,58
T06_0155,no_breathing,1.571,178.9,74,22,14.7,8,7.5,2.5,5.1,8.6,8.2,3.1,59,28,183,8,6.4,54,3.6,4.7,woman,yes,yes,regional,sprint,no,yes,no,no,yes,-1.399,58.205,59.019,55
T06_0156,breathing_5min,1.694,188.8,79.1,22,15.4,5,6.5,3.3,5.4,6.5,6.5,7.8,34,21,94,62,4.1,53,3.3,3,woman,no,no,national,sprint,no,yes,no,no,yes,-2.486,53.979,55.321,51
T06_0157,no_breathing,1.467,178.5,65.6,22,12.6,7,7.1,2.8,4.7,8.4,5.9,8.1,36,21,11,55,8.3,53,2.8,5.9,woman,no,yes,national,sprint,no,yes,no,no,yes,1.636,62.331,61.311,48
T06_0158,no_breathing,1.632,163.6,76.6,20,16.9,3,8.5,9.2,8.1,6.5,4,4.7,36,11,65,22,5.7,50,3.6,7.2,nonbinary_or_self_described,no,yes,national,sprint,yes,yes,no,no,yes,0.407,56.029,55.801,44
T06_0159,no_breathing,1.626,169,80.6,25,9.9,12,8.5,8.4,4.7,2.3,5,6.1,87,27,54,62,7.1,71,3.6,3.6,woman,no,yes,regional,sprint,no,no,no,no,yes,1.864,56.236,55.188,75
T06_0160,no_breathing,1.6,187.8,75.3,22,12,8,6.3,3.3,5,7.7,4.8,4.7,34,19,91,53,9,63,3.2,5,woman,yes,yes,regional,sprint,no,yes,no,no,no,-1.324,57.15,57.907,58
T06_0161,no_breathing,1.649,181.6,65.4,22,16.2,8,8,5,4.7,5.6,7.2,3.2,40,17,101,7,4.7,52,3.1,5,woman,yes,no,regional,sprint,no,yes,yes,no,yes,2.13,55.452,54.271,46
T06_0162,breathing_5min,1.631,171.7,66,19,16.2,7,7.8,3.2,7,4.3,5.6,5.4,37,20,47,78,4.8,55,3.4,4.9,woman,no,yes,regional,sprint,yes,no,no,no,no,2.906,56.064,54.435,59
T06_0163,no_breathing,1.563,161.4,60,19,9.2,8,7.2,8.5,4.3,1.7,5.3,4.7,41,18,58,41,4.3,52,2.8,2.6,woman,yes,no,regional,distance,no,no,no,no,no,-2.583,58.503,60.014,52
T06_0164,breathing_5min,1.645,169.4,73.2,22,10.1,5,8.4,5,6.4,4.5,5.5,3.6,55,21,39,18,4.4,70,2.7,8.7,man,no,no,national,distance,no,yes,no,no,no,2.59,55.587,54.147,68
T06_0165,breathing_5min,1.526,179.6,57.7,20,7.5,8,7.4,4.6,4.9,4.6,4.2,6,49,20,111,15,3,52,3.2,4.6,man,no,yes,national,distance,no,no,no,no,yes,-2.28,59.921,61.287,51
T06_0166,no_breathing,1.613,168.9,53.5,21,12.3,9,6.8,5.9,3.8,4.8,4.2,5.5,47,16,67,59,2.8,55,3.4,4.5,man,no,yes,regional,sprint,yes,yes,no,no,no,-2.492,56.689,58.102,54
T06_0167,breathing_5min,1.441,187.2,83.2,21,18,9,6.1,5.9,4,7,1.3,5.8,4,16,88,62,6.1,58,2.9,5.5,man,no,no,regional,distance,no,no,yes,no,yes,-1.501,63.456,64.408,55
T06_0168,breathing_5min,1.487,184.4,74.1,20,15.5,8,7.4,6.3,2.7,5.8,7.4,5.2,4,19,78,47,2.4,65,3.3,4.9,woman,yes,yes,regional,sprint,no,yes,yes,no,no,0.565,61.493,61.146,69
T06_0169,no_breathing,1.623,178,65.6,24,16.6,8,8,2.9,1.2,6.6,5.5,3.1,10,21,88,7,7.2,59,2.6,3.1,nonbinary_or_self_described,no,no,regional,distance,no,yes,yes,no,yes,-1.122,56.34,56.972,53
T06_0170,no_breathing,1.749,176.7,81.5,27,14.2,6,7.5,5.3,4.4,0.9,3.8,4.9,16,16,61,17,4.5,72,3.6,5.9,man,no,yes,regional,distance,yes,yes,no,no,yes,-1.095,52.281,52.853,69
T06_0171,breathing_5min,1.658,173.6,61.7,21,17.6,10,8.2,3.1,7.1,5.3,5.2,4.5,55,30,113,24,2.1,59,3.9,4.4,woman,no,yes,regional,distance,yes,no,no,no,yes,-0.803,55.151,55.594,56
T06_0172,breathing_5min,1.471,171,76.4,21,10.6,11,7.7,5.9,6.1,8.7,5.1,5.4,36,21,67,27,3.1,53,3.1,4.7,man,no,yes,national,sprint,no,no,no,no,yes,0.805,62.162,61.662,53
T06_0173,breathing_5min,1.702,165.9,71.6,25,17.7,1,7.8,4.4,5.5,6.6,4.1,7,26,23,93,90,6.2,56,3.3,3.4,nonbinary_or_self_described,no,yes,regional,distance,no,no,yes,yes,no,-0.381,53.725,53.93,54
T06_0174,no_breathing,1.64,169.9,71.4,23,18.8,8,6.8,5.5,6.1,6.5,6.4,3.2,14,23,78,76,8.2,57,3.5,4.8,man,no,yes,regional,distance,no,yes,yes,no,yes,-2.636,55.756,57.226,59
T06_0175,no_breathing,1.441,178.3,80.9,20,14.1,8,7.3,6.2,4.8,8.9,4.8,2.4,47,26,78,31,5.4,67,3.1,3.8,man,yes,no,regional,sprint,yes,no,no,no,no,-1.198,63.456,64.216,69
T06_0176,breathing_5min,1.566,177.9,77.9,23,14.4,5,7.5,6.7,4.9,5.2,4.4,6.8,48,24,93,13,3.3,71,3.7,3,woman,no,yes,regional,sprint,no,yes,no,yes,no,0.632,58.391,58.022,68
T06_0177,breathing_5min,1.527,179.1,65.1,20,13.6,5,8,5.2,3.9,5.8,4.4,2.2,10,26,131,65,5.2,53,3.1,4.4,man,no,no,regional,distance,no,yes,yes,yes,yes,-3.026,59.882,61.694,52
T06_0178,no_breathing,1.626,187.9,76.8,20,15,7,8.1,4.9,1.2,5.1,3.6,5,22,14,17,49,3.9,64,3.4,4.7,woman,no,yes,regional,distance,yes,no,no,no,yes,-2.855,56.236,57.842,67
T06_0179,breathing_5min,1.547,177,75.8,20,8.9,8,6.7,5.8,7.2,7.1,5.5,7,53,20,76,27,3.1,59,3.3,2.7,woman,no,yes,regional,sprint,no,no,yes,no,yes,-1.056,59.108,59.732,57
T06_0180,no_breathing,1.434,163.2,60.8,22,7.7,6,7.6,6.1,5.3,4.8,3.8,7,12,21,105,47,3.2,50,3.1,6.2,man,no,yes,national,sprint,no,no,no,no,yes,-4.849,63.766,66.858,53
T06_0181,breathing_5min,1.481,181.8,84.9,20,15.1,8,7.7,7.1,5.3,2.5,7.5,3.6,9,17,126,53,2.5,45,2.7,5.6,nonbinary_or_self_described,yes,no,national,sprint,no,no,yes,no,yes,0.119,61.742,61.669,42
T06_0182,breathing_5min,1.381,175.2,96,21,18.2,7,8,4.2,4.7,4.7,6.5,4.4,22,18,117,15,7.7,56,3,3,woman,no,no,regional,sprint,yes,no,no,no,no,-3.754,66.213,68.699,58
T06_0183,no_breathing,1.539,186.4,74,23,18.1,11,8,6.1,8.8,5.8,4.7,6.5,4,25,13,32,4.5,55,3.1,7.7,woman,no,no,regional,distance,yes,yes,no,no,yes,0.203,59.415,59.294,63
T06_0184,breathing_5min,1.493,178.7,47.9,18,16.1,6,7.7,5.5,6.4,7,6,5.2,13,21,51,49,0.2,40,2.8,6.5,man,no,no,regional,distance,no,no,yes,no,no,-2.637,61.246,62.861,37
T06_0185,no_breathing,1.7,192.9,79.8,21,22.5,12,8.7,7.2,3.8,5.3,4.3,7.9,3,10,153,20,3.7,56,3.4,8.7,woman,no,no,regional,distance,no,yes,no,no,yes,2.472,53.788,52.458,54
T06_0186,no_breathing,1.628,170,57.9,22,12.2,7,7.9,8.7,3.8,6.3,7.2,7.6,33,22,76,32,6.5,58,3.1,3.1,woman,no,no,regional,sprint,yes,no,yes,no,yes,-3.796,56.167,58.299,62
T06_0187,no_breathing,1.435,164.6,66.9,19,12,5,8.1,6.1,5,4.5,7,6,21,23,36,17,5,63,2.8,7.8,man,yes,no,regional,sprint,no,yes,no,no,no,-0.831,63.721,64.251,62
T06_0188,no_breathing,1.463,172.4,63.6,21,14.6,6,5.9,4.1,4,2.1,6.3,6.8,33,22,154,57,6.8,71,3.5,5.9,woman,no,no,national,sprint,no,yes,yes,no,no,-0.88,62.502,63.052,71
T06_0189,no_breathing,1.542,168.6,77.2,21,14,4,7.4,4.6,4.2,2.5,5,6.2,46,21,134,23,7.6,54,3.8,7.3,nonbinary_or_self_described,no,no,regional,distance,no,no,no,no,yes,-2.576,59.3,60.828,51
T06_0190,breathing_5min,1.493,183.5,75.6,19,13.1,6,8.1,5.7,4.9,1.6,9,4.2,57,22,147,34,5.9,60,3.5,5.1,man,no,no,regional,sprint,yes,yes,yes,no,yes,-0.945,61.246,61.825,61
T06_0191,no_breathing,1.459,173.9,72.8,21,16.7,7,7.6,2.9,8.5,4,5.1,3.2,54,26,205,12,4.4,61,2.9,5.3,man,no,yes,national,sprint,no,no,yes,no,yes,3.768,62.673,60.311,56
T06_0192,breathing_5min,1.489,187,79,22,8.5,6,8,4,3,5,6.5,3.1,46,16,84,93,3.7,66,3,4.6,woman,yes,yes,regional,distance,yes,yes,yes,no,no,-0.905,61.41,61.966,66
T06_0193,breathing_5min,1.581,173.2,76.2,23,14.7,10,7.3,4.6,6.5,2.8,3.9,3.5,41,12,152,24,3,57,2.6,7,woman,no,yes,national,sprint,no,yes,no,no,yes,-0.009,57.837,57.842,58
T06_0194,no_breathing,1.478,182.7,67,22,16.3,11,6.4,7.3,8,1.6,4.9,4.3,29,14,50,35,2.9,61,2.7,3.6,woman,no,no,national,sprint,yes,yes,no,no,yes,-1.752,61.867,62.951,64
T06_0195,breathing_5min,1.54,168.7,77.3,22,6.2,3,7.8,6.9,3.5,6,0.9,6.6,8,16,105,61,8,51,3.1,2.8,woman,no,no,regional,distance,no,yes,yes,no,yes,-3.977,59.377,61.738,43
T06_0196,breathing_5min,1.556,163.4,65.1,23,14.5,3,6,6.5,4.9,3.2,6.6,5.8,41,13,58,14,2.7,54,3.2,6.5,woman,no,yes,national,sprint,yes,yes,no,no,no,-1.493,58.766,59.643,55
T06_0197,breathing_5min,1.496,181.7,72.2,22,14.1,1,7.6,7.1,2.7,4.4,4.1,3.7,39,21,24,29,4.9,62,3.6,5.9,man,no,no,regional,sprint,no,yes,yes,no,yes,-0.118,61.123,61.195,58
T06_0198,no_breathing,1.449,156.2,59.3,19,17.8,12,9.9,4.6,7,6.7,5.9,7.3,22,25,95,43,4.6,69,3,8.9,woman,no,yes,regional,distance,no,yes,no,no,no,1.158,63.106,62.375,69
T06_0199,breathing_5min,1.585,167.9,46.6,24,8.6,3,7.6,5.5,5.1,4.8,3.2,4.8,16,13,37,10,3.5,55,2.9,7.5,man,no,no,national,distance,no,yes,no,no,no,-0.311,57.691,57.87,54
T06_0200,no_breathing,1.59,169.7,75.9,20,18.6,6,8.5,7.8,5.7,8,3.9,7.7,54,21,143,35,4.2,58,2.9,4.1,nonbinary_or_self_described,yes,yes,regional,distance,yes,no,no,no,yes,-1.766,57.509,58.525,62
T06_0201,no_breathing,1.685,170.8,79.9,21,10.4,7,7.1,1.8,4.6,4.4,5.4,6.6,58,12,85,34,5.7,55,3,0.4,woman,no,no,regional,distance,no,yes,no,no,yes,1.942,54.267,53.213,52
T06_0202,breathing_5min,1.685,160.6,50.8,23,18.2,10,6.9,5.4,7.7,2.6,1,5.9,49,19,27,24,3.5,55,3.3,0.2,woman,no,yes,national,distance,yes,yes,no,no,yes,-0.594,54.267,54.589,51
T06_0203,breathing_5min,1.809,181.2,72.8,24,16.3,10,7.4,5,3.8,5.4,4.1,5.1,58,12,67,37,8.4,62,3.1,4.9,woman,no,no,national,sprint,no,no,no,no,no,-2.249,50.547,51.684,66
T06_0204,breathing_5min,1.716,191.9,74,18,13.7,3,6.4,5.2,4.1,5.6,5.4,6,66,27,16,16,2.3,58,3.4,4.6,woman,yes,yes,national,distance,no,no,no,no,yes,0.691,53.287,52.919,63
T06_0205,breathing_5min,1.394,180.4,70,21,12.4,8,7.9,6.4,6,5.9,7.3,4,16,22,92,17,5.6,58,3.4,5,man,no,yes,national,sprint,no,yes,no,yes,yes,2.402,65.595,64.019,56
T06_0206,no_breathing,1.5,166.8,71.9,21,16.9,7,6.7,4.5,7.9,7.9,3.7,2.6,4,20,28,38,4.9,50,3.4,4.2,man,no,no,regional,sprint,yes,yes,no,no,yes,1.478,60.96,60.059,50
T06_0207,breathing_5min,1.397,173.9,70.7,22,19.1,10,9.1,4,4.4,5.2,5.1,3.4,43,15,50,25,3.8,63,2.7,3.9,nonbinary_or_self_described,yes,no,regional,sprint,yes,no,no,no,yes,-0.577,65.455,65.833,69
T06_0208,breathing_5min,1.492,173,65.4,21,12.8,6,7.6,4.5,4.9,2.8,6.9,6.1,8,19,48,27,3.7,45,3.5,6.8,man,no,yes,regional,sprint,yes,no,no,no,yes,-2.86,61.287,63.04,49
T06_0209,breathing_5min,1.38,171.7,65.9,24,21.7,6,8.4,6,4.5,4.7,4.9,5.5,31,16,33,24,2.1,59,3.6,5.2,woman,no,no,national,sprint,no,yes,no,yes,yes,-1.998,66.261,67.585,62
T06_0210,no_breathing,1.418,157.4,91.1,21,21.1,8,8,6.5,6.1,4.6,3.4,3.5,37,17,12,51,7,57,3.1,2.3,woman,no,no,regional,distance,no,yes,yes,yes,no,0.893,64.485,63.909,62
T06_0211,breathing_5min,1.452,172.9,86.1,23,6.6,11,7.2,5.5,0.6,4.1,7.6,4.5,26,17,140,36,4.5,53,2.5,6.7,woman,yes,no,national,sprint,yes,yes,no,no,yes,0.94,62.975,62.383,51
T06_0212,no_breathing,1.53,164.2,53.1,20,14.3,8,7.8,7.4,3.6,3.2,3.6,2.5,38,12,45,2,7.3,59,3.2,5.9,woman,no,no,national,sprint,no,yes,yes,no,yes,-2.121,59.765,61.033,52
T06_0213,breathing_5min,1.611,195.8,85.2,19,15.2,11,7.1,5.9,4.3,5.9,4.4,5.6,44,23,42,32,4.2,48,3.5,4.3,woman,yes,no,regional,sprint,yes,yes,yes,no,yes,-1.932,56.76,57.857,49
T06_0214,no_breathing,1.571,186.7,68.1,23,18.5,5,7.2,3.1,0.2,1.9,1.4,6,28,13,61,44,7.7,54,3.6,3.8,man,no,no,regional,sprint,no,yes,no,no,no,0.972,58.205,57.639,54
T06_0215,breathing_5min,1.602,181.4,70.7,22,9.9,2,8.7,4.1,9.1,6,3.2,3.8,27,18,104,36,4.1,57,3.5,5.1,woman,no,yes,regional,distance,yes,yes,no,yes,no,-0.193,57.079,57.189,60
T06_0216,breathing_5min,1.448,165.5,64.5,19,12.4,7,9.3,2,4.9,6.1,2.9,5.7,12,15,52,1,4.3,62,2.5,5.8,woman,no,no,regional,sprint,no,yes,yes,no,yes,-2.788,63.149,64.91,61
T06_0217,breathing_5min,1.399,177,83,19,13.1,7,5.9,7.7,4.8,3.1,4.1,2.8,10,18,29,28,8.3,63,2.8,3.7,woman,no,yes,national,distance,no,no,no,no,no,-1.903,65.361,66.605,65
T06_0218,no_breathing,1.392,184,64.2,23,10.3,6,7.9,7.9,8.5,3.6,7.8,3.4,35,22,142,2,7.8,54,3.3,2.9,woman,no,yes,regional,sprint,yes,no,yes,no,yes,-1.031,65.69,66.367,52
T06_0219,no_breathing,1.757,175,62,21,18.6,4,6.6,1.3,6.5,5.8,7.1,2,49,19,167,37,3.9,64,3.4,4.6,nonbinary_or_self_described,no,no,regional,distance,yes,yes,yes,yes,no,-0.881,52.043,52.501,69
T06_0220,no_breathing,1.653,177.9,71.2,20,14.2,11,8.8,4.3,2.5,6.2,4.3,6.8,20,18,47,28,3.2,56,3.4,4.3,man,no,no,regional,distance,yes,yes,no,no,no,1.144,55.318,54.685,57
T06_0221,no_breathing,1.506,176.4,86.1,24,10.4,13,7.7,4.6,5.2,7.1,5.8,4.8,52,23,35,23,4.4,54,3,4.1,man,no,no,regional,sprint,yes,yes,no,no,yes,-0.497,60.717,61.019,55
T06_0222,no_breathing,1.661,173,67.4,20,13.6,4,7.8,2.9,4.7,6.1,2.6,5.3,11,18,118,34,4.6,60,3.4,2.7,woman,no,no,regional,sprint,no,yes,yes,no,no,-0.928,55.051,55.562,59
T06_0223,breathing_5min,1.624,189.6,79.3,21,15.9,12,5.9,1.3,5.2,2.4,3.8,5,37,14,31,45,8.6,59,3.2,6.5,nonbinary_or_self_described,no,no,regional,sprint,yes,yes,yes,no,no,-1.968,56.305,57.413,59
T06_0224,no_breathing,1.39,172.1,65.6,20,10.9,6,6.2,2.3,4.8,4.1,2.5,3.3,35,18,87,30,6,61,3.3,4.2,man,no,no,regional,sprint,no,no,no,no,no,-2.145,65.784,67.195,63
T06_0225,breathing_5min,1.628,181.5,71.5,21,13.3,8,9.1,4,7.8,5.6,9.1,3.8,35,12,203,26,5.3,55,2.9,6.7,woman,no,yes,regional,distance,no,no,no,no,yes,1.839,56.167,55.134,55
T06_0226,no_breathing,1.524,184.7,106,19,16.6,10,8.4,5.9,7.3,7.5,5.7,6.1,19,27,64,42,6.4,59,2.8,6.3,woman,no,no,regional,sprint,no,yes,no,no,yes,-1.434,60,60.86,59
T06_0227,no_breathing,1.588,186.8,88.2,21,13.6,12,6.9,4.9,9,4.5,3.7,4.2,75,33,55,47,5.5,52,3.5,6.9,woman,no,yes,regional,distance,no,no,yes,no,no,-2.399,57.582,58.963,50
T06_0228,no_breathing,1.459,173.2,65.7,19,11.4,3,8.9,7.3,6.7,6.9,4.4,7,5,22,25,28,6,61,3.9,5.1,man,no,yes,regional,sprint,no,yes,yes,no,yes,-5.428,62.673,66.075,66
T06_0229,breathing_5min,1.562,163.3,68.8,19,11.7,4,8.6,6.2,6.9,7.7,2.6,4.4,58,22,113,27,6,59,3.4,7.2,man,no,yes,national,distance,yes,no,yes,no,no,-0.632,58.54,58.91,64
T06_0230,no_breathing,1.532,154.2,77.6,21,20.1,9,7.1,4.5,2.9,3.3,5.5,6.8,40,25,5,57,4.1,63,3.5,6.2,woman,no,yes,regional,distance,no,yes,yes,yes,no,-3.074,59.687,61.522,56
T06_0231,no_breathing,1.573,187.9,75.7,24,19.9,5,7.9,6.9,4.7,5.5,8.5,4.6,30,27,67,7,7.3,51,3.3,5,man,no,no,national,distance,yes,yes,no,yes,yes,-2.427,58.131,59.542,50
T06_0232,breathing_5min,1.448,180.3,87.1,20,12.2,4,7.3,5.6,4.8,2.8,6.4,6.4,36,21,2,40,7.8,53,2.9,6.3,man,no,no,regional,sprint,yes,no,yes,no,yes,2.76,63.149,61.406,51
T06_0233,breathing_5min,1.624,185.2,96.1,22,8.4,2,8.5,5.8,5.3,6.6,4.7,4.7,25,12,39,24,4.6,45,3.5,1.8,man,no,yes,national,distance,no,yes,yes,yes,no,-0.606,56.305,56.646,42
T06_0234,breathing_5min,1.591,188.9,79.8,21,12.3,8,8.9,3.7,3.1,6.6,5,3.9,38,12,76,17,3.8,60,3.2,3.9,woman,no,no,regional,distance,yes,no,no,no,no,-2.491,57.473,58.905,61
T06_0235,breathing_5min,1.548,172.4,61.9,21,17.5,10,6.5,4.7,4.8,2.8,6.1,5.6,18,27,31,37,3.6,58,3.1,6,man,no,no,national,sprint,yes,no,no,no,yes,0.178,59.07,58.965,48
T06_0236,breathing_5min,1.567,175.7,64.8,27,6.8,6,7.3,4.5,9.2,5.3,4.9,2.6,9,32,18,49,6.3,64,3.4,4.1,man,no,no,national,sprint,yes,yes,yes,no,no,0.887,58.354,57.836,69
T06_0237,breathing_5min,1.437,183.7,72.2,21,19.6,2,7.4,5.6,6,6.3,3.3,5.1,72,12,70,7,7.3,56,3.1,4.5,woman,no,yes,national,sprint,yes,no,no,no,no,-1.812,63.633,64.786,53
T06_0238,breathing_5min,1.613,180,61.3,24,18.8,3,8.1,2.5,5.2,6.3,4.2,9.3,4,24,180,26,8.1,65,2.7,5.6,man,no,yes,regional,sprint,yes,yes,no,yes,yes,0.631,56.689,56.331,64
T06_0239,breathing_5min,1.529,175.9,82.3,23,17.8,6,7.2,8.8,5.7,4.3,3.3,4.8,19,28,144,83,5.5,61,3.1,5.8,woman,no,no,regional,sprint,yes,yes,yes,no,yes,-3.338,59.804,61.8,65
T06_0240,no_breathing,1.63,179.1,64.7,21,16.8,11,6.6,4.3,4.7,6.7,5.8,5.7,11,25,78,48,8.2,64,2.9,8.5,woman,no,no,regional,distance,no,no,yes,yes,yes,0.959,56.098,55.56,65
T06_0241,breathing_5min,1.634,191.1,86.5,20,20.8,8,9,1.3,5,5.9,4.8,4.1,31,26,87,46,5.3,52,3.5,5.8,man,yes,yes,regional,sprint,no,no,no,no,yes,-2.253,55.961,57.222,49
T06_0242,breathing_5min,1.391,162,73.2,19,14.4,8,6.7,4.9,4.2,1.4,4.6,2.5,46,19,59,31,6.4,63,3.3,5.6,woman,no,yes,regional,sprint,no,yes,yes,no,yes,-3.095,65.737,67.772,66
T06_0243,breathing_5min,1.394,185.4,71.3,20,14.7,3,6.6,4.3,4.8,5.6,4.9,4.5,40,20,29,13,6.5,51,3.1,4.9,woman,no,no,national,sprint,yes,no,no,no,yes,1.531,65.595,64.591,56
T06_0244,no_breathing,1.642,175.2,76.9,20,12.1,13,7,5,8.1,2.7,3.1,3.7,66,20,70,25,8.3,56,3.9,7.1,man,no,no,national,sprint,no,yes,no,no,yes,-3.909,55.688,57.865,58
T06_0245,breathing_5min,1.603,185.9,59.2,21,10.4,5,7.9,5,7.3,5.6,4,5.3,61,19,87,53,5.9,59,3.5,4.4,woman,no,no,national,distance,no,yes,no,no,no,0.533,57.043,56.739,55
T06_0246,no_breathing,1.606,170.4,72.6,26,6.4,10,8,5.2,5.4,4.1,3,5.4,25,16,74,61,5.4,56,4,5,woman,yes,no,regional,distance,no,yes,no,yes,yes,-2.104,56.936,58.134,54
T06_0247,no_breathing,1.481,183.8,85.6,22,21.1,5,6.9,5.2,3.5,3.9,3.9,4.2,85,16,81,22,6.5,64,2.9,5.3,woman,yes,no,regional,distance,no,no,yes,no,yes,1.315,61.742,60.93,67
T06_0248,no_breathing,1.401,170.2,83.3,22,11.5,7,7,2.6,4.9,4.5,4,1.7,14,21,110,47,3.9,61,3.6,6.9,woman,no,yes,regional,sprint,no,yes,yes,no,yes,-2.833,65.268,67.117,59
T06_0249,no_breathing,1.591,177.5,79.3,22,10.9,12,7,3.2,3.7,7.7,2.9,5.7,36,17,54,66,6.7,58,3.7,6.7,woman,no,no,regional,distance,no,yes,no,no,no,-0.726,57.473,57.89,58
T06_0250,breathing_5min,1.328,192.1,70.7,25,10.9,8,9.3,3.5,3.4,3.2,5.6,2.6,11,13,101,29,6.4,65,3,5.7,woman,no,no,national,sprint,no,yes,yes,no,yes,0.446,68.855,68.548,64
T06_0251,no_breathing,1.77,182.4,80.6,18,22.6,6,9,7.9,4.4,3,5.8,5.5,47,24,87,54,5.5,74,3.6,5.9,woman,no,no,regional,sprint,no,yes,no,no,no,1.784,51.661,50.739,74
T06_0252,breathing_5min,1.557,177.9,65.9,21,10.8,8,7.4,5.1,5.8,6,7.7,4.6,46,27,72,43,3.3,60,3.1,4.2,man,yes,yes,regional,sprint,no,no,yes,no,yes,0.001,58.728,58.727,61
T06_0253,no_breathing,1.482,168.1,62.1,23,15.1,12,7,5.3,3.8,2.9,4.2,3.1,38,25,124,48,4.1,57,2.7,4.8,woman,no,no,regional,sprint,no,yes,no,no,no,-1.609,61.7,62.693,54
T06_0254,no_breathing,1.467,195,92,18,16,3,9.1,5.1,7.5,4.8,7,6,52,18,96,1,6.6,55,3.5,7.3,woman,no,yes,national,sprint,no,yes,no,no,yes,0.083,62.331,62.279,52
T06_0255,no_breathing,1.415,173.6,59.7,20,10.5,2,8.2,5.6,4.3,6.6,3.5,3.7,25,18,68,12,2.6,59,4,7.1,man,no,no,national,sprint,yes,yes,no,no,yes,-0.793,64.622,65.134,63
T06_0256,no_breathing,1.41,186.7,69.2,21,10,11,5.4,5.7,5.7,4.2,4.1,4.2,22,29,148,3,4.6,61,3.2,6,man,no,no,regional,distance,no,yes,no,no,yes,-4.005,64.851,67.448,60
T06_0257,no_breathing,1.603,182.1,78.5,23,10.5,10,6.5,6,4.6,4,3.3,5.1,55,25,70,76,2.7,60,3.2,8,man,no,no,regional,distance,yes,yes,no,no,no,-0.359,57.043,57.248,59
T06_0258,no_breathing,1.643,159,66.4,20,15.1,9,7.6,6.7,4.9,6.1,4.1,3.9,106,23,108,15,4.6,61,3.3,6.2,man,no,no,national,distance,no,yes,yes,no,yes,1.236,55.654,54.966,60
T06_0259,no_breathing,1.559,173.5,69.6,22,13.6,4,7.8,7.2,7.2,6.5,6.7,7.4,5,32,68,32,3.4,57,2.9,7.5,woman,no,yes,regional,distance,no,yes,no,no,no,-0.979,58.653,59.227,55
T06_0260,no_breathing,1.519,181.5,70,19,20.2,6,7.7,8.8,4.1,5.6,2.7,6.5,26,21,54,45,5.6,62,3.3,3.4,woman,no,yes,regional,sprint,yes,no,no,no,no,-0.693,60.197,60.614,64
T06_0261,breathing_5min,1.509,173.5,76.6,19,22.4,8,8,7,3.5,3.2,3.5,7.9,2,11,147,67,4.2,56,3.6,6.4,man,no,yes,national,distance,yes,no,no,no,yes,2.357,60.596,59.168,57
T06_0262,no_breathing,1.674,180.7,70.5,24,12.7,11,6.7,5.2,7.7,3.4,7.1,1.3,18,19,28,35,6.7,60,3.5,3,man,yes,no,national,sprint,yes,yes,yes,no,yes,-2.532,54.624,56.007,63
T06_0263,no_breathing,1.587,173.8,78.4,23,9.1,3,7.2,7.3,4.1,8.3,5.9,3.8,25,16,65,102,5,51,2.7,4.1,man,no,no,national,distance,no,no,no,no,yes,-1.207,57.618,58.313,52
T06_0264,breathing_5min,1.799,185.9,72.3,25,18.8,10,7.4,3.3,7.4,2.8,4.1,3.2,29,25,11,30,5.9,57,3.9,2.4,woman,no,no,regional,sprint,no,yes,yes,no,yes,1.971,50.828,49.826,51
T06_0265,no_breathing,1.753,172,64.9,24,18.9,10,7.4,3.9,4.2,7,6.6,6.1,11,23,9,31,2.6,60,3.5,5.2,woman,no,no,national,sprint,no,yes,no,no,yes,-0.569,52.162,52.459,65
T06_0266,no_breathing,1.516,181,66.4,21,9,7,7.5,7.2,2.9,5.3,6.8,2.3,90,18,87,40,4.7,56,3.8,3.9,man,yes,no,regional,distance,no,yes,yes,no,no,-3.312,60.317,62.315,52
T06_0267,breathing_5min,1.472,170.1,63.1,26,14.6,11,6.4,2.9,5.5,7,7.3,6.9,15,21,147,43,4.3,55,2.6,2.8,woman,yes,no,regional,distance,no,no,no,no,yes,1.782,62.12,61.013,55
T06_0268,breathing_5min,1.584,171.2,54.7,20,15.8,7,7.8,7.7,5,5.8,7.2,7.4,40,23,18,29,5.1,61,3,7.3,man,no,yes,national,sprint,no,no,no,yes,yes,2.943,57.727,56.028,64
T06_0269,no_breathing,1.394,178.5,82.2,23,10.5,4,7,5.3,3.7,6.1,4.5,4.9,68,23,132,5,7.1,57,3.3,6.2,man,no,no,regional,sprint,no,yes,yes,yes,no,-4.254,65.595,68.385,57
T06_0270,no_breathing,1.715,182.3,58.3,21,5.5,7,8.4,4.6,6.2,4.4,5,3.8,2,17,112,42,4.2,47,2.6,2.2,man,no,yes,regional,sprint,no,yes,yes,no,yes,-0.27,53.318,53.462,41
T06_0271,breathing_5min,1.52,177.1,69.8,23,16.8,8,7.3,7.2,6.1,5.1,5.9,7.3,14,23,65,25,4.5,57,3.1,3.6,woman,no,no,national,sprint,no,yes,no,no,yes,0.663,60.158,59.759,58
T06_0272,no_breathing,1.377,167.8,69.8,24,9.7,15,8.5,5.6,4.9,2.4,8.7,4.3,19,24,20,70,6,67,2.9,6.4,woman,no,no,regional,distance,no,yes,no,no,no,-0.154,66.405,66.507,64
T06_0273,breathing_5min,1.511,180.5,74.2,20,20.3,14,7.5,4,4.5,7.4,8.5,3.1,14,17,102,43,2.1,65,3.1,2.7,man,no,yes,regional,sprint,no,yes,no,no,yes,-0.778,60.516,60.987,65
T06_0274,breathing_5min,1.496,176.8,82.1,23,6.5,9,9.1,5,5.2,3.1,2.3,5.6,40,11,54,68,5.3,53,2.9,4.7,man,yes,no,national,distance,no,no,yes,no,yes,-3.712,61.123,63.392,47
T06_0275,no_breathing,1.661,182.6,61.8,20,14.1,11,7.9,6.2,4.5,6.7,3.9,6.7,2,25,167,66,3.5,51,3.3,4.5,woman,no,no,regional,sprint,no,yes,no,no,yes,-2.826,55.051,56.607,53
T06_0276,breathing_5min,1.633,188,58.7,23,11.9,11,8.4,5.9,2.5,5.6,7.9,4,82,28,104,14,5.3,61,3.3,6.5,man,no,no,regional,distance,no,yes,no,no,no,-0.39,55.995,56.213,65
T06_0277,breathing_5min,1.754,177,77.4,23,16.7,8,5.9,7.1,3.7,2.7,6.3,5.5,48,25,92,22,5.6,61,3.4,2.2,man,yes,yes,national,distance,no,no,no,no,no,-2.464,52.132,53.417,60
T06_0278,no_breathing,1.533,182.1,80.1,22,17.6,7,7.4,4.6,3.7,6.7,6.7,3,46,12,135,46,8,56,2.9,5.3,man,yes,no,regional,sprint,yes,no,no,no,yes,-2.054,59.648,60.873,58
T06_0279,no_breathing,1.629,180.4,65.1,21,18.3,4,7,6.5,5.6,6.3,7.1,4.2,71,18,17,28,4.8,62,3.2,6.3,woman,no,yes,regional,sprint,yes,yes,no,yes,yes,1.651,56.133,55.206,62
T06_0280,breathing_5min,1.503,182.7,75.4,20,10.4,8,6.2,7.2,7.5,5.3,5.6,6.1,64,22,15,22,1.7,66,3.3,6.7,man,yes,yes,regional,sprint,no,yes,no,no,yes,-1.356,60.838,61.663,66
T06_0281,breathing_5min,1.69,174,72.6,19,20.9,9,10.2,2.3,7.4,6.9,4.2,1.7,22,25,41,15,4.9,64,3.5,4.6,man,no,yes,national,distance,yes,yes,no,no,no,0.554,54.107,53.807,67
T06_0282,no_breathing,1.704,182.4,92.3,21,10.8,8,8.4,7.2,4.4,4.7,6.5,4.6,2,27,121,52,4.7,62,3.2,5.8,woman,no,yes,regional,sprint,no,yes,no,no,yes,-4.159,53.662,55.894,62
T06_0283,no_breathing,1.556,176.5,75,27,7.5,6,7.1,5.9,5.5,5,7,4.9,74,28,91,37,4.2,57,2.9,5.9,man,no,yes,national,sprint,no,yes,no,no,yes,2.381,58.766,57.367,58
T06_0284,breathing_5min,1.582,176.7,80.9,18,15.8,5,8.4,8.4,4.8,7.2,3.3,4.7,6,15,77,22,5.4,59,3.2,6.3,man,no,no,regional,sprint,no,yes,yes,no,no,-1.658,57.8,58.758,57
T06_0285,breathing_5min,1.65,169.9,75.1,19,15,12,8.4,4,7.4,5.9,4.5,3.3,82,28,95,33,6.5,65,3.4,6.9,man,no,yes,national,sprint,yes,yes,yes,yes,no,1.702,55.418,54.475,67
T06_0286,breathing_5min,1.548,174.4,59.7,24,18.4,9,7.5,5.3,5.3,2.2,7.6,3.8,48,17,0,61,6.4,59,3.6,1.3,woman,no,no,regional,sprint,no,no,no,no,yes,0.93,59.07,58.521,62
T06_0287,breathing_5min,1.388,188.2,84.5,20,11.8,8,8.6,5.2,6.5,2.2,3.1,6.7,6,22,94,56,5,61,3.9,5.7,man,no,no,regional,sprint,yes,yes,yes,no,yes,-0.337,65.879,66.101,65
T06_0288,breathing_5min,1.573,191.5,67.2,19,13.2,13,8.9,1.7,3.2,5.5,2.9,4.3,32,22,116,21,3.7,62,3.5,6.7,man,yes,no,national,distance,no,no,no,yes,yes,0.375,58.131,57.913,59
T06_0289,no_breathing,1.565,170,69.5,24,11.1,6,7.2,4.6,3,6.5,2.7,1.6,13,19,141,30,3.5,56,3,1.9,woman,no,no,regional,distance,no,yes,no,no,no,-4.082,58.428,60.813,56
T06_0290,breathing_5min,1.493,185.7,61.6,24,10.8,8,6.7,6.1,6,7,5.9,4.6,49,17,40,51,6.3,49,2.8,2.4,woman,no,yes,regional,sprint,no,yes,no,no,yes,-0.767,61.246,61.716,43
T06_0291,no_breathing,1.394,172.7,76.5,23,17.4,6,6.2,4.6,5.4,5.6,5.9,6.9,21,26,30,31,6.7,56,3.4,2.2,man,no,yes,regional,sprint,no,yes,no,yes,yes,-1.243,65.595,66.41,63
T06_0292,breathing_5min,1.487,182.5,71.8,19,23.6,9,7.4,6.2,4,7.6,6.3,5.5,42,14,132,69,3.3,57,3.2,3.3,man,no,no,regional,sprint,no,no,yes,yes,yes,0.836,61.493,60.979,55
T06_0293,no_breathing,1.43,172.8,82.7,23,13.4,3,8.7,5.9,1.8,1.7,2.7,4.4,30,23,50,10,5.5,48,3.3,3.4,man,yes,no,regional,sprint,yes,no,yes,yes,yes,-2.452,63.944,65.512,46
T06_0294,breathing_5min,1.653,194.5,78.8,19,11.3,9,7.2,3.3,2,4.1,3.2,3.4,35,17,156,25,5.4,50,2.7,4.7,man,no,no,regional,sprint,no,yes,no,no,yes,1.619,55.318,54.422,51
T06_0295,breathing_5min,1.326,183.5,72.1,23,18.3,7,7.5,5.1,2.7,3.8,3.5,5.2,19,20,147,42,4.9,49,3.3,4,man,no,no,national,sprint,no,no,yes,no,no,-2.706,68.959,70.825,48
T06_0296,no_breathing,1.688,172.3,51.1,23,7.7,5,8.7,7.1,2.6,5.4,4,4.9,30,23,5,30,4.3,65,2.6,1,man,no,yes,regional,sprint,no,no,yes,yes,yes,-4.506,54.171,56.612,66
T06_0297,breathing_5min,1.646,179.8,72.1,26,15.1,6,7.4,3.6,1.6,2.8,5.6,4.7,40,20,51,14,7.8,58,3.1,2.9,man,no,no,national,distance,no,yes,no,no,yes,2.224,55.553,54.318,56
T06_0298,breathing_5min,1.373,181.6,72,21,13.6,2,7.3,5.3,4.8,7.5,1.2,5.5,40,24,103,48,2,56,3.6,4.6,woman,yes,yes,regional,distance,no,yes,no,no,yes,-1.613,66.599,67.673,56
T06_0299,breathing_5min,1.437,172.6,72.8,20,12.9,6,6.7,5,5.1,5,5.5,7.1,18,24,38,83,1.9,61,3.4,3.1,woman,no,yes,national,sprint,yes,yes,no,yes,yes,-0.736,63.633,64.101,69
T06_0300,breathing_5min,1.491,172.5,61.3,20,16.4,5,7.2,7.1,5.9,5.2,5.1,4.2,11,24,124,51,4.1,58,3,8.3,woman,no,yes,regional,distance,no,yes,yes,no,yes,-3.159,61.328,63.265,62
T06_0301,breathing_5min,1.42,166.7,52.7,21,15.4,5,8.8,4.3,7,5.1,4.7,7.7,60,15,140,28,6,53,3,2.9,woman,no,no,regional,sprint,no,yes,no,no,yes,-1.242,64.394,65.194,50
T06_0302,no_breathing,1.356,188,91.1,19,16.2,8,5.9,3.5,6,4.8,6.2,2.4,6,21,67,40,7.1,50,3.2,4,woman,no,no,regional,distance,no,yes,no,yes,yes,-1.991,67.434,68.777,52
T06_0303,breathing_5min,1.742,165.6,59.5,18,14.6,6,6.5,5.5,3.3,9.2,5.2,3.5,37,30,11,14,5.9,58,3.4,4.4,woman,yes,yes,regional,distance,no,yes,no,no,no,-2.681,52.491,53.898,57
T06_0304,breathing_5min,1.735,170.5,77.6,19,16,8,8.7,5.6,8.8,6.2,5.7,6.6,36,21,79,46,3.5,49,3.1,4.2,woman,no,no,regional,sprint,no,yes,yes,no,no,-1.491,52.703,53.489,46
T06_0305,no_breathing,1.757,173.4,65.6,22,11,2,9.3,3.5,3,6,2.8,3.2,26,18,103,31,3.7,63,2.7,3.3,man,no,yes,regional,sprint,yes,no,no,no,no,-1.42,52.043,52.782,63
T06_0306,no_breathing,1.665,192.4,85.9,18,11.8,8,6.8,5.1,7.4,2.7,5,3.1,62,18,60,6,4.2,52,3.4,4.6,nonbinary_or_self_described,yes,yes,national,sprint,no,yes,no,no,yes,-1.167,54.919,55.56,48
T06_0307,breathing_5min,1.406,171.5,77.9,22,10.2,9,7.5,3.9,2.2,4.9,2.8,5.6,31,19,140,26,4,62,2.7,4.8,woman,yes,yes,regional,sprint,yes,yes,yes,no,yes,-4.198,65.036,67.766,60
T06_0308,breathing_5min,1.709,179.2,62,20,12.4,10,6.8,5.6,9.1,7.3,5,4.6,46,22,90,66,2.8,63,3.2,5.5,woman,no,yes,national,sprint,no,yes,yes,no,no,-1.459,53.505,54.286,65
T06_0309,no_breathing,1.492,165.7,70.4,20,14.4,8,8.2,4.9,4.1,3.1,2.9,5,21,17,39,38,2.1,48,3.2,5.7,woman,no,no,national,sprint,no,yes,yes,no,yes,-4.085,61.287,63.791,50
T06_0310,breathing_5min,1.558,179.9,58.2,19,9.4,6,7.1,6.4,3.6,3.5,5.7,5.4,23,20,198,34,6.1,53,2.8,6.4,man,no,no,regional,sprint,yes,no,no,no,yes,-0.942,58.691,59.244,49
T06_0311,no_breathing,1.56,179.6,75.5,23,4.8,7,6.3,9.3,3.2,5.3,3.4,6.1,12,18,75,18,4.3,51,3.2,7.4,man,no,yes,regional,sprint,no,yes,yes,no,yes,0.009,58.615,58.61,51
T06_0312,breathing_5min,1.635,157.4,76.4,23,11.9,4,8.3,4.2,4.8,8,3.7,6.5,43,19,24,31,5.7,75,3.3,3.4,man,no,no,regional,sprint,no,no,no,no,yes,-0.026,55.927,55.942,73
T06_0313,breathing_5min,1.696,168.5,70.8,23,13.3,7,6.6,7.5,3.6,5.4,3.4,6.3,21,21,2,22,2.1,57,4.2,5.7,woman,no,no,regional,sprint,no,yes,yes,no,yes,0.928,53.915,53.415,54
T06_0314,breathing_5min,1.512,156.5,56.8,22,7.9,5,7.3,3.6,3.7,4.1,1.8,6.5,74,22,55,32,6.4,70,3.3,4.4,woman,no,no,regional,sprint,no,yes,no,no,no,-2.448,60.476,61.956,62
T06_0315,no_breathing,1.51,189,86.8,21,5.5,9,9.5,3.3,7.7,4.9,5.6,8.6,42,18,119,67,5,65,3.3,3.9,man,no,no,national,sprint,no,no,no,yes,no,0.655,60.556,60.159,59
T06_0316,breathing_5min,1.632,170.4,78.9,25,12.1,14,8.2,5.9,2.8,6.2,5.1,4.6,40,17,10,12,3.8,55,3,4,woman,yes,yes,regional,distance,no,no,yes,no,no,-2.522,56.029,57.442,52
T06_0317,breathing_5min,1.394,175,74.6,18,16.6,10,7.1,5.3,3.6,3.1,5.4,6,39,19,171,28,4.8,59,3.4,6.3,woman,yes,no,regional,sprint,no,yes,yes,no,no,-0.256,65.595,65.763,60
T06_0318,breathing_5min,1.58,175.9,59.5,18,16.5,10,7.6,0.8,9.1,4.6,2.7,2.2,5,24,110,66,4.7,62,3.1,4.6,man,no,no,regional,sprint,yes,yes,no,no,yes,2.67,57.873,56.328,62
T06_0319,breathing_5min,1.519,171.1,60.6,23,11.9,9,7.4,3.6,4.6,3.5,5.3,4.8,28,20,144,13,6.4,61,3.2,1,man,no,yes,regional,sprint,yes,yes,yes,no,yes,-3.217,60.197,62.134,58
T06_0320,no_breathing,1.627,167.3,63.7,23,11.4,13,8.4,5.5,4.9,4.7,5,3.2,22,14,166,33,8.8,66,2.5,6.5,woman,no,yes,regional,sprint,no,no,no,no,yes,-3.292,56.202,58.052,65
T06_0321,no_breathing,1.305,169.3,57.3,25,10.5,10,6.7,6.5,5.1,7.2,2.9,2,63,16,38,16,7.1,54,3.5,2.7,woman,no,no,regional,sprint,yes,yes,no,no,yes,0.913,70.069,69.429,51
T06_0322,breathing_5min,1.58,178.4,58,23,17.7,9,8.7,4.4,3.8,6.2,2.6,4.7,69,18,22,28,5.3,66,3.5,4.7,woman,no,no,regional,sprint,no,yes,no,yes,no,-2.917,57.873,59.561,63
T06_0323,no_breathing,1.698,171,45.4,22,9.3,3,4.8,8.5,5.1,6.3,6,6.5,63,19,18,44,5.9,54,2.5,3.8,man,no,yes,national,distance,no,yes,no,yes,yes,-1.482,53.852,54.65,54
T06_0324,no_breathing,1.544,177.5,57,19,13.4,8,6.7,6.2,7.7,5,6.1,4.9,11,15,58,47,6.2,56,3.1,4.5,man,no,no,national,sprint,no,yes,yes,yes,no,1.122,59.223,58.559,62
T06_0325,no_breathing,1.728,187.9,53.7,19,12.5,7,9.2,6.4,7.3,7,5.8,5.4,40,22,85,46,5.6,68,2.5,4.6,man,no,yes,regional,sprint,no,no,no,no,yes,-1.681,52.917,53.807,67
T06_0326,no_breathing,1.273,165.2,68.9,22,17.3,7,9.2,6.2,3.8,5,5.5,2.6,6,17,63,43,6.1,46,3.1,4.1,man,yes,yes,regional,sprint,no,no,no,no,yes,0.005,71.83,71.826,46
T06_0327,no_breathing,1.696,185.2,74.6,21,11.7,8,6.2,5.2,5.9,4.2,4.5,6.7,74,18,15,74,5.3,65,3.5,4.9,woman,no,no,regional,sprint,yes,yes,no,yes,yes,-3.246,53.915,55.665,69
T06_0328,no_breathing,1.776,176.7,78.2,24,18.8,12,6.7,6.8,4.4,6.3,6.3,3.1,29,12,90,14,2.8,61,3.1,5.1,man,yes,no,national,sprint,yes,yes,no,no,yes,0.156,51.486,51.406,62
T06_0329,breathing_5min,1.343,183,74.8,19,10.9,6,7.6,6.5,4.7,5,6,5.4,35,25,19,15,7.6,61,2.9,5.9,man,no,no,regional,sprint,no,yes,yes,no,yes,-1.531,68.086,69.128,61
T06_0330,breathing_5min,1.582,167.3,66.7,24,14.1,8,8,3.9,3.7,5.5,2.6,2.7,79,16,54,37,5.6,63,3.5,6.9,man,no,no,national,distance,no,no,yes,no,yes,-4.733,57.8,60.536,56
T06_0331,breathing_5min,1.631,173.3,70.3,22,11.1,11,7.3,8.1,6.9,5.2,6.2,5.7,31,20,77,8,3.2,55,4.1,5.8,woman,yes,no,national,distance,yes,yes,no,no,yes,-3.576,56.064,58.069,54
T06_0332,breathing_5min,1.358,167.8,49.1,23,9.3,5,8.5,5.5,5.4,5.5,4.6,4.3,46,18,86,33,4.8,60,2.9,5.5,man,no,no,regional,sprint,no,no,no,no,no,-2.001,67.334,68.681,61
T06_0333,no_breathing,1.546,194.4,62.2,22,18.7,10,8.2,7.2,8.5,3.4,5.8,5.7,15,16,97,39,6.8,58,3.7,4.3,man,no,yes,national,sprint,yes,yes,no,yes,yes,0.126,59.146,59.071,65
T06_0334,breathing_5min,1.537,166.7,67.7,21,11.4,5,8.5,2.4,1.7,7.2,5.5,4.7,70,27,44,27,4.3,63,3.4,5.7,man,no,no,regional,distance,no,yes,no,no,no,-2.924,59.493,61.233,64
T06_0335,breathing_5min,1.46,163.9,52.9,22,11.5,3,5.7,1.6,5.6,4.9,2.5,8.5,64,18,34,24,3.4,53,3,4.2,man,no,yes,regional,distance,no,no,no,no,yes,-3.593,62.63,64.88,53
T06_0336,no_breathing,1.577,179.8,59.5,20,11.9,9,6.4,6.2,4.7,6.7,4.1,3,60,23,39,60,4,49,3.6,4.3,woman,yes,no,regional,sprint,yes,yes,yes,no,no,-3.253,57.984,59.87,48
T06_0337,no_breathing,1.413,187.8,86.6,23,10.5,7,7.3,1.7,3.4,5.9,4.7,5.4,72,16,152,40,5.5,63,3.2,3.2,woman,no,yes,regional,distance,no,yes,no,no,yes,-0.393,64.713,64.967,61
T06_0338,no_breathing,1.331,186.6,77.4,22,19.7,2,9.5,9.3,3.4,3.1,7.5,6.8,32,10,71,46,8.3,51,3.3,4.7,woman,no,yes,regional,sprint,yes,yes,no,yes,yes,-3.073,68.7,70.811,53
T06_0339,no_breathing,1.473,169.8,62.3,22,10.7,7,8.8,8.3,7.6,6.7,5.6,4.1,47,26,95,47,7.4,57,3.2,6.8,man,no,no,regional,distance,no,no,yes,no,yes,-0.792,62.077,62.569,55
T06_0340,no_breathing,1.552,171.2,80.8,22,11.7,5,5.8,2.6,5,5.9,1.6,5.3,47,17,127,68,4.2,53,2.9,3.2,man,yes,no,regional,sprint,no,yes,yes,yes,no,-2.67,58.918,60.491,55
T06_0341,no_breathing,1.712,189,100.4,23,14.9,2,7.9,6.5,7.3,5.1,1,6.1,33,22,24,48,3.1,59,3.9,5.4,woman,no,yes,regional,distance,no,no,no,no,no,-0.63,53.411,53.747,58
T06_0342,breathing_5min,1.28,181,89,22,14.5,5,6.3,5.5,4.8,4.5,5.1,4.6,22,33,98,38,5.5,58,3.5,5.7,man,no,no,regional,distance,yes,yes,yes,no,no,-2.471,71.438,73.203,55
T06_0343,breathing_5min,1.608,178.1,72.8,22,14.3,9,9.2,1,2.2,4.2,3.1,5.5,36,16,47,52,5.6,42,3,7,man,no,no,national,sprint,no,yes,no,no,no,0.085,56.866,56.818,47
T06_0344,no_breathing,1.562,163.3,84.2,18,12.2,3,6,3.5,5.3,5.5,7.9,3.9,76,28,65,32,6.7,61,2.9,3.6,man,no,no,national,sprint,no,yes,no,no,no,-2.698,58.54,60.119,59
T06_0345,no_breathing,1.575,179.2,85.8,19,10.2,4,6.9,2.1,3.8,4.8,3.3,5.5,42,14,112,21,5.6,51,3.1,4.9,man,no,no,national,sprint,yes,yes,yes,no,yes,2.686,58.057,56.498,52
T06_0346,breathing_5min,1.539,161.1,59.2,22,17.8,3,9.4,4.9,4.4,3.9,5.6,4.4,4,16,89,31,4.7,57,3.4,3.1,man,yes,no,national,sprint,no,yes,no,no,no,0.399,59.415,59.178,57
T06_0347,breathing_5min,1.621,177.9,81.4,23,19.1,12,6.9,7.7,5.2,7,3.2,8.6,61,25,80,22,2.6,68,3.1,9.7,man,no,no,regional,sprint,no,no,no,no,yes,-2.8,56.41,57.989,67
T06_0348,breathing_5min,1.488,179.1,86.2,20,15.3,10,7.6,1.4,4.7,5.9,2.7,3.6,29,18,39,23,7.7,56,3.5,6.6,woman,no,no,regional,sprint,yes,yes,no,no,yes,-2.165,61.452,62.782,60
T06_0349,no_breathing,1.411,169,77.8,20,12.9,11,6.9,2.4,3.8,3.6,4.9,7.2,63,19,52,36,4.9,67,3.5,3.7,woman,no,yes,national,sprint,no,no,no,yes,yes,-1.748,64.805,65.938,67
T06_0350,no_breathing,1.505,188.7,76.8,21,22.6,9,8.3,6.7,3.8,3.1,3.4,3.8,69,23,90,38,4.5,54,3.7,3.6,woman,no,no,regional,sprint,no,yes,yes,no,yes,0.354,60.757,60.542,51
T06_0351,breathing_5min,1.426,181.2,76.6,23,17.9,13,6.4,3.8,6.5,4.6,1.7,7.4,34,16,72,13,3.1,67,2.5,5.2,woman,no,yes,regional,sprint,yes,yes,no,no,yes,-1.304,64.123,64.959,68
T06_0352,no_breathing,1.637,172.3,67.3,22,20.6,11,7.7,5.7,3.4,6.5,3.4,2.2,46,18,138,38,5.2,47,2.9,10,man,no,no,regional,sprint,yes,yes,yes,no,no,0.096,55.858,55.804,45
T06_0353,breathing_5min,1.558,189.9,83.3,24,17,8,8.1,4.4,6.6,3.8,3.8,3.7,8,21,91,40,3.9,57,3.7,4.4,woman,yes,no,regional,sprint,no,yes,yes,no,yes,-1.591,58.691,59.625,55
T06_0354,no_breathing,1.609,186,88.7,22,14.4,7,7,6.5,2.2,0.3,4,4.7,47,12,68,46,5,52,3.3,5.8,man,no,no,national,sprint,yes,no,yes,no,no,-1.596,56.83,57.737,51
T06_0355,breathing_5min,1.534,177,73.9,22,16.5,3,9,5.3,4.4,3.6,5.6,7.3,46,27,137,28,4.8,53,3.6,3.7,man,yes,yes,national,sprint,no,yes,no,yes,no,4.395,59.609,56.989,55
T06_0356,no_breathing,1.527,179.2,82.4,22,12.1,4,7.9,3.9,5.8,5.7,2.7,3.9,57,23,75,43,4.4,56,3.8,4.4,man,no,no,national,distance,yes,no,no,no,yes,-2.499,59.882,61.378,58
T06_0357,no_breathing,1.414,176.6,85.5,23,10.5,3,8.5,6.3,5.6,2.8,5.9,5.2,31,20,98,47,7.1,66,2.8,4,man,no,yes,regional,sprint,yes,yes,no,no,yes,3.735,64.668,62.253,63
T06_0358,no_breathing,1.404,173.3,66.4,19,16.6,8,6.8,3.3,6.9,6.9,5.2,2.7,48,16,68,31,5.5,54,3.2,4.2,man,yes,yes,regional,sprint,no,yes,no,no,no,0.364,65.128,64.891,48
T06_0359,no_breathing,1.394,170.1,71.4,19,13.8,7,9.1,5.4,4.9,3.2,5,1.6,39,14,62,26,5.5,65,3.2,3.8,man,no,yes,regional,sprint,no,yes,no,no,yes,1.012,65.595,64.931,66
T06_0360,no_breathing,1.318,183.6,77.9,20,10.7,9,7.9,1.6,5.9,5.1,4.3,4,20,19,150,28,4.5,65,2.8,6.5,woman,no,no,regional,sprint,no,no,yes,no,yes,-0.944,69.378,70.033,65
