participant_id,weekly_exercise_time,age,sleep_hours,sleep_quality,social_support,financial_strain,daily_demands,chronic_pain,screen_hours,alcohol_days,loneliness,coping_confidence,time_management,commute_minutes,leisure_hours,physical_health,housing_stability,family_conflict,community_connection,household_size,exercise_self_efficacy,gender,housing,relationship_status,dependent_children,smoking,chronic_condition,mental_health_history,current_counseling,medication_use,recruitment_channel,anxiety_and_depression
T16_0001,284.273,38.0,7.173,2.065,2.679,2.302,2.377,3.908,3.121,0.0,2.492,2.817,3.736,47.882,15.579,3.18,4.118,2.96,2.748,1.0,3.754,man,living_alone,not_partnered,yes,yes,no,no,no,yes,online_notice,11.537
T16_0002,111.137,48.0,7.647,3.123,2.937,4.781,3.449,1.489,1.91,4.0,3.448,1.814,2.015,20.443,18.183,2.421,2.513,3.452,2.961,1.0,3.727,woman,living_alone,partnered,yes,yes,no,yes,yes,yes,online_notice,23.397
T16_0003,125.432,37.0,5.489,3.383,2.875,4.195,2.571,2.107,4.361,1.0,2.622,3.255,3.046,16.422,12.992,4.161,2.897,3.296,2.453,1.0,3.811,man,living_alone,not_partnered,no,yes,yes,no,yes,no,online_notice,14.13
T16_0004,125.596,39.0,7.152,3.825,2.354,2.058,3.785,3.213,4.931,4.0,2.141,3.367,2.567,22.446,19.51,2.248,2.191,3.829,2.696,1.0,2.113,woman,living_alone,partnered,no,no,yes,no,yes,no,community_notice,22.912
T16_0005,185.928,46.0,6.892,3.043,3.827,3.03,2.399,2.536,4.115,3.0,2.651,3.628,4.795,30.733,6.815,3.3,3.913,3.217,4.075,1.0,2.28,woman,living_alone,partnered,yes,no,no,no,yes,no,community_notice,10.496
T16_0006,159.067,42.0,7.821,1.57,1.857,2.13,2.862,3.438,2.303,2.0,2.926,3.598,2.189,23.358,10.042,2.433,2.707,3.267,3.524,1.0,2.839,woman,living_alone,partnered,yes,no,yes,no,yes,yes,online_notice,18.005
T16_0007,66.228,40.0,5.627,1.563,2.239,3.333,2.472,2.131,4.995,3.0,2.349,1.998,2.755,35.947,7.382,2.971,3.039,2.592,2.817,5.0,3.041,woman,shared,partnered,yes,yes,no,no,no,yes,community_notice,28.18
T16_0008,318.964,38.0,7.013,3.299,2.446,4.102,3.696,2.371,2.291,1.0,3.972,3.578,3.511,21.084,11.717,2.379,3.495,3.282,2.613,3.0,3.522,woman,shared,not_partnered,yes,no,no,yes,yes,yes,community_notice,24.138
T16_0009,315.701,58.0,7.942,2.947,3.784,2.538,3.083,2.685,3.837,4.0,3.892,3.461,2.233,33.891,14.013,4.649,2.489,4.285,3.377,1.0,2.472,woman,living_alone,partnered,yes,no,no,yes,yes,no,community_notice,16.467
T16_0010,241.561,31.0,6.441,4.124,3.615,2.544,4.016,2.421,2.311,4.0,4.358,2.775,3.255,54.195,14.196,3.001,2.621,3.168,2.428,3.0,3.53,woman,shared,partnered,no,no,no,yes,no,no,online_notice,23.808
T16_0011,256.42,46.0,6.432,4.221,2.915,2.863,3.064,3.177,1.788,1.0,3.806,3.794,2.921,58.274,18.61,2.631,2.672,3.68,3.595,1.0,3.306,man,living_alone,partnered,yes,yes,yes,no,no,yes,community_notice,18.01
T16_0012,250.295,62.0,7.305,2.884,2.061,2.578,2.565,3.414,4.131,3.0,3.407,2.666,2.563,26.198,10.633,3.742,2.776,2.423,2.65,1.0,2.88,woman,living_alone,partnered,yes,yes,no,no,no,no,community_notice,19.743
T16_0013,277.17,37.0,6.626,2.398,3.809,4.309,2.978,3.081,2.382,2.0,3.749,1.92,4.434,13.126,9.842,2.722,3.155,2.083,3.02,1.0,4.338,woman,living_alone,partnered,no,no,yes,yes,no,no,online_notice,19.706
T16_0014,226.738,21.0,6.2,3.465,2.896,2.216,1.455,2.662,2.13,0.0,2.95,3.565,3.146,22.171,9.422,2.436,2.221,3.81,3.523,2.0,3.53,man,shared,partnered,no,yes,yes,yes,yes,yes,community_notice,18.462
T16_0015,18.736,47.0,6.574,2.303,3.297,2.322,1.223,2.565,2.829,3.0,2.29,4.28,3.924,54.797,18.724,4.092,2.863,3.213,4.615,3.0,2.596,man,shared,partnered,no,yes,yes,yes,yes,no,community_notice,20.444
T16_0016,302.917,53.0,8.046,2.797,3.406,3.05,1.814,2.418,2.262,4.0,3.777,4.267,3.232,32.663,14.909,3.823,2.949,3.107,3.573,2.0,3.484,man,shared,not_partnered,yes,no,yes,yes,yes,no,community_notice,15.534
T16_0017,178.486,45.0,7.225,2.951,3.964,3.185,3.03,2.166,4.851,1.0,2.733,3.828,2.635,6.214,7.66,2.563,3.653,2.915,1.684,1.0,2.468,woman,living_alone,not_partnered,yes,no,no,no,yes,no,community_notice,16.613
T16_0018,172.047,56.0,6.28,2.745,2.872,2.892,3.625,3.133,3.924,1.0,3.151,2.324,3.346,26.27,6.906,3.884,3.372,2.337,3.71,2.0,3.448,man,shared,not_partnered,yes,no,yes,yes,yes,yes,community_notice,21.302
T16_0019,264.575,34.0,6.843,3.675,3.498,3.061,3.038,2.377,3.846,3.0,2.84,3.147,1.485,25.484,18.734,3.334,2.799,1.642,2.886,3.0,3.375,man,shared,not_partnered,no,no,no,no,no,yes,online_notice,16.766
T16_0020,427.742,45.0,8.472,3.075,2.672,4.307,2.542,2.89,0.065,2.0,1.877,3.675,2.805,29.868,18.881,2.424,2.455,1.979,2.032,2.0,3.737,woman,shared,not_partnered,no,yes,no,yes,no,no,community_notice,14.898
T16_0021,64.611,54.0,6.83,2.531,3.535,3.783,2.96,2.34,2.524,0.0,3.006,2.22,2.732,27.79,10.043,2.449,4.326,2.12,2.9,4.0,2.335,woman,shared,partnered,no,yes,no,no,no,no,online_notice,24.759
T16_0022,233.697,46.0,8.067,2.918,2.842,2.589,3.409,3.086,4.491,2.0,2.038,2.882,3.115,17.509,7.279,2.469,2.841,2.645,3.525,3.0,2.09,man,shared,not_partnered,yes,yes,no,yes,no,yes,online_notice,21.702
T16_0023,445.816,35.0,8.064,3.003,3.064,3.916,3.23,3.43,2.221,1.0,3.966,3.699,2.366,2.038,13.139,2.421,2.212,2.29,1.544,5.0,4.304,woman,shared,partnered,yes,yes,no,yes,no,no,online_notice,24.87
T16_0024,348.098,34.0,5.585,3.401,2.235,2.923,3.224,2.853,3.615,4.0,2.246,2.56,2.164,49.867,11.983,3.061,3.017,2.52,3.17,2.0,4.119,woman,shared,partnered,yes,yes,no,yes,yes,yes,online_notice,23.235
T16_0025,39.727,48.0,6.053,1.032,3.144,2.364,3.185,2.294,3.487,2.0,1.917,2.953,3.648,29.064,8.492,3.813,1.718,2.86,1.55,3.0,3.315,man,shared,not_partnered,yes,yes,no,no,no,no,community_notice,24.518
T16_0026,403.795,63.0,7.825,2.995,3.39,3.772,2.266,4.332,1.88,1.0,2.232,2.947,3.524,23.073,7.12,2.654,2.128,3.792,2.87,1.0,3.148,man,living_alone,not_partnered,no,no,yes,yes,no,no,online_notice,7.98
T16_0027,86.649,61.0,7.608,2.899,1.859,1.883,3.899,4.233,1.416,3.0,3.252,2.84,3.011,48.955,10.317,2.19,2.381,3.411,2.727,3.0,3.409,man,shared,partnered,no,no,yes,yes,yes,yes,online_notice,29.052
T16_0028,67.087,51.0,6.104,2.448,2.529,3.419,3.449,1.939,3.659,0.0,2.519,3.414,3.231,50.6,12.329,3.793,3.125,3.049,2.698,3.0,2.52,woman,shared,not_partnered,yes,no,yes,no,no,yes,online_notice,26.475
T16_0029,145.715,25.0,7.442,3.708,2.728,3.466,3.294,2.555,3.588,2.0,2.845,3.634,3.895,44.866,10.799,3.453,2.846,4.035,2.649,1.0,2.43,nonbinary_or_self_described,living_alone,not_partnered,yes,no,no,yes,no,no,community_notice,18.186
T16_0030,202.819,46.0,8.088,2.709,3.414,2.146,2.668,2.916,1.174,1.0,2.543,4.274,1.359,43.863,9.066,2.012,2.753,1.615,3.344,2.0,3.722,man,shared,not_partnered,yes,no,no,yes,yes,no,online_notice,16.437
T16_0031,126.149,38.0,6.633,2.185,3.227,2.737,2.323,2.451,1.035,3.0,2.471,2.992,1.667,24.276,10.776,3.117,3.763,4.457,2.606,4.0,2.647,man,shared,not_partnered,no,yes,yes,yes,no,yes,community_notice,16.257
T16_0032,153.015,57.0,7.554,3.448,2.968,3.953,3.425,2.46,3.226,1.0,4.079,3.348,3.548,5.585,12.274,2.994,2.848,2.573,3.037,3.0,2.493,woman,shared,partnered,yes,yes,no,yes,no,no,community_notice,19.671
T16_0033,372.242,49.0,6.787,2.937,3.321,2.426,3.222,3.499,2.983,3.0,3.053,3.317,4.365,5.259,12.427,3.879,2.997,3.5,2.466,4.0,3.102,man,shared,partnered,yes,no,yes,yes,no,yes,community_notice,18.736
T16_0034,125.507,44.0,6.511,3.823,2.927,2.268,3.085,2.961,4.788,3.0,3.268,2.478,3.775,18.097,8.26,3.421,2.956,3.581,2.519,1.0,1.952,woman,living_alone,not_partnered,yes,yes,yes,yes,no,no,online_notice,22.616
T16_0035,143.049,48.0,5.785,3.3,3.459,4.439,3.336,1.981,2.648,3.0,4.137,3.053,3.159,31.839,12.978,3.868,2.524,4.402,4.083,1.0,2.636,nonbinary_or_self_described,living_alone,partnered,yes,no,no,no,no,yes,online_notice,19.35
T16_0036,189.397,19.0,6.661,3.414,3.251,2.918,2.696,2.815,3.517,1.0,2.25,3.358,2.665,40.969,5.866,2.276,3.481,2.682,2.575,3.0,2.879,woman,shared,partnered,no,no,yes,yes,yes,yes,community_notice,26.155
T16_0037,236.304,33.0,6.879,2.576,3.017,3.145,1.892,3.265,3.61,2.0,2.603,2.893,2.39,22.698,12.96,3.227,3.041,2.171,3.844,2.0,3.271,woman,shared,not_partnered,yes,yes,no,no,no,yes,online_notice,22.407
T16_0038,225.187,52.0,6.895,3.776,3.689,2.234,2.195,2.815,2.177,2.0,3.66,2.42,3.156,29.77,8.337,2.561,2.76,2.813,3.414,1.0,2.792,nonbinary_or_self_described,living_alone,partnered,no,yes,yes,no,no,yes,community_notice,16.339
T16_0039,284.412,54.0,8.33,3.419,3.596,2.875,3.453,2.138,2.752,1.0,2.513,2.172,2.072,56.489,15.076,2.805,2.693,2.864,4.721,1.0,3.044,woman,living_alone,partnered,no,no,no,no,no,no,community_notice,13.221
T16_0040,238.947,36.0,6.765,3.307,3.225,3.876,2.175,3.366,1.349,1.0,3.094,2.858,2.563,12.065,9.904,3.05,2.496,2.914,3.519,2.0,2.809,man,shared,not_partnered,no,no,no,yes,yes,yes,online_notice,21.717
T16_0041,157.844,68.0,6.015,3.543,3.887,3.369,3.911,3.077,3.604,1.0,3.851,3.251,3.672,33.918,10.73,2.687,1.911,3.061,3.741,2.0,3.631,woman,shared,partnered,no,yes,no,no,yes,no,online_notice,19.675
T16_0042,279.656,56.0,7.027,3.15,3.85,4.12,3.892,3.183,5.069,6.0,2.219,2.98,3.406,25.919,14.296,2.862,3.365,1.35,2.809,3.0,3.637,woman,shared,not_partnered,no,no,no,yes,yes,yes,online_notice,18.304
T16_0043,164.769,53.0,7.223,2.746,3.4,2.93,3.119,3.409,2.952,2.0,2.82,3.729,2.013,18.316,13.95,3.194,2.781,2.842,1.782,1.0,1.757,man,living_alone,not_partnered,no,yes,no,no,yes,no,community_notice,20.086
T16_0044,245.373,28.0,6.08,3.476,4.479,3.046,2.173,3.335,3.052,0.0,1.875,2.261,2.542,42.768,3.797,3.617,2.913,3.169,2.81,4.0,2.7,woman,shared,partnered,no,yes,no,yes,yes,no,community_notice,22.142
T16_0045,22.106,42.0,8.59,3.127,2.441,3.646,2.865,3.096,3.181,2.0,3.141,2.944,2.994,49.09,11.472,3.816,2.807,3.191,3.12,4.0,2.059,man,shared,not_partnered,yes,no,yes,no,yes,yes,online_notice,24.97
T16_0046,77.603,32.0,6.952,3.59,2.663,2.656,2.728,2.741,4.559,5.0,2.581,3.191,4.189,25.609,14.894,3.883,4.323,3.932,2.502,4.0,4.154,man,shared,partnered,no,no,yes,no,yes,yes,online_notice,19.459
T16_0047,254.732,28.0,6.691,3.911,3.665,4.429,3.294,2.277,2.944,1.0,3.395,2.668,3.783,25.0,9.801,3.039,3.949,3.004,4.063,3.0,2.534,woman,shared,not_partnered,yes,no,yes,yes,yes,yes,community_notice,22.15
T16_0048,249.589,38.0,7.435,2.099,2.789,2.738,3.748,4.014,4.968,3.0,3.165,2.998,3.824,41.443,8.454,3.322,2.99,3.023,3.274,1.0,4.117,woman,living_alone,partnered,yes,no,no,no,no,no,community_notice,22.879
T16_0049,294.118,29.0,7.667,4.205,2.683,2.426,3.242,1.828,2.816,0.0,2.3,2.688,2.312,34.558,13.535,3.25,1.942,1.918,3.637,1.0,3.528,man,living_alone,partnered,yes,no,yes,yes,no,no,online_notice,18.105
T16_0050,95.784,26.0,7.76,2.263,3.614,3.425,4.055,3.308,5.946,1.0,3.816,4.208,1.725,17.665,5.383,2.188,2.285,2.972,3.93,2.0,3.278,woman,shared,partnered,yes,yes,yes,yes,yes,yes,community_notice,32.542
T16_0051,201.065,62.0,5.266,2.341,2.929,2.353,3.094,2.548,0.825,4.0,3.764,3.943,2.551,7.937,8.906,2.431,3.934,2.63,2.399,2.0,2.184,man,shared,partnered,yes,yes,yes,no,yes,no,community_notice,19.078
T16_0052,256.113,27.0,6.644,3.64,3.065,3.032,2.592,2.878,0.846,1.0,3.185,2.622,2.675,18.458,11.678,3.124,3.839,3.096,3.025,3.0,3.141,woman,shared,not_partnered,yes,no,yes,yes,yes,no,online_notice,21.359
T16_0053,379.252,35.0,6.885,3.215,2.779,3.205,2.984,2.045,2.75,3.0,3.612,3.601,3.813,43.565,11.913,2.653,3.397,3.521,2.645,1.0,4.014,woman,living_alone,partnered,yes,no,no,no,no,yes,community_notice,12.136
T16_0054,168.358,44.0,6.898,3.243,2.659,3.873,3.297,3.737,1.755,3.0,1.836,2.481,2.977,15.018,13.508,3.386,3.218,3.185,3.436,4.0,2.505,man,shared,not_partnered,yes,no,no,no,yes,no,online_notice,20.879
T16_0055,269.005,45.0,6.257,2.802,2.121,3.448,3.101,4.65,3.278,0.0,2.827,4.096,1.611,11.917,8.875,3.55,2.406,4.09,3.256,1.0,3.305,man,living_alone,not_partnered,yes,no,no,no,yes,no,online_notice,24.749
T16_0056,170.758,52.0,6.086,2.499,3.558,3.634,3.471,3.866,1.609,2.0,4.228,2.863,2.848,43.373,3.826,1.956,3.158,1.832,3.657,1.0,3.643,man,living_alone,not_partnered,no,yes,no,no,no,no,community_notice,20.654
T16_0057,271.48,26.0,7.662,3.042,3.066,3.165,1.459,4.136,4.655,4.0,2.936,3.244,2.818,39.487,17.582,2.819,3.457,2.23,3.204,1.0,2.567,woman,living_alone,not_partnered,yes,no,no,yes,yes,no,online_notice,17.484
T16_0058,206.034,38.0,5.848,3.471,2.642,1.529,3.509,2.836,2.279,1.0,2.799,2.809,3.441,16.055,10.513,3.028,2.804,3.419,2.774,1.0,2.769,man,living_alone,not_partnered,yes,yes,yes,no,no,no,community_notice,24.278
T16_0059,70.603,56.0,7.584,3.188,3.152,3.551,3.215,3.252,2.383,0.0,3.297,2.401,2.181,40.216,14.741,2.778,3.526,3.793,3.088,1.0,2.677,man,living_alone,not_partnered,no,yes,no,yes,no,yes,community_notice,19.49
T16_0060,32.744,36.0,5.704,2.57,2.629,2.789,3.598,2.433,5.6,2.0,3.623,3.7,3.161,21.077,3.751,4.421,3.825,3.246,2.954,1.0,3.137,woman,living_alone,partnered,yes,no,yes,no,yes,yes,community_notice,22.68
T16_0061,215.909,51.0,8.225,4.373,2.65,2.101,2.944,2.425,4.202,4.0,3.413,3.482,2.394,41.399,11.871,2.766,3.074,3.65,3.149,1.0,3.295,man,living_alone,partnered,yes,yes,no,yes,yes,yes,online_notice,15.469
T16_0062,91.296,44.0,6.338,3.062,2.825,2.626,2.915,2.558,2.266,1.0,2.803,4.102,2.777,25.143,14.66,3.217,3.78,4.489,2.844,1.0,3.02,woman,living_alone,partnered,no,yes,yes,yes,no,no,community_notice,20.875
T16_0063,167.763,38.0,6.877,4.103,2.296,1.765,2.939,3.416,4.377,1.0,2.389,2.789,3.813,42.404,3.829,3.257,2.783,3.393,3.353,1.0,3.698,man,living_alone,partnered,yes,yes,yes,no,no,yes,community_notice,20.81
T16_0064,265.982,44.0,6.83,3.818,2.194,2.702,3.038,2.072,1.332,1.0,3.301,2.62,3.347,22.376,4.322,2.895,2.592,2.126,2.928,1.0,2.925,man,living_alone,not_partnered,no,yes,yes,yes,no,yes,community_notice,23.211
T16_0065,222.536,30.0,6.31,2.743,3.819,3.48,3.567,2.605,2.248,1.0,3.286,3.612,3.555,40.567,16.922,3.622,2.529,2.198,3.408,1.0,1.589,man,living_alone,partnered,no,yes,yes,yes,yes,no,community_notice,20.214
T16_0066,84.098,43.0,6.966,3.171,2.724,2.855,3.194,2.357,1.95,6.0,2.055,3.471,3.267,36.338,10.682,3.268,1.967,2.46,3.4,1.0,3.325,woman,living_alone,partnered,no,yes,no,no,no,yes,online_notice,19.973
T16_0067,52.781,27.0,7.12,3.063,2.364,1.887,2.962,3.625,2.549,1.0,3.179,2.497,3.345,38.161,15.274,2.877,2.965,3.571,2.896,1.0,2.162,nonbinary_or_self_described,living_alone,not_partnered,no,no,no,yes,no,yes,online_notice,16.546
T16_0068,141.209,41.0,6.419,3.72,2.265,2.633,3.532,3.635,3.653,2.0,3.544,3.115,2.86,32.278,7.296,3.857,3.289,2.761,2.775,1.0,2.733,man,living_alone,not_partnered,yes,no,no,yes,yes,yes,community_notice,19.782
T16_0069,246.444,48.0,8.015,3.055,3.43,2.427,2.752,3.37,2.821,0.0,3.948,3.218,3.634,42.472,13.712,3.369,2.447,2.68,1.406,1.0,3.183,woman,living_alone,partnered,yes,no,no,no,yes,yes,online_notice,13.78
T16_0070,292.703,47.0,7.921,2.686,2.852,4.403,2.937,1.149,3.966,3.0,3.476,3.931,3.197,13.637,6.997,2.854,2.24,2.437,2.773,2.0,3.588,man,shared,partnered,no,yes,no,no,no,yes,online_notice,17.992
T16_0071,196.919,52.0,6.919,2.128,3.841,2.51,3.19,2.733,2.503,0.0,3.718,3.198,2.118,3.223,12.621,2.258,2.541,3.537,2.661,1.0,1.261,man,living_alone,partnered,no,yes,no,yes,yes,yes,community_notice,17.91
T16_0072,207.478,26.0,6.603,3.658,2.509,3.076,3.91,2.639,3.207,3.0,3.877,1.873,3.143,19.363,15.558,4.384,3.474,2.567,2.82,1.0,3.822,man,living_alone,partnered,no,no,yes,yes,yes,yes,online_notice,17.921
T16_0073,138.078,61.0,7.022,2.668,3.463,3.052,2.057,2.95,2.974,1.0,2.317,2.835,3.038,10.336,13.082,3.407,3.527,3.332,2.064,1.0,1.867,nonbinary_or_self_described,living_alone,not_partnered,no,no,no,yes,no,yes,community_notice,14.115
T16_0074,112.916,31.0,8.338,2.419,2.51,3.006,3.102,2.153,3.0,3.0,3.425,3.175,2.963,27.712,20.702,2.579,2.82,2.507,2.186,2.0,2.684,man,shared,not_partnered,no,yes,no,no,no,no,community_notice,22.069
T16_0075,111.636,52.0,6.745,4.142,2.93,2.379,3.566,2.105,2.808,2.0,3.525,2.83,3.271,6.93,16.329,3.069,2.093,2.687,3.515,1.0,2.155,man,living_alone,partnered,yes,no,yes,yes,no,yes,online_notice,22.045
T16_0076,172.418,51.0,4.995,2.46,3.255,1.851,2.32,2.245,0.988,5.0,3.092,3.517,3.318,21.565,9.633,3.276,2.092,2.307,3.349,1.0,4.186,man,living_alone,not_partnered,yes,no,yes,no,yes,no,community_notice,18.094
T16_0077,42.903,42.0,5.547,2.788,1.933,2.677,2.947,2.886,2.85,0.0,2.614,1.772,3.139,38.511,13.816,3.284,3.25,3.569,3.084,1.0,1.804,man,living_alone,partnered,yes,no,yes,yes,yes,yes,community_notice,28.73
T16_0078,245.657,43.0,7.107,2.895,4.38,2.435,2.562,2.7,1.742,3.0,2.955,2.622,3.644,40.028,10.953,3.74,3.674,3.917,3.339,3.0,3.243,man,shared,partnered,no,yes,yes,yes,no,yes,online_notice,19.796
T16_0079,248.554,47.0,8.702,2.036,3.546,4.115,2.825,2.661,3.69,2.0,3.729,2.918,2.477,39.53,10.406,2.872,2.275,3.835,2.722,1.0,2.692,man,living_alone,not_partnered,no,yes,yes,no,yes,no,online_notice,21.599
T16_0080,120.77,29.0,6.646,2.863,3.461,2.684,2.466,2.869,2.446,1.0,2.907,3.127,3.334,24.042,25.001,3.338,2.687,3.276,2.457,2.0,2.104,man,shared,partnered,no,yes,yes,yes,yes,no,community_notice,23.152
T16_0081,221.638,47.0,7.549,3.514,2.678,2.011,3.057,2.742,2.499,1.0,2.292,3.193,2.602,43.761,16.072,2.869,2.439,3.77,2.834,4.0,2.408,woman,shared,partnered,yes,yes,no,no,no,yes,online_notice,22.826
T16_0082,242.933,48.0,6.006,2.856,2.172,3.619,2.662,2.761,1.91,1.0,2.114,2.466,3.188,5.304,11.247,3.086,3.529,2.297,3.955,1.0,3.563,man,living_alone,partnered,no,yes,no,yes,yes,no,community_notice,17.068
T16_0083,206.608,40.0,6.908,3.31,3.031,3.208,2.965,3.14,2.499,3.0,3.217,2.79,3.034,9.039,7.017,2.663,3.951,4.447,4.195,1.0,1.858,man,living_alone,partnered,yes,yes,no,no,yes,yes,online_notice,14.232
T16_0084,128.779,45.0,7.932,2.913,3.776,3.49,2.362,4.157,2.545,2.0,2.622,3.181,3.122,42.516,13.86,3.414,2.838,3.203,3.462,1.0,3.649,woman,living_alone,partnered,yes,yes,no,no,yes,yes,community_notice,17.034
T16_0085,168.134,44.0,6.113,4.251,2.327,2.374,4.216,2.46,4.528,1.0,2.526,3.49,3.008,50.294,13.204,3.259,1.77,2.693,3.143,3.0,1.584,woman,shared,partnered,yes,no,no,no,yes,no,online_notice,26.931
T16_0086,161.597,45.0,6.528,2.415,2.523,2.857,1.785,3.787,1.806,4.0,1.432,1.655,2.208,30.414,7.35,2.59,2.915,3.157,3.777,3.0,2.527,man,shared,partnered,yes,yes,yes,yes,no,no,online_notice,21.343
T16_0087,170.166,43.0,6.512,3.031,3.056,3.415,2.887,3.796,1.252,6.0,1.43,2.573,1.779,23.368,11.668,3.534,3.39,3.963,3.473,1.0,2.548,woman,living_alone,partnered,no,no,no,no,yes,no,online_notice,20.708
T16_0088,172.62,41.0,8.422,2.287,2.948,3.07,2.296,2.465,2.251,1.0,3.132,3.417,2.919,18.349,10.907,3.455,2.275,2.898,3.229,1.0,3.607,woman,living_alone,partnered,yes,yes,no,no,no,yes,online_notice,17.814
T16_0089,85.947,32.0,7.48,2.493,2.394,4.316,3.518,1.852,2.972,1.0,4.349,3.52,4.419,32.771,6.75,1.309,3.811,1.985,3.62,1.0,2.764,woman,living_alone,partnered,no,no,no,yes,no,no,online_notice,20.086
T16_0090,340.258,45.0,6.858,3.78,2.314,4.21,2.02,2.753,4.298,3.0,4.434,3.513,2.998,20.56,17.719,2.533,3.382,4.032,2.346,4.0,3.797,nonbinary_or_self_described,shared,not_partnered,no,yes,no,no,no,no,community_notice,22.082
T16_0091,129.536,57.0,6.932,4.338,2.504,2.899,3.027,3.921,2.509,0.0,3.875,1.795,1.83,10.341,4.576,2.081,3.465,3.542,3.782,1.0,1.9,man,living_alone,not_partnered,yes,yes,no,no,no,no,community_notice,22.768
T16_0092,444.86,27.0,7.372,3.246,2.815,2.811,2.355,2.807,2.587,1.0,3.023,3.239,2.336,16.28,7.82,3.903,3.25,3.619,3.386,1.0,3.889,woman,living_alone,not_partnered,yes,yes,no,yes,no,yes,community_notice,18.111
T16_0093,96.818,51.0,5.968,2.352,3.329,1.725,2.789,2.357,3.923,0.0,3.058,2.692,2.791,20.773,1.366,2.425,3.074,3.318,2.147,1.0,3.031,woman,living_alone,partnered,yes,yes,no,no,no,no,online_notice,16.977
T16_0094,33.311,50.0,7.451,3.004,3.767,3.524,3.025,3.953,3.633,3.0,2.33,2.802,3.531,50.038,10.443,2.527,2.369,3.356,2.949,1.0,3.079,woman,living_alone,not_partnered,no,no,no,no,yes,no,community_notice,19.558
T16_0095,446.59,57.0,6.706,4.034,2.476,3.36,3.468,2.926,3.068,3.0,3.698,2.712,3.96,19.795,5.479,3.202,3.743,2.675,2.529,2.0,3.735,woman,shared,not_partnered,no,no,no,no,yes,yes,community_notice,20.328
T16_0096,234.88,38.0,6.344,4.441,3.785,3.195,3.73,2.731,4.523,0.0,2.922,3.544,3.416,30.077,13.475,3.501,2.728,1.748,1.917,1.0,3.208,man,living_alone,partnered,yes,no,yes,no,yes,yes,community_notice,13.829
T16_0097,355.998,52.0,8.081,2.723,3.566,3.975,2.657,4.595,4.171,1.0,3.142,2.214,4.246,19.888,7.865,3.776,2.838,3.943,2.742,1.0,2.902,man,living_alone,partnered,yes,no,no,no,no,no,online_notice,17.192
T16_0098,296.766,44.0,7.219,3.021,3.068,3.908,3.697,3.171,4.164,3.0,2.962,2.501,3.589,26.308,12.443,2.669,2.248,3.721,3.327,3.0,3.376,man,shared,partnered,no,no,yes,yes,no,yes,community_notice,19.959
T16_0099,80.61,43.0,6.037,2.515,2.572,3.509,2.808,2.486,3.334,2.0,3.169,2.769,4.366,10.651,7.396,3.28,2.258,2.994,2.949,3.0,2.401,woman,shared,partnered,yes,no,no,yes,yes,yes,online_notice,29.449
T16_0100,143.743,39.0,5.919,1.99,3.033,3.139,3.863,2.857,5.336,4.0,2.662,1.84,2.711,24.308,3.766,2.753,3.125,2.675,2.748,1.0,2.511,man,living_alone,partnered,yes,yes,yes,yes,yes,yes,online_notice,25.561
T16_0101,487.325,38.0,6.522,2.553,3.748,3.072,3.179,2.136,0.912,3.0,3.683,2.532,2.003,28.796,13.272,2.714,2.524,3.706,3.774,1.0,4.075,woman,living_alone,not_partnered,yes,no,no,no,no,yes,community_notice,15.061
T16_0102,184.732,33.0,5.25,3.753,1.853,3.044,3.041,2.024,2.944,0.0,1.51,2.778,2.301,18.716,14.237,3.822,2.884,2.085,2.589,5.0,2.926,woman,shared,partnered,no,no,yes,yes,yes,no,community_notice,18.291
T16_0103,80.822,49.0,7.366,2.921,2.868,2.259,3.147,2.684,3.86,4.0,3.71,3.57,2.182,42.345,22.936,2.127,3.585,1.886,4.323,3.0,2.91,man,shared,not_partnered,no,yes,yes,yes,yes,no,online_notice,23.411
T16_0104,225.667,42.0,7.978,2.887,2.56,2.617,3.699,2.537,4.113,4.0,3.083,3.122,2.83,20.355,17.133,4.02,2.405,3.098,3.354,1.0,2.586,man,living_alone,partnered,no,no,yes,yes,yes,yes,community_notice,16.333
T16_0105,214.875,28.0,7.066,3.163,2.926,3.391,3.391,2.985,2.204,1.0,2.631,2.868,1.435,21.161,12.577,3.623,2.372,2.603,2.938,2.0,2.965,man,shared,partnered,no,yes,no,yes,no,yes,online_notice,14.352
T16_0106,265.347,36.0,8.064,1.797,2.394,3.36,3.825,2.379,3.937,3.0,3.163,4.839,2.032,3.379,9.858,3.238,3.706,2.912,2.667,1.0,2.927,woman,living_alone,not_partnered,yes,no,yes,no,yes,no,online_notice,23.033
T16_0107,246.852,29.0,7.415,3.426,2.484,2.735,2.149,2.602,3.12,3.0,1.766,2.705,3.3,31.744,8.941,3.692,3.471,3.433,1.514,4.0,3.322,man,shared,not_partnered,yes,yes,yes,yes,yes,yes,online_notice,12.871
T16_0108,52.787,40.0,8.535,2.367,2.198,2.882,3.131,3.693,1.28,0.0,2.705,1.511,3.019,30.946,10.758,3.154,3.697,2.951,2.99,4.0,2.098,man,shared,partnered,yes,no,yes,yes,yes,no,online_notice,29.983
T16_0109,101.98,27.0,7.129,3.637,3.727,2.224,3.744,2.216,3.607,1.0,2.043,2.762,1.845,24.107,8.871,2.525,2.657,1.935,2.047,1.0,2.841,woman,living_alone,not_partnered,no,yes,no,no,yes,yes,community_notice,18.583
T16_0110,108.84,58.0,7.592,2.102,3.88,2.023,2.76,2.836,2.559,3.0,2.314,3.428,2.497,21.954,8.756,3.292,2.677,3.385,2.954,2.0,2.96,woman,shared,not_partnered,yes,yes,no,no,no,no,community_notice,23.285
T16_0111,41.131,48.0,6.175,3.837,3.58,2.676,3.208,1.035,1.649,6.0,3.191,2.028,2.973,15.152,20.927,2.005,3.197,3.654,3.235,1.0,3.104,man,living_alone,not_partnered,yes,no,no,no,yes,no,online_notice,15.251
T16_0112,14.305,56.0,8.952,2.9,1.808,4.105,2.028,2.823,1.502,0.0,2.633,3.146,2.942,24.31,17.906,1.364,2.116,1.463,1.588,1.0,2.571,woman,living_alone,not_partnered,no,no,yes,yes,yes,yes,online_notice,16.158
T16_0113,198.506,31.0,7.568,3.214,2.49,2.814,3.224,3.283,4.775,2.0,2.705,3.453,2.433,18.788,18.131,2.137,2.373,3.164,4.247,4.0,3.751,woman,shared,partnered,yes,no,yes,yes,no,yes,online_notice,22.949
T16_0114,164.783,24.0,5.858,2.963,2.114,3.127,3.618,3.797,3.086,4.0,2.998,2.836,3.221,25.222,13.284,3.223,3.237,2.761,2.821,1.0,2.457,woman,living_alone,not_partnered,no,no,yes,no,yes,yes,online_notice,25.16
T16_0115,290.268,55.0,6.809,3.564,3.085,2.092,2.076,4.047,2.858,1.0,3.5,1.955,2.391,26.801,10.341,2.386,3.163,1.6,3.407,3.0,3.747,man,shared,not_partnered,no,yes,yes,yes,no,yes,community_notice,15.499
T16_0116,427.868,51.0,6.974,2.606,2.811,3.95,2.629,2.779,3.432,2.0,2.853,2.902,2.982,15.525,16.96,3.946,2.393,4.177,3.154,1.0,2.944,man,living_alone,not_partnered,no,no,no,no,yes,no,online_notice,19.124
T16_0117,91.361,42.0,6.723,3.134,2.965,2.472,2.757,3.408,1.743,2.0,3.69,2.792,2.88,26.519,17.303,3.541,3.829,3.081,4.113,2.0,1.898,man,shared,not_partnered,yes,no,no,yes,yes,yes,community_notice,15.828
T16_0118,446.487,51.0,6.664,3.182,3.484,2.699,2.352,3.215,2.592,3.0,3.723,3.004,3.047,23.421,15.166,4.092,2.647,2.652,2.576,2.0,3.453,man,shared,not_partnered,yes,no,yes,no,yes,no,online_notice,14.879
T16_0119,365.965,28.0,6.689,3.388,3.768,2.504,3.149,2.64,2.919,2.0,4.259,2.493,4.132,21.521,17.467,4.124,3.23,3.032,2.579,4.0,4.116,woman,shared,partnered,yes,yes,no,yes,no,no,community_notice,20.79
T16_0120,228.585,25.0,7.221,3.423,3.575,2.499,2.899,2.89,1.624,2.0,3.256,3.161,2.956,38.939,8.39,2.403,2.148,3.822,2.689,1.0,3.256,man,living_alone,not_partnered,yes,yes,yes,yes,yes,no,community_notice,20.148
T16_0121,376.305,31.0,6.994,3.437,2.696,3.374,3.279,2.627,2.229,1.0,1.985,2.084,2.904,27.619,8.11,2.788,3.183,2.793,2.615,2.0,3.353,woman,shared,not_partnered,no,no,no,no,no,yes,online_notice,16.695
T16_0122,207.085,46.0,6.451,3.054,3.363,2.196,3.204,4.06,2.967,1.0,3.182,3.179,3.899,14.243,3.27,3.607,3.638,2.263,2.379,1.0,2.514,woman,living_alone,not_partnered,yes,yes,no,no,yes,no,online_notice,21.798
T16_0123,185.333,39.0,6.399,2.434,3.8,2.249,2.66,3.082,3.759,2.0,3.33,3.417,3.621,44.173,7.258,2.212,4.31,3.4,3.856,4.0,2.479,man,shared,partnered,no,no,no,yes,yes,no,community_notice,22.872
T16_0124,188.17,38.0,7.926,3.592,2.826,3.991,2.076,3.094,2.075,1.0,2.537,1.441,3.805,33.465,16.684,2.72,3.029,2.555,3.425,1.0,3.255,woman,living_alone,partnered,yes,no,no,yes,yes,no,online_notice,16.273
T16_0125,111.268,28.0,6.849,3.002,2.724,3.343,1.889,3.121,2.779,1.0,3.6,2.586,2.881,18.694,15.95,2.866,2.796,2.492,2.684,1.0,2.541,woman,living_alone,partnered,no,no,yes,no,no,yes,online_notice,15.08
T16_0126,156.171,26.0,6.174,3.583,1.981,4.242,2.892,3.605,2.766,0.0,3.052,4.249,2.667,16.742,8.034,1.824,2.351,3.595,4.082,5.0,2.045,woman,shared,not_partnered,yes,yes,yes,no,yes,no,online_notice,27.999
T16_0127,435.632,46.0,8.223,3.259,4.086,3.562,3.638,2.546,2.236,1.0,3.563,2.74,3.3,9.902,12.623,3.836,3.259,2.657,2.452,1.0,2.694,man,living_alone,not_partnered,no,no,yes,yes,no,no,community_notice,14.178
T16_0128,69.806,39.0,6.176,3.652,3.875,3.694,1.77,2.095,3.593,1.0,1.723,3.014,3.225,3.33,13.083,3.299,4.831,3.059,4.272,3.0,2.785,woman,shared,partnered,no,yes,yes,no,yes,no,online_notice,8.343
T16_0129,67.955,25.0,7.13,2.887,1.762,3.178,2.755,2.465,2.549,2.0,2.082,3.418,2.702,1.807,15.307,2.942,3.246,2.992,2.305,2.0,1.895,woman,shared,not_partnered,yes,yes,yes,no,no,no,online_notice,20.754
T16_0130,326.255,48.0,8.141,3.053,3.094,2.577,2.414,2.797,1.812,1.0,3.581,3.368,2.339,33.394,14.936,2.499,2.743,3.372,3.017,1.0,4.024,man,living_alone,not_partnered,yes,no,yes,no,no,no,online_notice,12.377
T16_0131,282.179,41.0,6.21,4.237,3.331,3.485,3.293,3.075,3.106,1.0,1.677,3.506,2.922,14.653,10.883,3.076,2.411,3.359,1.942,1.0,2.22,woman,living_alone,not_partnered,no,no,yes,yes,no,yes,community_notice,13.874
T16_0132,166.744,35.0,7.26,2.38,3.16,2.795,2.619,3.679,4.735,0.0,2.887,2.694,3.595,12.1,18.816,3.131,2.49,1.475,2.845,3.0,2.694,woman,shared,not_partnered,no,yes,no,yes,no,yes,community_notice,18.017
T16_0133,401.152,32.0,7.322,3.264,3.052,3.254,3.053,2.769,3.571,5.0,3.076,2.525,2.138,33.072,11.069,3.0,2.844,4.035,3.296,1.0,3.182,man,living_alone,not_partnered,yes,yes,yes,yes,yes,no,community_notice,20.04
T16_0134,274.861,38.0,7.608,2.905,2.759,3.559,3.69,3.05,4.873,2.0,3.444,2.71,2.922,14.376,5.159,3.372,3.36,2.487,3.807,4.0,3.445,woman,shared,partnered,no,no,no,yes,yes,no,community_notice,23.965
T16_0135,167.015,63.0,7.02,1.839,2.968,3.495,2.491,2.73,2.84,1.0,2.464,3.503,2.009,14.031,6.041,3.387,1.728,2.613,1.945,3.0,3.687,woman,shared,partnered,yes,yes,yes,no,yes,yes,community_notice,18.2
T16_0136,175.433,52.0,7.076,2.297,1.853,1.902,3.88,3.825,4.117,3.0,3.739,2.824,2.917,22.815,17.305,3.274,3.157,2.904,2.412,1.0,2.699,woman,living_alone,partnered,yes,no,yes,yes,no,yes,online_notice,26.084
T16_0137,281.831,32.0,6.02,3.251,3.506,3.285,3.813,3.865,3.257,1.0,3.435,3.033,4.116,5.154,15.889,3.295,3.438,2.003,3.344,4.0,3.746,man,shared,not_partnered,yes,yes,yes,yes,yes,yes,community_notice,21.824
T16_0138,166.867,40.0,7.04,3.606,3.608,1.793,2.678,2.904,4.759,2.0,2.736,2.231,2.826,42.084,8.173,3.722,3.386,3.469,2.669,3.0,1.169,man,shared,partnered,yes,no,yes,yes,yes,no,online_notice,23.935
T16_0139,309.774,23.0,7.413,3.435,3.666,3.592,2.823,1.931,2.599,2.0,2.709,3.624,2.553,36.65,17.665,3.824,3.468,2.841,2.889,2.0,3.403,woman,shared,partnered,yes,yes,no,yes,no,no,online_notice,15.073
T16_0140,321.403,40.0,9.152,3.496,4.476,3.293,2.067,3.675,3.245,3.0,3.599,3.016,3.737,22.158,12.102,2.629,2.909,3.342,3.524,3.0,3.962,nonbinary_or_self_described,shared,not_partnered,no,no,no,no,no,no,community_notice,19.432
T16_0141,26.567,47.0,6.8,2.828,3.04,2.215,3.223,2.375,3.037,2.0,2.758,3.23,2.971,35.258,13.133,2.853,3.274,2.967,3.217,1.0,3.33,nonbinary_or_self_described,living_alone,partnered,yes,yes,yes,no,no,no,community_notice,15.143
T16_0142,287.664,45.0,8.125,2.794,2.946,2.17,4.413,3.509,2.576,1.0,2.679,4.617,2.073,49.843,10.499,2.414,4.047,2.399,3.235,1.0,2.78,woman,living_alone,partnered,no,yes,yes,no,no,no,online_notice,20.28
T16_0143,157.349,49.0,7.904,3.249,3.251,2.942,2.621,2.74,4.761,0.0,2.706,3.433,2.874,22.731,20.057,3.875,3.08,2.829,3.166,1.0,2.8,woman,living_alone,not_partnered,yes,yes,no,no,yes,yes,online_notice,13.157
T16_0144,210.251,28.0,7.697,3.94,2.463,2.311,2.886,2.904,2.564,2.0,2.84,3.831,2.349,34.761,11.236,4.299,3.719,3.089,2.219,4.0,3.294,woman,shared,partnered,no,yes,yes,yes,no,no,community_notice,21.641
T16_0145,29.885,32.0,6.282,2.649,3.774,2.352,2.751,2.161,3.195,2.0,2.522,3.551,4.121,53.199,14.61,2.129,2.65,3.848,2.816,3.0,2.256,nonbinary_or_self_described,shared,partnered,yes,no,no,no,yes,no,community_notice,17.577
T16_0146,195.304,25.0,8.117,3.348,4.261,3.712,3.455,3.495,1.976,1.0,3.975,3.628,2.444,41.607,14.668,3.243,3.039,2.719,3.35,1.0,4.561,woman,living_alone,not_partnered,no,yes,no,yes,yes,yes,online_notice,14.632
T16_0147,268.064,57.0,8.175,3.023,2.931,2.709,3.613,2.569,2.131,4.0,4.012,4.142,2.432,15.897,12.411,3.147,3.273,3.541,1.79,1.0,2.79,nonbinary_or_self_described,living_alone,partnered,yes,no,yes,yes,yes,yes,community_notice,23.328
T16_0148,192.446,47.0,7.831,2.972,2.636,2.28,1.974,3.334,1.383,4.0,2.742,2.155,3.291,10.658,10.143,4.425,3.525,2.524,3.37,4.0,2.622,man,shared,not_partnered,yes,yes,no,yes,yes,no,online_notice,16.876
T16_0149,437.54,48.0,6.22,3.029,2.44,3.513,4.052,2.747,2.035,3.0,2.805,4.339,2.91,21.125,18.273,3.042,2.788,1.948,1.79,1.0,3.363,man,living_alone,partnered,no,yes,yes,no,no,no,online_notice,25.932
T16_0150,360.811,27.0,7.21,2.637,3.247,1.946,4.001,2.515,3.191,4.0,3.465,3.828,3.945,13.513,18.971,2.106,3.915,3.406,3.082,3.0,3.677,woman,shared,not_partnered,no,no,yes,yes,no,yes,community_notice,21.061
T16_0151,163.535,38.0,8.767,2.137,2.065,3.001,2.727,3.193,3.292,2.0,2.777,3.334,2.467,32.595,15.934,2.616,2.709,3.449,3.651,1.0,3.086,man,living_alone,not_partnered,no,yes,yes,yes,no,yes,online_notice,21.245
T16_0152,165.578,40.0,7.773,1.981,4.241,2.866,2.287,3.647,3.845,2.0,2.146,3.656,2.547,48.613,19.268,4.023,3.523,3.057,3.091,1.0,3.034,woman,living_alone,not_partnered,yes,no,yes,no,no,no,online_notice,17.215
T16_0153,93.509,39.0,8.435,2.028,3.242,3.042,2.625,2.599,4.01,2.0,2.801,2.884,3.66,21.302,14.364,3.127,3.494,3.621,2.454,1.0,2.255,woman,living_alone,not_partnered,no,no,no,no,no,no,community_notice,14.765
T16_0154,252.537,29.0,6.719,3.256,2.858,3.72,2.388,3.629,2.419,2.0,3.035,2.874,3.526,30.687,9.863,2.965,2.88,2.846,1.924,3.0,3.274,man,shared,not_partnered,yes,yes,no,no,yes,no,online_notice,15.992
T16_0155,168.657,50.0,6.923,2.637,2.242,2.164,2.746,2.509,1.561,3.0,2.652,3.535,3.584,56.653,17.369,3.483,2.235,3.181,2.906,1.0,2.55,man,living_alone,not_partnered,no,yes,yes,no,no,yes,community_notice,17.53
T16_0156,283.228,60.0,7.09,3.353,2.701,3.006,2.785,3.527,3.657,2.0,3.542,2.666,3.302,21.115,14.96,2.669,2.565,3.616,3.096,4.0,3.171,man,shared,partnered,yes,yes,yes,no,yes,yes,community_notice,22.292
T16_0157,265.497,47.0,7.077,3.396,3.629,3.114,3.266,2.944,2.236,1.0,2.446,2.862,2.364,19.635,20.795,2.529,3.539,3.553,2.776,3.0,2.948,woman,shared,not_partnered,yes,yes,no,yes,no,no,online_notice,21.831
T16_0158,101.964,36.0,6.984,3.429,2.767,2.984,3.649,1.757,4.624,3.0,2.411,1.708,3.11,16.927,12.267,3.596,3.769,3.041,4.347,1.0,2.597,man,living_alone,not_partnered,no,yes,no,no,yes,yes,online_notice,17.167
T16_0159,98.126,52.0,6.412,2.845,2.208,1.721,2.801,2.568,3.735,1.0,2.23,3.824,3.3,11.638,0.773,2.77,3.541,3.507,3.435,1.0,3.507,man,living_alone,not_partnered,yes,no,yes,no,yes,no,online_notice,12.723
T16_0160,269.483,30.0,6.358,2.518,2.739,2.271,2.71,3.292,5.386,5.0,2.942,2.882,3.301,4.352,10.227,3.138,3.044,4.048,3.488,1.0,3.502,woman,living_alone,not_partnered,yes,no,yes,yes,no,no,online_notice,22.539
T16_0161,140.796,62.0,6.389,3.113,3.361,3.27,3.88,3.733,4.698,2.0,2.636,1.63,4.212,27.605,6.712,3.024,3.476,2.231,1.751,1.0,2.585,man,living_alone,not_partnered,yes,no,no,no,no,no,online_notice,17.251
T16_0162,205.248,48.0,6.005,2.677,2.374,3.126,2.387,3.583,2.427,1.0,3.477,2.184,1.743,23.018,5.528,3.255,2.928,3.131,2.187,2.0,2.419,woman,shared,partnered,no,no,yes,no,no,no,community_notice,20.013
T16_0163,325.659,67.0,6.522,3.646,3.007,3.861,2.733,2.191,2.185,2.0,2.413,3.872,3.934,16.538,8.596,2.871,2.813,3.416,2.441,1.0,3.328,man,living_alone,not_partnered,no,yes,no,yes,no,no,community_notice,14.155
T16_0164,144.08,41.0,7.462,2.391,3.508,2.282,2.915,2.76,4.311,2.0,3.091,2.399,3.763,8.304,15.575,3.118,2.442,3.388,2.7,1.0,3.909,woman,living_alone,partnered,no,no,yes,yes,no,yes,online_notice,17.567
T16_0165,327.461,43.0,7.299,3.135,2.653,3.327,2.198,3.565,3.411,2.0,4.497,3.068,2.435,30.52,9.645,2.546,2.89,3.828,2.663,1.0,4.349,woman,living_alone,not_partnered,yes,yes,yes,yes,no,yes,community_notice,21.283
T16_0166,155.666,44.0,6.676,3.133,2.637,3.114,3.054,2.548,1.933,1.0,4.399,2.979,3.664,7.865,14.298,2.595,3.692,2.587,2.146,1.0,3.303,nonbinary_or_self_described,living_alone,not_partnered,no,yes,no,no,no,no,online_notice,17.428
T16_0167,328.822,34.0,7.076,3.516,2.906,3.335,2.58,3.156,2.635,0.0,2.243,3.99,3.362,12.271,10.255,3.184,3.268,3.42,4.078,2.0,3.742,woman,shared,partnered,yes,no,yes,no,yes,no,community_notice,20.881
T16_0168,183.788,55.0,6.481,2.313,1.518,3.431,2.842,3.0,4.571,0.0,2.968,2.637,4.874,65.226,11.4,3.436,3.474,2.92,2.011,3.0,3.931,man,shared,partnered,no,yes,no,no,no,no,online_notice,24.88
T16_0169,214.865,57.0,6.803,3.332,2.862,2.489,2.887,2.731,3.293,2.0,2.674,3.291,3.799,24.331,4.08,3.263,4.469,3.1,2.868,1.0,3.097,man,living_alone,partnered,no,yes,yes,yes,no,yes,community_notice,18.76
T16_0170,315.426,41.0,7.23,2.566,3.548,4.289,3.266,3.23,3.276,1.0,2.586,2.293,3.328,7.18,6.679,2.125,3.662,4.035,3.176,4.0,3.652,woman,shared,partnered,yes,no,no,no,yes,yes,online_notice,24.378
T16_0171,277.466,28.0,7.805,3.16,3.273,2.511,2.097,3.594,2.224,1.0,1.838,2.818,3.519,23.627,16.629,3.964,4.414,2.752,3.102,2.0,4.538,woman,shared,not_partnered,yes,yes,yes,yes,yes,yes,online_notice,10.859
T16_0172,108.096,29.0,6.422,2.023,3.532,2.35,3.507,3.652,1.997,1.0,3.125,2.801,3.47,3.039,7.118,3.674,3.361,3.131,2.922,3.0,2.864,man,shared,not_partnered,no,yes,yes,no,yes,no,community_notice,24.056
T16_0173,348.991,61.0,7.105,3.849,2.108,4.102,2.33,2.436,1.919,2.0,3.127,2.974,2.315,20.067,15.398,2.091,2.698,3.424,3.98,1.0,2.924,man,living_alone,partnered,no,no,no,no,yes,yes,online_notice,24.401
T16_0174,304.559,39.0,7.486,2.133,2.106,3.833,1.574,2.166,4.54,2.0,3.332,2.246,3.434,12.405,6.612,2.46,3.272,3.723,3.429,2.0,2.234,man,shared,partnered,yes,yes,yes,yes,yes,yes,online_notice,24.159
T16_0175,211.63,25.0,6.878,4.071,3.372,2.003,2.027,3.237,4.55,1.0,2.902,3.178,2.978,36.728,10.891,2.803,2.57,3.031,2.991,1.0,2.637,woman,living_alone,not_partnered,no,no,yes,yes,yes,no,online_notice,16.632
T16_0176,65.776,59.0,7.542,2.735,3.044,3.348,2.533,2.951,5.264,1.0,3.135,2.381,1.98,8.655,15.596,3.431,4.208,2.435,2.64,1.0,1.576,woman,living_alone,partnered,no,no,no,yes,yes,no,community_notice,23.602
T16_0177,25.339,41.0,7.279,4.149,3.664,2.932,3.995,2.395,2.483,2.0,2.743,3.773,2.7,33.155,9.006,3.19,2.82,2.213,2.661,1.0,2.611,man,living_alone,partnered,yes,no,yes,no,yes,yes,community_notice,19.424
T16_0178,143.533,50.0,6.958,3.78,3.279,3.129,4.173,2.751,3.887,1.0,3.491,2.595,3.624,13.687,8.882,3.162,3.398,3.635,4.09,3.0,2.815,woman,shared,not_partnered,yes,yes,yes,no,no,no,community_notice,23.958
T16_0179,402.922,22.0,7.604,2.721,3.798,3.976,2.86,2.865,2.454,1.0,3.403,3.108,2.749,25.243,7.627,2.943,2.805,2.754,2.635,2.0,2.855,woman,shared,partnered,no,no,no,no,yes,yes,online_notice,14.532
T16_0180,205.173,19.0,6.878,2.402,2.882,3.481,2.586,1.934,4.483,3.0,3.137,3.2,3.789,19.023,2.576,3.568,3.382,4.039,2.714,1.0,2.172,woman,living_alone,partnered,no,no,no,yes,yes,yes,community_notice,18.729
T16_0181,58.309,27.0,7.933,3.478,1.765,2.947,2.811,2.948,1.576,3.0,3.533,2.893,3.294,14.359,16.907,3.481,2.289,3.663,3.7,2.0,2.881,woman,shared,not_partnered,yes,yes,no,no,no,no,online_notice,20.554
T16_0182,267.327,48.0,8.892,3.17,3.357,3.151,3.036,2.696,4.801,2.0,2.72,3.811,3.623,27.421,10.778,3.368,4.334,3.366,2.319,4.0,2.901,woman,shared,partnered,yes,no,no,yes,yes,yes,online_notice,21.984
T16_0183,274.466,38.0,6.519,2.161,3.205,3.627,1.929,3.647,3.751,3.0,3.656,2.778,2.735,45.115,9.892,2.888,4.219,2.674,3.077,1.0,3.467,man,living_alone,partnered,no,yes,no,yes,yes,no,online_notice,25.739
T16_0184,266.509,32.0,6.921,3.712,3.157,2.833,2.619,2.849,3.271,2.0,2.823,3.058,3.23,34.903,3.796,2.894,2.348,2.798,2.374,1.0,2.972,man,living_alone,not_partnered,yes,no,yes,no,no,no,online_notice,17.223
T16_0185,0.21,48.0,6.624,2.472,3.664,2.318,2.356,1.621,3.44,2.0,2.504,1.522,3.526,33.971,19.857,2.69,3.761,3.325,2.596,2.0,1.983,man,shared,not_partnered,yes,yes,no,yes,yes,no,community_notice,20.069
T16_0186,20.951,24.0,6.741,2.766,2.483,2.977,2.923,2.266,2.709,0.0,2.722,3.075,3.405,13.785,25.891,2.796,2.9,3.117,3.787,3.0,2.006,man,shared,not_partnered,no,no,no,no,no,yes,community_notice,20.432
T16_0187,97.542,59.0,6.166,2.778,3.579,3.789,2.766,2.709,3.521,2.0,2.261,2.893,2.926,17.39,18.64,2.999,2.873,2.99,3.057,4.0,2.954,woman,shared,partnered,no,yes,yes,yes,yes,no,community_notice,22.809
T16_0188,387.079,23.0,6.753,1.994,2.895,2.618,3.735,3.796,2.447,3.0,2.049,3.934,1.039,32.023,8.72,3.816,3.615,3.082,2.062,4.0,2.83,nonbinary_or_self_described,shared,not_partnered,no,yes,no,no,yes,yes,community_notice,29.28
T16_0189,424.38,27.0,6.836,3.16,3.161,2.876,2.823,2.157,3.31,3.0,3.729,3.218,2.413,49.002,13.365,2.915,3.689,2.599,2.499,1.0,3.386,man,living_alone,partnered,yes,no,yes,yes,yes,no,community_notice,16.96
T16_0190,236.669,47.0,6.339,2.29,3.197,3.405,2.107,2.991,1.507,1.0,2.859,3.278,2.478,26.565,14.326,3.207,3.568,3.94,3.425,1.0,2.681,woman,living_alone,not_partnered,yes,yes,yes,yes,no,no,online_notice,19.958
T16_0191,142.86,62.0,7.452,1.784,3.514,4.671,3.417,2.998,5.375,3.0,2.918,3.144,2.559,20.618,11.582,3.396,3.503,3.365,2.019,1.0,3.081,woman,living_alone,partnered,no,yes,yes,yes,yes,no,online_notice,18.638
T16_0192,332.756,39.0,6.069,2.223,3.742,3.944,3.16,2.379,3.589,2.0,3.729,3.465,3.635,35.07,10.59,3.422,2.428,3.288,3.696,1.0,2.526,woman,living_alone,not_partnered,no,yes,yes,no,yes,no,online_notice,17.059
T16_0193,290.871,22.0,7.269,3.095,3.342,2.885,3.887,3.784,1.492,0.0,4.0,2.572,3.173,51.192,4.096,2.099,3.325,3.214,1.282,1.0,2.594,woman,living_alone,partnered,no,yes,no,yes,no,yes,community_notice,20.846
T16_0194,133.587,49.0,7.536,2.195,3.884,2.646,3.648,2.707,3.82,1.0,3.545,2.976,3.942,19.414,9.471,3.11,2.955,2.74,3.453,4.0,2.597,woman,shared,partnered,no,no,yes,no,yes,yes,community_notice,25.625
T16_0195,107.107,38.0,6.861,2.479,3.537,3.355,3.312,4.299,2.146,6.0,2.71,2.987,3.02,14.451,13.226,3.377,3.493,3.051,1.769,1.0,3.268,man,living_alone,partnered,no,no,yes,no,no,yes,community_notice,17.707
T16_0196,111.273,47.0,6.411,2.592,2.646,2.434,2.703,2.353,1.247,3.0,2.687,2.668,3.547,8.055,7.228,3.131,3.031,3.123,3.034,1.0,2.662,woman,living_alone,partnered,yes,no,yes,yes,no,yes,online_notice,21.693
T16_0197,58.781,29.0,7.12,2.536,2.449,2.948,2.541,3.525,4.047,2.0,2.656,3.898,2.212,38.853,14.86,3.407,3.531,2.165,3.31,2.0,2.287,woman,shared,partnered,no,no,yes,yes,yes,yes,online_notice,19.685
T16_0198,242.901,61.0,7.394,4.044,2.802,3.445,3.302,3.328,3.494,1.0,3.16,3.014,3.305,3.663,15.138,3.024,2.293,4.434,4.322,4.0,3.378,man,shared,not_partnered,yes,yes,yes,yes,no,no,online_notice,16.348
T16_0199,95.069,38.0,6.584,3.293,2.372,2.558,2.867,3.581,1.624,1.0,3.616,2.905,2.95,47.219,13.559,3.342,1.948,1.854,2.233,2.0,2.846,woman,shared,not_partnered,no,no,no,no,no,no,online_notice,20.259
T16_0200,84.725,28.0,7.927,1.815,3.509,2.798,2.158,2.544,3.994,1.0,3.494,3.886,3.138,23.288,12.992,3.673,3.684,1.94,3.279,3.0,2.999,woman,shared,not_partnered,yes,yes,yes,yes,yes,yes,online_notice,21.083
T16_0201,109.939,29.0,6.126,2.994,3.368,2.49,3.559,3.363,1.225,4.0,3.878,4.741,2.965,16.491,17.275,2.517,3.192,3.107,2.858,2.0,1.925,man,shared,partnered,yes,yes,no,yes,yes,no,online_notice,24.154
T16_0202,236.277,26.0,8.038,4.107,2.337,3.952,1.896,2.85,1.936,0.0,2.756,2.899,3.49,21.443,12.669,2.231,2.651,4.101,2.202,3.0,2.362,woman,shared,not_partnered,yes,no,yes,yes,yes,no,online_notice,23.306
T16_0203,304.127,28.0,6.481,2.621,2.873,3.014,2.503,2.271,2.584,2.0,3.101,3.414,2.81,19.858,12.761,3.507,2.731,2.287,3.354,2.0,3.813,woman,shared,partnered,yes,yes,no,yes,yes,yes,community_notice,27.151
T16_0204,415.196,50.0,7.078,3.566,2.824,3.702,4.523,3.958,1.544,1.0,3.692,3.079,3.076,69.842,12.935,2.939,1.897,3.172,3.066,1.0,2.357,man,living_alone,not_partnered,yes,yes,no,yes,yes,no,community_notice,23.05
T16_0205,187.534,38.0,6.747,2.076,2.217,2.887,3.927,3.483,2.056,1.0,2.745,3.025,2.112,19.555,10.37,2.926,2.592,2.765,3.68,1.0,2.143,woman,living_alone,partnered,no,yes,yes,no,yes,no,online_notice,24.163
T16_0206,139.439,63.0,8.175,1.045,2.964,2.998,3.689,2.492,0.445,1.0,1.549,2.328,2.319,36.074,17.792,3.578,3.22,2.812,3.34,4.0,3.351,man,shared,not_partnered,no,yes,yes,no,yes,yes,community_notice,18.857
T16_0207,65.759,60.0,6.01,3.494,2.81,2.475,1.407,2.902,3.306,1.0,2.42,2.775,2.871,21.49,16.709,3.402,2.95,3.661,3.069,1.0,2.849,woman,living_alone,not_partnered,no,no,yes,yes,yes,no,online_notice,18.463
T16_0208,313.613,36.0,8.406,3.173,3.248,2.985,4.284,2.961,1.534,4.0,3.559,3.31,2.165,43.608,16.589,3.451,2.628,2.9,2.543,1.0,2.901,man,living_alone,not_partnered,yes,no,yes,yes,no,yes,community_notice,22.005
T16_0209,192.605,30.0,6.999,3.969,3.086,2.863,4.243,4.065,2.171,0.0,2.099,2.404,2.862,23.363,8.455,3.579,2.146,3.012,4.12,3.0,3.365,man,shared,partnered,yes,yes,yes,no,no,no,online_notice,23.405
T16_0210,105.327,36.0,7.653,2.001,2.929,2.658,2.824,2.391,1.827,0.0,2.239,3.829,2.777,25.886,8.697,1.962,2.897,4.189,3.133,1.0,1.274,man,living_alone,partnered,no,yes,no,no,no,yes,community_notice,19.565
T16_0211,101.576,37.0,5.767,2.858,1.507,2.971,2.15,3.37,2.426,2.0,3.763,2.448,3.309,15.395,8.588,2.683,2.525,1.48,2.66,4.0,2.923,man,shared,not_partnered,yes,yes,yes,no,no,yes,community_notice,18.244
T16_0212,277.859,50.0,6.826,3.921,3.018,3.46,3.07,3.843,2.675,1.0,3.861,2.882,3.74,28.313,12.635,3.484,1.488,3.9,3.292,3.0,2.608,woman,shared,partnered,yes,yes,yes,yes,no,no,online_notice,22.854
T16_0213,323.699,47.0,9.252,2.674,3.254,3.098,2.453,3.406,3.091,0.0,2.717,2.496,2.505,31.483,4.793,2.005,3.808,3.394,4.405,4.0,3.988,woman,shared,partnered,no,yes,no,yes,yes,yes,community_notice,18.137
T16_0214,255.142,29.0,7.812,3.231,2.006,3.032,2.369,2.877,2.584,3.0,3.695,2.442,3.537,11.357,11.964,2.457,1.499,2.168,2.909,1.0,2.331,woman,living_alone,partnered,yes,no,no,yes,no,yes,community_notice,23.86
T16_0215,122.982,48.0,6.757,2.349,2.491,2.876,3.471,3.144,1.6,1.0,3.521,2.324,3.454,7.994,12.659,2.516,4.182,3.111,3.887,5.0,2.547,man,shared,partnered,no,no,yes,yes,no,yes,community_notice,17.344
T16_0216,224.821,40.0,6.831,2.639,2.609,4.065,4.083,2.865,1.883,0.0,2.639,4.704,3.332,13.686,18.613,3.992,3.195,4.046,1.994,2.0,3.979,man,shared,partnered,no,no,yes,no,no,yes,online_notice,22.597
T16_0217,102.063,36.0,6.253,2.595,3.05,2.861,3.22,1.827,1.156,2.0,2.045,2.668,2.013,41.343,16.403,3.241,1.879,2.047,3.521,1.0,3.256,man,living_alone,not_partnered,yes,no,yes,yes,yes,no,community_notice,23.841
T16_0218,216.224,20.0,7.123,3.28,4.059,2.343,2.385,2.79,3.279,4.0,2.859,2.481,2.405,35.971,13.447,2.601,3.557,2.842,3.093,2.0,3.045,man,shared,partnered,yes,yes,yes,no,no,yes,community_notice,20.747
T16_0219,131.297,25.0,6.402,3.375,3.119,1.959,1.514,3.59,1.765,3.0,3.754,3.473,3.31,25.653,12.92,2.354,2.616,3.368,2.416,3.0,2.443,nonbinary_or_self_described,shared,not_partnered,yes,yes,yes,no,yes,no,community_notice,17.757
T16_0220,192.09,44.0,5.964,2.415,3.252,3.717,3.039,4.229,4.072,2.0,3.269,2.943,3.091,34.693,8.653,4.22,2.131,3.239,2.071,1.0,2.41,man,living_alone,partnered,yes,no,no,no,yes,yes,community_notice,22.442
T16_0221,267.743,28.0,6.85,2.713,2.58,3.543,3.601,3.018,4.151,3.0,3.125,2.817,2.884,8.273,26.612,2.624,3.458,2.194,3.156,4.0,3.196,woman,shared,not_partnered,no,no,no,yes,no,yes,community_notice,23.135
T16_0222,230.266,51.0,7.25,2.065,1.87,3.066,3.049,1.9,1.96,1.0,1.661,3.738,2.836,11.642,3.159,3.182,3.687,2.83,2.955,2.0,3.225,woman,shared,not_partnered,no,no,no,yes,no,yes,online_notice,20.044
T16_0223,466.826,59.0,7.541,3.206,3.494,3.331,2.932,2.689,3.362,1.0,3.019,2.772,3.046,28.48,21.875,2.197,3.279,3.498,2.724,1.0,3.229,man,living_alone,partnered,no,no,yes,no,yes,no,community_notice,13.236
T16_0224,247.414,61.0,7.716,2.812,3.253,2.418,3.295,2.83,3.226,1.0,2.436,3.841,3.181,18.817,11.457,3.587,3.86,2.629,3.77,1.0,2.929,woman,living_alone,partnered,no,yes,yes,no,yes,no,community_notice,20.19
T16_0225,144.896,32.0,6.812,2.071,2.348,3.087,2.754,4.487,3.144,2.0,2.932,3.53,3.595,13.008,9.343,3.151,2.747,3.545,2.75,4.0,3.8,woman,shared,partnered,no,no,no,yes,yes,yes,online_notice,21.895
T16_0226,274.137,54.0,6.468,2.873,2.693,3.584,2.462,3.332,3.079,1.0,3.157,2.327,2.891,41.751,10.698,2.738,2.571,2.858,3.005,4.0,3.394,man,shared,partnered,no,yes,no,yes,no,yes,community_notice,21.683
T16_0227,76.125,52.0,8.173,2.864,2.755,3.394,3.295,3.542,1.719,6.0,2.709,2.94,3.406,21.209,16.067,2.66,3.652,3.883,3.384,4.0,3.005,woman,shared,not_partnered,yes,yes,no,no,yes,no,online_notice,23.024
T16_0228,285.299,39.0,5.704,4.179,2.072,2.914,2.743,3.66,4.562,1.0,3.937,2.611,2.779,29.408,13.221,2.767,3.349,3.323,4.369,3.0,3.206,woman,shared,not_partnered,no,no,yes,yes,no,yes,online_notice,20.367
T16_0229,218.913,63.0,8.544,2.234,2.604,1.973,1.536,2.689,3.525,2.0,2.523,4.052,2.466,35.469,13.378,2.512,2.64,2.181,2.116,3.0,3.329,woman,shared,not_partnered,yes,no,no,no,yes,no,online_notice,19.591
T16_0230,324.969,44.0,8.326,2.477,2.325,3.371,3.075,3.503,3.79,1.0,2.354,3.402,2.507,31.562,16.533,3.368,2.724,2.572,4.024,1.0,2.658,man,living_alone,not_partnered,no,no,no,yes,yes,no,online_notice,18.532
T16_0231,62.786,46.0,6.998,3.782,4.139,3.327,2.12,3.775,1.55,3.0,2.374,2.785,1.519,36.432,22.546,3.115,2.401,2.186,2.706,1.0,2.377,woman,living_alone,partnered,yes,no,yes,no,no,no,online_notice,14.518
T16_0232,128.092,41.0,7.115,2.83,3.723,3.201,3.256,2.74,1.208,1.0,3.639,3.056,3.391,17.671,19.063,3.137,3.054,2.563,2.247,1.0,3.066,woman,living_alone,partnered,yes,no,no,yes,yes,yes,community_notice,16.804
T16_0233,150.837,35.0,7.691,2.251,2.898,3.422,2.728,3.298,4.425,2.0,1.947,3.247,3.622,21.584,9.402,3.608,2.956,3.429,3.412,4.0,1.728,woman,shared,partnered,yes,no,yes,yes,no,yes,online_notice,16.278
T16_0234,246.683,32.0,6.285,2.273,3.107,3.448,2.987,2.401,3.44,0.0,3.11,2.8,4.147,34.026,15.924,2.175,2.821,2.627,3.913,3.0,3.568,man,shared,not_partnered,yes,no,yes,no,yes,yes,community_notice,18.95
T16_0235,280.4,56.0,6.328,2.493,3.248,2.508,3.04,3.634,3.961,1.0,3.474,4.23,2.83,20.918,5.109,2.444,1.86,2.987,2.408,1.0,3.55,woman,living_alone,partnered,no,no,no,no,no,yes,community_notice,16.257
T16_0236,204.701,39.0,7.57,2.685,3.268,3.822,2.902,2.483,5.048,2.0,3.042,2.196,2.472,22.865,5.598,3.464,2.836,3.232,1.787,1.0,2.885,man,living_alone,partnered,yes,yes,yes,no,yes,yes,community_notice,25.684
T16_0237,111.828,48.0,6.552,3.992,3.791,2.57,2.561,3.147,3.618,2.0,3.203,2.231,3.407,33.886,11.925,3.492,2.598,2.21,2.829,1.0,2.527,man,living_alone,not_partnered,yes,yes,yes,yes,yes,no,community_notice,22.543
T16_0238,214.641,50.0,5.414,3.235,2.426,2.671,3.187,2.688,3.855,2.0,3.997,2.879,3.365,11.722,17.923,3.208,3.223,2.71,2.473,1.0,2.657,woman,living_alone,partnered,yes,yes,yes,no,no,yes,online_notice,22.26
T16_0239,105.695,28.0,6.751,3.661,3.272,1.583,2.84,3.51,2.465,2.0,3.67,2.238,2.007,23.942,15.532,3.2,3.778,3.01,2.673,1.0,2.842,woman,living_alone,not_partnered,no,yes,yes,no,no,yes,community_notice,17.924
T16_0240,277.991,36.0,7.054,3.647,3.769,4.268,2.902,2.528,3.004,0.0,3.721,3.537,2.56,41.713,4.107,2.666,3.147,2.645,2.699,2.0,1.928,man,shared,not_partnered,no,yes,no,no,yes,yes,community_notice,15.519
T16_0241,112.249,37.0,6.102,3.641,1.862,2.844,2.727,3.207,4.757,1.0,3.383,3.369,2.993,36.298,5.826,3.925,1.922,2.055,4.29,1.0,3.528,man,living_alone,not_partnered,no,no,no,no,no,no,online_notice,17.728
T16_0242,151.237,48.0,6.297,3.09,2.713,2.02,3.425,2.774,0.784,0.0,2.302,3.161,2.888,13.782,12.474,3.153,3.998,4.043,3.458,1.0,1.929,man,living_alone,partnered,no,yes,no,yes,no,yes,online_notice,18.819
T16_0243,125.372,35.0,7.243,3.538,3.449,3.205,3.296,3.18,1.077,4.0,3.282,2.601,3.086,27.976,17.352,1.641,3.211,3.514,2.528,1.0,2.669,man,living_alone,not_partnered,yes,yes,yes,yes,no,no,community_notice,18.878
T16_0244,103.222,45.0,7.161,3.41,2.547,2.351,2.8,1.953,2.225,3.0,4.457,2.225,1.546,38.724,16.06,2.155,3.671,2.997,4.395,2.0,3.203,man,shared,partnered,no,yes,no,yes,yes,no,online_notice,20.067
T16_0245,349.748,21.0,7.713,4.252,3.011,3.754,1.469,2.788,3.835,2.0,3.041,2.501,2.833,38.288,11.947,4.639,3.786,3.507,3.548,3.0,3.336,man,shared,not_partnered,yes,no,yes,no,no,yes,community_notice,18.698
T16_0246,12.399,35.0,6.39,2.23,2.347,3.278,2.519,2.636,1.842,1.0,3.114,2.42,3.588,44.539,9.979,3.154,4.07,4.36,3.33,2.0,2.844,man,shared,not_partnered,no,no,no,yes,yes,no,community_notice,24.37
T16_0247,61.628,32.0,7.629,2.871,3.199,1.796,2.54,2.478,1.462,0.0,4.238,3.15,3.011,27.977,13.995,2.604,2.481,2.707,4.108,2.0,2.469,man,shared,partnered,yes,yes,yes,no,no,no,community_notice,17.994
T16_0248,214.981,53.0,6.528,2.76,3.591,3.502,3.202,3.438,1.852,2.0,2.887,3.133,3.277,6.096,7.759,3.664,2.405,3.721,3.587,1.0,2.653,woman,living_alone,not_partnered,no,yes,yes,yes,no,no,community_notice,22.867
T16_0249,2.418,34.0,7.657,2.75,3.891,3.841,3.344,2.117,4.949,3.0,2.774,1.982,2.548,42.167,16.583,2.594,2.324,2.284,1.859,1.0,3.357,woman,living_alone,partnered,no,yes,yes,no,yes,no,community_notice,28.907
T16_0250,290.375,50.0,7.012,4.09,2.737,2.508,2.004,2.017,2.521,2.0,3.629,3.714,3.243,19.084,17.458,1.715,2.952,2.206,2.856,1.0,2.372,man,living_alone,not_partnered,yes,yes,yes,no,yes,no,community_notice,18.314
T16_0251,197.513,38.0,6.245,3.516,3.338,2.632,3.495,1.932,3.005,1.0,2.959,3.378,2.678,4.368,4.326,2.893,3.105,2.705,2.601,1.0,2.602,woman,living_alone,not_partnered,yes,no,yes,no,yes,yes,community_notice,17.229
T16_0252,200.044,36.0,6.254,3.235,2.76,3.133,3.306,3.371,2.708,1.0,1.87,2.316,2.368,38.593,16.885,2.547,2.55,2.85,2.926,1.0,3.24,woman,living_alone,partnered,yes,no,yes,no,no,yes,community_notice,22.863
T16_0253,69.138,32.0,7.707,2.948,3.661,2.286,2.878,3.001,3.068,3.0,3.261,2.76,2.74,17.992,10.13,3.276,2.255,2.444,2.832,2.0,2.084,woman,shared,partnered,yes,yes,yes,no,no,yes,online_notice,18.755
T16_0254,140.15,63.0,7.233,2.604,3.532,3.504,3.353,3.661,3.596,0.0,3.469,2.459,3.72,22.461,7.834,2.852,2.821,2.623,1.935,1.0,2.414,man,living_alone,partnered,yes,no,no,no,no,no,online_notice,22.033
T16_0255,311.939,30.0,5.651,3.795,3.4,2.706,2.904,3.635,2.282,1.0,3.596,2.955,2.595,24.803,17.616,3.629,2.13,3.168,2.954,5.0,2.759,man,shared,partnered,yes,yes,yes,no,no,yes,community_notice,17.801
T16_0256,448.005,33.0,5.729,3.64,2.799,3.991,2.576,2.747,2.583,1.0,2.699,2.653,2.404,13.878,4.403,3.582,3.668,2.68,2.883,3.0,3.889,woman,shared,not_partnered,yes,yes,yes,yes,no,yes,community_notice,16.906
T16_0257,94.909,54.0,7.469,1.86,3.017,4.38,2.361,2.116,2.404,3.0,1.592,3.148,2.24,46.803,12.163,3.396,1.068,2.945,3.612,3.0,2.618,woman,shared,not_partnered,yes,no,no,yes,yes,yes,online_notice,15.703
T16_0258,196.793,60.0,9.03,3.041,2.177,3.302,3.192,2.609,4.41,3.0,3.779,3.304,3.123,32.727,4.423,3.823,1.809,2.397,2.749,3.0,3.545,woman,shared,not_partnered,yes,yes,no,no,no,no,online_notice,22.053
T16_0259,87.212,52.0,6.083,3.147,3.441,2.805,1.88,3.333,3.226,2.0,3.034,2.198,3.229,22.883,13.529,3.872,2.643,4.178,3.398,4.0,2.826,woman,shared,partnered,no,no,yes,yes,no,no,online_notice,20.435
T16_0260,182.747,42.0,6.632,3.07,3.464,2.623,3.497,1.971,3.175,2.0,2.35,2.787,2.695,23.233,9.003,3.912,2.702,1.961,3.319,4.0,3.34,woman,shared,partnered,yes,no,yes,yes,no,yes,online_notice,21.124
T16_0261,45.959,45.0,6.236,1.705,2.991,3.046,2.756,1.438,3.665,3.0,3.308,3.546,3.102,7.147,7.853,1.936,3.01,3.429,3.034,3.0,2.768,man,shared,not_partnered,yes,no,no,no,no,yes,online_notice,25.747
T16_0262,184.246,43.0,7.926,3.338,3.015,3.535,2.715,2.093,3.999,1.0,3.006,4.045,2.802,33.807,10.692,2.524,1.863,2.923,3.259,1.0,3.158,man,living_alone,partnered,no,no,yes,no,yes,yes,online_notice,18.462
T16_0263,32.496,21.0,5.877,2.743,1.967,3.033,2.032,3.807,2.868,2.0,3.167,2.878,2.375,21.229,9.229,2.588,3.724,3.593,2.505,2.0,3.001,man,shared,not_partnered,no,yes,no,yes,yes,no,community_notice,26.294
T16_0264,307.752,48.0,7.112,3.881,2.488,3.923,3.008,2.928,2.831,2.0,3.836,2.161,2.602,37.605,10.67,1.259,3.548,3.526,4.612,1.0,3.83,man,living_alone,partnered,yes,yes,no,yes,yes,yes,community_notice,21.558
T16_0265,78.748,32.0,6.968,4.256,2.752,3.148,2.739,3.491,1.449,6.0,2.355,3.565,2.472,36.005,11.685,4.365,2.196,2.46,2.11,1.0,2.455,woman,living_alone,not_partnered,yes,no,yes,yes,no,yes,community_notice,21.303
T16_0266,231.207,47.0,7.885,2.864,3.722,2.409,4.017,3.304,5.879,2.0,2.381,3.622,4.9,10.612,7.209,3.654,2.208,3.385,2.144,1.0,3.079,woman,living_alone,not_partnered,yes,yes,no,no,yes,yes,online_notice,17.319
T16_0267,237.387,49.0,7.377,1.754,3.213,3.689,4.428,2.486,2.492,1.0,3.163,2.893,3.44,35.203,20.806,3.211,2.708,2.906,3.398,1.0,2.49,man,living_alone,partnered,no,no,no,yes,no,no,online_notice,18.615
T16_0268,408.128,57.0,7.391,2.956,3.118,4.344,4.0,3.069,3.726,1.0,2.307,2.479,2.065,38.689,9.684,2.035,3.455,4.086,3.044,3.0,3.67,man,shared,partnered,yes,no,no,yes,yes,yes,community_notice,26.578
T16_0269,309.586,50.0,8.813,2.071,2.905,2.123,1.715,2.401,2.343,1.0,3.183,2.75,3.507,20.899,12.29,3.501,2.899,3.082,3.339,1.0,3.409,woman,living_alone,not_partnered,no,yes,no,yes,no,yes,community_notice,13.783
T16_0270,114.33,36.0,7.885,2.028,3.599,3.284,2.969,2.993,2.389,3.0,2.466,3.938,3.225,48.885,13.334,1.746,1.978,3.823,2.94,2.0,2.412,woman,shared,partnered,yes,yes,yes,yes,yes,yes,online_notice,20.703
T16_0271,227.781,23.0,6.888,3.397,3.159,3.004,2.331,2.827,2.794,0.0,2.724,1.911,4.375,24.823,14.191,3.916,2.148,3.522,3.545,2.0,3.597,woman,shared,not_partnered,no,no,no,no,yes,no,community_notice,17.077
T16_0272,295.652,52.0,7.007,2.39,3.036,3.331,2.539,3.381,5.464,0.0,2.064,3.587,3.472,6.83,7.799,3.726,2.916,2.763,4.161,1.0,2.879,woman,living_alone,partnered,yes,yes,yes,yes,no,no,online_notice,20.019
T16_0273,122.752,35.0,7.22,2.318,4.041,3.276,2.146,3.352,1.972,2.0,2.529,2.915,2.604,0.851,14.233,3.72,3.498,3.068,2.396,1.0,2.383,man,living_alone,not_partnered,yes,yes,yes,yes,no,yes,online_notice,21.32
T16_0274,293.987,32.0,7.098,2.808,3.972,2.442,2.544,3.198,3.059,3.0,2.356,2.059,3.082,34.601,17.756,4.177,3.478,3.641,3.029,3.0,2.62,woman,shared,partnered,no,no,yes,no,no,no,community_notice,25.513
T16_0275,379.361,36.0,6.871,2.845,4.865,3.81,2.377,1.297,4.05,2.0,3.3,3.139,2.687,35.766,5.887,3.198,2.28,3.191,2.78,1.0,3.238,woman,living_alone,not_partnered,no,yes,yes,no,yes,no,community_notice,15.864
T16_0276,299.941,46.0,7.575,4.054,3.164,2.329,3.761,2.492,4.618,1.0,3.428,3.298,3.904,3.499,16.092,2.278,2.743,2.574,2.66,2.0,3.063,man,shared,not_partnered,yes,no,yes,yes,no,no,community_notice,15.78
T16_0277,435.412,33.0,7.373,2.448,3.615,3.03,4.105,3.969,1.849,3.0,3.249,2.538,2.843,15.067,3.747,4.002,3.862,2.53,3.833,1.0,3.501,man,living_alone,not_partnered,yes,yes,no,yes,yes,no,community_notice,15.157
T16_0278,16.055,36.0,6.788,3.439,3.116,2.729,2.881,2.127,5.551,2.0,2.749,2.93,2.836,24.532,19.329,3.136,1.567,3.149,1.582,3.0,3.312,woman,shared,partnered,no,yes,no,yes,yes,no,community_notice,26.756
T16_0279,269.644,40.0,7.192,3.282,2.582,1.645,3.733,2.919,2.142,2.0,3.038,2.504,2.475,27.0,14.524,2.083,3.256,3.061,3.86,1.0,2.568,woman,living_alone,partnered,yes,yes,yes,no,no,no,community_notice,19.542
T16_0280,277.575,45.0,6.347,3.423,3.354,2.828,2.867,2.23,3.195,2.0,3.321,2.919,2.53,44.463,10.859,3.652,3.763,2.277,3.033,2.0,3.831,man,shared,not_partnered,no,no,yes,no,yes,no,community_notice,16.734
T16_0281,303.351,63.0,6.44,2.914,3.463,3.701,3.089,3.032,4.209,2.0,2.346,2.713,3.185,39.638,6.948,3.38,3.061,2.512,3.97,3.0,2.809,man,shared,not_partnered,no,no,no,yes,no,yes,online_notice,16.961
T16_0282,160.469,44.0,7.35,2.899,2.959,2.627,2.969,3.7,4.094,1.0,2.49,2.729,3.381,16.736,15.382,2.625,2.327,3.388,4.096,1.0,3.351,man,living_alone,not_partnered,no,yes,yes,no,yes,yes,community_notice,17.871
T16_0283,37.505,18.0,7.484,3.387,1.968,3.603,1.812,4.199,2.023,4.0,3.49,3.66,3.496,27.119,13.753,3.837,1.905,3.408,2.729,3.0,1.851,man,shared,not_partnered,yes,no,yes,yes,no,no,community_notice,24.695
T16_0284,115.046,45.0,6.486,2.845,2.844,2.09,2.458,3.123,4.373,1.0,3.929,3.132,2.11,27.562,14.403,2.451,3.231,2.652,3.92,2.0,3.621,woman,shared,partnered,no,no,yes,yes,yes,no,community_notice,17.179
T16_0285,96.579,29.0,7.555,3.074,3.457,2.819,3.102,2.743,3.239,5.0,1.965,3.593,2.807,25.803,15.643,2.736,2.767,1.569,4.043,1.0,2.269,woman,living_alone,not_partnered,yes,no,no,yes,yes,no,community_notice,16.608
T16_0286,236.729,56.0,6.526,3.329,3.135,3.114,2.867,3.295,1.434,3.0,2.92,4.156,4.234,22.286,16.614,1.492,3.884,2.83,2.851,2.0,4.066,woman,shared,not_partnered,no,yes,yes,no,yes,yes,community_notice,24.319
T16_0287,134.02,51.0,6.867,3.759,4.367,3.652,2.31,3.975,1.409,3.0,3.578,3.356,3.567,41.442,12.897,2.237,3.405,3.111,1.918,1.0,3.492,woman,living_alone,not_partnered,no,yes,no,yes,no,no,online_notice,18.454
T16_0288,132.073,28.0,6.301,3.105,1.821,3.049,2.824,3.116,2.069,2.0,2.145,1.843,2.556,32.059,16.171,3.625,2.63,3.549,3.129,2.0,2.201,man,shared,partnered,no,yes,no,yes,no,no,online_notice,20.865
T16_0289,223.685,48.0,6.736,2.751,2.475,2.705,2.369,2.526,1.09,3.0,4.667,4.019,3.035,13.566,12.567,2.446,2.847,2.985,2.07,2.0,2.627,woman,shared,not_partnered,yes,yes,yes,yes,yes,yes,community_notice,20.517
T16_0290,98.099,42.0,7.357,3.806,3.405,4.479,2.263,2.962,3.996,2.0,3.504,2.953,3.752,9.659,13.297,2.765,2.644,2.981,3.373,1.0,3.041,man,living_alone,partnered,yes,yes,no,yes,yes,yes,community_notice,16.77
T16_0291,233.022,46.0,6.911,3.909,2.445,3.393,2.952,2.603,3.87,2.0,2.649,3.233,3.213,4.451,6.099,2.136,2.871,3.46,3.902,2.0,2.977,man,shared,partnered,no,yes,no,yes,yes,no,community_notice,22.573
T16_0292,139.036,32.0,5.562,2.251,2.453,2.566,2.703,1.886,2.4,0.0,3.142,3.245,3.769,34.407,8.151,2.805,2.072,3.082,2.332,3.0,2.692,man,shared,not_partnered,yes,no,no,no,yes,yes,online_notice,19.458
T16_0293,197.705,40.0,6.835,2.42,3.243,1.916,3.779,2.593,1.754,1.0,4.025,4.411,4.396,3.998,12.126,2.996,2.098,3.634,2.487,3.0,3.207,man,shared,not_partnered,yes,yes,no,yes,no,no,online_notice,21.29
T16_0294,311.144,41.0,7.744,4.449,3.365,2.178,2.996,2.576,2.406,0.0,3.118,2.942,3.462,19.836,21.517,3.384,3.37,3.038,3.252,4.0,2.852,man,shared,partnered,no,yes,no,no,yes,yes,online_notice,14.681
T16_0295,16.455,29.0,6.142,2.716,2.635,2.974,3.63,2.298,3.179,2.0,2.614,4.177,2.856,30.519,6.599,3.49,3.381,2.84,2.173,1.0,2.283,woman,living_alone,partnered,yes,no,no,yes,no,no,online_notice,25.246
T16_0296,251.764,58.0,7.707,3.303,1.789,3.001,1.616,3.697,1.16,1.0,2.491,2.098,3.383,10.615,10.511,3.807,2.081,2.759,3.416,4.0,3.578,woman,shared,partnered,no,no,no,yes,yes,yes,online_notice,19.377
T16_0297,213.213,28.0,7.658,3.529,2.205,3.69,4.268,2.797,1.358,3.0,2.118,2.772,3.065,58.364,10.436,2.788,3.202,3.774,3.156,5.0,2.904,woman,shared,partnered,yes,no,yes,no,yes,yes,community_notice,36.731
T16_0298,227.822,45.0,7.491,2.612,1.823,3.028,3.619,2.31,3.676,4.0,2.256,3.101,2.409,7.793,17.566,2.798,3.782,3.141,2.159,4.0,4.542,man,shared,partnered,no,yes,no,no,yes,yes,online_notice,19.397
T16_0299,44.181,42.0,5.567,2.802,2.268,3.179,3.033,3.744,2.216,2.0,2.948,2.828,2.697,40.81,14.825,3.493,2.706,3.916,4.034,1.0,2.594,woman,living_alone,not_partnered,no,yes,yes,no,no,no,online_notice,20.226
T16_0300,119.002,39.0,7.143,3.415,1.768,2.796,3.051,2.833,2.172,2.0,4.942,2.479,3.388,17.794,8.169,3.335,3.713,3.764,3.543,2.0,2.876,woman,shared,partnered,yes,yes,yes,yes,yes,no,online_notice,29.85
