participant_id,total_social_media_hours_day,appearance_comparison,internalized_appearance_ideal,muscularity_ideal,self_esteem,depressive_symptoms,anxiety_symptoms,stress_level,eating_concerns,resistance_training_days_week,exercise_minutes_week,bmi,age_years,gender_woman,peer_appearance_pressure,family_appearance_pressure,fitness_influencer_following,photo_editing_frequency,sleep_quality,body_appreciation,gym_content_hours_week,body_appearance_concern_1_5
BDI0001,5.460,2.450,2.970,3.070,3.210,2.150,3.210,4.410,4.020,3,70,20.800,26,0,3.050,3.910,10,3.150,3.160,3.350,9.390,2.925
BDI0002,2.210,2.400,2.590,2.980,3.100,3.330,2.930,3.190,2.980,2,187,20.400,21,0,3.370,3.060,7,2.940,1.930,3.210,0.810,3.386
BDI0003,5.000,2.220,3.690,3.170,2.620,2.740,3.240,3.390,3.390,2,309,22.400,18,0,2.960,3.450,5,2.630,2.340,2.450,8.980,2.649
BDI0004,4.770,2.570,2.260,2.860,3.310,3.980,3.480,2.660,2.370,1,292,24.800,27,0,3.040,2.990,4,2.650,3.390,1.830,10.650,1.993
BDI0005,4.980,2.640,2.750,2.610,3.820,2.750,2.800,2.530,2.630,5,120,22.800,21,1,2.840,2.780,2,2.930,2.690,3.510,0.910,2.744
BDI0006,1.610,3.860,3.070,2.250,3.010,2.860,3.680,3.130,3.080,4,347,25.600,18,0,2.850,3.130,11,2.470,2.660,2.270,4.390,2.687
BDI0007,4.400,3.850,2.830,2.110,3.250,2.620,3.890,2.700,2.180,3,192,24.200,19,0,3.230,3.030,4,2.790,2.500,3.260,4.540,2.020
BDI0008,4.750,2.910,3.190,2.480,2.490,2.610,3.300,2.130,2.090,0,129,21.700,18,0,3.050,2.150,3,2.650,3.450,3.050,2.610,2.685
BDI0009,4.230,2.460,2.680,2.930,3.420,2.030,2.640,2.940,3.180,3,87,20.200,19,1,2.530,2.820,8,2.800,3.240,2.620,9.120,1.544
BDI0010,4.410,2.900,2.220,4.090,2.930,3.230,3.060,4.120,3.510,5,187,18.000,23,1,3.630,3.160,6,2.940,2.640,3.760,2.170,3.170
BDI0011,4.700,4.560,2.550,3.620,2.510,3.710,3.120,3.360,3.650,5,308,30.400,24,1,3.290,2.750,11,3.540,4.510,2.710,7.220,3.183
BDI0012,5.690,3.420,2.070,3.670,4.250,3.550,4.180,2.300,1.950,3,185,27.200,19,1,2.550,3.420,7,3.950,2.890,2.380,7.720,1.925
BDI0013,1.590,3.150,2.870,2.620,2.610,2.400,2.770,2.680,2.620,4,101,19.300,18,0,3.120,2.860,6,3.470,2.970,2.280,1.460,2.821
BDI0014,5.780,3.490,2.990,3.800,2.640,2.790,3.570,3.570,2.920,4,155,26.000,25,1,2.840,3.270,14,3.550,3.450,1.160,7.180,4.040
BDI0015,5.380,4.020,2.870,2.250,2.700,2.710,3.410,1.880,3.540,1,189,24.600,22,1,2.960,2.590,29,4.160,2.990,4.010,1.620,3.170
BDI0016,5.410,3.030,2.870,3.990,3.010,2.830,2.480,2.870,3.240,2,238,23.200,21,1,2.620,2.460,10,3.550,4.150,3.270,9.760,2.977
BDI0017,3.250,3.590,3.910,3.130,2.750,2.430,2.670,2.810,2.710,3,222,25.900,18,1,3.300,3.380,7,2.470,2.510,2.200,0.650,3.664
BDI0018,2.690,2.790,2.900,2.380,4.190,2.450,2.830,2.860,2.840,5,254,25.000,18,0,3.320,2.560,9,3.270,3.090,2.570,5.970,2.626
BDI0019,3.910,2.590,2.400,2.830,3.160,3.060,1.800,2.520,3.160,3,110,21.300,21,1,3.280,3.440,3,2.080,2.950,3.080,5.320,2.026
BDI0020,0.580,2.710,2.400,3.220,3.120,3.330,3.210,3.370,1.890,1,46,18.700,19,0,2.340,3.060,13,3.050,3.110,2.580,0.870,3.335
BDI0021,4.880,3.410,3.070,2.710,2.430,3.220,2.180,2.080,3.980,4,229,21.700,20,0,3.470,3.200,5,3.540,2.890,3.880,0.430,3.136
BDI0022,7.850,3.110,3.200,3.650,2.790,3.270,2.390,3.320,2.390,4,56,22.300,20,0,4.070,2.530,9,3.130,2.830,2.700,1.440,3.782
BDI0023,2.650,4.110,2.600,3.270,3.330,2.530,3.110,3.460,2.770,2,219,17.500,21,0,3.000,2.230,4,3.450,3.060,3.020,0.690,2.887
BDI0024,5.800,4.000,3.160,3.220,2.320,3.260,3.970,2.270,2.660,3,200,28.900,23,1,3.800,2.310,10,2.640,2.220,3.940,1.050,3.196
BDI0025,2.280,2.330,3.470,3.000,2.950,2.300,2.290,2.970,2.750,2,67,30.800,19,1,2.720,2.380,7,2.530,3.990,3.010,4.030,3.076
BDI0026,4.300,3.240,2.880,2.090,2.800,3.110,3.410,1.870,2.870,3,155,20.900,18,0,3.310,3.930,10,3.660,2.280,2.200,5.180,3.579
BDI0027,5.220,2.470,3.000,2.780,2.690,2.990,3.830,2.490,3.850,0,408,21.700,20,0,3.360,2.980,6,3.380,3.150,2.330,6.680,4.167
BDI0028,1.700,2.940,3.060,2.580,3.510,2.860,3.840,4.110,3.530,2,86,23.700,20,1,3.310,3.560,17,3.000,4.180,3.990,1.010,3.374
BDI0029,6.700,2.430,3.630,2.930,2.310,3.750,2.970,2.910,3.240,3,408,24.800,24,1,2.300,3.030,5,3.440,2.900,3.260,11.090,3.476
BDI0030,1.930,2.230,2.350,2.700,3.740,2.640,2.350,2.320,2.100,3,260,26.400,19,1,3.480,3.300,8,2.920,2.980,2.160,1.530,3.240
BDI0031,9.130,3.310,3.230,3.410,3.300,3.240,3.270,3.820,3.020,4,305,25.100,26,0,3.790,3.080,11,3.730,3.120,3.250,9.330,3.392
BDI0032,3.670,2.950,2.650,3.640,3.270,3.600,3.540,4.090,3.800,1,386,24.900,18,1,2.820,3.230,6,3.530,3.170,4.090,3.400,3.376
BDI0033,6.300,2.780,2.840,2.830,3.800,3.330,4.010,1.900,3.940,3,263,26.200,23,0,2.190,2.420,25,2.830,2.880,2.230,0.770,2.971
BDI0034,4.820,2.420,2.720,3.550,2.210,2.210,2.560,2.330,2.050,4,129,15.000,23,1,1.610,2.220,4,3.700,2.780,2.100,9.210,2.432
BDI0035,9.070,4.720,3.380,2.940,3.200,2.900,3.700,3.250,4.090,5,166,22.400,19,1,3.740,3.300,27,2.190,2.700,3.300,13.190,3.183
BDI0036,3.490,3.700,3.290,2.690,3.020,2.280,2.210,3.710,2.330,3,296,26.400,18,0,3.240,2.620,3,3.300,3.220,3.860,2.280,2.211
BDI0037,5.230,3.850,3.040,3.220,3.570,3.580,4.040,3.170,2.770,3,325,32.900,21,1,2.410,3.850,15,2.580,3.210,2.890,11.200,3.127
BDI0038,3.110,2.110,3.160,3.400,4.220,2.700,3.120,2.390,2.500,1,94,22.500,22,0,3.260,4.020,2,3.140,2.700,3.820,0.920,3.386
BDI0039,2.300,2.640,3.010,3.180,3.800,3.370,3.140,3.070,2.920,3,85,25.200,19,1,2.240,3.200,6,2.010,2.580,3.040,5.950,2.867
BDI0040,2.000,2.780,2.610,3.690,3.970,1.510,3.230,2.590,4.890,4,231,23.300,18,0,2.880,1.660,5,3.430,3.060,3.320,4.170,2.994
BDI0041,7.430,2.520,2.770,3.280,1.960,2.590,3.790,3.970,3.160,3,232,17.700,25,1,2.670,3.420,3,3.490,3.120,2.990,17.030,3.357
BDI0042,4.090,3.060,2.910,2.730,2.770,2.570,2.660,2.610,3.350,3,53,27.200,20,1,3.550,3.170,16,3.110,2.790,2.820,3.310,3.007
BDI0043,0.600,2.710,2.050,2.620,3.430,2.720,3.240,3.040,2.760,1,23,23.000,21,0,2.980,3.610,7,2.180,2.780,2.310,0.980,2.448
BDI0044,1.240,2.920,2.540,2.010,2.740,3.040,2.470,2.670,2.260,2,231,18.400,19,0,2.440,2.780,10,1.340,2.400,2.550,1.820,1.942
BDI0045,3.190,3.370,3.490,3.430,3.280,2.680,2.450,3.530,2.810,3,283,23.800,19,1,2.880,3.010,20,3.680,3.870,3.430,3.020,2.876
BDI0046,4.270,2.720,2.580,2.770,2.350,3.560,2.340,2.680,2.300,4,200,19.400,22,1,2.350,1.870,6,3.000,2.940,2.760,6.980,2.268
BDI0047,3.410,1.960,3.440,2.880,1.850,2.830,2.960,3.520,3.340,1,113,26.400,18,0,3.000,3.310,8,2.080,3.030,2.500,5.360,2.260
BDI0048,2.980,2.700,2.420,3.040,3.830,2.810,4.250,3.700,3.110,1,147,27.400,22,1,2.920,3.290,4,2.670,3.670,3.260,6.080,2.309
BDI0049,4.540,3.040,2.780,2.950,3.410,2.840,2.670,3.280,3.490,2,32,25.700,23,1,2.270,3.150,5,2.000,3.240,3.900,0.570,2.565
BDI0050,4.740,3.480,3.010,3.100,2.290,2.860,2.580,2.020,3.100,5,138,23.700,18,0,2.170,1.650,10,3.650,2.820,3.620,10.200,3.709
BDI0051,3.160,3.520,2.500,3.690,2.640,3.620,4.000,2.950,2.280,5,48,26.200,18,1,2.840,2.580,5,2.140,2.900,3.550,3.420,2.507
BDI0052,2.780,2.640,2.420,2.820,3.020,2.530,1.620,3.030,3.370,3,194,26.400,18,0,2.720,2.510,5,2.370,3.060,1.820,1.090,1.384
BDI0053,8.890,2.580,3.370,3.230,3.990,2.280,2.940,3.580,3.380,3,288,21.100,18,0,3.120,3.150,14,3.540,3.530,2.760,6.960,2.249
BDI0054,3.680,2.570,2.830,3.210,2.660,3.340,2.110,3.040,3.380,4,211,18.000,20,0,2.140,2.480,8,2.460,1.990,2.970,2.330,3.211
BDI0055,1.700,2.960,2.200,2.800,2.260,2.820,2.930,3.680,2.620,3,80,24.200,22,0,2.700,3.330,9,2.220,3.110,2.700,1.450,2.440
BDI0056,7.390,2.940,3.320,2.050,2.680,3.430,3.400,2.500,2.450,2,37,29.500,22,0,3.320,3.640,9,3.460,2.550,2.600,1.430,2.882
BDI0057,2.470,2.980,2.650,2.760,2.810,4.250,3.090,2.040,2.770,3,159,24.200,18,0,2.480,3.230,7,2.480,2.360,3.670,4.960,3.006
BDI0058,2.920,2.380,2.800,3.160,2.830,3.950,2.270,3.030,3.230,7,128,21.100,18,0,2.800,2.710,8,2.240,2.070,3.460,1.100,2.414
BDI0059,6.410,3.020,2.250,3.210,2.990,4.280,3.140,2.280,3.590,1,195,28.100,23,1,3.040,2.900,13,3.700,2.130,2.260,7.370,3.655
BDI0060,3.450,3.990,3.180,3.050,3.130,3.050,2.240,2.690,2.960,4,208,23.600,20,0,2.510,2.110,6,2.670,2.530,2.510,6.860,2.880
BDI0061,5.430,2.950,2.830,2.580,2.690,2.780,4.240,3.860,3.790,2,332,25.400,19,1,2.980,4.220,4,2.730,2.820,2.910,12.660,3.905
BDI0062,2.460,3.260,3.180,3.100,3.000,2.850,2.200,2.560,3.450,3,92,25.100,21,0,3.050,2.110,4,3.730,2.840,3.140,0.550,2.729
BDI0063,3.640,2.800,3.480,2.150,3.380,3.200,2.780,3.260,3.390,2,304,24.000,24,1,2.870,2.940,7,2.510,2.510,2.490,2.170,3.904
BDI0064,0.970,2.300,1.550,3.710,2.480,2.010,2.680,2.080,3.750,2,197,18.400,18,1,3.340,2.480,1,1.730,2.200,2.550,1.560,2.420
BDI0065,2.280,2.270,2.480,2.690,2.450,2.970,2.340,3.760,3.810,4,175,22.800,18,0,2.730,2.140,10,3.180,2.400,1.860,3.090,4.157
BDI0066,2.580,3.290,3.270,1.870,3.830,1.890,2.770,2.500,3.510,1,233,24.600,19,0,2.650,2.230,6,2.880,3.320,3.000,0.680,2.338
BDI0067,1.140,3.520,2.890,3.920,3.450,2.040,3.170,2.100,2.330,2,240,25.100,24,1,4.030,4.100,14,2.450,3.790,3.120,2.550,3.145
BDI0068,0.690,3.140,2.550,3.060,3.380,2.690,3.460,3.100,3.890,4,96,27.500,18,1,2.850,3.710,3,3.530,4.140,3.960,0.290,2.395
BDI0069,5.820,2.600,2.680,3.200,2.300,1.980,3.480,3.760,3.420,5,204,23.500,21,0,2.590,2.730,10,3.400,2.590,2.730,7.930,3.051
BDI0070,4.420,1.850,2.610,3.740,3.620,2.670,3.040,3.180,2.730,3,51,20.500,21,1,2.420,2.800,5,2.460,4.160,3.010,9.510,1.924
BDI0071,2.220,3.200,3.800,2.600,3.080,3.230,2.500,1.980,2.890,4,219,17.900,19,1,2.430,2.530,12,2.370,4.150,2.820,6.180,3.834
BDI0072,3.530,2.690,3.270,2.340,3.520,2.570,3.060,4.370,2.780,3,90,32.700,22,1,2.450,3.300,15,3.360,3.570,2.690,0.930,2.606
BDI0073,2.210,2.020,3.680,3.040,2.510,2.890,2.950,3.520,2.680,2,0,22.700,18,1,2.790,3.410,17,2.450,2.320,3.420,3.350,2.746
BDI0074,3.110,2.750,2.640,2.060,3.080,3.120,2.390,2.990,2.730,0,93,27.400,18,1,2.670,2.660,7,1.390,3.720,2.970,1.470,2.719
BDI0075,2.060,3.140,3.010,3.130,2.730,1.960,3.940,3.500,2.960,2,146,31.600,27,0,2.940,3.320,7,3.240,2.950,3.140,0.490,2.919
BDI0076,4.530,3.230,3.090,2.970,3.530,3.230,3.500,3.430,3.900,3,112,19.900,19,1,3.760,2.990,9,4.350,3.460,1.960,3.430,3.243
BDI0077,3.290,2.340,2.700,2.210,2.520,3.000,2.770,2.620,2.210,3,93,19.700,18,0,2.790,2.810,10,3.490,1.660,3.050,3.940,2.613
BDI0078,0.570,3.870,3.290,2.430,2.410,3.000,2.740,2.900,2.790,1,86,28.000,18,0,2.230,2.830,4,3.080,2.550,2.700,0.350,3.754
BDI0079,5.770,2.120,4.060,3.360,3.110,2.480,3.280,3.700,3.550,5,362,20.800,21,1,4.090,2.450,9,2.800,3.480,3.670,3.380,1.578
BDI0080,3.600,2.810,1.410,2.690,2.680,1.810,3.440,2.400,3.370,4,114,22.100,20,0,2.310,2.730,14,2.950,3.580,2.440,3.560,2.763
BDI0081,4.600,3.100,2.480,2.160,2.320,2.800,2.840,2.690,2.170,2,197,27.500,18,0,2.240,2.490,10,2.290,2.710,2.890,5.580,3.213
BDI0082,3.650,1.910,3.150,2.110,2.050,3.670,3.420,2.770,3.870,1,225,19.200,20,1,2.490,2.630,5,2.690,2.860,3.250,9.360,2.946
BDI0083,3.890,2.820,2.000,3.020,2.580,2.760,2.680,2.730,2.630,3,166,26.000,23,1,2.820,3.010,6,2.170,3.210,3.480,8.460,3.016
BDI0084,5.140,3.200,2.860,3.320,3.310,3.410,2.120,3.920,4.100,4,92,33.600,20,0,2.860,2.050,7,2.940,4.200,3.670,0.580,2.546
BDI0085,2.500,2.740,2.550,3.490,2.590,2.360,2.410,2.260,2.680,0,157,25.000,21,1,3.990,3.010,4,3.060,3.650,2.740,3.920,3.020
BDI0086,4.070,3.490,3.740,3.040,3.150,3.890,3.790,2.970,4.040,3,0,27.400,21,1,2.690,2.840,16,3.790,2.260,2.800,4.260,3.919
BDI0087,4.390,2.690,2.810,3.180,2.600,2.600,3.200,2.380,2.660,4,279,29.200,22,1,2.650,2.240,7,2.760,2.130,3.400,3.550,2.980
BDI0088,3.010,3.340,3.310,4.100,4.020,3.920,2.990,3.960,2.950,4,193,24.900,18,0,3.900,4.210,8,2.940,3.830,3.760,4.590,2.594
BDI0089,5.730,2.210,1.820,2.540,2.120,3.090,1.810,2.780,2.970,1,220,23.100,18,0,2.410,2.400,7,2.580,2.260,2.260,7.740,2.350
BDI0090,4.710,2.980,3.820,3.630,2.110,2.650,2.600,3.100,3.450,2,259,21.700,20,1,3.020,2.780,10,3.150,2.580,3.300,3.540,3.381
BDI0091,3.090,2.150,3.170,3.540,3.100,2.780,3.840,2.620,2.220,3,81,26.500,18,0,2.610,3.020,10,3.230,2.400,2.770,3.930,3.681
BDI0092,2.780,3.150,2.960,3.100,2.450,2.180,2.400,2.950,2.470,3,285,15.200,25,1,3.350,3.340,8,2.680,3.420,3.510,3.680,2.837
BDI0093,7.800,3.150,2.980,3.400,2.820,2.880,3.700,3.320,2.880,2,131,20.900,22,1,1.900,2.850,5,3.910,3.070,2.630,14.520,2.649
BDI0094,3.170,3.660,4.060,2.940,3.200,2.850,3.050,3.420,3.250,3,221,20.000,20,0,2.890,3.760,10,2.060,3.550,3.540,5.280,3.644
BDI0095,6.720,2.730,2.600,2.250,2.520,1.970,1.930,3.290,2.410,2,19,24.100,21,0,1.780,2.780,8,3.340,2.320,3.490,19.170,2.978
BDI0096,0.200,2.960,2.900,3.240,3.550,3.540,2.550,4.140,3.300,4,190,26.100,19,0,2.920,3.820,6,2.620,3.630,3.160,0.410,2.935
BDI0097,3.860,3.140,3.270,3.430,3.120,3.100,2.370,3.340,3.120,6,185,25.200,18,1,2.960,2.900,15,3.540,3.630,4.500,4.400,2.717
BDI0098,4.700,3.890,3.660,4.380,4.180,2.740,2.890,2.990,2.780,1,353,30.100,30,1,4.680,3.110,5,2.530,3.960,3.640,1.590,2.943
BDI0099,1.360,1.970,2.480,3.860,3.020,2.850,2.570,3.300,2.690,1,152,25.100,19,1,3.150,2.660,3,3.190,2.290,4.090,1.210,2.932
BDI0100,3.360,2.430,3.020,2.470,2.180,2.860,2.340,2.550,3.590,0,140,23.800,19,0,2.500,3.330,6,3.560,3.330,2.950,1.120,2.299
BDI0101,8.110,3.510,3.600,3.530,2.620,2.590,3.450,2.760,2.270,4,159,23.400,22,0,3.350,2.440,22,3.140,2.400,2.510,5.370,3.433
BDI0102,5.580,2.360,2.830,2.750,3.280,3.040,1.920,2.540,3.050,1,395,23.400,21,1,3.210,2.400,7,2.460,3.650,3.360,4.220,2.294
BDI0103,7.520,3.530,2.980,2.340,4.170,3.250,2.930,3.230,3.850,3,189,23.500,25,1,3.170,2.880,13,3.160,3.560,2.060,6.050,2.214
BDI0104,6.330,1.930,3.700,3.210,2.880,2.850,2.940,3.770,3.610,3,310,27.500,19,0,2.400,2.590,3,3.080,3.420,3.300,13.190,3.506
BDI0105,3.380,4.030,3.490,2.560,3.300,3.220,3.020,2.850,1.780,5,158,26.500,20,1,2.430,3.670,10,3.100,3.280,3.350,4.260,3.004
BDI0106,2.620,3.500,2.850,2.800,3.060,2.430,3.120,2.660,3.200,4,239,24.600,19,0,2.300,3.100,17,2.530,3.250,3.530,1.520,3.390
BDI0107,5.620,2.260,2.800,4.220,3.580,3.240,3.090,2.740,3.110,2,133,21.200,18,0,3.760,2.230,10,3.010,2.130,3.030,15.980,3.080
BDI0108,4.140,3.310,3.270,3.800,3.190,3.240,4.430,2.380,3.400,3,264,23.000,18,1,3.370,2.980,7,2.970,2.420,3.750,9.980,2.963
BDI0109,8.860,2.870,3.990,3.920,3.140,3.530,2.780,3.630,3.770,4,131,28.800,24,1,3.590,3.960,6,2.110,3.490,3.070,0.900,2.927
BDI0110,4.980,2.840,3.800,3.420,4.010,2.890,4.110,2.710,3.000,3,344,18.800,20,1,4.000,2.640,16,2.880,3.140,3.330,9.040,2.704
BDI0111,4.160,1.930,2.750,3.100,2.300,2.960,1.890,3.550,3.050,2,0,20.300,22,1,2.560,3.370,13,3.880,3.880,2.840,3.060,3.437
BDI0112,5.400,2.930,1.920,4.170,2.100,2.390,2.950,3.070,3.460,4,191,21.600,20,1,2.990,2.360,8,2.720,3.080,3.520,17.080,3.171
BDI0113,3.150,2.840,2.140,3.730,2.680,2.270,3.180,1.290,1.940,0,33,24.100,18,0,2.870,2.480,3,1.360,2.060,2.520,9.340,1.346
BDI0114,6.050,2.700,3.640,3.440,4.000,3.340,3.290,3.900,3.250,4,300,21.200,20,0,3.620,3.790,8,3.340,3.190,3.880,18.330,3.070
BDI0115,6.750,3.450,3.440,3.310,2.750,3.740,2.710,2.830,2.230,6,213,31.400,24,0,2.990,3.780,17,3.440,3.940,4.380,13.710,2.880
BDI0116,4.320,4.170,1.970,2.390,2.840,2.820,3.100,3.750,3.360,3,189,26.000,20,1,3.050,3.220,3,2.510,2.630,3.460,3.120,3.070
BDI0117,6.820,2.610,2.830,2.450,2.640,3.370,2.500,2.960,2.230,1,137,22.200,22,1,3.000,2.850,6,2.790,2.480,2.710,20.470,3.221
BDI0118,7.200,2.400,4.280,2.860,3.060,3.050,4.580,3.290,3.470,4,179,29.700,23,1,4.310,2.650,51,2.620,2.850,3.480,5.650,2.888
BDI0119,4.600,2.950,3.270,3.000,3.200,2.930,3.300,2.360,2.820,4,87,24.500,19,1,2.640,2.990,3,2.540,2.830,3.240,12.680,3.056
BDI0120,2.280,2.860,2.800,1.990,2.870,2.450,2.740,3.020,2.760,2,196,25.400,21,0,2.460,2.720,10,3.620,3.410,2.240,2.540,2.741
BDI0121,4.230,3.360,3.260,2.900,3.030,2.470,3.150,3.220,3.110,0,126,21.900,18,0,3.180,2.130,6,3.730,2.210,3.090,1.520,3.118
BDI0122,3.220,3.900,3.090,2.970,2.800,3.280,3.600,2.990,4.110,2,213,28.900,18,1,2.610,3.410,6,3.140,2.830,3.130,1.910,3.206
BDI0123,2.720,3.270,4.000,2.800,2.310,3.520,2.560,3.090,1.370,1,249,25.100,18,0,2.170,3.300,4,3.640,3.280,2.320,2.480,2.973
BDI0124,7.080,2.440,3.470,3.970,3.110,4.350,3.440,3.000,2.990,4,290,16.600,19,1,2.600,3.710,8,3.890,3.200,2.980,3.110,3.945
BDI0125,7.770,3.310,3.650,3.740,3.390,3.980,2.570,4.210,2.690,5,34,30.200,18,1,3.230,2.670,8,3.100,2.790,3.200,2.460,3.678
BDI0126,7.300,3.200,2.850,4.230,3.370,4.530,3.480,3.220,3.950,2,262,25.600,19,0,1.720,3.210,4,2.950,4.750,2.990,1.520,2.337
BDI0127,4.330,3.830,2.670,2.770,3.900,3.460,3.050,3.360,2.590,3,203,18.900,21,1,2.330,3.230,7,2.960,4.780,2.290,4.550,2.757
BDI0128,2.930,3.070,2.490,3.450,3.230,4.000,3.530,2.110,3.570,4,165,26.100,22,1,3.510,3.640,11,2.330,2.330,3.400,7.670,3.305
BDI0129,3.110,3.590,1.870,2.190,3.650,1.630,2.480,2.180,3.600,2,219,17.900,18,1,3.040,3.690,11,2.380,2.760,2.660,6.180,3.018
BDI0130,5.220,2.730,2.170,3.450,1.750,2.550,3.350,2.620,4.010,2,249,15.800,22,1,2.550,3.610,10,2.610,3.190,3.530,2.670,3.411
BDI0131,6.730,2.850,3.690,3.590,2.820,3.640,1.820,3.470,3.450,5,277,24.700,19,0,3.710,3.520,7,3.120,2.870,2.910,6.340,3.782
BDI0132,1.960,2.870,2.430,2.110,3.310,3.160,3.630,2.560,2.760,3,66,17.600,20,0,3.250,3.640,4,3.090,3.620,2.480,1.610,2.116
BDI0133,0.640,3.840,3.810,2.550,2.770,2.990,3.160,3.120,2.870,1,94,22.500,22,0,2.630,1.950,7,2.830,2.970,2.850,0.110,4.164
BDI0134,3.910,4.020,2.130,1.100,3.000,2.490,3.120,2.870,1.570,4,346,21.000,21,0,2.800,2.470,2,3.840,2.980,2.060,1.060,2.777
BDI0135,0.200,2.480,2.640,2.430,3.560,2.550,3.920,2.400,2.940,0,35,21.100,18,1,1.780,3.560,2,3.400,2.610,3.260,0.250,2.602
BDI0136,4.000,2.390,3.100,2.250,2.330,3.400,2.770,3.580,2.610,3,209,23.300,19,1,2.700,3.410,5,2.460,2.240,2.760,4.230,3.649
BDI0137,0.200,2.380,2.200,3.830,3.720,2.130,2.100,3.880,2.050,3,318,20.600,19,0,2.560,2.970,5,2.740,2.730,2.210,0.070,3.048
BDI0138,4.220,2.790,2.470,2.110,2.810,2.430,3.220,3.210,2.530,2,218,21.500,21,1,2.540,3.200,1,1.820,2.440,3.380,4.890,1.665
BDI0139,4.270,2.850,2.760,3.140,3.650,2.880,3.290,2.850,2.600,5,154,25.600,19,1,2.470,1.860,11,2.670,3.010,2.460,7.310,2.704
BDI0140,3.280,2.900,2.290,2.820,2.740,2.440,2.370,2.440,3.050,3,29,23.400,23,1,3.360,3.280,5,2.310,3.630,4.120,4.290,2.791
BDI0141,5.510,2.450,2.840,2.370,3.020,2.470,2.540,2.810,2.430,3,339,26.700,20,1,3.770,2.360,15,1.440,2.750,2.360,11.710,2.201
BDI0142,4.650,2.940,3.540,4.270,2.450,3.420,3.100,2.660,3.540,3,300,30.000,20,1,4.140,4.370,5,3.110,3.790,3.480,7.200,2.527
BDI0143,4.410,3.570,2.110,4.250,3.300,2.600,4.190,2.730,2.430,5,87,29.600,23,1,3.100,3.280,6,4.500,3.060,3.190,7.950,3.280
BDI0144,2.890,2.900,4.030,3.850,3.240,3.140,3.700,3.820,2.720,5,160,24.800,22,1,2.720,3.340,7,4.120,3.160,3.160,4.050,3.633
BDI0145,5.660,3.610,2.760,2.830,3.710,2.230,2.030,2.910,2.390,1,230,25.300,20,0,4.140,3.210,3,2.650,3.100,2.410,9.560,3.171
BDI0146,7.230,3.520,3.730,3.330,2.460,3.390,4.270,3.510,4.360,3,408,20.100,19,1,2.940,2.900,11,3.960,2.450,2.590,7.470,2.982
BDI0147,2.420,3.420,3.230,2.560,2.720,4.200,2.390,1.940,3.430,5,268,24.600,18,0,3.500,2.260,13,3.960,3.090,3.000,2.940,3.320
BDI0148,3.300,3.360,2.770,2.600,2.560,3.270,1.950,2.930,2.610,0,0,22.000,20,0,3.620,3.040,4,3.180,3.320,3.870,6.060,2.352
BDI0149,3.870,2.380,2.270,1.970,2.640,2.400,3.930,2.420,2.910,1,195,20.000,20,0,3.110,1.750,5,3.110,2.740,2.360,1.600,3.017
BDI0150,4.290,2.530,3.650,3.030,2.730,2.890,3.670,3.110,3.030,1,196,19.200,18,0,3.520,3.180,9,3.490,2.480,2.740,8.580,2.664
BDI0151,8.080,3.260,3.850,2.840,3.190,3.220,3.580,3.340,1.750,4,362,23.900,26,1,3.470,3.100,10,3.120,4.310,3.010,6.580,3.290
BDI0152,5.270,3.340,3.710,3.340,3.530,3.250,2.560,2.190,2.260,5,113,18.500,18,0,2.790,3.090,5,2.400,3.010,3.330,12.620,1.831
BDI0153,4.030,3.120,2.990,2.800,2.820,1.960,1.840,2.980,2.580,5,107,21.000,20,0,3.170,2.250,8,2.510,2.100,3.700,4.250,2.093
BDI0154,4.920,3.800,2.100,2.600,2.300,2.740,2.640,3.900,2.830,4,222,29.600,18,0,3.190,2.440,31,3.260,3.320,3.350,13.700,3.971
BDI0155,3.920,3.470,2.830,2.730,3.070,3.270,2.540,4.200,3.820,3,88,28.100,23,1,2.440,3.680,5,2.920,3.810,3.410,1.220,2.172
BDI0156,1.340,3.130,2.690,2.980,2.100,3.280,3.490,2.420,3.140,1,269,23.000,18,0,2.660,2.350,16,2.990,3.910,3.880,1.400,2.235
BDI0157,3.080,2.500,2.890,3.800,3.340,2.550,3.510,3.530,3.620,3,82,28.300,22,1,3.380,3.030,33,3.270,3.670,2.180,2.100,3.643
BDI0158,5.830,3.930,2.510,2.110,3.090,2.680,3.590,2.700,2.360,4,113,28.300,20,1,2.680,3.000,6,3.090,2.480,2.980,5.210,2.677
BDI0159,3.450,3.180,3.120,3.730,2.390,2.950,4.220,2.960,2.760,1,66,25.100,19,0,2.530,2.660,16,2.680,2.700,2.590,9.470,3.613
BDI0160,0.200,3.560,3.320,2.630,1.760,2.840,3.240,2.690,2.930,2,203,25.100,22,0,2.560,2.240,3,2.620,2.240,2.380,0.140,3.351
BDI0161,5.570,3.220,2.800,3.540,2.900,2.130,4.100,3.700,3.240,6,181,31.500,18,1,3.770,2.950,6,2.750,2.460,2.480,2.770,4.143
BDI0162,5.760,3.800,4.200,3.270,3.350,3.830,3.300,3.990,3.950,4,149,32.500,24,1,4.030,4.410,6,3.560,2.700,3.260,6.460,3.805
BDI0163,1.970,3.250,3.520,2.370,3.630,3.860,3.040,2.810,3.050,3,140,20.800,18,0,2.640,3.670,5,3.360,2.610,2.620,0.790,2.688
BDI0164,2.310,2.660,3.320,2.440,3.040,2.610,2.040,2.690,2.940,3,30,19.400,18,0,1.830,2.900,2,2.910,1.950,3.600,2.220,1.080
BDI0165,5.530,2.420,3.240,2.860,3.320,2.810,2.310,2.790,2.820,1,149,21.600,18,0,3.060,2.810,4,1.500,2.050,3.010,18.550,2.645
BDI0166,5.540,2.980,2.740,2.780,3.190,3.090,3.300,2.080,3.540,4,227,24.800,22,0,2.940,2.210,8,3.010,3.760,2.830,1.320,2.473
BDI0167,6.330,2.710,3.480,3.340,2.740,2.140,2.780,3.420,3.610,4,222,27.000,22,1,2.950,2.740,3,1.630,2.960,2.540,3.920,2.703
BDI0168,4.660,3.800,2.970,3.020,2.840,2.870,3.670,2.700,3.160,4,290,20.000,18,1,3.500,2.570,7,3.110,3.300,3.170,10.440,2.912
BDI0169,5.890,2.540,2.010,1.490,2.530,1.750,3.260,2.540,3.100,4,92,15.600,22,1,1.650,2.680,4,2.400,2.880,2.780,5.100,2.166
BDI0170,4.390,3.360,4.050,3.360,3.490,4.230,3.260,4.110,2.750,1,76,27.500,18,1,2.410,3.360,26,2.700,2.670,3.300,2.650,2.877
BDI0171,7.560,4.060,3.700,3.470,3.020,3.590,3.010,2.790,3.340,4,131,26.500,19,0,2.340,2.440,7,2.930,3.280,3.640,23.060,3.638
BDI0172,3.720,2.560,3.290,2.730,2.160,2.310,2.420,3.150,3.020,0,91,26.000,20,0,2.120,3.650,9,2.540,2.810,3.620,0.390,3.588
BDI0173,3.670,3.170,3.870,3.180,2.480,1.990,2.100,2.850,3.020,2,31,22.400,23,1,2.820,2.210,4,1.880,1.790,3.260,5.880,3.726
BDI0174,1.850,2.520,2.980,3.810,3.960,3.050,3.070,2.570,2.630,4,285,25.800,20,0,2.820,3.170,12,3.390,3.510,1.760,2.200,1.923
BDI0175,6.800,3.180,3.600,3.760,3.130,3.400,3.660,3.380,3.130,3,473,21.800,20,1,3.340,3.530,6,2.980,4.370,3.430,6.800,3.611
BDI0176,3.650,3.170,2.850,2.670,3.320,3.690,3.180,3.490,3.690,6,198,16.700,22,0,3.190,4.210,15,3.000,3.470,3.220,3.340,2.511
BDI0177,4.380,3.210,3.700,2.640,3.530,3.170,2.130,2.610,2.650,4,224,27.400,21,0,3.070,2.170,15,4.210,2.910,2.130,5.400,3.027
BDI0178,4.930,3.190,2.920,3.560,3.460,3.690,3.380,3.030,2.960,4,210,23.200,20,1,2.630,1.930,8,3.550,2.880,3.860,1.250,3.179
BDI0179,3.970,2.150,3.370,3.870,3.340,2.520,2.720,2.740,2.810,3,231,21.800,20,1,2.980,3.040,64,3.710,2.820,2.670,9.000,2.899
BDI0180,6.250,2.950,3.830,3.000,3.540,2.870,3.770,4.820,3.060,5,157,22.400,24,0,3.080,3.240,19,3.140,3.750,3.290,15.040,3.271
BDI0181,7.820,3.870,2.800,2.960,4.170,3.860,2.780,3.090,3.660,4,222,29.300,23,0,2.580,2.700,18,3.270,3.140,2.850,1.470,2.577
BDI0182,4.430,2.420,3.000,3.520,3.670,2.300,2.280,2.630,2.930,4,88,26.800,21,0,1.910,3.870,8,3.320,2.720,3.340,14.890,2.774
BDI0183,0.460,3.270,3.310,3.430,1.660,2.860,3.810,2.170,2.800,3,47,27.200,20,0,1.710,2.560,8,3.580,2.410,2.750,0.450,2.204
BDI0184,2.610,1.750,3.540,2.660,3.910,3.930,2.740,3.170,3.040,2,0,20.400,18,1,2.690,2.020,10,2.990,2.840,2.500,1.570,2.885
BDI0185,5.170,3.440,3.160,3.060,2.660,3.540,2.660,3.540,3.390,3,193,26.500,20,0,3.100,2.840,4,3.140,3.670,3.850,12.250,2.428
BDI0186,4.400,2.140,3.740,2.430,2.170,3.240,2.860,3.000,3.260,4,273,21.900,18,0,2.830,2.380,21,3.410,2.940,3.280,1.650,3.496
BDI0187,3.510,2.420,3.050,2.780,1.710,3.080,3.690,3.010,2.240,4,305,27.300,19,0,3.400,2.380,8,3.300,2.890,2.500,2.250,3.289
BDI0188,2.630,3.400,2.850,2.810,3.920,2.210,3.710,3.000,1.910,4,142,25.000,23,0,3.170,3.650,5,3.310,3.800,2.120,5.370,2.773
BDI0189,4.750,2.170,2.190,3.460,2.230,2.790,2.730,3.240,2.900,3,158,22.800,25,1,3.580,3.450,6,2.850,2.090,3.220,7.120,2.643
BDI0190,5.140,2.200,3.650,3.530,2.930,2.390,1.940,2.990,3.400,1,197,23.300,18,0,2.730,2.630,14,2.560,4.510,2.300,4.530,3.006
BDI0191,4.010,3.270,3.710,4.080,2.880,2.500,2.640,2.950,3.250,1,138,25.000,22,0,2.400,2.700,4,4.390,2.560,2.610,9.980,2.822
BDI0192,2.780,2.910,2.310,3.390,3.700,3.690,2.510,3.140,3.100,1,361,28.800,19,0,2.570,2.770,12,2.510,2.590,3.190,5.540,3.387
BDI0193,6.640,2.110,2.870,2.660,3.080,3.300,3.290,4.920,3.010,5,98,27.000,18,1,2.990,2.410,16,2.020,2.770,3.690,2.570,3.107
BDI0194,2.460,2.670,3.450,2.830,3.590,3.780,2.990,2.940,3.490,3,226,25.400,18,0,2.690,3.550,13,3.780,2.600,3.310,6.090,3.223
BDI0195,1.840,3.240,3.570,3.750,3.980,2.240,3.560,2.820,3.880,5,271,27.900,21,1,3.780,3.210,9,3.420,2.370,4.020,1.460,3.992
BDI0196,4.610,3.130,2.660,3.240,3.360,2.360,2.810,2.580,3.580,4,212,28.700,25,0,2.830,4.420,14,4.010,3.110,4.220,4.810,4.262
BDI0197,6.430,3.180,3.650,3.290,3.000,2.810,3.100,3.370,3.060,4,303,25.600,19,0,2.810,3.010,13,3.120,3.510,2.550,6.330,2.891
BDI0198,0.920,2.580,3.480,2.940,2.250,3.330,3.240,2.790,3.880,2,51,21.600,20,1,2.280,2.520,4,2.430,2.250,2.650,1.780,2.221
BDI0199,0.990,3.120,1.780,2.560,2.510,2.730,3.220,2.410,3.440,5,75,22.900,18,0,3.140,3.190,3,1.870,3.670,3.310,0.990,2.382
BDI0200,1.340,2.990,3.250,3.620,3.570,3.510,2.030,3.370,3.510,1,191,22.000,18,1,3.430,3.010,12,3.040,2.130,2.850,5.400,3.166
BDI0201,5.540,3.010,3.300,3.080,1.870,3.040,3.060,3.680,3.240,3,183,25.000,21,1,3.120,2.910,3,3.590,3.510,3.060,8.050,3.444
BDI0202,1.820,3.680,3.100,3.490,2.820,3.190,2.480,3.050,3.740,3,88,24.100,22,0,3.530,3.220,8,3.820,2.480,2.640,1.970,2.125
BDI0203,2.500,2.950,3.220,3.830,2.560,3.220,3.390,3.140,3.130,2,196,15.000,26,0,4.310,3.340,27,3.370,3.660,4.210,3.290,2.167
BDI0204,6.750,3.950,2.960,3.050,3.300,3.280,3.560,3.650,3.950,3,507,25.300,24,1,3.380,3.620,4,2.750,3.110,2.640,14.720,2.346
BDI0205,1.240,3.080,1.850,2.680,2.780,3.550,3.140,3.570,2.800,5,121,22.600,20,1,3.030,3.400,7,3.510,3.010,3.240,1.070,2.529
BDI0206,6.050,2.840,3.200,2.430,2.020,3.660,2.880,3.750,2.570,4,211,24.200,19,0,3.060,1.980,5,3.200,2.840,2.200,6.500,2.938
BDI0207,2.460,3.390,4.560,3.680,3.610,3.190,3.830,2.340,4.440,1,0,35.100,21,1,3.660,2.590,2,3.670,2.740,3.110,3.170,2.252
BDI0208,6.540,3.490,4.320,3.970,3.930,3.840,3.750,4.260,3.180,0,137,22.700,22,1,4.150,3.370,4,3.660,4.100,3.310,18.610,2.850
BDI0209,3.590,3.380,2.230,3.330,2.290,3.800,2.360,3.060,3.460,5,2,19.600,18,1,3.530,3.280,16,2.900,1.790,3.130,6.890,2.323
BDI0210,1.990,2.770,3.200,2.800,3.360,3.490,2.860,3.840,3.480,4,246,25.800,20,0,2.230,3.040,4,2.770,3.590,4.200,0.040,2.432
BDI0211,4.690,3.270,3.600,3.260,2.840,3.520,3.410,3.390,3.430,3,174,21.000,22,1,2.420,3.040,42,4.430,3.190,2.750,9.950,3.381
BDI0212,2.910,2.300,1.930,2.520,3.620,2.470,2.020,3.440,2.510,1,129,24.100,23,0,2.840,3.670,2,3.080,3.320,2.450,1.910,1.870
BDI0213,1.080,3.030,2.990,3.260,2.900,3.970,3.430,2.840,3.640,7,241,26.200,22,1,3.750,3.240,7,3.100,2.310,2.940,1.020,2.884
BDI0214,4.350,3.580,2.170,2.710,3.370,3.400,2.900,2.750,3.220,3,196,24.900,18,0,2.510,3.040,10,2.420,3.030,2.950,4.650,2.511
BDI0215,7.010,2.650,3.870,3.760,2.770,3.690,2.960,2.430,1.960,3,126,27.400,21,1,3.250,3.040,3,3.070,3.590,3.090,11.390,4.221
BDI0216,4.530,2.920,3.950,3.680,3.390,3.730,3.100,3.390,2.430,7,202,31.000,20,1,4.590,2.270,6,3.320,2.450,3.820,7.490,3.234
BDI0217,4.290,3.480,3.900,3.130,3.490,3.570,4.150,4.250,3.610,4,333,25.300,18,1,3.630,2.710,44,4.250,3.610,4.790,7.940,4.048
BDI0218,4.450,3.210,2.320,2.820,2.130,2.990,3.200,2.540,2.970,6,162,28.400,18,1,1.600,4.190,10,2.910,3.010,3.030,3.680,2.798
BDI0219,6.600,3.730,1.980,3.010,3.220,3.680,3.530,2.070,3.100,1,229,19.900,18,1,2.180,3.170,9,3.110,2.240,3.180,10.820,3.875
BDI0220,4.670,4.570,3.840,2.620,3.400,1.740,4.020,3.100,3.210,4,182,21.700,19,1,2.980,2.820,9,3.580,4.430,3.000,3.710,2.733
BDI0221,3.590,2.740,2.570,3.570,2.690,3.770,3.160,3.590,3.440,4,58,21.000,19,0,4.080,2.830,8,2.710,3.160,2.600,1.650,3.019
BDI0222,4.950,3.320,3.840,2.390,3.280,3.350,2.940,2.890,2.230,5,458,30.100,21,1,3.040,3.290,31,3.070,2.670,3.320,3.820,2.015
BDI0223,3.770,4.270,2.740,3.100,4.240,2.060,4.180,3.200,2.840,4,193,29.700,22,0,3.550,2.660,12,3.450,3.010,3.910,8.210,3.582
BDI0224,0.200,2.760,2.950,3.070,3.100,2.640,2.690,3.350,2.300,2,224,26.300,19,0,2.120,4.050,4,2.030,3.100,3.110,0.240,3.064
BDI0225,2.930,2.530,2.370,2.970,3.170,2.520,2.460,1.660,2.040,4,173,26.200,23,0,2.870,2.580,5,2.010,3.050,3.430,9.670,1.915
BDI0226,4.460,3.000,3.070,2.890,3.330,2.200,2.280,1.560,2.880,2,355,22.800,18,0,2.660,1.860,5,3.010,3.370,2.460,1.890,3.132
BDI0227,3.620,3.190,3.340,2.740,3.100,2.950,4.120,3.370,3.020,7,0,19.300,21,1,3.200,3.530,8,2.570,3.380,3.770,10.170,3.726
BDI0228,5.380,3.550,1.800,2.900,3.600,3.580,3.500,2.710,3.370,4,221,24.500,25,1,3.430,3.090,21,3.780,2.360,3.830,8.420,2.693
BDI0229,0.200,3.220,2.930,2.980,2.900,2.550,2.760,2.880,2.890,0,237,24.800,18,0,3.260,2.170,7,1.530,2.220,2.850,0.020,2.224
BDI0230,1.530,2.860,2.530,2.220,3.850,3.560,3.900,3.540,3.500,4,201,23.400,20,0,2.560,3.710,9,2.600,3.590,3.570,1.500,3.861
BDI0231,7.450,3.210,2.400,2.230,2.990,2.460,3.290,3.840,3.640,4,237,21.000,18,1,2.880,4.250,8,3.570,3.410,2.790,3.280,2.526
BDI0232,2.690,2.900,2.480,3.560,3.140,3.230,2.320,2.480,3.080,2,281,25.900,19,0,3.580,2.810,2,2.510,2.720,2.490,7.760,3.196
BDI0233,5.320,2.720,4.120,3.750,3.560,2.770,2.650,2.900,2.000,4,361,28.700,18,1,2.290,3.060,13,2.710,3.320,3.130,13.730,2.085
BDI0234,1.410,2.780,3.050,2.350,2.090,2.670,2.710,2.060,2.260,1,128,15.600,18,0,2.000,2.740,3,2.790,1.840,2.080,2.230,2.740
BDI0235,3.280,3.360,2.990,2.910,3.210,2.300,3.490,3.060,3.480,3,142,30.300,21,0,3.320,3.040,7,3.790,2.970,4.240,1.850,3.137
BDI0236,2.090,2.490,2.390,3.530,2.050,3.630,2.190,2.680,2.530,1,38,22.800,19,0,2.510,2.130,3,2.510,2.780,2.800,2.930,3.502
BDI0237,3.640,2.560,3.650,3.090,4.000,3.340,3.220,3.250,3.200,5,120,28.200,18,1,3.090,3.470,15,4.130,2.780,3.820,1.050,3.828
BDI0238,3.300,2.260,2.810,2.670,2.550,2.130,1.290,1.780,2.600,1,128,25.600,24,0,2.240,2.960,10,2.270,3.120,2.790,9.290,2.608
BDI0239,3.650,2.630,2.280,2.540,2.960,3.910,2.770,3.590,3.430,3,300,24.200,20,1,3.560,3.060,6,2.620,3.680,2.740,3.360,2.068
BDI0240,4.090,3.070,2.750,4.070,2.930,3.270,2.460,2.810,2.760,4,245,20.400,22,1,3.150,3.170,9,2.980,2.170,3.420,2.110,2.687
BDI0241,5.250,3.310,3.150,3.490,2.890,2.450,2.940,2.730,2.280,2,101,26.700,22,0,3.140,3.720,6,2.210,3.910,3.350,7.160,3.182
BDI0242,4.820,2.590,2.630,4.350,2.990,2.460,2.570,3.750,3.560,2,150,24.000,22,1,3.610,2.430,6,3.980,3.440,3.030,3.890,2.699
BDI0243,3.850,2.770,2.640,2.810,3.880,2.540,3.460,2.480,2.660,4,108,23.000,20,1,3.070,3.190,11,2.190,2.660,2.870,1.470,1.820
BDI0244,0.410,2.750,2.380,2.610,2.620,3.890,4.000,3.660,3.460,2,0,25.200,19,1,2.770,2.250,3,2.860,3.660,2.140,0.660,3.011
BDI0245,4.330,2.480,2.720,3.090,3.750,3.230,3.610,3.450,2.000,2,178,24.400,22,0,1.890,2.030,10,3.610,2.500,2.990,10.920,2.473
BDI0246,2.350,2.890,2.560,3.390,2.000,3.340,2.910,3.260,2.610,3,204,31.300,23,0,2.760,2.680,3,3.250,2.530,2.600,1.370,3.005
BDI0247,4.220,2.630,3.540,3.210,2.790,4.240,3.440,3.130,2.810,2,218,20.900,22,0,3.700,3.790,11,3.790,3.390,3.290,2.970,3.821
BDI0248,5.680,3.760,3.900,3.500,2.810,2.800,3.150,2.680,1.810,6,40,26.000,20,0,3.440,2.980,5,2.960,2.140,2.890,9.480,3.315
BDI0249,3.250,2.820,2.030,3.010,4.540,2.520,2.900,4.220,3.870,4,109,21.800,18,1,2.590,2.650,37,4.470,3.140,3.560,2.590,1.966
BDI0250,5.200,3.330,2.980,2.400,3.190,2.550,3.820,3.670,3.800,7,185,26.300,21,0,2.840,2.810,7,2.690,3.170,2.680,6.510,3.990
BDI0251,8.870,3.240,4.170,2.240,2.800,2.690,2.260,3.640,3.540,5,307,35.400,18,1,2.540,3.290,3,3.100,4.210,3.540,2.830,2.660
BDI0252,2.270,3.110,3.490,3.670,2.360,3.200,3.510,2.450,3.470,5,133,23.500,25,1,2.160,2.820,9,3.790,3.130,3.070,8.080,3.717
BDI0253,3.260,3.080,3.780,3.440,2.640,2.690,1.830,2.130,3.260,3,263,29.600,20,0,3.040,2.520,16,2.510,3.160,3.380,1.610,3.690
BDI0254,2.310,2.710,2.450,2.400,2.760,3.460,2.310,3.270,2.830,3,280,25.900,18,0,2.660,2.300,3,2.710,1.860,2.730,1.130,3.235
BDI0255,4.940,3.680,2.530,3.350,3.240,2.440,2.640,2.700,2.280,2,229,26.700,19,0,2.640,2.200,8,2.770,2.280,1.660,2.880,2.898
BDI0256,7.900,3.410,2.930,3.120,1.960,2.950,2.480,4.340,2.530,3,206,22.700,18,0,3.300,4.530,3,3.870,2.990,3.590,2.430,3.876
BDI0257,3.270,3.680,3.970,3.270,2.320,2.910,2.910,3.380,2.460,3,237,28.300,19,1,3.140,3.210,7,3.150,3.160,2.710,8.520,3.408
BDI0258,3.590,3.200,3.800,2.500,3.670,2.700,3.120,2.800,2.560,4,312,25.200,18,1,2.740,3.020,6,2.230,2.030,2.630,4.530,3.093
BDI0259,4.410,2.450,3.180,3.120,2.960,1.820,2.320,3.380,2.400,3,0,19.300,18,1,3.090,3.130,8,2.420,2.710,2.590,3.170,2.240
BDI0260,2.040,3.280,2.960,2.830,2.900,2.390,2.450,2.830,1.990,3,94,20.200,19,0,3.280,2.430,13,2.420,2.840,2.380,1.000,3.336
BDI0261,0.200,3.440,2.170,2.440,2.840,2.630,1.920,3.140,2.670,3,138,22.000,18,0,3.070,1.340,3,3.430,3.190,2.840,0.530,3.116
BDI0262,5.300,2.640,2.740,3.550,3.720,4.000,2.910,3.710,3.170,4,270,28.700,18,1,3.310,3.040,11,2.570,3.100,2.900,2.730,2.022
BDI0263,3.950,2.740,2.620,3.050,3.600,2.980,3.150,3.630,3.150,4,112,18.200,19,1,3.480,2.870,10,3.200,2.750,2.820,6.060,3.458
BDI0264,0.200,3.550,2.310,3.620,3.560,2.800,3.170,3.070,3.550,2,73,24.200,20,1,3.040,3.500,9,2.450,2.740,3.930,0.170,3.104
BDI0265,0.200,2.970,2.900,2.530,3.240,2.780,3.710,2.390,3.350,2,90,24.800,20,1,3.480,2.970,2,2.370,3.470,2.160,0.090,2.870
BDI0266,0.200,2.180,4.380,3.960,3.320,2.450,3.560,3.480,3.040,6,139,23.000,23,0,4.140,3.090,7,3.680,4.070,4.550,0.220,3.072
BDI0267,4.250,3.040,2.580,2.930,3.000,3.430,2.370,2.560,4.080,1,281,20.900,24,0,3.150,3.700,13,3.340,4.310,3.200,2.950,2.647
BDI0268,4.110,3.670,2.840,3.170,3.150,3.020,3.270,3.320,2.790,4,359,29.000,20,0,2.570,2.680,5,3.110,2.640,2.570,3.610,3.352
BDI0269,4.670,2.790,2.600,2.560,3.130,1.900,2.710,2.380,3.110,5,171,27.100,22,1,4.270,3.440,28,2.860,3.430,2.250,4.600,3.066
BDI0270,3.120,2.680,3.470,2.040,1.990,2.850,3.580,2.780,3.540,3,164,22.600,20,0,3.000,1.660,4,3.460,2.680,3.620,3.580,2.251
BDI0271,4.230,2.640,2.900,3.280,2.470,3.150,2.780,2.340,2.360,5,91,27.600,18,1,2.320,2.940,6,3.160,2.470,3.520,1.530,3.675
BDI0272,4.010,3.140,2.630,3.490,2.420,2.770,2.510,2.970,2.550,2,191,22.100,22,1,2.740,3.460,7,2.690,2.430,3.540,1.440,2.877
BDI0273,1.990,2.690,3.740,3.260,3.510,3.450,3.330,2.310,2.950,2,188,27.700,19,0,2.370,3.550,13,3.040,2.970,2.270,2.460,3.417
BDI0274,4.360,4.710,2.050,2.380,2.160,1.820,3.110,2.970,3.550,6,230,25.300,18,0,2.870,3.850,18,2.810,3.850,3.000,3.480,3.347
BDI0275,0.460,3.360,2.910,3.580,2.020,2.690,3.080,3.790,2.150,3,271,26.200,19,0,2.550,2.740,6,3.200,3.140,2.650,0.620,2.787
BDI0276,1.470,2.420,2.660,2.980,2.510,3.890,3.720,2.910,2.980,2,192,26.800,22,0,3.020,2.900,13,3.820,3.810,3.000,1.060,3.723
BDI0277,2.010,2.810,2.990,2.360,2.430,2.290,2.410,2.380,2.400,3,174,16.600,18,0,3.760,3.120,2,1.700,2.360,2.040,4.020,2.738
BDI0278,6.500,2.390,3.370,2.340,3.940,3.500,3.620,3.530,2.620,6,256,27.300,22,0,3.410,3.310,6,3.110,2.930,2.710,6.280,3.569
BDI0279,3.070,3.000,3.780,2.860,2.460,2.350,3.450,2.700,2.610,3,298,29.900,23,0,3.760,3.650,9,3.230,3.960,2.710,2.780,1.833
BDI0280,1.050,2.920,2.770,1.150,2.050,3.020,2.780,2.970,1.850,1,122,24.000,21,1,3.360,2.140,5,2.450,2.700,2.270,1.800,3.012
BDI0281,5.330,2.940,2.640,2.400,2.910,3.040,3.570,3.710,2.910,2,279,22.600,20,1,3.510,1.880,9,2.760,3.610,2.970,7.130,2.163
BDI0282,2.950,2.740,3.130,2.810,3.140,2.890,1.930,3.310,3.580,0,134,21.500,21,1,3.290,3.160,10,2.490,3.510,3.610,0.530,2.574
BDI0283,2.400,3.680,3.050,3.750,3.380,2.340,3.570,2.090,4.690,3,335,22.900,21,1,3.140,3.730,14,3.110,2.620,3.250,3.580,2.514
BDI0284,6.420,2.930,3.660,3.110,2.970,4.050,2.860,2.360,3.120,2,250,19.100,18,0,2.330,2.910,6,4.100,3.120,3.670,7.800,3.462
BDI0285,5.380,2.870,4.410,3.920,3.240,3.240,2.830,3.970,2.130,5,215,17.900,18,0,3.370,3.340,4,3.130,3.980,2.990,3.430,3.793
BDI0286,4.310,2.680,2.900,3.600,4.150,2.330,2.760,2.120,2.650,2,120,27.900,18,1,2.870,3.420,6,3.390,2.950,2.510,7.320,2.404
BDI0287,4.320,2.890,2.640,3.800,2.930,3.360,3.100,2.920,2.850,1,297,29.500,25,1,3.340,5.000,11,3.280,1.760,4.800,5.340,2.246
BDI0288,3.860,2.670,3.560,1.750,3.900,4.460,2.870,2.520,3.120,3,204,20.500,23,1,2.930,2.840,15,2.320,3.360,3.040,14.920,3.751
BDI0289,8.100,3.550,2.840,3.160,3.020,3.580,4.530,3.360,3.260,6,118,32.000,21,0,4.210,3.260,4,2.800,3.060,4.160,24.890,3.545
BDI0290,2.900,3.790,1.920,2.680,3.260,3.360,3.620,2.610,3.640,4,203,23.800,22,1,2.570,2.900,9,2.970,3.160,2.250,6.600,2.947
BDI0291,0.710,2.810,3.340,2.520,3.680,2.850,2.040,2.210,3.840,3,35,23.700,20,0,2.410,2.260,13,2.170,2.740,2.460,0.510,3.436
BDI0292,1.250,2.710,2.920,2.620,3.450,2.810,3.100,2.610,2.430,4,153,19.800,18,1,2.130,3.990,4,2.770,2.400,3.200,1.710,4.350
BDI0293,4.880,4.460,2.610,3.410,1.000,1.980,3.240,2.620,2.280,3,133,28.600,18,0,1.980,2.280,4,2.870,2.620,2.880,12.560,3.288
BDI0294,4.450,3.090,4.130,2.180,3.400,3.160,2.840,3.200,3.750,3,202,25.600,18,1,2.660,2.730,6,4.010,3.580,2.990,7.050,3.945
BDI0295,7.240,1.440,3.330,2.760,2.500,3.350,2.800,3.720,2.590,4,167,21.200,21,1,2.840,3.340,8,2.790,2.530,2.510,19.690,3.157
BDI0296,0.200,3.840,2.250,2.260,3.290,2.910,3.070,2.820,2.520,4,70,25.000,24,0,1.840,2.760,4,3.030,2.250,3.130,0.440,1.940
BDI0297,4.350,3.690,2.840,2.800,3.260,2.350,3.140,3.320,2.980,4,242,18.000,20,0,3.320,2.040,4,2.920,3.510,4.050,5.640,2.801
BDI0298,1.120,3.760,3.270,3.060,2.680,2.100,2.050,2.870,2.020,0,69,23.100,18,0,3.340,3.390,8,2.300,2.930,2.310,1.340,3.374
BDI0299,8.700,2.440,2.060,3.260,3.040,3.140,2.680,1.980,2.600,3,88,27.000,18,1,2.780,4.030,15,3.960,1.070,2.490,12.300,3.252
BDI0300,1.860,3.270,2.230,2.570,2.800,2.640,2.840,3.090,2.440,4,96,23.400,23,1,2.290,2.580,6,2.430,2.440,2.710,2.950,2.900
BDI0301,9.060,3.470,2.850,3.470,3.240,4.420,2.460,3.500,3.000,4,225,24.900,20,0,2.900,3.060,5,3.270,2.770,1.740,12.790,3.104
BDI0302,1.780,3.700,3.090,2.370,2.440,4.450,2.490,3.600,2.810,2,88,24.700,21,1,3.290,2.830,3,4.040,3.020,4.000,4.330,3.600
BDI0303,6.540,3.210,4.140,3.590,2.870,3.490,2.100,2.770,2.600,2,162,24.200,22,0,3.360,2.790,10,3.220,3.120,3.110,5.040,3.029
BDI0304,6.620,3.230,2.790,2.770,1.840,2.430,3.760,3.770,2.460,2,242,28.400,21,0,2.940,2.400,6,2.890,2.600,1.980,1.340,3.998
BDI0305,2.100,3.760,3.100,3.170,3.230,3.490,2.140,3.690,2.890,2,134,28.400,24,1,1.860,3.590,6,2.350,2.750,3.000,5.550,3.133
BDI0306,1.350,3.090,2.490,3.090,3.290,3.020,2.650,3.200,2.430,3,172,29.500,19,0,3.240,3.220,4,3.720,2.540,3.330,1.780,2.599
BDI0307,4.430,1.910,2.650,2.760,2.600,3.360,3.640,3.900,3.760,6,394,29.500,20,0,2.320,3.540,23,4.220,3.100,3.300,12.720,2.996
BDI0308,1.870,3.350,3.470,4.000,3.100,3.040,3.510,3.470,3.140,6,276,18.600,18,1,3.160,4.040,4,2.640,2.540,2.900,2.900,2.868
BDI0309,4.460,3.630,2.880,3.260,3.830,2.930,2.290,2.970,3.510,3,275,22.600,23,1,3.840,3.950,5,2.700,2.710,2.840,5.280,1.931
BDI0310,2.760,2.970,2.440,3.960,3.650,1.850,3.150,3.070,3.000,5,82,20.500,18,0,3.270,2.630,11,2.930,3.540,2.310,8.230,3.934
BDI0311,2.200,3.300,3.070,2.740,1.550,2.930,2.550,2.350,2.990,0,157,23.700,18,0,2.870,1.980,2,2.760,2.760,2.520,0.850,2.596
BDI0312,4.880,2.190,3.540,2.940,2.400,3.290,2.810,3.290,3.440,2,324,23.300,21,0,3.270,3.050,5,2.820,3.040,2.340,4.690,4.182
BDI0313,10.560,2.890,3.080,4.350,3.510,3.840,2.610,2.520,2.410,6,417,31.700,22,1,2.010,3.160,13,2.670,2.170,2.800,3.700,2.954
BDI0314,2.520,3.410,3.370,3.440,2.600,2.290,2.730,2.250,1.520,4,222,25.100,19,0,2.790,3.430,17,3.680,2.990,3.210,0.440,2.467
BDI0315,4.990,2.840,3.130,3.730,2.320,1.750,2.740,3.710,2.850,4,216,18.900,18,1,3.180,2.880,6,3.650,3.130,2.510,6.470,3.334
BDI0316,1.880,3.640,3.260,4.220,2.590,2.890,2.760,2.490,2.820,5,106,18.200,20,0,3.130,1.860,9,1.830,3.480,3.040,0.960,2.157
BDI0317,1.560,3.590,2.470,3.730,3.060,2.980,2.690,2.600,3.160,1,0,24.800,18,0,2.550,2.270,3,3.280,2.910,1.900,0.810,3.216
BDI0318,4.950,2.790,4.320,3.210,2.560,2.790,3.190,2.300,3.270,4,104,26.900,18,0,2.900,3.790,7,3.300,3.020,2.380,7.320,3.151
BDI0319,5.190,3.690,2.940,2.830,3.000,3.270,3.060,2.450,2.920,3,104,22.900,20,0,2.770,3.500,2,2.800,3.030,2.290,9.480,3.377
BDI0320,1.360,2.930,2.550,2.730,4.250,2.380,2.180,2.440,3.250,1,95,25.200,18,0,3.400,3.670,31,3.880,2.180,2.410,0.870,3.442
BDI0321,2.140,2.980,3.290,3.210,3.280,3.440,3.670,4.070,2.500,3,5,23.200,21,1,3.540,1.710,11,2.670,2.700,3.540,0.890,3.839
BDI0322,3.440,2.970,2.540,3.120,2.810,4.000,3.300,2.690,2.690,3,153,18.800,18,0,3.280,3.120,11,1.390,2.870,3.480,3.270,2.785
BDI0323,3.060,2.040,2.380,3.360,2.450,2.800,2.450,3.030,2.390,1,140,15.000,18,0,3.090,3.870,12,2.330,1.980,2.090,6.260,2.263
BDI0324,1.000,2.060,3.580,2.790,1.820,2.600,1.900,3.690,1.550,2,92,24.800,21,0,2.730,1.620,6,3.310,2.210,2.110,0.730,2.860
BDI0325,8.210,2.100,3.070,2.960,3.420,3.460,3.370,4.150,3.030,5,310,32.700,22,0,3.680,3.590,40,4.480,3.350,2.990,7.220,2.979
BDI0326,5.120,2.820,2.590,3.020,2.930,2.740,3.280,2.710,2.870,6,317,24.200,19,0,3.050,3.030,9,2.240,3.620,3.190,3.200,2.528
BDI0327,8.250,1.820,2.170,3.910,2.220,3.140,2.680,3.920,3.010,4,151,23.600,24,0,4.080,3.440,24,2.640,2.360,2.950,5.500,2.813
BDI0328,4.800,2.510,2.880,3.170,1.770,3.050,2.740,3.860,2.500,2,50,25.300,21,1,3.980,2.030,9,1.910,2.920,3.080,3.180,2.311
BDI0329,6.230,3.100,2.410,2.880,4.320,2.970,2.720,2.630,1.840,6,91,31.500,21,0,3.610,3.940,14,2.830,2.600,3.290,4.970,2.520
BDI0330,6.460,4.230,3.300,2.820,3.600,2.510,3.260,2.830,3.600,0,293,18.200,19,0,3.090,4.150,14,2.370,3.660,4.090,6.910,3.256
BDI0331,0.200,2.930,3.410,3.800,2.800,4.160,3.330,3.340,3.360,5,266,27.200,20,1,3.000,3.430,18,3.180,3.240,3.020,0.690,4.090
BDI0332,5.670,4.430,3.660,2.920,3.820,2.500,2.990,4.190,3.150,4,103,16.600,23,0,3.200,2.990,6,3.440,3.800,3.700,5.490,1.832
BDI0333,1.940,3.980,3.310,3.070,2.560,3.220,3.000,2.830,3.230,3,134,22.900,20,1,2.510,2.330,26,2.910,3.880,3.480,0.720,3.038
BDI0334,4.470,3.910,3.390,2.670,1.710,3.440,3.530,4.040,3.080,2,262,19.800,23,0,2.490,2.770,9,3.470,2.720,2.080,7.850,2.655
BDI0335,1.480,3.100,2.920,3.790,3.330,3.970,3.300,3.620,3.040,4,316,22.000,22,0,4.110,2.880,7,2.690,2.810,3.100,0.510,3.076
BDI0336,1.250,2.570,3.310,3.150,3.720,4.080,3.240,3.450,3.270,3,146,19.700,24,1,2.690,2.960,13,3.710,2.920,2.590,0.480,2.997
BDI0337,3.840,2.430,3.380,2.010,3.920,2.270,2.980,3.160,1.430,3,226,24.000,19,1,2.960,2.650,5,3.050,2.550,2.300,5.970,2.621
BDI0338,6.850,3.870,1.890,2.290,3.180,2.880,3.560,3.190,3.770,4,159,29.700,21,1,2.540,3.220,23,4.460,3.190,4.420,9.430,3.061
BDI0339,8.110,2.810,2.840,3.680,3.960,3.340,3.480,3.120,3.440,2,193,22.200,19,1,3.800,3.620,12,4.190,3.810,3.060,12.620,2.804
BDI0340,2.330,3.320,2.390,2.760,2.080,2.860,2.440,2.320,3.830,2,358,20.200,19,0,3.180,1.680,7,2.010,3.130,3.440,6.310,2.295
BDI0341,0.970,3.640,3.450,1.800,3.160,2.060,3.920,2.080,2.560,3,208,15.000,19,1,2.760,1.760,6,1.910,2.570,2.840,2.090,2.799
BDI0342,7.110,2.960,2.410,3.560,4.230,1.840,2.160,2.190,3.490,4,5,25.300,23,0,3.210,3.260,3,3.380,3.550,3.510,5.910,2.205
BDI0343,4.910,2.530,2.590,2.890,2.480,2.880,3.430,2.310,2.800,2,202,30.200,23,1,2.550,2.800,12,2.460,3.390,2.470,2.140,1.763
BDI0344,0.980,3.380,2.210,2.620,2.610,3.300,2.850,2.240,2.690,2,314,24.400,18,1,2.350,2.580,2,2.860,1.990,2.340,3.480,2.098
BDI0345,3.180,3.010,3.480,3.470,2.400,3.660,3.870,2.640,3.030,6,392,31.700,24,1,2.390,3.770,15,3.180,2.560,3.100,2.970,3.120
BDI0346,7.020,3.100,2.910,3.440,3.730,3.810,3.170,3.740,2.840,5,278,23.600,18,1,3.420,3.370,9,2.930,1.970,3.460,8.840,2.825
BDI0347,3.570,3.460,3.040,2.970,3.290,3.030,3.420,3.710,2.460,4,95,23.900,20,1,3.770,3.220,8,3.110,2.760,2.810,5.310,2.203
BDI0348,2.060,2.880,3.190,2.110,3.670,3.160,2.710,2.210,2.890,4,361,30.200,19,0,2.010,3.030,4,2.960,2.710,1.840,0.490,2.704
BDI0349,3.520,3.710,2.850,4.140,2.810,2.860,2.710,3.580,2.550,3,58,27.100,18,1,2.970,2.420,8,3.200,3.270,2.730,5.790,1.638
BDI0350,5.290,3.470,2.830,3.850,3.190,3.500,2.700,2.720,2.030,3,56,21.700,21,1,3.000,3.290,30,2.170,2.430,2.000,10.730,3.219
BDI0351,4.890,2.650,3.790,2.810,3.550,3.370,2.690,3.890,3.190,5,64,25.800,20,1,3.650,3.290,5,3.010,2.690,3.030,2.160,3.812
BDI0352,5.720,1.940,2.680,2.190,3.000,2.740,2.910,2.940,3.290,2,109,20.600,19,0,2.270,1.980,3,3.310,2.620,2.700,4.920,3.126
BDI0353,7.290,2.850,2.880,3.180,3.560,3.030,2.620,1.960,2.740,3,104,20.300,21,0,3.630,3.230,2,2.780,2.490,3.290,12.420,3.156
BDI0354,4.620,2.220,1.310,1.740,2.310,1.700,3.210,3.470,2.900,0,135,19.300,18,1,2.940,2.500,5,2.630,2.860,2.690,8.120,4.293
BDI0355,5.600,4.020,3.560,3.850,3.180,3.380,3.070,3.400,3.160,3,124,30.700,22,1,2.630,3.210,16,3.480,2.340,3.370,0.320,3.063
BDI0356,3.860,3.980,3.420,3.040,3.440,3.520,3.270,1.810,2.580,3,203,20.600,21,0,2.180,2.780,17,2.960,2.190,3.500,0.400,2.536
BDI0357,3.390,2.470,2.330,2.220,2.990,2.740,1.750,2.590,2.250,2,143,23.300,19,0,3.170,2.270,3,2.200,3.330,1.450,2.190,2.495
BDI0358,2.670,2.230,2.760,3.340,3.940,3.110,2.240,3.420,3.950,0,0,21.300,19,0,3.970,2.790,13,3.540,3.420,3.780,3.330,2.484
BDI0359,2.680,2.920,3.420,2.250,3.760,2.530,3.200,3.430,2.540,2,110,26.400,18,1,2.350,2.900,9,3.630,2.090,3.840,0.320,1.277
BDI0360,7.680,3.000,2.280,3.120,3.050,3.020,3.720,3.340,3.860,4,248,25.800,20,1,2.880,2.590,4,3.410,3.610,2.670,24.300,3.114
BDI0361,3.040,3.490,3.390,3.540,2.530,3.370,2.520,3.740,3.810,2,342,24.000,23,1,2.840,3.330,6,3.070,1.970,2.790,6.500,3.272
BDI0362,3.540,1.580,3.440,2.400,2.430,2.000,2.520,2.830,2.880,3,176,16.400,20,1,3.030,2.710,8,3.150,2.860,2.090,3.480,3.735
BDI0363,3.510,3.260,2.750,2.040,3.410,1.830,2.790,4.130,3.090,3,101,19.700,18,0,3.480,2.600,9,2.490,3.020,3.540,1.880,3.861
BDI0364,6.890,3.280,2.690,3.290,4.260,4.090,3.140,2.890,2.430,3,169,25.800,22,1,3.950,3.120,9,3.070,3.720,2.490,1.310,3.718
BDI0365,0.690,3.740,2.530,3.560,4.240,2.700,2.550,3.430,4.080,4,160,28.200,23,1,4.030,3.320,8,2.120,3.120,3.450,0.670,2.623
BDI0366,2.250,2.860,3.120,2.040,3.390,2.600,2.350,2.790,2.140,2,76,26.900,20,1,3.210,3.260,6,3.580,3.430,2.620,3.030,2.206
BDI0367,2.220,1.990,3.340,3.080,2.700,3.530,3.360,2.420,2.930,4,0,28.300,21,1,3.510,3.020,2,3.450,3.840,3.280,2.580,2.638
BDI0368,1.580,3.260,1.190,1.920,3.640,3.570,3.170,3.630,3.770,5,144,22.900,20,1,3.890,2.330,13,2.920,2.710,2.750,2.960,2.403
BDI0369,4.230,3.440,2.390,2.800,2.710,3.550,3.260,3.650,3.840,2,186,17.300,20,0,3.080,3.040,3,3.400,3.110,3.280,14.230,2.119
BDI0370,3.290,3.220,2.580,2.760,2.200,2.790,2.440,2.520,3.160,1,176,25.500,20,0,3.210,2.660,7,2.530,3.330,3.070,1.320,3.032
BDI0371,0.970,2.870,2.720,2.600,1.310,2.130,2.640,3.530,2.450,4,88,32.300,19,0,3.540,2.630,2,1.650,1.790,2.600,0.650,2.848
BDI0372,5.360,3.000,2.400,2.660,3.080,3.420,3.640,3.600,3.120,2,143,26.200,22,1,4.020,3.230,11,3.190,4.260,2.510,13.340,3.014
BDI0373,4.300,4.030,2.840,2.900,2.680,2.110,2.930,2.230,3.530,2,155,22.500,18,0,2.740,3.590,3,4.030,3.000,1.960,3.480,1.745
BDI0374,3.020,2.770,2.570,3.600,2.800,2.380,3.630,3.200,2.980,3,235,24.500,19,1,3.410,2.090,7,3.480,2.610,3.380,2.190,1.489
BDI0375,2.550,3.130,3.540,3.240,3.150,3.320,2.110,3.870,2.960,3,0,23.800,22,0,3.260,2.420,5,2.770,4.410,2.900,1.160,2.989
BDI0376,4.000,3.290,2.310,3.990,3.100,3.070,3.410,2.990,3.960,5,349,23.100,24,1,2.430,2.670,6,3.880,3.690,2.630,1.930,3.256
BDI0377,3.390,3.650,3.590,2.890,2.630,2.280,2.760,2.670,3.810,4,190,32.100,21,1,4.110,3.140,10,2.290,2.850,2.560,12.540,3.467
BDI0378,7.900,3.370,2.760,2.720,2.670,3.740,2.510,3.760,3.230,1,160,25.600,19,0,3.050,2.960,6,3.270,3.220,2.880,18.100,3.235
BDI0379,4.470,2.050,2.410,3.260,2.850,2.810,3.460,2.650,3.090,0,339,22.800,18,1,2.340,1.820,7,2.950,3.100,1.970,0.500,3.692
BDI0380,7.450,3.110,2.430,2.170,2.890,2.190,4.030,2.790,3.530,1,240,23.700,18,0,3.000,3.020,3,1.890,4.580,2.780,13.260,3.590
BDI0381,2.220,3.070,2.170,3.180,2.410,2.600,2.480,3.420,3.510,0,202,20.200,18,1,2.680,2.180,3,3.370,2.160,3.690,3.350,3.239
BDI0382,6.290,3.360,2.730,2.940,3.880,2.540,4.390,2.560,1.770,4,449,25.800,28,1,4.390,3.270,6,3.530,3.970,3.740,5.010,2.928
BDI0383,3.600,4.370,2.950,3.450,3.160,2.880,4.000,3.260,2.240,4,213,20.800,26,1,3.140,2.940,22,2.970,3.620,3.370,2.160,2.238
BDI0384,2.750,3.260,2.490,2.720,3.080,2.930,3.200,2.900,2.630,1,192,27.600,18,1,3.590,3.080,4,2.690,3.290,3.400,4.610,2.271
BDI0385,2.100,3.820,2.950,2.060,3.190,2.890,2.060,3.020,3.540,5,199,25.300,21,0,2.950,3.500,8,3.270,2.860,3.410,0.780,2.200
BDI0386,4.450,2.190,4.100,3.490,2.200,2.660,3.660,3.100,3.570,3,163,24.500,18,1,3.370,3.300,10,4.060,2.980,2.560,9.040,2.876
BDI0387,1.830,2.660,2.090,2.260,2.230,2.230,3.030,3.000,2.690,2,24,29.100,19,1,3.340,2.880,7,2.630,2.730,3.240,1.870,2.341
BDI0388,6.530,2.520,4.000,2.610,3.570,3.230,3.290,3.320,2.620,4,235,23.800,18,0,3.570,3.170,15,2.780,2.880,3.000,15.790,3.542
BDI0389,2.010,2.020,3.050,3.300,3.430,2.990,3.520,3.230,3.580,4,315,24.600,19,1,3.200,3.040,10,2.470,2.780,2.910,3.940,3.508
BDI0390,5.460,2.910,2.440,1.240,3.110,3.700,2.830,2.470,3.730,1,21,26.600,22,0,1.900,3.500,2,3.200,3.080,3.700,5.670,2.271
BDI0391,3.180,4.130,2.620,2.800,2.860,2.800,2.550,3.290,3.740,3,201,28.700,18,1,1.540,3.880,10,3.230,3.110,3.110,0.400,3.748
BDI0392,4.040,4.010,3.870,2.730,2.980,2.680,3.720,3.300,3.650,2,199,24.600,24,1,2.440,3.790,2,3.640,3.300,3.450,7.570,2.916
BDI0393,4.630,3.320,2.970,2.880,3.350,2.630,2.730,2.810,2.760,1,57,17.100,18,1,2.530,3.710,5,3.130,2.490,2.710,3.560,2.617
BDI0394,4.100,1.500,3.480,3.310,2.630,2.400,3.140,3.730,3.070,7,122,30.700,18,0,3.970,3.270,12,3.860,2.550,3.100,4.900,3.161
BDI0395,3.720,3.940,2.560,3.350,3.830,3.280,2.060,3.490,3.770,3,202,26.000,26,1,3.010,3.200,7,3.480,3.430,2.760,1.050,3.005
BDI0396,4.770,4.680,3.580,2.750,3.340,2.140,3.030,2.260,3.600,1,280,27.400,26,1,2.130,2.630,7,2.350,3.140,2.760,0.880,2.900
BDI0397,5.610,2.860,3.190,2.000,3.090,2.880,2.730,2.100,2.020,3,177,19.300,20,0,1.870,2.900,11,2.080,2.670,1.950,13.450,2.716
BDI0398,1.370,2.350,2.980,3.340,2.780,2.530,2.150,2.840,3.040,3,166,24.400,18,1,3.310,3.310,5,2.890,3.100,3.410,1.120,1.486
BDI0399,3.810,2.680,3.810,3.120,3.520,2.510,3.400,3.070,2.740,4,222,29.400,21,0,2.360,3.350,11,2.830,3.000,2.760,6.220,3.588
BDI0400,5.450,2.400,3.320,2.330,3.030,3.520,2.730,4.130,2.530,3,165,22.600,21,1,4.070,3.920,13,3.080,3.210,3.160,12.470,3.568
BDI0401,3.770,2.770,3.280,3.490,3.030,3.030,3.570,3.580,3.650,5,369,27.900,18,0,2.330,3.000,14,3.600,3.450,2.760,7.940,2.825
BDI0402,1.350,2.930,2.790,2.910,2.730,2.950,2.230,2.070,3.170,3,85,24.500,20,1,3.260,2.320,5,3.730,2.490,2.680,0.380,3.815
BDI0403,2.160,3.630,3.050,2.260,1.990,2.470,2.280,3.510,2.600,2,126,21.100,21,0,2.890,2.480,4,2.660,2.820,2.490,3.770,3.002
BDI0404,3.480,3.910,3.310,2.560,2.560,3.640,2.760,3.140,4.730,5,356,20.200,21,1,2.760,4.300,10,2.490,3.290,2.350,1.120,3.289
BDI0405,6.390,3.810,3.120,2.100,2.840,2.380,2.920,2.490,3.250,3,52,28.300,20,0,4.780,2.810,5,3.140,2.710,2.700,7.340,2.271
BDI0406,3.030,2.260,2.440,3.120,2.330,2.640,2.580,3.000,2.180,2,293,26.600,24,1,2.360,1.960,11,3.040,4.060,2.820,0.450,2.925
BDI0407,5.150,2.420,3.150,3.380,2.100,2.820,3.120,2.760,3.170,1,316,22.900,20,0,3.690,3.160,4,3.990,2.850,2.910,2.790,2.956
BDI0408,3.600,2.300,1.910,2.300,3.460,3.250,3.220,3.980,2.960,4,0,18.400,19,0,3.600,3.810,8,3.280,2.660,2.450,4.070,2.803
BDI0409,0.900,3.690,3.260,3.060,3.540,3.080,2.270,2.360,2.750,2,0,23.800,23,0,2.050,4.160,9,2.950,2.970,1.270,1.840,2.639
BDI0410,4.280,3.160,3.030,3.160,3.120,3.460,4.550,2.650,4.570,4,392,26.200,23,1,3.330,3.610,15,3.130,3.110,3.010,4.530,3.641
BDI0411,5.030,2.480,2.970,3.010,1.810,4.170,2.750,2.060,3.270,7,76,30.500,18,0,3.030,3.210,2,2.920,3.490,3.400,1.010,3.801
BDI0412,1.890,3.170,2.370,2.640,4.330,3.080,2.540,4.380,4.000,1,198,28.900,18,1,1.210,3.300,6,3.500,3.000,3.110,1.260,2.410
BDI0413,2.710,3.360,3.490,2.640,2.990,3.790,3.290,3.010,2.180,5,25,25.000,18,0,3.760,2.720,5,2.210,2.630,2.770,4.490,2.312
BDI0414,2.670,3.160,2.650,2.770,3.150,3.010,3.210,2.740,2.180,2,120,15.000,24,1,2.660,2.440,2,2.370,3.090,3.020,3.600,2.639
BDI0415,4.100,3.430,2.890,1.670,3.490,4.060,2.700,3.240,3.760,4,145,19.800,19,0,3.890,2.500,7,3.490,3.070,2.410,8.010,3.416
BDI0416,0.780,1.990,2.840,3.090,3.020,2.950,3.130,3.130,3.460,4,204,19.900,27,0,3.280,2.570,9,1.660,2.780,2.140,0.770,1.514
BDI0417,4.340,2.680,3.180,2.760,3.700,3.160,3.140,2.710,2.940,2,109,26.300,22,0,2.540,2.830,3,3.080,3.190,2.060,3.860,3.390
BDI0418,3.040,3.050,2.320,2.390,3.030,4.320,3.150,2.930,3.500,5,279,24.600,18,1,2.970,1.650,7,3.250,1.970,2.950,7.490,2.325
BDI0419,2.480,1.680,3.150,3.230,3.610,3.920,4.020,2.640,2.340,4,83,27.200,19,0,3.720,2.910,4,4.370,3.130,2.110,6.990,1.891
BDI0420,3.720,1.280,2.690,2.510,3.760,2.490,2.870,3.160,3.950,4,66,20.100,20,1,2.870,2.840,18,3.340,2.410,3.930,2.520,3.858
BDI0421,2.740,3.350,1.970,3.220,4.430,2.340,2.220,3.120,2.750,4,17,25.000,23,1,2.970,3.160,4,2.800,3.230,2.760,2.300,2.480
BDI0422,2.130,1.640,3.210,2.540,2.300,3.820,3.000,2.850,2.520,2,236,30.600,19,0,2.860,1.920,2,2.030,2.870,3.240,6.310,1.680
BDI0423,4.850,3.850,2.290,3.110,2.510,3.190,3.480,3.120,3.130,1,125,28.600,21,0,3.230,2.790,11,2.580,3.990,2.210,0.590,2.343
BDI0424,5.490,3.510,3.040,2.980,2.310,3.110,2.620,2.750,2.810,2,137,23.200,18,1,3.660,2.130,3,1.960,2.880,3.020,18.860,3.983
BDI0425,0.870,2.410,2.990,4.070,2.980,2.900,2.420,3.050,3.530,1,253,18.100,21,1,2.810,2.590,12,3.290,2.930,2.450,0.730,2.304
BDI0426,4.210,3.260,3.660,3.340,3.930,3.890,3.970,2.860,3.180,3,230,25.000,23,0,1.970,3.270,4,3.440,3.180,3.450,5.340,3.233
BDI0427,6.060,3.040,2.900,3.010,3.040,2.720,3.550,2.800,2.690,0,358,25.500,24,1,3.460,3.180,20,3.390,2.940,3.270,5.020,3.812
BDI0428,3.590,3.020,2.300,3.600,2.540,3.650,2.590,3.300,2.730,2,139,25.900,24,1,3.500,3.420,7,3.210,2.170,3.710,4.900,3.392
BDI0429,5.990,2.650,3.420,3.760,3.180,2.290,2.720,2.110,3.260,3,233,25.900,22,0,3.570,3.790,4,3.510,2.940,3.270,4.810,3.227
BDI0430,4.900,2.820,3.340,2.540,2.700,3.450,3.120,4.150,4.060,4,81,25.700,22,1,3.850,3.630,4,2.890,2.290,2.300,9.790,3.329
BDI0431,2.890,3.390,3.330,3.250,2.750,1.750,2.920,2.830,3.940,2,164,34.100,23,1,3.140,3.020,10,2.810,3.290,2.780,2.210,3.452
BDI0432,2.240,3.600,4.290,3.140,2.100,2.730,2.430,3.850,3.430,2,297,28.300,18,0,3.000,2.680,8,2.790,3.100,3.560,5.240,3.473
BDI0433,3.890,3.840,2.770,2.000,2.850,2.850,2.250,3.880,3.270,3,155,26.000,24,0,3.840,3.110,10,3.410,2.410,4.050,6.030,3.480
BDI0434,5.000,3.260,3.310,3.230,3.320,3.020,3.920,2.050,3.430,1,117,20.900,19,0,2.930,3.120,12,3.020,3.740,3.850,7.880,3.258
BDI0435,5.530,2.770,2.770,2.160,2.020,3.430,3.040,2.490,2.190,5,189,24.100,22,1,2.870,2.860,19,2.390,3.050,3.700,3.910,3.617
BDI0436,6.510,2.760,2.850,3.070,2.820,2.590,3.160,2.910,3.050,3,288,23.200,26,1,3.080,2.650,4,3.560,3.090,3.490,26.010,3.421
BDI0437,3.430,2.830,3.760,1.990,3.030,2.540,3.250,3.710,3.510,3,38,21.000,25,0,2.550,3.330,6,3.630,2.760,2.410,8.390,1.918
BDI0438,6.230,2.750,3.820,2.990,3.490,3.310,3.400,3.520,3.230,3,281,32.400,18,1,4.180,3.490,18,2.180,3.200,3.460,12.770,3.704
BDI0439,5.610,2.630,3.410,3.750,2.990,2.640,2.730,3.540,3.580,1,51,18.600,22,0,3.540,3.150,7,2.720,2.650,2.800,3.550,3.084
BDI0440,5.130,2.950,2.510,1.800,2.560,2.930,3.050,2.940,3.550,3,72,24.100,21,0,2.340,3.200,8,2.000,1.230,2.510,13.400,2.627
BDI0441,3.220,3.410,3.530,3.250,3.220,3.120,2.780,2.390,3.960,4,142,18.200,20,0,3.590,1.620,5,2.720,2.520,3.010,2.560,2.570
BDI0442,4.570,3.490,3.560,3.330,3.510,4.210,2.280,2.630,3.430,1,157,25.800,22,1,3.270,3.960,9,3.540,2.900,2.940,15.190,2.705
BDI0443,5.520,4.020,3.740,3.170,3.600,3.280,2.020,2.310,2.970,4,277,20.900,21,1,3.470,3.120,12,3.780,2.380,4.560,9.620,3.246
BDI0444,2.560,3.280,3.350,3.990,2.840,2.160,2.350,2.650,3.460,4,85,26.700,21,1,2.850,2.870,3,2.760,4.290,2.890,2.620,2.842
BDI0445,5.650,2.980,2.290,2.860,2.500,3.370,2.670,3.250,2.430,3,163,30.100,23,1,3.000,3.090,3,3.710,2.890,3.180,2.140,2.587
BDI0446,3.190,2.910,2.410,3.160,3.390,2.130,2.640,3.370,2.680,2,162,22.900,22,0,3.230,3.480,12,3.530,3.390,3.570,6.130,2.322
BDI0447,0.390,3.050,2.910,2.110,3.480,3.200,2.140,3.350,2.360,3,217,21.300,18,0,2.730,4.310,6,3.350,2.610,3.170,0.340,2.157
BDI0448,4.440,2.220,3.370,1.850,3.000,3.380,2.860,2.220,3.690,4,93,20.300,24,0,3.270,2.260,4,3.000,2.100,2.860,5.360,3.065
BDI0449,5.930,2.460,2.350,3.100,3.290,2.390,1.480,2.150,3.930,0,216,22.300,18,1,2.980,2.760,6,2.650,3.220,2.600,4.480,3.487
BDI0450,3.990,3.330,3.060,3.140,2.600,2.990,2.320,1.970,2.860,0,190,24.400,18,0,3.630,2.310,7,2.410,2.490,2.300,6.400,2.494
BDI0451,5.900,2.760,3.850,3.840,3.250,3.450,4.390,3.010,3.900,5,144,27.000,24,1,2.320,3.940,9,2.780,3.100,3.130,6.580,2.523
BDI0452,0.200,2.750,4.590,3.100,4.090,2.820,3.410,2.360,3.920,4,268,20.800,18,0,2.770,3.510,3,2.660,2.850,3.280,0.160,3.610
BDI0453,4.390,3.140,4.460,2.820,2.670,1.710,2.620,2.450,3.110,4,166,28.600,18,1,3.120,2.720,16,3.410,3.570,3.220,2.420,2.942
BDI0454,3.870,3.010,3.400,3.380,3.270,3.690,3.980,2.370,3.520,6,426,25.600,21,1,3.990,2.850,25,2.970,3.280,3.870,8.390,3.310
BDI0455,2.240,2.140,2.760,3.500,2.630,2.390,3.060,3.920,3.780,2,265,21.900,18,0,3.810,3.710,3,2.970,3.250,3.340,3.380,2.294
BDI0456,5.240,3.070,3.590,2.980,3.420,3.690,3.070,2.840,2.370,2,349,29.400,21,1,3.780,2.780,7,2.630,3.570,2.990,2.630,3.188
BDI0457,1.300,3.010,2.910,3.530,2.680,3.320,2.390,2.350,2.110,3,265,18.500,19,0,2.880,2.540,8,3.080,3.480,3.720,0.500,2.532
BDI0458,4.270,2.870,2.850,3.340,2.000,3.200,1.830,2.650,3.050,3,46,23.000,20,1,3.050,3.520,9,2.490,3.500,3.500,9.060,3.071
BDI0459,6.810,2.900,1.840,2.460,2.180,2.390,3.380,3.000,3.120,3,194,26.000,21,0,2.870,3.860,7,2.650,3.490,3.170,2.640,3.374
BDI0460,5.510,2.040,4.160,3.010,3.060,2.760,2.870,2.750,2.710,4,131,30.600,19,1,3.750,2.480,10,3.330,3.860,2.950,3.620,2.341
BDI0461,4.290,3.580,3.790,2.500,1.960,3.050,3.150,2.240,2.220,3,210,22.800,22,1,1.990,3.030,19,2.100,3.120,2.260,6.090,3.277
BDI0462,3.210,2.920,2.690,2.610,3.490,4.220,3.210,3.500,2.750,3,311,27.200,18,0,3.960,3.500,9,3.150,3.150,2.070,6.040,3.037
BDI0463,6.710,2.870,2.410,3.100,3.400,3.000,3.480,2.920,3.980,0,177,23.600,23,1,2.250,3.090,4,3.360,3.560,3.660,18.640,2.311
BDI0464,3.490,3.050,2.540,3.980,2.760,3.010,3.340,2.760,3.110,6,330,22.400,18,0,2.730,2.900,17,3.010,2.670,2.510,13.710,3.141
BDI0465,5.340,2.660,3.470,3.640,3.320,3.880,3.960,4.060,3.690,3,187,19.800,22,0,3.320,3.550,12,2.440,2.570,4.070,19.950,3.586
BDI0466,3.430,3.810,2.690,2.590,2.550,3.330,3.440,2.930,3.640,2,298,19.500,21,1,3.070,3.140,7,3.620,2.460,3.080,8.110,4.018
BDI0467,4.840,3.430,2.360,2.940,2.720,3.380,2.490,3.090,1.990,2,237,31.900,24,0,1.800,3.580,12,2.770,3.190,3.100,2.060,2.469
BDI0468,5.520,3.450,3.000,3.380,2.900,2.360,3.950,3.260,2.510,4,26,26.900,18,1,2.890,2.420,6,3.480,4.120,3.710,11.600,2.291
BDI0469,3.510,3.840,1.700,2.230,3.710,3.170,3.600,2.620,2.810,1,154,30.200,21,1,3.540,3.920,4,3.440,2.990,2.710,1.360,2.362
BDI0470,3.260,2.820,3.270,2.470,2.390,2.860,3.700,2.980,2.730,4,0,16.800,18,1,3.310,3.290,7,2.750,3.120,2.270,6.410,2.332
BDI0471,6.850,3.020,2.870,2.780,2.670,2.780,2.400,2.690,2.940,4,98,21.400,20,0,3.910,2.020,9,3.540,4.080,2.270,3.940,3.138
BDI0472,3.450,2.640,4.300,3.420,2.570,3.510,3.200,2.220,2.880,3,78,25.900,19,1,3.810,4.090,2,2.550,2.690,3.060,4.440,2.582
BDI0473,4.120,2.370,2.750,3.070,2.720,2.910,3.070,2.600,3.970,4,72,22.700,18,1,1.380,3.120,3,2.380,2.310,2.760,4.510,2.918
BDI0474,9.360,2.890,3.020,3.100,2.120,3.380,3.360,3.350,3.110,3,289,30.300,20,0,3.280,3.100,24,3.150,3.880,3.610,13.360,1.329
BDI0475,5.990,3.940,2.450,3.050,3.640,2.680,2.920,4.040,2.590,4,63,30.800,18,1,3.100,2.560,32,3.380,2.790,3.040,8.280,3.701
BDI0476,4.350,2.390,3.400,3.340,3.710,4.110,3.380,3.150,2.730,4,253,22.700,22,0,2.980,3.090,3,2.640,3.070,3.410,13.450,2.958
BDI0477,2.640,3.320,3.070,2.090,3.070,2.780,2.440,2.240,2.640,3,289,21.200,20,0,2.340,2.820,3,3.080,3.730,3.620,3.670,2.734
BDI0478,4.720,1.910,3.350,2.950,3.700,3.610,3.200,2.620,2.880,5,183,20.500,18,1,2.970,2.810,6,3.360,4.250,2.670,0.960,2.498
BDI0479,3.470,3.490,4.060,3.290,2.250,2.660,3.110,3.600,2.320,2,117,24.800,21,0,3.190,3.010,6,2.990,3.190,2.970,9.380,3.124
BDI0480,2.970,3.190,3.840,3.020,2.420,3.010,2.690,3.510,3.770,3,228,27.500,20,1,3.080,2.590,5,2.180,2.730,3.500,1.570,3.069
BDI0481,2.960,3.410,2.550,3.260,3.070,2.260,3.440,2.070,3.150,2,250,19.900,24,1,2.840,2.760,9,3.890,3.910,3.150,4.910,2.406
BDI0482,5.880,2.930,2.840,3.190,2.750,2.770,2.140,3.090,3.230,5,162,20.100,26,0,2.390,4.140,7,2.750,3.330,3.030,15.900,3.751
BDI0483,5.530,3.260,2.590,1.990,2.980,2.860,2.800,3.570,2.080,1,78,30.200,18,1,2.400,1.640,13,2.860,2.690,3.280,2.720,2.125
BDI0484,4.280,2.770,3.250,3.400,2.950,2.420,3.190,2.260,2.930,2,216,19.600,22,1,4.210,2.560,29,3.140,3.050,3.170,7.620,3.522
BDI0485,3.610,3.200,2.820,3.220,3.190,4.100,3.010,3.560,2.920,3,176,29.700,25,1,2.590,3.450,4,2.950,2.760,3.280,10.810,3.327
BDI0486,5.420,3.460,2.750,2.530,3.160,3.420,3.420,3.960,2.770,5,152,24.400,23,1,3.360,2.980,5,3.170,3.750,3.290,10.690,4.812
BDI0487,5.660,3.560,4.100,3.210,3.130,4.060,2.080,2.560,3.520,3,309,19.200,23,0,3.760,3.640,10,2.880,2.870,3.540,9.870,3.095
BDI0488,5.050,3.810,3.100,3.700,3.440,3.170,3.490,2.950,3.230,2,241,22.900,24,0,4.310,3.380,14,2.910,3.090,3.900,7.470,4.211
BDI0489,1.330,3.370,2.810,3.670,2.950,2.560,3.890,2.440,2.960,3,110,21.100,22,1,3.420,3.200,9,3.020,2.110,2.620,0.990,3.747
BDI0490,6.440,3.280,2.760,2.330,2.540,3.100,2.470,2.780,4.030,3,97,21.100,21,1,1.890,3.880,17,2.360,2.930,3.650,16.600,3.862
BDI0491,4.750,2.950,2.800,3.850,3.550,2.940,3.910,2.410,3.110,4,266,25.300,18,1,2.950,2.080,10,2.180,2.890,2.310,3.540,3.424
BDI0492,6.550,3.020,3.010,2.600,3.210,3.760,4.280,2.820,2.790,3,136,22.600,23,1,3.210,3.710,9,3.760,3.000,3.120,2.800,2.238
BDI0493,5.420,3.370,4.060,3.420,3.010,3.540,3.570,3.570,3.400,2,277,28.100,21,1,2.690,3.120,5,2.410,2.960,3.000,5.660,3.565
BDI0494,7.080,2.220,3.770,2.770,3.860,4.380,3.250,3.170,3.690,4,239,31.200,22,0,3.300,3.180,14,2.480,3.220,3.480,13.030,3.080
BDI0495,4.350,2.330,3.180,1.590,3.430,2.700,1.590,1.960,2.920,3,0,26.200,18,0,1.960,2.410,3,1.680,1.940,2.060,20.220,2.823
BDI0496,4.110,3.590,2.850,2.720,3.550,3.890,2.890,3.100,2.580,3,435,29.200,21,0,2.840,2.440,6,3.760,2.910,2.760,8.520,3.367
BDI0497,4.070,2.210,3.990,3.400,3.180,2.220,3.100,3.140,1.930,2,245,22.500,18,1,3.130,3.070,4,3.830,2.670,3.090,4.990,3.188
BDI0498,4.500,4.540,3.430,2.560,3.270,3.210,2.960,2.740,3.360,3,260,23.100,20,1,2.610,2.950,8,4.290,3.250,3.500,3.500,2.287
BDI0499,4.410,2.760,3.480,3.450,3.190,2.250,2.830,3.520,3.480,3,348,25.800,20,0,2.350,3.110,22,3.670,3.200,2.710,7.190,3.275
BDI0500,3.380,2.570,3.120,3.320,2.240,2.390,3.010,2.620,2.530,4,177,15.000,19,0,2.640,2.070,7,3.650,2.640,2.350,2.880,3.266
BDI0501,4.840,2.660,3.090,3.840,2.020,2.570,4.240,2.750,3.750,4,65,27.500,22,0,2.830,3.590,20,3.260,3.270,2.580,8.300,4.771
BDI0502,3.770,1.630,3.630,2.990,2.650,2.740,2.570,3.170,2.910,1,253,15.900,24,0,2.960,3.110,5,2.350,3.520,2.950,5.120,2.698
BDI0503,5.290,2.550,3.630,2.330,2.550,2.120,3.620,2.610,2.580,2,180,27.900,22,1,2.460,2.080,9,3.160,2.220,3.040,11.830,3.393
BDI0504,8.240,3.040,3.660,3.820,2.610,2.090,3.000,3.170,2.960,2,189,24.400,18,0,3.960,3.110,3,2.980,2.870,2.940,11.540,3.296
BDI0505,2.150,2.240,3.460,2.840,1.970,2.730,2.640,2.880,3.080,1,189,31.800,19,1,3.160,3.080,8,3.500,3.480,2.370,0.300,3.383
BDI0506,4.940,2.950,3.990,4.560,3.130,3.600,3.300,2.950,2.860,0,263,22.100,24,1,2.530,3.270,10,3.790,4.050,3.190,4.170,3.578
BDI0507,4.570,2.830,2.180,3.270,3.450,3.450,2.790,2.200,2.570,5,93,22.300,18,1,3.040,3.170,9,2.730,2.520,3.400,9.140,3.165
BDI0508,1.520,2.020,3.140,3.110,2.360,2.800,1.970,2.080,2.880,5,176,33.300,20,0,2.350,2.440,6,2.360,2.320,2.150,0.600,3.187
BDI0509,3.720,2.080,2.570,1.580,3.200,3.020,2.200,3.220,1.930,3,5,32.400,20,0,2.710,2.720,7,2.610,2.800,3.150,2.180,4.331
BDI0510,2.160,2.540,2.380,2.120,3.040,2.890,2.180,3.970,3.020,4,187,25.400,18,0,2.520,3.400,14,3.110,3.550,2.360,4.330,2.702
BDI0511,4.300,2.800,2.440,3.440,3.090,3.910,3.520,3.350,3.110,4,162,20.900,24,1,2.770,3.000,3,3.010,3.980,3.550,6.880,2.273
BDI0512,3.450,4.320,2.640,2.790,3.250,3.910,2.550,2.790,3.570,3,253,17.500,21,0,3.140,2.540,5,2.890,2.490,3.020,8.570,3.575
BDI0513,1.650,2.850,3.180,3.750,2.620,3.040,2.940,3.290,2.880,4,187,27.000,24,1,3.630,2.840,4,3.530,2.450,3.130,1.600,3.078
BDI0514,3.330,2.090,2.640,1.950,2.320,2.990,3.140,2.440,3.910,3,247,24.600,18,1,3.070,1.880,5,2.650,2.980,3.410,4.180,2.855
BDI0515,3.170,3.320,2.270,3.330,2.180,2.720,3.380,2.840,2.140,4,225,20.700,18,0,2.460,3.770,3,2.870,2.360,4.170,2.010,2.725
BDI0516,3.910,3.260,3.940,3.250,2.450,3.610,2.290,2.820,3.240,5,41,27.900,23,0,2.930,3.750,24,3.300,2.890,2.810,14.090,4.008
BDI0517,1.100,2.940,3.000,3.360,4.080,3.300,3.220,2.920,3.990,0,178,23.700,19,0,2.780,2.850,6,3.530,3.630,3.900,1.630,2.540
BDI0518,5.430,3.830,2.390,3.430,3.520,3.250,2.850,3.140,2.860,3,318,23.300,18,1,2.280,3.050,3,2.370,2.950,2.450,3.000,3.012
BDI0519,5.520,3.750,2.380,2.600,3.710,3.410,2.400,2.990,2.580,4,160,18.700,19,0,3.100,3.370,16,2.100,3.540,2.680,2.670,2.815
BDI0520,4.310,2.620,2.140,2.620,2.650,4.140,3.080,2.210,2.200,3,211,23.500,18,1,2.390,3.390,3,3.310,1.910,2.240,2.330,2.241
BDI0521,5.780,3.040,2.840,2.820,4.600,3.050,2.450,2.640,2.590,4,259,28.100,20,0,3.030,3.750,36,3.300,3.080,2.360,3.090,2.370
BDI0522,4.550,3.570,2.050,2.980,2.080,3.320,3.450,2.500,2.960,1,198,25.500,20,0,3.470,3.480,15,3.040,3.180,2.950,0.900,3.247
BDI0523,5.130,3.720,3.480,3.160,2.970,3.680,3.280,2.630,3.740,3,94,23.400,23,1,3.260,2.300,5,3.230,3.240,2.040,4.210,2.853
BDI0524,2.600,3.530,2.300,2.710,3.150,2.340,3.330,3.250,2.100,2,65,16.500,18,0,3.550,2.510,3,3.380,2.460,2.930,4.190,2.623
BDI0525,4.580,3.000,3.960,3.940,3.160,2.710,3.220,2.870,3.070,5,332,25.200,25,0,3.850,4.450,26,3.180,2.600,3.880,3.670,2.919
BDI0526,1.050,2.310,2.170,1.950,3.250,2.450,2.270,2.520,1.640,0,25,16.500,18,1,1.740,3.070,3,2.860,3.590,2.370,1.440,2.856
BDI0527,1.390,3.250,1.990,3.370,2.920,1.770,2.570,3.140,1.420,1,121,18.900,18,0,2.740,1.630,4,3.090,1.850,3.640,0.370,2.534
BDI0528,2.910,2.800,3.980,2.790,2.130,2.610,3.590,3.900,3.480,4,143,28.200,25,1,2.180,2.080,7,2.130,3.350,3.550,1.940,2.963
BDI0529,0.200,3.660,3.360,3.030,2.870,3.000,2.520,3.650,2.250,1,296,30.700,19,0,3.170,2.790,7,2.850,2.860,3.300,0.510,3.057
BDI0530,4.660,3.960,2.990,3.080,3.890,3.170,3.470,2.930,2.650,1,270,23.800,22,0,2.900,2.800,14,4.070,5.000,3.240,9.850,3.408
BDI0531,4.220,2.440,2.890,3.500,3.280,3.130,3.070,2.780,3.410,2,383,24.300,21,0,3.530,3.270,3,2.280,1.680,3.980,9.870,4.018
BDI0532,2.820,2.740,2.840,3.180,3.170,2.450,2.000,2.840,2.420,1,167,25.700,19,0,3.150,3.440,13,3.460,3.040,2.660,2.970,3.522
BDI0533,0.200,1.700,3.070,2.950,2.660,2.320,3.160,2.620,2.630,1,211,24.800,19,0,3.720,3.470,3,2.760,3.680,2.730,0.290,2.590
BDI0534,7.710,3.170,2.910,2.470,3.290,3.550,2.760,1.690,3.650,5,297,25.300,21,1,4.150,3.250,13,3.160,3.310,2.520,16.010,2.970
BDI0535,6.290,3.380,3.030,2.820,3.240,3.190,2.840,2.430,3.150,5,278,20.000,22,0,3.550,2.860,10,2.720,3.070,3.380,1.680,2.755
BDI0536,0.200,3.120,2.680,2.280,2.740,3.070,1.660,2.660,3.220,2,22,17.800,20,0,2.680,3.930,6,2.620,3.070,2.710,0.130,3.243
BDI0537,1.730,2.800,2.970,3.200,3.690,2.260,3.020,3.230,2.360,5,143,20.200,19,1,3.430,4.340,1,2.710,2.780,3.760,2.550,3.438
BDI0538,0.200,3.230,2.950,3.610,2.690,2.570,2.880,3.000,2.230,2,122,24.800,18,0,3.380,2.950,4,2.440,2.940,3.800,0.170,2.863
BDI0539,3.380,2.660,3.020,2.510,3.590,2.860,2.870,2.030,3.150,4,149,18.700,23,0,2.200,2.390,4,3.680,2.380,3.090,5.950,3.008
BDI0540,4.720,1.910,3.150,3.170,2.960,2.550,3.150,2.800,2.400,3,97,15.800,18,1,3.660,3.170,11,2.450,2.830,2.760,4.540,2.948
BDI0541,1.670,2.980,3.680,2.320,2.380,2.280,3.500,2.230,3.440,1,154,19.600,22,0,3.090,3.530,11,3.560,4.050,3.600,3.580,2.392
BDI0542,7.350,2.590,2.690,3.270,2.310,3.000,3.760,2.770,3.520,3,53,17.800,21,1,2.540,3.280,10,2.720,3.120,2.110,24.650,3.684
BDI0543,4.780,3.020,2.880,2.790,2.740,2.880,2.270,2.880,2.890,6,164,17.400,19,1,4.360,3.250,5,2.870,2.510,2.590,5.690,4.235
BDI0544,2.610,2.660,3.450,2.920,3.440,3.510,2.630,3.440,2.940,3,257,25.500,24,0,3.880,1.950,6,2.810,2.980,2.170,5.620,3.397
BDI0545,1.970,1.350,3.480,2.290,2.440,2.080,3.270,3.280,1.980,3,92,18.200,18,0,2.850,3.150,5,3.430,2.490,3.150,3.340,3.145
BDI0546,1.770,2.870,2.560,1.180,2.020,3.580,3.440,3.660,2.570,0,287,22.100,18,0,2.980,2.830,7,3.130,2.610,3.700,1.170,2.301
BDI0547,0.250,2.680,3.520,2.990,2.610,2.110,2.600,2.150,2.940,2,76,18.400,19,1,3.060,3.160,5,3.400,2.790,3.420,0.200,2.423
BDI0548,3.430,2.850,3.380,3.290,2.840,3.610,2.500,4.190,2.410,6,298,27.200,25,1,2.380,2.640,7,3.160,3.740,3.000,2.680,3.961
BDI0549,3.030,2.260,3.130,1.580,3.050,1.870,3.780,2.380,3.260,4,171,24.200,18,1,2.790,2.730,7,2.040,3.090,3.980,0.300,2.935
BDI0550,3.010,2.420,3.150,2.120,3.200,2.740,3.610,3.090,2.790,2,208,16.800,23,0,2.140,2.860,12,2.580,2.400,3.750,2.950,1.853
BDI0551,7.870,3.010,3.010,3.520,2.420,2.940,3.970,2.380,2.120,4,253,27.800,22,1,3.600,2.680,12,3.510,2.350,2.780,5.150,3.457
BDI0552,5.160,2.730,3.120,2.650,2.970,3.430,3.030,2.720,2.510,2,151,16.700,18,1,2.160,2.120,13,1.830,2.600,2.570,15.430,2.338
BDI0553,2.140,2.580,3.720,2.480,3.540,3.300,2.140,3.130,2.550,1,76,24.300,18,1,2.810,3.540,4,2.950,2.310,3.160,1.110,3.653
BDI0554,6.060,3.160,2.670,3.420,2.620,3.810,3.300,3.930,2.500,4,318,21.500,21,1,3.160,2.730,11,3.330,2.650,2.870,6.670,2.977
BDI0555,3.080,4.280,2.870,3.050,3.850,3.410,2.650,3.500,3.570,5,166,21.700,20,0,2.610,3.800,9,2.980,2.520,2.570,1.870,2.144
BDI0556,2.860,1.760,2.090,3.710,3.120,2.490,2.360,2.120,2.700,2,85,22.100,18,0,2.010,3.400,5,3.660,2.270,3.050,1.040,2.997
BDI0557,7.700,3.740,3.450,3.500,3.280,3.740,4.100,2.720,2.600,3,210,25.100,24,0,3.180,3.020,9,4.110,3.300,3.520,8.360,3.334
BDI0558,4.460,2.570,1.420,2.690,3.710,3.410,2.490,3.460,2.870,6,155,20.900,22,1,3.750,2.770,15,2.840,3.290,3.500,7.530,2.971
BDI0559,8.010,2.630,2.660,3.370,2.100,3.980,3.710,3.320,2.990,4,112,17.000,18,1,3.180,2.490,6,1.980,2.600,2.420,19.650,2.529
BDI0560,3.900,2.780,2.440,2.780,2.410,3.820,3.290,2.840,2.630,4,66,25.600,19,0,3.010,3.150,9,3.410,2.780,3.330,2.970,2.741
BDI0561,3.740,2.410,3.000,3.150,3.000,3.140,3.670,2.590,3.200,6,272,22.600,23,0,2.920,2.680,18,3.330,2.660,2.980,1.470,2.259
BDI0562,1.460,3.180,3.420,3.070,2.900,2.240,2.600,2.530,2.320,2,20,15.200,18,1,2.420,2.410,8,2.660,2.810,2.930,1.570,2.773
BDI0563,3.150,2.730,2.530,3.870,2.630,2.360,3.390,2.490,3.070,3,106,18.000,21,1,3.640,3.070,7,2.540,2.310,2.990,3.640,2.940
BDI0564,4.840,3.380,3.230,4.190,2.710,2.850,3.000,2.850,3.010,6,373,25.300,19,1,3.170,3.280,9,2.660,2.970,3.770,0.100,3.220
BDI0565,2.320,3.030,3.340,3.580,2.880,2.280,3.200,3.300,3.030,1,73,20.400,19,0,4.050,3.950,11,3.200,3.490,2.380,0.290,1.431
BDI0566,6.080,2.920,2.340,3.380,2.050,3.470,3.630,3.010,2.550,3,166,27.300,23,1,3.090,3.330,9,3.710,3.400,3.120,6.430,3.654
BDI0567,4.930,1.950,2.270,3.040,2.830,3.020,2.610,2.150,2.470,3,179,18.300,24,0,2.870,2.600,9,3.170,3.240,3.330,0.980,3.532
BDI0568,2.810,3.140,2.180,1.590,2.580,3.370,3.590,2.730,2.620,2,153,26.700,18,0,3.010,3.230,3,2.580,2.770,1.710,5.930,2.221
BDI0569,6.320,3.470,3.210,2.580,3.120,3.540,2.890,3.490,2.870,3,71,20.600,18,1,2.850,4.050,25,3.500,3.440,3.410,19.550,3.785
BDI0570,4.180,4.030,3.510,3.700,3.530,3.310,3.730,3.160,2.370,3,288,27.300,19,0,3.090,3.260,25,2.260,2.820,3.390,6.120,3.907
BDI0571,6.460,3.390,4.140,3.310,3.940,3.180,2.900,4.380,3.320,6,138,30.600,24,1,4.200,2.350,18,2.860,2.730,2.870,1.160,3.751
BDI0572,7.380,2.970,3.990,3.750,3.360,3.420,3.860,3.530,3.470,3,193,19.700,18,0,1.790,3.960,20,3.290,3.610,3.950,1.060,2.579
BDI0573,0.200,2.940,3.480,2.020,2.200,2.920,2.390,2.430,3.040,1,168,21.300,19,1,2.820,3.740,6,2.820,2.890,3.550,0.480,2.948
BDI0574,0.780,3.280,3.840,3.810,3.400,3.450,2.390,2.500,2.280,1,308,26.200,21,1,2.360,3.710,13,3.770,2.620,3.520,1.930,2.260
BDI0575,5.580,2.920,1.830,2.640,3.880,3.440,3.230,2.420,2.800,1,0,27.900,24,0,2.200,3.230,6,2.410,2.450,2.300,7.380,3.445
BDI0576,3.180,3.340,3.740,2.190,2.630,3.530,2.810,3.090,2.910,1,273,20.000,19,0,2.400,2.010,6,2.240,2.510,3.430,5.410,2.596
BDI0577,6.640,2.300,2.840,3.090,3.410,2.890,3.300,3.670,3.450,4,247,18.500,20,1,2.690,3.400,9,3.340,2.860,3.830,3.450,2.120
BDI0578,4.660,3.340,3.850,2.360,2.340,3.250,2.550,3.480,1.620,2,102,22.400,21,0,2.910,2.230,8,3.200,2.630,2.540,1.270,2.886
BDI0579,4.970,2.680,2.910,3.020,3.180,3.220,2.410,3.090,2.350,3,331,18.200,23,0,2.690,2.190,4,3.830,2.010,1.710,22.700,2.252
BDI0580,5.640,3.530,2.880,3.930,2.980,2.310,2.890,2.860,3.110,4,172,17.100,19,1,3.670,2.800,5,2.510,2.750,2.260,3.950,2.645
BDI0581,2.610,2.840,3.120,2.390,3.830,3.860,3.770,1.560,2.820,2,154,19.100,22,1,2.690,2.920,4,2.960,1.810,2.060,4.030,3.472
BDI0582,2.770,2.310,2.290,3.680,4.410,3.220,2.550,2.170,3.130,5,238,25.500,18,1,3.510,2.820,7,3.710,2.910,2.190,2.270,3.514
BDI0583,6.080,2.610,2.030,4.160,3.870,3.470,2.960,2.840,2.170,5,233,28.500,18,1,2.350,2.350,17,4.030,3.210,3.270,5.520,2.123
BDI0584,3.650,1.940,2.970,2.130,3.380,2.660,3.350,3.830,3.320,3,225,25.700,18,0,3.350,2.870,10,2.220,3.190,2.600,4.930,2.928
BDI0585,3.740,3.850,3.430,2.630,2.400,2.750,3.370,3.180,3.460,4,166,22.500,18,1,3.400,2.640,4,3.380,4.400,3.170,3.050,3.021
BDI0586,6.280,2.820,3.550,2.630,2.790,2.290,3.490,2.460,3.130,4,41,27.500,18,0,3.170,2.780,7,2.950,3.130,2.960,6.690,2.912
BDI0587,2.730,2.290,3.040,3.840,3.130,4.250,2.790,2.210,2.930,3,238,25.100,18,1,3.550,3.150,5,2.410,3.430,2.920,6.580,2.541
BDI0588,4.510,2.990,3.500,2.660,2.520,3.320,2.590,3.800,4.440,3,85,22.200,20,0,2.350,3.220,5,2.790,3.150,2.660,5.850,2.964
BDI0589,5.810,2.500,2.820,3.660,2.890,3.210,2.190,2.670,3.740,1,263,24.700,23,0,2.800,2.850,5,2.300,3.060,3.720,3.350,2.939
BDI0590,3.140,3.110,3.280,3.100,3.040,3.560,3.050,3.380,2.860,2,223,21.200,18,0,3.980,3.470,19,2.120,3.690,2.110,10.280,2.276
BDI0591,5.250,1.930,3.290,3.150,3.000,3.040,3.020,2.860,3.130,3,183,15.000,19,0,3.490,2.010,5,2.770,2.580,3.970,3.740,3.064
BDI0592,5.650,3.090,3.230,2.440,2.950,2.310,2.740,3.530,3.690,3,326,29.500,21,0,2.490,2.600,21,3.220,3.380,3.540,11.950,3.434
BDI0593,5.060,3.180,3.390,2.950,3.440,3.070,3.760,3.730,3.480,2,106,23.000,18,0,2.770,3.610,22,3.190,3.050,3.500,2.370,2.278
BDI0594,0.660,2.580,3.520,2.040,2.990,2.910,2.110,2.500,2.740,2,51,22.100,18,1,3.470,3.730,24,2.700,2.170,2.000,0.370,3.177
BDI0595,5.980,2.390,2.620,2.410,1.710,4.420,1.890,2.790,3.450,1,204,21.700,18,0,3.560,3.420,15,3.650,3.480,1.510,10.470,2.733
BDI0596,4.730,3.000,1.660,3.550,2.170,2.530,3.260,2.520,2.430,1,169,20.200,21,1,2.690,2.920,4,3.460,3.380,3.470,0.500,2.471
BDI0597,3.020,2.100,3.310,2.810,2.750,2.330,2.720,2.770,1.960,0,80,20.000,24,0,2.440,3.050,8,3.210,3.430,2.340,2.080,2.426
BDI0598,1.640,3.570,1.950,2.260,2.180,2.960,3.790,1.790,3.520,1,7,26.700,18,0,2.470,2.590,9,3.000,3.510,2.280,0.320,2.728
BDI0599,4.000,3.230,2.870,2.920,2.100,2.410,3.280,2.680,3.340,2,150,26.800,19,1,2.410,2.830,5,3.660,3.260,3.180,1.690,2.864
BDI0600,4.320,2.420,3.420,3.090,3.590,2.960,3.110,3.690,2.280,2,132,21.900,24,1,2.320,4.130,6,2.880,3.510,3.490,3.940,3.785
