participant_id,number_of_moves,age_at_first_move,previous_transitions,age_years,first_generation_college,living_on_campus,distance_home_miles,parental_attachment,perceived_social_support,friendship_quality,campus_belonging,ego_resiliency,emotion_regulation,coping_self_efficacy,depressive_symptoms,anxiety_symptoms,loneliness,academic_stress,financial_stress,parent_contact_days_week,childhood_adolescent_move_history,homesickness_score_1_5
HOM0001,1,6,2,20,1,1,229.500,2.940,2.240,3.950,3.110,3.500,2.730,1.990,2.980,2.420,2.700,2.370,2.450,3,1,3.131
HOM0002,5,1,2,22,0,0,5.000,2.970,3.190,3.190,2.370,2.120,3.030,2.940,3.000,2.800,3.630,1.900,3.260,2,1,3.832
HOM0003,0,0,2,21,1,1,222.800,3.040,3.400,2.470,2.150,3.100,2.660,2.600,2.600,2.330,2.950,2.470,1.870,4,0,3.869
HOM0004,0,0,2,18,0,1,56.700,2.940,3.630,2.580,2.450,3.000,4.160,2.970,3.450,3.510,3.450,2.480,3.270,4,0,2.827
HOM0005,0,0,0,18,1,0,162.300,2.580,3.450,3.880,2.420,2.930,2.370,3.370,2.570,3.910,2.700,3.560,3.630,4,0,2.927
HOM0006,2,6,1,19,1,1,254.000,2.340,2.850,3.290,2.970,3.800,1.820,3.300,3.090,1.810,2.740,3.190,4.060,1,1,4.724
HOM0007,2,1,1,23,0,0,176.100,2.290,2.640,3.410,3.030,2.960,3.100,2.270,2.720,2.590,2.850,2.640,2.720,6,1,2.961
HOM0008,5,14,3,22,0,1,150.100,3.230,2.850,3.420,2.340,3.670,3.630,5.000,3.040,3.120,3.980,3.710,3.530,3,1,3.298
HOM0009,1,17,1,19,0,1,23.200,2.910,2.640,1.890,2.430,2.410,3.480,3.850,1.390,3.540,2.140,3.100,3.130,2,1,2.670
HOM0010,0,0,1,20,1,0,209.000,2.600,3.180,3.270,3.010,2.300,3.530,2.580,2.630,2.470,2.650,3.090,1.290,5,0,4.068
HOM0011,4,2,1,18,0,0,289.200,2.840,3.070,2.970,2.810,2.890,1.820,3.710,3.360,3.280,2.280,3.160,2.910,5,1,1.050
HOM0012,3,17,0,20,1,0,353.300,3.500,2.310,2.950,3.170,2.760,2.980,2.940,2.770,1.760,3.330,3.830,1.780,3,1,2.075
HOM0013,0,0,3,19,0,0,178.000,2.990,3.020,3.200,2.700,2.730,3.490,3.270,2.380,1.880,3.180,2.280,1.390,2,0,2.619
HOM0014,0,0,2,20,1,1,297.500,2.910,2.930,2.910,3.290,3.730,2.790,3.150,2.070,3.480,2.940,2.420,2.370,4,0,3.272
HOM0015,0,0,1,18,0,0,156.000,2.680,3.060,2.720,3.600,3.540,2.190,1.180,2.800,2.610,2.410,1.390,3.580,1,0,3.805
HOM0016,0,0,1,21,0,0,5.000,2.620,2.730,3.090,2.890,2.120,2.180,2.510,2.510,2.240,2.520,3.050,1.910,3,0,2.783
HOM0017,0,0,2,24,1,0,53.800,3.250,3.250,3.620,3.580,2.860,4.120,3.560,2.980,3.200,3.520,3.120,4.030,4,0,2.986
HOM0018,1,1,0,20,1,1,10.000,2.430,3.530,2.740,2.640,3.500,2.940,3.240,2.720,2.970,2.430,3.710,4.090,3,1,2.964
HOM0019,0,0,3,20,0,1,211.300,2.950,3.220,1.760,2.380,3.370,3.350,3.020,2.840,3.970,2.410,3.660,2.830,4,0,3.810
HOM0020,2,7,2,20,1,0,330.100,4.260,2.860,2.810,3.210,3.090,4.300,3.840,3.230,2.800,2.870,2.600,2.860,2,1,3.288
HOM0021,2,2,3,20,1,0,274.000,4.090,2.800,2.860,3.470,2.730,2.500,3.830,3.330,1.990,3.540,2.860,4.320,4,1,2.334
HOM0022,1,5,1,18,1,0,101.200,2.450,2.440,3.140,2.650,3.280,2.570,1.700,2.820,2.800,3.240,3.150,3.080,1,1,2.982
HOM0023,0,0,2,20,0,1,94.600,3.570,3.160,3.780,3.890,2.540,3.570,3.780,2.410,4.050,2.140,2.360,2.380,2,0,2.959
HOM0024,0,0,0,22,0,0,160.100,1.990,3.120,2.710,2.400,1.840,2.140,2.550,3.500,1.960,3.110,3.410,2.620,3,0,3.034
HOM0025,1,10,2,19,1,1,52.100,3.190,3.340,2.120,2.450,3.260,3.320,2.790,2.830,3.000,2.680,2.520,2.010,0,1,1.516
HOM0026,0,0,1,20,0,0,101.200,2.130,2.470,3.900,2.640,3.790,3.450,3.200,3.920,1.920,3.580,3.190,3.350,4,0,2.481
HOM0027,0,0,2,18,1,1,187.700,2.890,2.540,3.400,2.740,3.100,2.720,2.710,2.810,3.540,2.600,2.580,2.240,2,0,3.133
HOM0028,1,16,2,19,1,1,5.000,3.570,3.130,1.660,3.560,3.360,3.170,2.240,2.270,3.010,3.460,2.340,3.470,4,1,2.095
HOM0029,2,8,3,21,1,1,99.800,3.190,3.560,3.140,4.130,3.300,3.140,2.770,3.370,2.580,2.870,3.540,3.360,4,1,3.070
HOM0030,0,0,1,22,0,0,71.600,2.020,2.660,2.630,2.030,2.840,3.340,2.210,4.450,3.000,3.570,2.340,2.140,2,0,3.326
HOM0031,2,5,2,19,0,1,72.700,3.710,2.380,2.370,3.100,2.720,3.260,2.520,2.580,3.160,1.980,3.080,1.750,2,1,3.019
HOM0032,0,0,1,23,0,1,16.700,2.700,3.540,3.120,2.130,2.930,2.710,2.820,2.530,2.940,2.490,2.950,3.390,3,0,3.034
HOM0033,1,15,1,21,0,1,326.700,4.090,2.650,2.560,3.330,3.270,3.750,2.870,2.480,3.070,3.350,2.960,3.530,4,1,2.913
HOM0034,3,9,1,21,0,1,171.600,3.240,2.790,2.960,3.070,3.280,3.300,2.980,3.560,2.830,2.840,2.460,3.860,3,1,3.745
HOM0035,3,14,3,22,1,1,307.100,3.330,3.930,3.220,4.250,3.500,4.310,3.800,3.090,3.850,4.190,2.920,4.120,5,1,2.527
HOM0036,0,0,3,20,1,1,360.100,2.680,2.510,3.750,3.310,3.160,3.500,2.750,2.300,3.120,4.000,3.180,3.020,3,0,4.100
HOM0037,4,16,2,21,1,1,128.100,3.770,2.890,2.200,2.530,3.680,4.020,1.910,4.410,3.090,2.690,3.310,2.800,4,1,3.273
HOM0038,0,0,0,21,0,0,141.300,3.230,2.360,2.740,2.230,2.350,2.010,1.630,2.290,1.390,3.040,2.120,2.650,3,0,2.820
HOM0039,0,0,4,19,0,1,151.600,2.750,3.040,3.630,2.980,3.140,3.250,3.660,3.020,4.050,3.530,2.640,2.850,2,0,2.862
HOM0040,0,0,1,20,0,1,85.800,2.460,3.410,2.650,2.860,4.130,2.870,3.670,3.780,2.930,2.130,3.600,3.260,3,0,2.537
HOM0041,3,6,1,22,1,0,242.300,3.520,2.520,2.490,2.880,3.570,2.680,2.920,1.820,3.640,3.370,2.930,1.980,4,1,1.893
HOM0042,0,0,3,19,1,1,263.100,2.160,3.320,3.470,4.150,2.130,2.770,3.010,2.810,2.200,3.490,3.370,2.770,4,0,2.049
HOM0043,0,0,2,20,1,1,259.100,4.050,3.830,3.530,2.860,4.420,3.090,3.910,3.350,2.330,3.300,3.660,4.110,2,0,3.035
HOM0044,0,0,1,19,0,1,322.400,3.450,3.220,2.800,3.350,2.650,2.350,2.840,3.630,2.890,4.020,3.460,2.600,5,0,3.317
HOM0045,0,0,2,22,0,0,231.500,2.470,3.280,2.600,3.010,2.940,3.830,3.010,3.920,3.120,2.140,3.330,2.370,5,0,2.470
HOM0046,1,15,3,18,0,0,258.000,2.650,3.150,3.350,2.830,2.540,3.330,3.570,3.410,2.910,3.470,2.380,3.510,4,1,2.621
HOM0047,0,0,0,21,1,0,398.200,3.580,4.620,4.390,2.080,3.450,3.040,2.590,1.680,4.110,3.130,2.670,3.470,6,0,3.856
HOM0048,3,10,1,18,1,1,296.900,2.580,2.650,1.550,1.740,3.340,3.330,2.940,3.540,2.320,2.490,3.480,2.230,4,1,3.146
HOM0049,3,14,2,22,0,0,27.000,2.310,3.670,3.300,3.150,2.160,4.440,3.530,2.390,3.290,2.080,3.560,2.890,4,1,3.066
HOM0050,3,7,2,20,1,1,318.700,3.020,3.360,3.190,3.580,2.690,3.750,4.460,4.300,3.500,2.770,3.710,3.940,4,1,3.125
HOM0051,0,0,1,19,0,1,301.700,2.840,4.320,4.390,3.360,3.140,2.920,4.030,2.810,2.420,4.340,2.070,3.280,5,0,2.590
HOM0052,0,0,0,20,0,0,86.600,2.900,1.740,2.440,2.980,3.590,2.750,2.820,1.580,2.390,3.670,3.270,2.330,2,0,3.168
HOM0053,0,0,0,18,0,0,75.400,3.410,2.670,2.330,2.790,3.020,3.300,1.730,1.860,2.400,2.200,2.450,2.130,5,0,2.384
HOM0054,2,4,2,20,1,0,160.700,3.210,3.370,3.180,3.890,3.780,4.020,2.730,2.860,2.610,2.850,4.090,2.610,5,1,2.844
HOM0055,2,4,2,18,0,0,5.000,4.500,2.550,3.350,3.710,3.470,3.290,2.280,2.150,4.000,2.120,3.840,3.630,3,1,2.709
HOM0056,0,0,1,21,1,1,232.600,2.640,3.160,2.750,2.940,3.610,3.230,2.980,4.170,2.300,3.440,2.970,3.070,2,0,3.249
HOM0057,0,0,1,19,0,0,215.500,3.490,4.000,3.060,3.060,3.050,3.710,3.110,4.070,3.190,3.550,3.650,2.610,4,0,2.024
HOM0058,0,0,2,19,1,0,5.000,2.570,3.710,2.530,2.300,2.650,3.100,2.290,2.120,2.660,3.710,3.360,3.520,3,0,3.656
HOM0059,1,1,3,22,1,1,323.500,2.910,2.410,3.220,3.690,4.400,3.880,3.020,2.850,3.840,3.600,3.900,3.310,5,1,3.496
HOM0060,1,5,0,21,0,0,5.000,3.720,1.980,2.520,2.750,2.260,1.860,3.020,1.670,2.450,2.340,2.640,2.140,1,1,2.563
HOM0061,0,0,3,19,0,1,85.700,2.880,3.020,2.570,1.970,2.260,3.290,2.860,2.710,2.710,3.450,3.710,2.890,4,0,3.437
HOM0062,0,0,2,18,1,0,141.300,2.680,2.600,2.430,4.040,2.140,3.340,2.910,1.610,2.620,1.940,2.390,2.610,3,0,3.152
HOM0063,0,0,1,18,1,0,197.100,3.400,3.260,2.850,2.310,1.660,2.770,2.760,2.480,2.190,2.260,1.700,2.850,5,0,2.546
HOM0064,0,0,2,22,1,1,122.800,3.040,3.120,2.890,2.890,2.910,3.320,3.830,2.680,2.600,3.150,3.640,2.530,1,0,2.990
HOM0065,2,17,0,18,0,0,194.400,1.610,2.670,2.340,2.040,2.600,2.770,3.050,3.740,4.280,3.090,2.730,2.200,2,1,3.655
HOM0066,0,0,4,21,0,0,308.600,2.310,3.910,3.620,3.400,4.140,2.780,2.920,2.890,4.150,2.730,1.970,3.020,4,0,2.831
HOM0067,0,0,0,18,0,0,121.200,2.500,3.030,2.150,2.310,3.540,3.220,2.290,2.730,4.130,2.660,1.740,2.120,3,0,2.695
HOM0068,0,0,2,20,1,0,226.300,2.360,2.670,3.170,3.610,2.950,2.660,2.260,3.730,4.610,3.250,3.120,3.280,3,0,3.039
HOM0069,0,0,1,22,1,1,162.000,3.070,3.730,3.630,3.680,3.260,2.320,3.300,3.180,2.150,3.310,3.140,3.440,2,0,2.144
HOM0070,1,8,3,21,0,1,165.500,3.900,4.100,3.970,2.170,2.400,3.440,2.900,3.150,2.880,2.540,3.540,3.690,4,1,3.045
HOM0071,0,0,1,21,0,1,186.500,2.650,1.870,2.640,2.890,2.520,2.940,4.160,3.410,3.520,2.950,3.930,2.520,2,0,2.594
HOM0072,1,11,3,20,0,0,58.500,3.440,2.630,2.380,2.510,2.860,4.060,2.010,3.780,2.630,2.900,3.250,2.720,6,1,3.205
HOM0073,0,0,2,20,1,0,145.000,3.840,3.080,2.880,3.720,3.600,3.250,3.790,3.150,2.780,3.160,2.770,3.380,4,0,3.158
HOM0074,1,3,1,18,0,1,135.800,2.580,2.070,2.940,3.170,3.140,2.530,3.240,2.530,2.110,2.630,2.690,2.480,3,1,2.805
HOM0075,2,17,3,20,1,0,112.000,3.380,4.200,2.980,3.330,2.560,3.260,3.130,3.010,4.030,2.900,2.920,2.590,5,1,2.790
HOM0076,0,0,2,18,0,1,77.000,2.430,3.070,3.090,2.590,1.990,3.020,2.880,2.990,2.870,3.020,4.040,2.840,0,0,2.201
HOM0077,5,12,1,20,0,0,213.100,3.100,3.080,2.970,2.480,2.260,1.830,2.890,3.770,2.420,3.700,1.980,2.590,3,1,3.797
HOM0078,0,0,0,18,1,1,108.500,4.590,2.830,2.830,2.530,3.370,3.890,3.470,3.310,2.600,2.630,2.580,3.130,4,0,3.735
HOM0079,2,9,2,22,0,1,108.800,2.770,2.440,2.550,2.610,3.710,1.760,3.320,2.950,3.700,2.190,2.630,2.610,3,1,2.915
HOM0080,0,0,3,20,0,0,119.200,3.930,3.330,3.590,2.660,3.120,2.400,1.800,2.210,1.160,3.670,3.730,3.200,1,0,3.149
HOM0081,0,0,3,21,0,1,176.900,3.580,3.860,2.910,3.050,3.070,2.890,3.460,2.840,3.260,2.910,4.410,2.990,7,0,3.662
HOM0082,2,14,2,20,1,1,18.200,1.990,2.900,3.050,4.120,3.700,3.390,2.840,2.570,3.370,3.320,3.210,2.380,3,1,2.969
HOM0083,1,6,2,18,0,1,142.800,4.220,3.020,3.290,2.860,3.660,3.200,2.410,4.130,3.780,4.130,4.340,2.740,3,1,2.898
HOM0084,0,0,1,21,1,1,160.600,2.980,4.200,3.470,4.350,3.350,2.700,2.850,3.540,4.170,3.580,2.940,4.440,7,0,3.685
HOM0085,0,0,1,21,1,1,295.500,2.960,2.000,2.950,2.510,3.010,2.250,2.720,3.330,3.640,2.510,2.800,3.030,2,0,4.274
HOM0086,3,12,1,18,0,1,106.900,2.930,2.530,2.840,3.610,3.170,4.250,3.170,2.560,3.080,3.210,2.960,2.710,4,1,3.347
HOM0087,6,7,3,20,0,1,5.000,2.590,2.580,3.470,2.990,3.460,3.880,3.940,3.170,3.090,4.450,3.210,3.690,3,1,2.961
HOM0088,0,0,3,20,0,1,169.600,3.440,2.180,2.230,3.830,3.240,2.690,3.230,3.600,3.370,3.400,2.910,3.040,1,0,3.295
HOM0089,0,0,1,18,1,1,5.000,3.200,3.130,2.620,3.480,3.170,1.580,2.570,2.560,2.990,3.180,2.270,1.780,3,0,3.055
HOM0090,1,11,3,20,1,1,114.800,1.940,3.240,3.150,3.340,3.260,3.530,3.990,3.730,2.900,3.360,3.310,3.030,5,1,2.423
HOM0091,1,2,3,20,0,1,5.000,3.410,2.260,3.880,3.490,3.180,3.750,1.950,3.280,2.920,3.360,3.190,2.880,2,1,2.201
HOM0092,0,0,1,18,1,0,5.000,2.840,3.460,2.770,3.160,3.260,3.260,2.800,2.890,3.880,3.340,3.000,2.080,3,0,2.888
HOM0093,0,0,0,18,0,1,5.000,2.780,2.400,2.090,2.440,2.350,2.440,2.890,2.280,3.550,2.620,3.510,2.510,2,0,3.200
HOM0094,1,3,2,20,1,1,5.000,3.630,3.180,3.210,2.460,2.330,3.350,3.220,3.670,2.780,2.420,4.370,3.240,5,1,2.698
HOM0095,1,12,2,19,0,0,5.000,3.550,3.300,3.330,2.070,2.460,3.190,2.760,3.420,3.360,1.630,2.660,2.840,0,1,1.795
HOM0096,1,12,4,18,1,0,93.400,3.320,3.090,3.330,3.760,3.180,2.170,2.580,3.260,3.270,4.190,3.140,2.870,5,1,2.713
HOM0097,4,2,1,18,0,1,169.500,2.980,2.620,3.100,2.760,3.060,3.240,3.870,3.200,3.160,2.150,3.580,3.180,2,1,2.242
HOM0098,0,0,0,18,1,0,40.900,2.680,1.590,3.630,2.270,1.820,1.780,2.940,2.830,2.220,2.680,3.390,3.040,3,0,2.773
HOM0099,0,0,1,18,1,1,193.700,4.320,3.510,3.350,3.190,2.240,3.550,2.610,3.460,2.920,3.090,3.040,3.260,4,0,3.249
HOM0100,0,0,1,21,0,1,281.000,3.220,3.700,3.690,2.430,2.530,3.500,2.690,3.530,3.050,3.110,3.180,3.210,3,0,2.481
HOM0101,0,0,1,20,1,1,226.000,2.620,3.140,3.500,2.580,3.440,3.070,3.390,3.100,3.660,3.290,3.230,2.710,6,0,2.991
HOM0102,0,0,2,18,1,0,139.600,2.160,2.390,2.430,2.830,2.590,2.080,2.940,3.080,2.790,3.280,3.530,2.140,4,0,2.990
HOM0103,2,14,1,18,0,0,298.800,2.770,2.930,2.230,3.770,3.660,1.960,3.400,2.200,3.990,4.080,2.550,3.060,2,1,3.449
HOM0104,2,8,2,19,1,1,308.700,2.610,3.450,2.640,3.680,2.540,2.910,3.160,2.580,2.520,3.930,2.980,3.390,4,1,2.729
HOM0105,0,0,2,20,0,1,215.000,2.130,3.600,3.050,3.890,3.120,3.850,2.540,2.110,3.800,2.850,3.720,2.530,4,0,2.701
HOM0106,0,0,3,20,0,1,42.500,2.850,3.190,3.650,3.170,2.960,2.960,2.990,2.530,2.180,3.010,2.830,3.330,4,0,3.068
HOM0107,1,2,3,20,0,0,240.200,2.500,2.610,2.610,2.580,3.090,2.690,3.960,3.480,3.770,2.710,3.280,3.120,1,1,2.808
HOM0108,2,7,2,18,1,1,34.100,4.140,2.520,1.630,2.550,2.620,2.800,2.890,2.040,2.740,3.160,2.910,2.300,2,1,3.041
HOM0109,0,0,1,20,1,1,182.200,3.380,2.890,2.930,3.870,3.070,3.400,2.330,3.180,3.620,3.580,2.730,2.390,4,0,2.684
HOM0110,0,0,0,21,1,1,137.400,2.260,2.890,3.380,2.420,3.050,2.110,3.610,2.920,3.540,3.200,3.010,2.520,3,0,3.146
HOM0111,0,0,1,18,0,0,229.400,3.600,3.840,3.410,2.700,2.380,3.640,4.290,3.120,3.400,2.870,3.730,3.450,3,0,2.781
HOM0112,0,0,2,18,1,0,150.500,2.850,4.020,2.890,3.490,2.710,3.360,3.250,3.620,2.780,3.940,3.040,3.580,4,0,3.950
HOM0113,1,3,2,20,1,0,325.900,3.030,3.480,3.050,3.950,2.520,4.270,3.360,3.100,3.380,3.930,3.300,2.440,3,1,2.867
HOM0114,0,0,1,18,1,0,52.200,3.980,1.740,2.230,3.080,2.680,1.990,2.110,3.430,2.050,3.240,3.230,2.300,4,0,3.030
HOM0115,2,4,3,18,1,1,92.800,3.340,1.760,2.320,2.460,3.470,2.120,2.690,3.410,4.030,2.640,3.970,3.340,3,1,2.423
HOM0116,0,0,1,20,0,0,5.000,3.450,2.590,3.450,3.680,3.820,3.180,2.580,3.770,2.960,3.780,2.710,3.670,4,0,2.900
HOM0117,3,11,3,23,0,1,151.600,3.050,3.100,3.680,3.940,2.220,3.520,2.900,3.840,3.640,3.620,2.680,2.700,6,1,2.752
HOM0118,0,0,3,18,1,1,5.000,2.200,3.090,3.610,2.600,2.750,3.170,2.040,2.660,2.870,4.360,3.150,1.940,3,0,2.694
HOM0119,0,0,3,19,0,1,5.000,3.370,3.630,3.580,3.270,3.360,3.430,2.440,4.160,3.870,3.580,3.340,4.400,5,0,2.633
HOM0120,0,0,2,19,0,0,170.200,2.980,3.230,2.990,3.490,2.630,3.050,2.980,3.200,3.760,2.470,2.930,2.970,5,0,3.042
HOM0121,0,0,0,18,0,1,150.400,3.220,3.150,2.550,2.920,3.130,2.260,3.390,2.750,2.840,3.390,3.170,2.710,5,0,2.789
HOM0122,6,8,2,21,0,1,121.100,3.640,3.200,2.230,3.270,3.660,2.660,2.940,4.140,4.220,3.760,2.920,2.880,5,1,2.330
HOM0123,0,0,1,21,0,0,128.600,3.030,3.980,3.380,3.660,2.700,2.870,2.200,3.300,3.500,3.530,3.590,3.660,4,0,4.102
HOM0124,4,17,1,22,0,0,91.900,3.130,2.910,2.830,3.820,3.570,2.960,3.310,3.300,1.790,3.060,3.020,2.080,5,1,2.395
HOM0125,0,0,1,18,0,1,198.500,2.930,3.390,3.770,2.620,2.790,2.910,2.870,3.780,2.820,3.600,3.270,4.040,2,0,2.871
HOM0126,3,2,1,18,0,0,18.100,2.840,2.220,2.550,2.040,3.210,3.400,3.030,3.150,2.980,2.450,2.530,2.510,3,1,3.364
HOM0127,0,0,1,18,1,1,139.000,4.080,2.940,3.300,3.350,3.530,4.280,3.440,3.600,3.280,3.710,2.690,2.580,5,0,3.445
HOM0128,1,11,3,20,0,0,180.000,2.450,2.080,2.920,1.520,1.980,2.290,3.060,2.550,2.490,2.550,2.140,2.490,2,1,2.518
HOM0129,0,0,1,21,0,0,189.600,2.040,2.630,2.190,2.080,4.090,2.990,2.160,2.850,3.300,2.630,3.800,2.630,3,0,2.761
HOM0130,1,6,2,18,1,0,240.400,2.770,2.730,2.850,2.630,2.550,3.040,2.320,2.430,2.390,3.840,3.160,4.090,5,1,2.929
HOM0131,0,0,2,18,1,0,252.700,3.440,2.440,2.680,1.270,1.760,2.980,2.530,1.330,3.860,2.550,3.540,3.100,5,0,2.610
HOM0132,0,0,1,18,1,0,264.200,2.930,2.490,2.680,2.560,3.690,2.580,3.730,2.880,2.520,2.870,2.390,3.650,2,0,2.559
HOM0133,0,0,1,22,0,1,110.700,4.080,3.010,2.550,3.740,3.470,3.790,3.210,3.720,4.270,3.170,3.660,3.010,3,0,2.499
HOM0134,2,12,3,20,1,1,115.900,3.290,2.350,2.450,1.700,1.600,3.810,2.950,2.660,3.060,2.840,2.060,2.680,4,1,3.412
HOM0135,0,0,0,19,1,0,255.700,3.640,2.320,1.310,3.460,2.540,2.730,2.840,2.660,2.280,3.180,1.920,2.700,4,0,2.842
HOM0136,1,1,2,19,1,0,215.000,2.200,3.740,3.300,3.750,2.710,2.580,3.100,3.840,3.050,2.660,3.900,3.780,5,1,3.221
HOM0137,5,7,1,19,0,1,13.800,2.730,4.640,3.280,4.060,2.190,3.530,2.230,2.450,2.580,4.300,3.000,2.880,4,1,3.095
HOM0138,0,0,3,18,1,0,22.600,3.440,2.780,3.170,3.060,3.350,2.330,3.220,3.770,3.120,3.490,3.420,2.050,6,0,3.110
HOM0139,0,0,1,18,0,1,63.000,2.710,1.900,4.070,3.580,2.010,3.140,3.280,2.620,3.120,2.600,4.110,4.130,5,0,3.415
HOM0140,0,0,1,21,0,0,97.200,2.940,2.780,3.250,3.760,3.150,3.570,2.700,3.420,3.000,2.900,2.080,2.460,4,0,3.426
HOM0141,0,0,1,19,1,1,200.400,3.790,2.820,2.990,2.540,3.110,2.320,3.750,2.960,3.620,2.970,1.850,4.450,4,0,2.782
HOM0142,0,0,1,18,0,1,123.600,3.030,2.850,2.640,2.970,3.560,3.270,3.090,2.360,3.320,2.110,2.500,2.410,2,0,1.899
HOM0143,0,0,2,20,0,1,29.500,2.380,3.520,2.930,3.950,1.790,2.860,2.910,3.130,3.420,3.180,1.560,3.310,4,0,2.334
HOM0144,2,8,4,18,0,1,111.200,2.970,3.570,2.800,3.730,2.360,2.500,2.860,3.270,3.170,2.370,2.980,3.090,4,1,2.958
HOM0145,0,0,2,18,0,0,105.800,2.650,3.140,3.050,2.820,3.870,4.220,2.880,3.370,3.230,2.940,2.670,3.100,5,0,3.263
HOM0146,3,5,4,18,1,1,387.200,3.900,3.260,4.000,2.370,2.740,3.390,4.100,3.270,3.130,3.360,3.480,3.300,4,1,3.449
HOM0147,0,0,2,19,0,1,218.600,2.100,2.710,1.320,3.880,2.070,3.590,2.400,3.020,2.500,3.700,2.660,2.270,3,0,2.829
HOM0148,0,0,0,20,0,0,232.500,2.880,3.070,1.900,3.100,1.250,1.920,2.650,2.810,2.190,2.430,2.150,2.800,2,0,3.522
HOM0149,1,1,2,20,1,0,50.200,3.670,2.730,3.490,3.630,2.810,3.420,3.330,2.930,2.330,3.100,1.860,3.710,2,1,2.764
HOM0150,4,8,2,18,0,0,5.000,2.600,2.420,2.380,3.350,2.700,3.710,3.520,2.890,3.430,1.890,2.650,3.220,1,1,2.909
HOM0151,0,0,1,22,0,0,158.500,4.430,3.590,3.090,3.670,2.960,3.090,3.600,2.710,3.330,2.590,3.600,3.140,3,0,2.843
HOM0152,0,0,1,21,1,1,56.400,3.160,3.630,3.420,2.940,2.290,3.220,2.920,2.790,3.390,2.760,1.640,3.070,3,0,3.089
HOM0153,0,0,2,18,1,0,333.000,3.240,2.870,3.410,2.090,2.410,3.280,3.460,3.420,3.180,2.870,2.750,2.420,4,0,2.698
HOM0154,1,14,1,18,1,1,74.300,2.670,2.440,2.440,3.210,2.510,2.910,3.580,3.610,2.570,2.550,2.490,2.950,5,1,2.879
HOM0155,6,5,2,18,0,0,69.400,2.130,2.710,2.560,2.340,3.720,2.850,2.600,3.390,2.350,3.730,3.300,3.880,4,1,3.318
HOM0156,0,0,1,20,1,0,149.600,3.380,3.050,3.230,3.820,3.680,3.490,3.750,3.140,2.560,3.410,3.610,2.870,6,0,3.541
HOM0157,3,9,2,23,1,1,69.100,3.100,2.840,3.370,3.030,2.010,2.150,2.540,2.380,3.560,2.640,3.220,3.970,5,1,2.394
HOM0158,0,0,0,20,1,0,74.100,2.780,2.710,2.630,3.560,3.030,1.450,4.310,1.520,2.510,3.190,2.300,3.050,4,0,3.142
HOM0159,0,0,1,18,1,0,314.000,3.250,3.910,4.280,4.080,2.220,2.830,2.620,2.680,3.630,2.330,3.080,3.140,3,0,2.979
HOM0160,1,17,2,20,0,0,119.000,3.240,3.660,2.620,3.490,2.810,2.820,2.600,3.850,2.530,3.050,3.520,2.650,3,1,2.576
HOM0161,0,0,0,18,1,1,74.000,3.490,2.910,1.650,3.220,2.540,2.650,2.580,3.380,3.260,3.130,2.200,3.980,4,0,3.371
HOM0162,4,3,1,18,0,0,124.900,2.590,3.970,3.050,3.450,2.430,2.680,2.800,2.560,4.050,2.160,3.690,2.860,1,1,2.619
HOM0163,1,6,4,21,0,0,245.200,2.530,2.400,3.420,1.970,3.550,3.780,3.880,2.610,2.960,2.650,2.630,2.700,2,1,3.826
HOM0164,2,2,2,18,0,0,197.300,2.720,3.340,3.420,2.900,3.620,2.370,2.990,3.110,3.070,2.930,2.980,2.850,3,1,2.748
HOM0165,4,15,1,19,1,0,5.000,2.840,3.200,3.400,3.580,2.520,1.690,2.830,3.520,3.170,4.000,3.300,2.990,3,1,3.269
HOM0166,0,0,1,20,1,1,162.900,3.480,2.790,3.280,2.610,2.620,3.330,3.040,4.010,3.280,2.840,3.330,2.200,2,0,2.720
HOM0167,0,0,1,22,1,1,5.000,3.570,3.230,2.600,2.850,2.660,3.010,3.880,2.460,3.010,3.770,3.750,3.480,3,0,3.697
HOM0168,0,0,2,19,0,1,5.000,2.810,2.140,2.250,3.160,3.010,2.600,3.200,1.900,2.370,3.880,2.570,2.240,7,0,2.954
HOM0169,0,0,2,18,0,1,5.000,2.960,2.050,3.500,3.440,2.570,2.470,3.150,2.550,2.840,2.180,2.230,3.680,4,0,3.289
HOM0170,1,2,3,21,1,0,160.800,3.160,3.450,3.270,3.180,3.980,3.350,3.540,4.050,3.430,2.800,2.890,2.510,5,1,2.444
HOM0171,0,0,1,22,0,1,280.100,2.660,4.120,3.870,3.260,3.600,2.730,2.670,2.910,3.520,2.740,2.910,2.550,4,0,2.911
HOM0172,0,0,0,20,1,1,134.900,2.390,2.980,2.990,2.850,2.580,2.810,3.000,2.870,2.610,1.480,2.490,2.970,2,0,2.944
HOM0173,0,0,0,19,0,1,32.400,4.040,3.400,3.350,3.400,2.960,3.630,3.510,3.220,1.970,4.640,3.550,3.250,4,0,3.255
HOM0174,2,9,1,19,1,1,303.300,3.840,2.890,3.080,3.530,2.180,3.480,2.530,2.350,2.130,3.840,2.610,2.520,4,1,1.765
HOM0175,2,5,4,20,1,0,346.000,3.030,2.530,4.340,3.800,3.240,4.120,2.570,3.750,3.740,3.990,2.700,3.970,6,1,2.656
HOM0176,1,17,3,18,1,0,30.000,2.790,3.040,2.970,3.340,2.880,2.820,2.660,2.610,3.650,1.790,2.710,3.650,4,1,1.581
HOM0177,0,0,1,20,0,1,242.100,3.000,3.020,2.730,3.390,2.010,3.140,1.810,3.810,2.490,2.600,2.720,3.360,2,0,3.024
HOM0178,0,0,1,21,0,0,5.000,1.950,3.220,2.170,2.250,3.260,3.470,4.720,3.020,1.690,3.400,1.610,3.320,3,0,3.502
HOM0179,0,0,2,19,0,1,179.800,2.730,3.790,3.120,2.920,3.550,2.890,2.870,3.140,2.740,2.340,2.690,3.660,4,0,3.315
HOM0180,0,0,1,19,0,0,173.200,3.370,3.810,3.450,2.890,3.050,3.750,3.460,2.820,2.680,3.460,3.510,3.490,4,0,2.796
HOM0181,3,5,2,19,1,0,351.400,2.120,2.380,3.240,4.260,3.190,3.550,3.080,2.450,2.680,2.920,2.080,2.960,3,1,2.234
HOM0182,0,0,1,21,0,0,48.300,2.990,2.960,2.110,2.970,3.920,3.560,3.160,2.970,3.330,2.300,2.810,3.340,3,0,3.312
HOM0183,0,0,1,18,0,1,174.300,2.820,3.030,3.040,3.230,3.390,3.100,2.970,3.520,2.190,2.980,2.990,3.210,4,0,3.910
HOM0184,2,17,2,19,1,0,176.700,1.770,2.670,3.060,2.470,3.170,2.410,3.680,3.130,2.790,3.150,3.390,3.260,4,1,3.203
HOM0185,0,0,1,23,1,0,90.200,3.400,3.280,3.100,3.610,3.600,1.990,1.780,3.740,3.830,3.590,2.570,2.860,2,0,2.965
HOM0186,2,3,0,18,0,0,230.200,3.480,3.720,3.300,3.420,3.040,2.590,3.040,2.760,3.490,2.980,2.750,2.950,4,1,1.958
HOM0187,1,6,0,20,1,0,5.000,2.260,3.120,1.730,1.960,1.780,1.910,2.690,1.750,3.220,3.550,3.360,3.080,2,1,2.164
HOM0188,0,0,1,20,0,0,254.300,2.930,2.800,3.910,3.000,2.630,2.650,3.420,1.550,3.190,3.440,2.840,4.320,4,0,3.185
HOM0189,2,14,4,18,0,1,126.200,2.390,2.190,4.260,3.280,2.870,2.690,3.830,2.850,3.080,3.220,2.150,2.470,3,1,2.615
HOM0190,0,0,1,21,1,1,382.200,4.050,1.540,3.100,4.210,2.980,3.280,3.120,4.130,3.550,3.390,4.420,3.200,1,0,3.381
HOM0191,0,0,2,25,1,0,196.300,3.970,3.300,3.500,4.180,3.080,3.290,3.080,3.930,3.080,4.030,3.480,3.480,2,0,2.768
HOM0192,1,5,2,18,0,0,118.400,3.750,3.040,1.000,2.580,2.480,2.420,2.540,2.650,2.610,1.000,2.860,3.260,6,1,3.215
HOM0193,0,0,0,20,0,1,26.700,3.300,2.490,3.250,3.640,2.450,3.330,2.930,2.080,3.690,3.620,3.480,2.380,4,0,2.616
HOM0194,5,17,4,23,0,0,174.200,2.740,2.980,2.830,2.730,2.280,3.790,2.830,2.770,2.490,2.170,3.470,3.350,3,1,3.493
HOM0195,1,16,1,18,1,0,62.100,2.850,3.080,2.770,3.570,2.480,3.420,2.830,2.740,3.100,2.920,2.220,2.770,2,1,3.391
HOM0196,2,9,2,20,0,0,159.700,2.620,1.650,2.580,2.610,3.270,2.730,2.850,2.930,2.280,1.850,2.620,2.330,1,1,2.472
HOM0197,1,13,2,18,1,1,68.100,3.470,3.600,3.480,2.850,3.030,3.250,3.500,2.650,3.260,2.750,2.930,3.050,4,1,3.435
HOM0198,2,4,2,18,1,0,195.400,1.450,2.810,2.310,3.220,2.470,2.550,2.620,3.330,2.510,3.240,3.380,2.240,5,1,3.007
HOM0199,0,0,1,18,0,0,17.700,3.300,3.430,2.370,3.040,3.790,2.760,3.670,3.110,2.960,3.080,3.970,2.100,4,0,2.935
HOM0200,0,0,0,18,0,1,167.800,2.700,2.440,2.240,2.990,2.840,3.540,2.070,2.220,2.020,2.380,3.670,2.980,5,0,2.026
HOM0201,0,0,0,18,0,0,304.000,2.360,1.660,1.770,1.910,3.560,2.610,3.930,2.270,2.060,3.460,2.780,2.180,3,0,3.256
HOM0202,0,0,0,18,0,1,25.700,3.120,3.000,2.220,2.510,2.580,1.870,3.700,3.320,3.520,2.660,2.120,2.560,4,0,3.000
HOM0203,0,0,2,20,0,1,60.300,4.340,2.510,3.510,2.740,4.210,2.960,2.810,2.700,3.020,3.610,3.210,2.960,3,0,2.433
HOM0204,0,0,0,19,1,1,306.400,2.850,2.750,3.380,2.870,2.510,3.010,3.470,2.640,2.980,3.230,2.970,4.210,4,0,2.705
HOM0205,0,0,0,19,0,1,86.200,2.490,3.830,2.670,2.780,3.490,2.590,3.530,3.800,3.430,2.360,3.150,2.290,4,0,2.220
HOM0206,1,13,3,21,1,0,430.800,2.750,3.900,4.040,3.970,3.030,3.030,3.550,2.160,4.100,2.490,3.630,3.350,5,1,2.159
HOM0207,2,4,3,18,0,1,117.800,2.990,2.900,3.190,2.060,2.660,3.260,2.310,2.310,3.190,3.560,3.430,3.620,2,1,3.186
HOM0208,0,0,3,20,1,1,213.400,3.700,2.570,2.950,2.450,4.880,4.220,3.070,3.450,2.850,2.890,2.860,3.720,3,0,3.231
HOM0209,1,7,3,20,0,0,88.700,1.560,2.490,2.870,2.000,2.880,2.980,2.290,2.870,4.140,2.700,2.710,3.150,3,1,3.859
HOM0210,2,6,2,22,0,0,225.700,2.790,3.670,2.640,3.310,2.860,3.720,2.760,2.180,1.750,3.290,3.070,2.940,2,1,2.025
HOM0211,0,0,3,23,1,0,325.500,3.090,3.800,3.340,3.560,3.130,2.650,2.890,3.420,1.920,3.210,3.650,3.170,6,0,2.822
HOM0212,0,0,0,18,1,1,175.900,2.550,2.600,3.230,3.420,2.420,3.200,2.800,3.000,2.910,3.050,2.460,2.870,6,0,2.865
HOM0213,0,0,2,22,1,1,226.700,3.180,3.640,2.190,2.980,2.830,3.400,2.700,3.320,3.800,4.330,4.280,2.720,4,0,3.303
HOM0214,1,14,3,21,0,1,153.300,4.130,3.820,3.000,3.370,4.000,3.940,3.240,2.060,2.510,3.820,3.490,2.950,3,1,3.318
HOM0215,4,15,0,21,0,1,127.300,2.510,3.480,3.380,2.700,2.740,2.010,2.120,2.660,3.180,3.310,2.760,3.200,3,1,2.910
HOM0216,0,0,3,20,1,0,191.300,2.690,3.050,2.710,3.030,2.900,2.990,3.850,2.440,3.220,2.580,2.330,3.260,3,0,3.001
HOM0217,0,0,1,22,1,0,5.000,3.660,2.850,3.860,3.030,2.710,2.210,2.290,3.300,2.780,3.810,3.280,2.600,3,0,2.951
HOM0218,5,7,1,18,1,1,250.900,2.650,2.880,2.870,2.480,3.870,3.330,2.540,3.720,3.070,3.340,2.960,2.880,3,1,2.570
HOM0219,0,0,0,22,1,0,294.600,2.740,2.750,2.700,2.450,3.250,4.050,2.450,3.790,2.430,2.590,2.480,2.200,2,0,3.382
HOM0220,3,7,1,21,0,0,189.400,2.670,3.440,3.340,3.300,3.660,3.790,3.430,3.540,3.030,3.140,1.240,1.750,2,1,1.885
HOM0221,0,0,0,19,0,1,123.800,2.450,2.770,2.980,3.020,2.850,2.480,3.350,2.690,2.930,3.950,3.690,2.950,4,0,1.887
HOM0222,5,10,3,18,0,1,120.200,1.460,3.320,2.010,1.420,1.980,3.780,1.620,2.900,4.420,2.400,2.880,2.420,4,1,3.613
HOM0223,0,0,1,21,0,1,104.900,4.080,2.880,3.710,3.250,3.470,4.230,2.210,3.680,3.640,2.950,3.130,2.600,3,0,3.087
HOM0224,1,8,3,19,0,0,154.200,4.150,3.220,2.750,4.590,1.510,2.120,2.500,2.360,3.240,3.120,2.450,3.350,4,1,2.471
HOM0225,0,0,1,20,0,0,167.900,2.820,3.030,2.300,2.970,2.950,3.470,2.010,3.430,2.460,3.300,3.140,3.710,4,0,3.918
HOM0226,0,0,2,19,0,1,122.700,3.230,3.230,2.990,2.890,4.070,3.070,2.460,3.240,2.810,1.490,3.510,3.400,6,0,2.928
HOM0227,1,8,1,18,1,0,143.200,1.180,3.380,2.970,1.880,2.320,1.810,2.890,4.150,3.650,2.280,2.030,2.620,5,1,3.586
HOM0228,0,0,1,18,0,0,392.400,3.060,2.320,1.870,2.920,2.310,2.940,2.140,2.010,2.730,2.420,2.490,2.340,4,0,3.168
HOM0229,2,8,3,18,0,0,123.100,2.590,3.780,2.500,3.000,2.740,3.670,2.970,3.490,3.180,2.010,3.730,3.580,5,1,2.702
HOM0230,2,4,2,21,0,0,5.000,2.520,2.150,2.380,2.870,2.170,2.730,2.260,2.520,2.590,2.250,2.070,2.230,0,1,2.252
HOM0231,0,0,1,19,0,1,5.000,3.220,2.890,2.800,3.720,3.850,3.300,3.820,3.110,2.710,3.500,2.490,2.790,5,0,3.484
HOM0232,1,7,2,21,0,0,5.000,2.400,2.990,2.870,2.850,2.940,2.550,2.640,3.900,3.080,2.780,3.950,3.490,1,1,1.933
HOM0233,0,0,3,22,1,0,326.200,3.780,3.820,4.400,3.650,2.970,3.730,3.060,3.240,3.340,4.080,4.190,3.430,2,0,2.482
HOM0234,0,0,1,24,0,1,25.400,2.620,2.570,3.350,2.980,1.560,1.900,3.040,3.120,3.100,3.850,1.390,2.810,4,0,2.990
HOM0235,6,14,1,19,1,0,234.600,4.090,2.530,3.090,2.780,2.750,3.840,3.880,3.620,2.920,2.380,3.010,2.680,2,1,4.073
HOM0236,0,0,0,20,1,1,107.200,2.810,3.920,3.060,3.190,3.790,2.470,3.550,2.930,2.080,3.090,2.600,3.590,5,0,3.256
HOM0237,2,16,4,20,1,1,247.500,2.920,3.870,3.810,3.360,3.980,3.350,2.590,3.880,4.450,3.190,3.420,3.850,4,1,2.672
HOM0238,1,4,1,19,1,0,92.000,2.640,3.140,3.410,4.760,1.650,2.150,3.770,3.800,2.970,3.740,3.190,4.410,4,1,3.646
HOM0239,1,10,3,20,0,0,298.700,2.570,3.690,2.620,2.690,2.810,4.100,2.200,2.130,3.080,2.720,3.170,3.200,2,1,2.806
HOM0240,0,0,0,20,0,0,5.000,2.440,2.330,1.870,2.910,1.500,2.240,3.310,3.050,2.270,2.850,2.350,2.010,3,0,2.274
HOM0241,1,16,2,18,0,1,5.000,2.870,2.910,3.520,2.950,3.990,2.320,2.480,2.560,2.920,3.650,3.150,3.060,7,1,2.632
HOM0242,0,0,1,19,0,1,143.600,2.420,1.840,3.480,2.040,3.440,3.410,1.590,2.850,2.170,2.400,2.880,2.370,3,0,3.857
HOM0243,3,11,3,19,1,1,5.000,3.230,2.120,2.630,3.900,2.230,2.590,3.270,2.750,3.610,3.500,2.340,3.590,2,1,2.884
HOM0244,2,11,1,20,1,0,191.100,2.580,2.150,3.930,2.550,2.890,2.560,2.610,2.820,3.650,2.320,3.790,3.820,3,1,3.047
HOM0245,1,12,3,21,0,1,225.200,3.890,3.530,2.750,3.850,2.760,3.330,3.560,3.730,3.450,3.810,3.050,4.030,5,1,3.008
HOM0246,0,0,3,24,0,0,185.800,3.410,2.210,2.780,2.460,4.900,2.390,3.940,4.060,2.040,2.270,3.050,3.180,5,0,3.543
HOM0247,3,6,1,20,0,1,150.500,4.010,2.790,2.640,3.460,3.320,3.050,4.300,2.480,2.630,3.410,2.650,1.830,6,1,2.494
HOM0248,0,0,0,18,0,0,5.000,2.920,3.200,3.300,1.660,3.930,3.150,2.330,3.290,3.340,4.030,3.690,3.490,5,0,3.907
HOM0249,2,12,4,21,1,1,307.400,2.900,3.550,2.620,2.890,2.950,3.810,3.900,3.700,3.650,2.880,3.450,3.940,4,1,3.833
HOM0250,4,10,2,22,1,1,32.300,3.840,3.860,3.720,3.530,4.800,3.630,3.300,2.520,2.850,5.000,4.030,3.310,3,1,1.732
HOM0251,1,12,3,22,1,1,29.000,3.700,3.460,3.430,2.490,2.770,4.110,3.340,2.450,2.550,2.400,2.640,3.650,3,1,2.581
HOM0252,1,14,1,20,1,1,76.500,3.950,3.330,3.350,2.830,4.170,4.510,3.180,2.900,3.230,3.220,3.670,2.900,5,1,2.865
HOM0253,1,12,2,22,1,0,85.200,2.610,2.630,3.510,2.190,2.680,3.470,2.990,3.200,3.860,2.870,3.560,3.410,3,1,3.883
HOM0254,0,0,0,18,0,0,5.000,2.200,2.360,3.700,2.670,2.110,2.770,2.550,1.060,2.790,2.820,3.140,1.950,1,0,2.688
HOM0255,1,6,2,25,1,0,196.100,4.460,3.330,3.630,3.470,2.520,3.670,3.010,2.690,3.150,4.010,2.910,3.990,5,1,3.432
HOM0256,2,16,2,19,1,0,203.600,3.410,2.790,3.300,2.830,3.720,2.280,2.730,3.400,2.530,2.680,3.070,3.720,3,1,2.841
HOM0257,0,0,2,20,0,0,115.000,2.570,2.590,3.950,2.830,3.100,2.800,4.650,2.610,2.730,3.230,2.110,2.970,3,0,2.093
HOM0258,2,8,4,18,1,0,49.400,2.900,3.230,3.110,2.830,3.080,3.000,3.880,2.210,2.630,3.890,4.070,2.890,2,1,3.728
HOM0259,5,10,1,18,0,0,232.100,2.780,3.080,3.050,2.640,2.880,2.960,2.150,1.750,2.370,2.780,2.730,2.730,2,1,2.320
HOM0260,2,12,3,25,1,1,273.000,3.460,2.830,2.620,3.060,4.620,3.260,3.720,2.690,3.300,2.910,2.730,3.220,4,1,2.901
HOM0261,1,8,1,19,1,0,5.000,3.270,3.140,2.470,2.720,3.880,2.510,3.320,2.860,3.110,2.450,3.370,2.350,3,1,3.290
HOM0262,0,0,1,21,0,0,165.900,1.380,1.620,3.200,3.620,2.480,3.330,3.110,2.540,2.640,2.210,2.050,2.250,2,0,3.220
HOM0263,4,5,3,18,1,1,237.700,2.990,3.210,2.880,3.930,2.650,1.890,1.910,2.360,3.010,2.650,3.050,4.150,3,1,2.829
HOM0264,1,7,3,19,1,0,108.900,3.360,3.060,3.790,3.890,3.010,2.640,3.550,2.240,2.560,2.450,3.230,2.630,3,1,2.828
HOM0265,2,4,2,21,0,1,26.900,2.550,3.500,3.310,2.030,3.340,3.130,2.490,2.130,2.640,3.610,2.470,3.430,3,1,2.727
HOM0266,0,0,1,18,1,1,327.000,3.650,1.560,2.950,2.320,2.130,2.300,3.100,3.120,3.310,3.870,2.890,3.450,3,0,3.892
HOM0267,3,2,3,18,1,0,78.300,3.200,2.920,2.070,2.590,3.090,2.480,3.240,2.830,3.290,2.830,2.430,3.770,5,1,2.629
HOM0268,1,7,2,21,1,0,167.700,3.780,2.370,3.950,3.390,3.000,3.240,2.420,2.450,3.260,1.000,2.570,2.660,3,1,3.424
HOM0269,0,0,2,22,0,1,113.000,3.030,2.720,3.160,3.320,2.410,2.450,2.780,3.780,3.480,3.080,3.370,2.540,2,0,2.437
HOM0270,2,3,2,20,1,1,125.800,2.290,3.590,2.920,2.650,3.440,2.600,2.560,2.980,2.730,2.730,2.050,2.800,1,1,2.310
HOM0271,0,0,0,19,1,0,17.800,3.550,3.560,2.890,3.650,2.420,3.180,2.680,2.220,3.120,2.430,4.310,3.140,5,0,2.727
HOM0272,0,0,0,18,0,0,338.600,2.940,1.800,2.850,2.770,2.950,1.900,3.100,3.170,2.620,2.910,3.250,2.860,5,0,3.900
HOM0273,0,0,2,18,1,0,78.600,2.230,3.860,2.720,2.420,3.270,2.650,2.390,2.440,2.260,3.020,2.980,3.250,3,0,2.668
HOM0274,0,0,0,18,0,0,28.400,2.950,2.170,1.800,1.910,2.550,1.800,1.350,1.590,2.670,2.880,2.340,2.430,0,0,2.826
HOM0275,4,10,3,20,0,1,115.600,2.890,2.480,1.830,2.190,3.490,3.020,3.420,2.840,2.910,3.840,3.450,1.570,2,1,3.147
HOM0276,0,0,0,20,0,1,238.000,3.030,2.810,3.040,2.890,3.040,2.640,3.070,2.960,3.760,3.460,1.940,3.210,5,0,3.006
HOM0277,1,10,0,23,1,0,123.500,3.150,2.850,3.150,2.790,3.400,3.240,2.000,3.500,2.570,3.250,2.990,4.240,4,1,2.518
HOM0278,0,0,2,20,0,1,197.100,3.460,3.270,3.020,2.920,3.270,2.750,2.910,3.710,1.870,3.180,2.770,2.970,3,0,3.399
HOM0279,1,5,1,21,0,1,179.100,3.430,3.010,2.240,3.400,3.120,3.220,2.980,2.810,3.730,3.730,2.370,2.520,4,1,2.129
HOM0280,0,0,2,19,1,1,93.900,3.060,3.150,2.480,4.630,3.180,3.300,4.060,3.090,3.190,3.880,3.010,4.300,6,0,3.019
HOM0281,6,16,2,18,1,0,5.000,2.280,1.890,3.470,3.140,3.210,2.620,2.680,3.930,2.750,2.940,2.540,1.480,5,1,2.496
HOM0282,1,6,3,21,0,0,359.400,4.480,2.700,1.650,2.400,3.800,3.180,3.620,3.350,2.650,3.020,2.820,2.210,4,1,3.300
HOM0283,1,9,3,18,1,0,11.300,3.000,3.900,3.020,4.210,3.260,3.960,4.210,3.050,2.570,4.020,3.430,3.720,4,1,3.390
HOM0284,3,13,1,21,0,1,131.300,3.850,2.320,3.840,3.400,4.060,2.490,3.230,2.700,2.890,2.760,3.200,2.090,5,1,3.103
HOM0285,2,1,3,21,1,1,126.100,2.380,2.370,2.660,2.760,2.300,3.120,3.080,2.810,3.320,3.210,3.440,3.070,3,1,2.930
HOM0286,3,16,2,22,1,0,23.800,3.120,2.140,2.960,3.670,3.640,3.200,2.980,2.920,2.150,3.130,3.780,3.410,2,1,2.695
HOM0287,1,1,2,18,1,0,222.900,3.280,3.660,2.560,2.930,3.000,3.130,2.860,3.480,3.240,2.830,3.720,4.370,5,1,3.184
HOM0288,0,0,3,18,0,1,60.800,4.400,3.730,3.040,3.300,2.680,2.930,3.160,3.760,2.920,3.000,2.580,2.880,6,0,2.941
HOM0289,0,0,1,18,0,0,200.900,2.180,2.930,4.480,2.380,2.890,2.650,2.520,3.350,1.970,2.360,3.800,3.360,1,0,3.373
HOM0290,1,12,1,21,0,1,120.800,2.690,3.460,3.680,2.320,3.360,2.440,3.040,3.670,3.440,3.120,3.270,3.390,5,1,3.303
HOM0291,0,0,1,18,0,0,381.200,3.640,2.470,2.890,2.850,3.070,2.600,3.780,3.180,3.790,3.980,3.930,2.710,5,0,2.657
HOM0292,0,0,1,19,1,1,73.400,3.220,2.330,2.990,2.970,3.070,2.540,1.630,3.640,1.840,3.150,2.870,2.490,5,0,3.068
HOM0293,6,8,3,19,1,0,245.900,3.280,2.840,3.100,3.760,2.970,3.480,3.340,3.630,3.230,3.360,3.680,3.250,5,1,2.803
HOM0294,1,7,2,18,0,0,79.400,2.980,3.010,3.350,2.300,3.280,2.330,3.370,2.410,3.010,1.900,2.160,2.790,1,1,1.958
HOM0295,6,2,2,21,1,0,152.800,2.890,3.300,2.910,2.870,3.030,2.910,2.730,2.150,2.150,4.030,2.580,3.250,4,1,2.739
HOM0296,0,0,2,20,0,1,5.000,3.130,3.370,3.960,3.520,4.260,3.920,2.660,3.630,3.700,3.450,3.450,3.790,3,0,2.300
HOM0297,0,0,0,18,1,0,5.000,3.100,2.310,2.170,1.400,1.930,2.750,2.920,2.210,2.990,2.550,2.650,1.080,5,0,2.813
HOM0298,3,15,2,18,0,0,59.200,2.050,2.920,2.860,2.840,3.260,2.270,2.450,3.410,2.910,3.360,2.950,3.290,5,1,2.937
HOM0299,1,2,2,22,1,1,166.500,3.810,2.810,3.300,2.770,3.510,3.210,3.480,3.450,3.170,3.840,3.250,3.080,3,1,1.652
HOM0300,0,0,2,20,1,1,293.900,2.510,2.220,4.160,4.090,3.150,2.920,3.290,3.890,3.710,2.980,3.350,2.620,6,0,3.300
HOM0301,0,0,1,18,1,0,369.100,3.880,2.720,3.230,3.580,1.960,2.790,2.280,3.490,4.090,3.000,3.070,3.730,3,0,3.281
HOM0302,1,2,3,20,1,0,225.300,3.830,4.440,3.030,3.920,2.660,3.180,3.510,3.270,3.510,2.770,3.450,2.890,4,1,3.617
HOM0303,3,13,2,20,0,0,5.000,3.180,3.780,3.130,2.590,2.910,1.940,2.380,3.150,3.020,1.760,3.470,1.720,1,1,4.030
HOM0304,0,0,3,22,1,1,362.200,3.380,3.490,3.750,3.370,3.180,4.470,3.660,3.470,3.620,2.910,3.610,3.160,5,0,3.117
HOM0305,0,0,4,19,1,1,179.900,3.880,3.270,3.700,3.170,3.530,2.640,3.040,3.160,3.760,2.830,2.810,4.090,6,0,2.992
HOM0306,1,7,2,18,1,1,155.400,3.600,3.620,3.700,3.000,3.850,3.540,3.450,2.160,3.450,3.600,3.370,2.700,2,1,2.217
HOM0307,4,13,1,19,0,0,132.700,2.650,2.400,2.270,1.510,3.160,2.980,2.180,2.750,1.860,1.900,3.140,2.890,1,1,2.698
HOM0308,3,1,3,22,1,0,185.900,2.830,3.370,2.980,3.290,3.620,3.700,3.410,3.070,3.210,3.170,2.960,3.270,2,1,3.677
HOM0309,1,7,1,18,0,1,206.200,2.380,3.270,2.960,3.220,3.610,1.880,2.910,3.200,2.650,2.750,2.510,3.570,2,1,2.702
HOM0310,0,0,1,18,0,0,323.700,3.500,3.360,4.230,2.960,2.360,2.720,3.060,2.700,3.860,2.880,3.980,3.110,5,0,3.478
HOM0311,2,8,3,20,0,1,99.600,4.800,2.900,2.590,3.150,4.270,4.550,3.230,3.820,4.060,3.600,2.540,2.840,1,1,2.818
HOM0312,0,0,2,21,1,1,187.900,2.620,3.340,3.650,2.080,3.150,3.340,2.090,2.460,2.640,2.090,4.370,3.840,4,0,3.163
HOM0313,0,0,0,18,1,0,98.700,2.320,2.360,3.200,1.970,3.610,3.760,2.040,2.780,2.780,2.200,1.640,2.920,3,0,2.937
HOM0314,4,5,2,20,0,1,394.800,3.770,4.660,3.200,3.310,3.410,2.980,3.790,2.980,3.960,2.950,2.800,3.300,5,1,3.946
HOM0315,0,0,2,21,0,1,286.900,3.240,2.850,2.980,2.960,2.890,3.420,2.260,3.300,3.010,2.870,3.790,3.230,3,0,3.903
HOM0316,1,14,3,18,1,1,81.200,2.870,1.840,3.630,2.890,3.100,2.940,3.570,2.840,4.110,2.600,3.220,2.700,5,1,2.734
HOM0317,0,0,1,19,0,0,131.500,2.530,3.530,3.190,3.380,4.180,2.760,3.290,1.730,3.300,3.520,2.260,3.230,2,0,2.658
HOM0318,3,12,1,19,1,1,5.000,3.250,3.550,3.410,2.800,2.630,2.000,2.400,3.060,4.180,4.100,2.550,2.390,2,1,3.983
HOM0319,1,4,1,18,0,0,281.600,2.340,3.410,1.970,2.920,3.450,2.710,2.450,2.180,3.210,1.670,2.800,3.100,3,1,1.719
HOM0320,2,1,2,19,0,0,192.300,3.590,3.110,3.600,3.170,4.190,3.070,3.390,3.190,3.430,2.640,3.250,3.130,2,1,2.606
HOM0321,0,0,3,19,1,1,5.000,3.560,2.760,3.880,3.600,2.410,2.970,3.200,3.450,3.060,3.370,3.170,3.260,6,0,4.359
HOM0322,4,14,2,20,0,1,323.400,1.970,3.560,3.390,2.480,3.050,3.740,3.370,3.320,2.510,2.700,3.860,3.080,5,1,3.552
HOM0323,0,0,0,21,1,1,196.100,2.200,3.740,3.750,3.460,3.490,4.000,2.470,3.180,2.560,2.280,3.330,2.470,5,0,1.859
HOM0324,0,0,1,22,1,1,5.000,3.530,2.620,2.780,3.350,3.670,2.930,3.300,2.240,3.410,3.110,3.730,2.350,0,0,3.426
HOM0325,0,0,0,18,1,0,173.700,3.300,3.160,3.740,2.880,2.500,3.460,2.350,2.830,3.940,2.700,3.540,3.070,4,0,3.241
HOM0326,2,9,2,24,1,1,115.800,3.480,4.200,1.990,1.670,2.900,2.840,3.700,2.820,3.010,3.120,3.250,3.690,2,1,3.421
HOM0327,5,5,0,19,0,0,251.700,2.370,2.350,3.390,2.920,3.570,2.980,2.610,3.090,2.640,3.790,3.270,2.280,2,1,2.599
HOM0328,1,6,2,22,1,1,169.800,3.210,3.900,2.890,2.700,3.480,4.090,3.310,4.270,3.170,2.850,3.550,3.400,5,1,2.824
HOM0329,0,0,2,18,0,0,102.000,3.420,2.750,3.620,2.540,2.630,3.510,2.740,3.810,2.360,2.730,3.050,3.740,3,0,3.011
HOM0330,1,14,4,20,0,0,169.000,3.320,3.180,3.320,3.350,2.400,2.610,2.470,2.520,3.040,1.880,3.770,2.070,3,1,2.657
HOM0331,0,0,2,19,0,0,346.400,2.220,2.640,3.670,2.600,2.990,3.160,4.030,3.650,3.210,4.520,4.450,2.380,2,0,3.445
HOM0332,0,0,0,18,1,0,143.300,2.060,2.740,2.270,3.220,2.220,2.600,2.740,2.770,3.180,2.240,2.770,3.200,4,0,3.395
HOM0333,0,0,2,20,0,0,22.500,3.080,2.160,4.050,2.480,2.850,2.930,2.480,3.230,4.230,3.680,2.590,4.140,2,0,3.174
HOM0334,0,0,1,20,1,1,365.800,2.990,2.460,2.360,2.900,3.290,1.940,3.340,2.480,2.930,4.420,3.520,3.910,4,0,3.184
HOM0335,0,0,1,18,0,0,5.000,2.820,2.470,2.390,2.680,2.810,3.670,3.130,3.670,2.930,2.890,3.310,3.140,5,0,3.406
HOM0336,1,7,4,18,0,1,118.400,2.220,2.870,2.760,2.780,3.260,2.490,4.640,2.990,2.620,3.000,2.250,3.000,4,1,2.491
HOM0337,3,5,1,18,0,0,45.500,4.090,1.820,4.860,3.500,3.890,2.630,3.310,2.010,3.500,2.260,3.250,2.660,2,1,3.018
HOM0338,0,0,1,20,0,1,157.800,2.470,2.180,3.000,3.440,2.330,2.480,2.450,2.720,2.720,2.880,2.590,2.340,2,0,2.447
HOM0339,0,0,2,19,1,1,224.400,2.170,3.440,4.700,2.890,3.020,3.830,3.130,2.210,4.470,3.570,3.130,2.760,5,0,2.711
HOM0340,1,5,3,20,0,0,149.800,3.010,3.780,3.130,2.740,1.830,2.950,2.950,3.380,1.550,2.270,3.050,2.240,6,1,2.922
HOM0341,0,0,2,25,1,0,5.000,2.560,2.310,2.090,2.810,3.350,2.810,2.530,2.690,2.030,2.510,3.090,2.440,3,0,2.181
HOM0342,1,12,3,18,1,0,9.700,3.380,3.310,2.950,2.680,2.370,2.060,3.460,3.220,3.730,3.420,2.880,3.750,2,1,3.090
HOM0343,0,0,2,18,0,1,168.400,4.130,3.540,2.820,2.750,2.290,3.000,3.840,3.040,2.180,2.770,2.950,3.310,5,0,2.766
HOM0344,1,1,3,18,0,0,381.700,2.170,2.490,2.220,2.410,2.750,3.020,3.650,2.590,2.740,3.230,2.760,2.900,5,1,2.066
HOM0345,0,0,2,18,0,0,5.000,2.560,1.900,2.400,2.410,3.030,2.050,2.150,2.580,1.700,3.300,3.640,3.100,2,0,2.904
HOM0346,0,0,0,18,0,0,96.900,2.980,2.220,2.050,2.330,4.030,2.620,2.330,3.060,3.530,3.320,3.370,3.020,2,0,3.406
HOM0347,0,0,2,22,1,1,208.700,2.880,2.400,3.440,3.420,2.790,3.170,3.190,2.600,2.600,3.790,2.880,3.240,5,0,2.766
HOM0348,0,0,1,18,0,1,207.300,2.920,3.980,2.430,2.160,2.710,3.420,3.460,2.640,1.380,3.430,3.540,1.990,5,0,2.783
HOM0349,3,16,3,18,1,0,192.100,2.100,2.230,2.240,2.880,2.780,3.170,2.350,3.560,4.370,2.630,2.250,3.860,4,1,3.162
HOM0350,2,9,0,18,1,0,5.000,2.670,2.840,2.680,2.260,2.500,3.430,2.650,2.930,1.940,3.920,2.820,3.330,5,1,3.369
HOM0351,0,0,2,21,1,0,228.800,2.820,2.120,3.700,3.070,2.900,2.120,3.460,3.020,2.270,2.230,3.400,3.810,4,0,3.275
HOM0352,3,14,3,21,0,0,354.300,3.030,3.270,2.930,3.080,2.480,3.090,3.270,2.650,2.230,2.420,3.560,2.550,4,1,2.122
HOM0353,4,4,1,21,1,1,284.700,1.830,2.630,3.020,3.790,2.940,3.010,2.970,2.940,3.800,3.660,3.480,2.900,2,1,2.327
HOM0354,2,10,2,19,0,0,89.400,4.240,3.930,3.270,2.650,3.300,2.600,2.350,2.730,2.680,3.350,2.700,2.540,4,1,3.311
HOM0355,0,0,1,19,0,0,324.600,2.370,4.210,3.340,2.700,3.270,2.520,2.390,1.620,1.970,2.240,2.980,3.520,2,0,2.928
HOM0356,0,0,3,21,0,1,391.000,2.980,4.190,2.260,2.690,4.050,3.430,2.820,3.680,4.810,2.770,3.160,3.170,2,0,3.504
HOM0357,0,0,0,18,0,0,75.600,2.740,3.660,3.690,3.090,3.160,2.990,2.770,2.800,1.970,2.670,2.470,3.070,4,0,2.701
HOM0358,0,0,0,20,0,0,100.200,2.940,2.010,2.450,2.240,1.760,2.450,2.290,2.600,2.670,2.530,3.070,3.250,1,0,2.908
HOM0359,0,0,2,23,1,1,356.700,2.840,3.180,3.500,3.020,2.680,3.520,3.740,2.590,2.810,2.890,1.360,3.080,4,0,2.938
HOM0360,0,0,0,19,0,0,304.600,3.010,2.430,3.660,2.700,2.120,3.370,2.820,2.670,2.720,3.010,2.940,3.230,2,0,3.088
HOM0361,0,0,2,19,1,0,51.700,4.250,2.120,4.300,3.190,2.780,4.000,3.380,3.360,3.600,3.510,3.080,2.920,5,0,2.896
HOM0362,2,4,2,20,1,1,175.100,3.380,2.020,3.400,2.740,2.960,3.020,2.630,2.930,2.910,3.050,1.630,4.270,4,1,2.986
HOM0363,0,0,0,18,1,0,5.000,2.560,3.330,2.450,3.870,2.420,3.920,3.310,3.320,3.240,3.590,3.530,3.610,4,0,1.712
HOM0364,0,0,2,20,0,1,21.100,3.020,3.020,2.420,2.490,3.480,2.380,3.350,2.310,3.660,1.610,3.300,2.250,5,0,3.662
HOM0365,1,4,2,21,0,1,5.000,2.760,4.140,2.460,2.300,3.410,2.000,3.260,2.010,3.530,3.150,2.640,2.450,3,1,2.885
HOM0366,1,1,2,18,1,0,211.100,1.460,2.710,3.340,3.670,3.080,3.800,2.790,4.390,3.220,3.560,3.410,3.650,4,1,3.033
HOM0367,1,6,3,21,1,1,121.500,3.430,3.590,3.550,3.250,3.400,3.060,2.770,2.190,3.060,3.380,3.290,2.400,4,1,2.725
HOM0368,1,14,1,21,1,0,251.700,2.600,2.910,3.900,2.850,3.210,3.050,4.460,4.830,1.870,3.230,3.340,2.720,4,1,2.376
HOM0369,1,6,2,18,0,1,72.900,2.920,3.150,2.940,3.280,3.020,2.890,2.710,3.250,3.820,2.540,3.230,2.680,3,1,3.250
HOM0370,0,0,2,19,1,1,201.900,2.410,3.090,2.890,3.870,3.910,3.570,3.950,3.020,2.270,3.960,2.640,2.950,1,0,2.494
HOM0371,1,9,1,19,0,0,261.800,2.360,3.290,3.560,4.360,2.870,3.240,2.570,3.360,2.910,3.200,2.130,2.900,5,1,2.767
HOM0372,0,0,1,18,1,0,137.000,2.230,3.010,1.820,3.210,2.910,2.750,2.500,2.730,3.350,3.160,3.340,3.020,1,0,2.960
HOM0373,0,0,0,20,0,0,91.100,3.200,2.920,2.020,3.770,2.570,2.780,3.100,2.870,3.510,3.420,2.410,3.260,1,0,3.039
HOM0374,0,0,1,21,1,1,258.400,2.690,2.250,3.000,2.530,2.380,2.750,3.230,3.400,3.910,1.780,3.020,2.420,1,0,3.942
HOM0375,1,15,2,22,1,1,284.500,2.920,4.120,3.410,3.730,2.830,4.110,2.720,3.710,2.760,2.490,3.640,2.620,4,1,3.091
HOM0376,4,1,2,18,0,0,91.800,1.590,4.420,2.330,2.560,1.760,3.120,3.080,3.110,2.820,2.380,3.400,2.250,4,1,2.596
HOM0377,0,0,2,23,0,1,306.500,3.350,3.010,1.810,4.530,3.400,2.320,3.060,2.270,3.380,2.750,3.810,3.530,2,0,3.204
HOM0378,0,0,0,19,1,0,42.200,2.900,2.070,3.090,3.320,3.910,4.490,2.980,3.170,4.110,2.980,1.960,3.130,5,0,3.743
HOM0379,0,0,1,19,1,0,224.800,2.930,3.360,3.690,3.180,2.750,2.320,3.360,2.290,2.850,2.270,3.560,3.660,6,0,1.529
HOM0380,2,3,0,19,1,0,406.400,3.600,2.550,3.080,3.390,3.050,2.420,2.920,3.880,2.500,3.490,2.390,2.090,4,1,2.293
HOM0381,5,7,3,19,1,1,237.100,2.850,2.790,4.300,2.070,1.930,3.430,3.750,2.030,2.790,2.720,3.130,3.750,4,1,2.829
HOM0382,0,0,2,18,1,1,5.000,3.320,3.160,2.660,2.540,3.490,2.470,1.360,1.620,1.550,2.200,2.290,2.610,3,0,2.100
HOM0383,4,16,2,22,0,0,200.800,2.800,2.080,2.350,3.170,3.610,3.310,2.860,3.160,2.880,3.010,2.470,2.480,2,1,2.737
HOM0384,0,0,0,20,0,0,194.100,3.820,3.820,4.050,2.090,2.940,3.430,2.040,3.850,3.390,2.900,2.140,2.650,3,0,3.420
HOM0385,2,10,4,19,1,1,61.100,3.570,3.070,3.270,3.580,3.260,2.720,3.500,2.870,3.520,2.120,3.720,3.530,3,1,2.579
HOM0386,0,0,1,21,0,0,324.800,3.380,2.710,3.060,3.050,2.590,3.170,3.000,1.950,3.360,2.970,2.010,2.260,1,0,2.531
HOM0387,0,0,1,18,1,0,168.300,2.830,2.510,4.040,1.560,2.590,3.450,3.470,3.950,2.420,3.660,1.250,2.460,2,0,2.442
HOM0388,0,0,0,18,1,1,5.000,2.990,1.790,1.890,3.380,2.320,2.100,2.570,2.740,3.190,2.970,2.500,1.490,2,0,3.748
HOM0389,4,12,2,20,0,1,166.800,2.640,2.460,2.920,3.450,1.520,2.760,3.260,2.970,1.910,2.070,2.850,2.640,5,1,2.591
HOM0390,0,0,0,18,1,0,112.200,4.640,3.570,1.870,2.180,3.060,3.090,1.350,3.800,3.670,2.150,2.400,3.420,5,0,2.764
HOM0391,4,14,3,23,1,1,128.600,2.640,3.010,3.290,4.130,1.800,2.410,3.060,2.910,3.450,3.150,2.860,1.970,3,1,3.350
HOM0392,0,0,3,20,0,1,229.800,2.480,3.520,3.350,3.400,3.860,3.270,3.230,3.450,2.990,3.950,3.970,2.910,3,0,3.482
HOM0393,0,0,1,22,1,1,209.300,2.840,3.820,3.120,2.440,3.630,2.710,2.440,3.270,3.610,3.440,2.080,3.050,3,0,3.178
HOM0394,0,0,1,19,1,1,107.700,2.850,3.030,1.890,2.690,2.660,2.290,3.550,3.700,2.500,2.670,3.170,3.080,3,0,3.112
HOM0395,1,5,0,18,1,0,40.500,3.300,2.890,3.400,1.900,2.790,1.750,3.420,2.950,2.890,3.210,3.580,2.600,4,1,3.316
HOM0396,1,9,2,21,1,1,201.000,2.650,2.860,2.770,2.430,3.740,2.840,3.970,3.480,3.250,2.900,3.150,2.400,6,1,4.267
HOM0397,0,0,2,18,1,1,114.200,2.910,2.700,1.900,1.830,3.270,3.130,2.470,2.090,2.320,2.350,2.050,3.970,1,0,3.238
HOM0398,0,0,0,24,1,1,106.600,1.790,2.560,2.180,1.240,4.330,2.520,2.570,3.350,2.940,1.000,2.280,2.290,3,0,3.157
HOM0399,5,16,2,18,0,0,5.000,3.150,2.700,2.100,3.080,2.170,2.540,1.560,2.900,3.250,2.990,2.850,2.880,4,1,2.780
HOM0400,2,16,1,21,0,1,109.100,2.660,2.720,3.740,3.170,2.930,3.330,2.640,4.350,3.480,2.550,2.740,2.910,4,1,2.622
HOM0401,2,7,2,18,0,0,123.800,2.230,1.160,3.040,3.940,2.460,3.120,2.940,3.040,2.930,2.350,3.230,3.300,1,1,2.609
HOM0402,0,0,0,23,1,1,322.900,2.970,3.770,3.480,2.910,4.460,2.890,3.730,3.170,2.530,2.520,1.540,4.790,3,0,3.217
HOM0403,4,16,2,20,1,0,5.000,2.720,2.410,2.540,3.210,2.820,3.780,2.990,2.870,3.020,3.570,1.870,3.370,5,1,2.024
HOM0404,0,0,1,23,0,0,5.000,2.910,2.980,2.370,2.530,1.900,1.520,3.310,3.010,1.680,1.640,3.530,3.040,4,0,2.418
HOM0405,0,0,1,19,1,1,5.000,3.880,2.430,4.040,2.650,3.120,3.850,4.020,2.180,1.990,3.590,2.460,2.200,3,0,2.887
HOM0406,2,16,2,20,1,0,156.800,2.760,2.110,2.950,2.450,3.090,3.160,3.290,3.000,3.320,3.660,3.230,2.690,2,1,3.276
HOM0407,0,0,2,20,0,0,140.200,3.340,3.230,2.940,2.140,2.610,2.420,3.000,3.320,2.570,1.800,4.460,2.750,2,0,2.793
HOM0408,1,1,3,23,1,1,96.900,2.750,3.670,3.140,2.930,3.230,3.720,3.150,2.850,2.250,3.100,2.950,4.150,4,1,2.611
HOM0409,0,0,1,21,1,1,5.000,3.750,4.200,2.590,2.510,4.250,3.260,2.800,3.620,2.470,2.420,2.670,3.630,4,0,3.093
HOM0410,0,0,2,21,1,1,5.800,3.020,3.740,3.020,2.400,3.250,2.420,2.610,2.980,3.320,3.500,2.840,3.460,2,0,1.466
HOM0411,0,0,2,18,0,0,288.900,3.810,3.000,2.620,3.820,1.830,3.670,3.490,2.450,3.300,2.940,3.130,3.520,1,0,2.772
HOM0412,0,0,0,18,1,1,90.600,2.140,3.520,3.430,2.760,3.320,3.190,2.540,3.480,3.700,3.630,1.460,3.120,2,0,1.880
HOM0413,0,0,1,20,1,1,105.100,3.700,2.620,3.130,4.220,2.130,2.960,4.290,2.910,3.130,3.130,2.500,3.330,6,0,2.297
HOM0414,4,9,3,21,1,1,265.800,3.240,3.230,3.670,2.060,4.060,2.990,3.400,2.130,2.740,1.830,3.470,2.960,6,1,2.910
HOM0415,0,0,3,22,1,1,150.100,2.650,3.140,3.000,3.710,2.660,4.000,3.250,3.000,3.330,2.750,2.850,1.980,4,0,3.018
HOM0416,2,4,3,23,1,0,243.900,3.100,3.550,2.920,2.880,4.240,3.720,3.850,3.590,2.650,3.310,4.630,4.300,3,1,2.310
HOM0417,5,13,2,18,0,0,302.600,1.800,2.190,3.560,3.440,3.340,4.290,2.650,2.290,2.920,3.450,2.510,3.850,3,1,2.768
HOM0418,1,11,1,18,0,0,199.300,2.100,2.100,1.820,3.080,1.590,1.720,1.870,2.520,2.240,1.190,1.550,3.550,3,1,3.083
HOM0419,5,9,2,18,0,1,5.000,2.890,3.220,2.830,3.990,3.220,2.370,2.540,3.250,2.460,2.790,2.900,2.290,5,1,2.139
HOM0420,3,10,4,21,1,0,228.500,2.790,3.790,2.670,4.360,3.120,2.470,3.500,3.450,3.320,2.720,2.230,4.020,4,1,3.192
HOM0421,0,0,1,18,0,1,247.100,2.620,1.930,3.690,2.730,3.470,3.120,3.250,1.860,3.090,3.050,2.380,1.870,6,0,3.276
HOM0422,1,1,2,21,0,1,375.600,2.310,4.000,3.200,3.100,3.470,2.910,2.290,2.890,2.210,3.100,3.060,3.720,4,1,3.094
HOM0423,0,0,0,18,0,1,113.100,4.020,2.310,2.510,2.630,3.170,2.840,2.590,3.520,2.800,1.550,2.360,3.170,4,0,3.186
HOM0424,4,6,3,22,1,0,19.400,3.210,2.720,3.010,4.360,3.570,2.390,4.260,4.070,1.960,3.080,3.660,3.380,6,1,3.754
HOM0425,1,11,2,21,0,0,266.800,3.090,3.180,3.300,3.010,2.470,3.080,2.750,3.400,2.700,3.500,3.690,2.570,5,1,3.193
HOM0426,2,4,0,25,1,1,374.300,2.980,2.950,3.890,3.650,3.590,2.600,2.990,4.110,2.910,2.720,3.360,3.820,7,1,2.895
HOM0427,4,12,2,18,1,1,153.100,2.010,1.830,3.820,2.250,2.450,2.350,2.980,2.870,2.640,2.820,3.130,1.940,4,1,3.124
HOM0428,2,3,4,22,1,1,219.700,2.790,2.720,2.720,2.900,3.230,3.720,3.430,3.790,4.500,4.040,2.940,2.980,4,1,2.811
HOM0429,0,0,1,20,1,1,151.000,2.100,3.530,3.080,2.130,3.260,2.710,3.020,2.540,3.410,1.770,2.450,2.970,2,0,1.932
HOM0430,5,10,3,19,1,1,131.900,2.160,2.410,2.680,2.670,3.490,2.320,3.430,2.000,2.830,3.220,3.720,3.550,1,1,3.647
HOM0431,1,14,0,18,0,0,5.000,1.470,2.330,3.440,3.640,2.810,3.510,2.890,2.150,2.940,2.560,3.390,2.120,4,1,2.240
HOM0432,1,8,2,21,0,1,169.300,3.450,3.160,3.660,3.810,2.950,4.110,4.420,4.100,2.400,3.220,3.620,4.640,5,1,3.974
HOM0433,0,0,3,22,1,1,243.900,4.320,2.810,3.870,2.070,2.460,4.230,3.150,4.870,3.320,3.330,4.400,3.310,4,0,3.923
HOM0434,1,16,2,21,1,0,66.400,3.660,1.690,4.280,2.310,2.880,2.420,3.060,3.110,3.140,2.560,3.450,1.540,5,1,2.809
HOM0435,0,0,1,20,0,1,185.000,2.960,2.420,2.820,3.970,2.730,3.340,3.840,3.200,3.090,3.140,1.990,4.070,4,0,3.379
HOM0436,3,8,3,21,1,0,199.000,1.850,2.720,1.740,3.300,3.880,3.920,3.120,2.750,2.050,2.560,4.110,3.300,4,1,1.931
HOM0437,0,0,4,20,1,1,171.400,3.880,4.120,2.830,3.480,3.060,3.360,2.470,2.170,2.790,3.120,2.820,2.840,6,0,3.228
HOM0438,0,0,1,20,1,1,93.000,3.080,3.110,2.720,2.290,3.640,2.550,2.680,1.800,2.110,2.930,3.060,3.100,3,0,2.988
HOM0439,4,10,2,21,1,1,77.700,4.110,2.890,2.960,3.010,2.570,3.220,3.580,2.950,3.140,2.450,4.130,2.920,3,1,3.076
HOM0440,0,0,1,20,1,1,307.100,3.080,4.240,2.550,2.990,3.910,3.440,2.670,2.770,2.000,3.160,1.980,3.430,6,0,3.150
HOM0441,2,5,1,18,1,1,198.000,3.090,2.730,3.660,3.700,1.380,2.400,3.140,2.750,3.870,2.590,3.650,3.010,1,1,2.943
HOM0442,0,0,1,27,1,0,272.900,2.320,2.630,4.030,3.800,3.410,3.230,3.480,4.380,3.000,2.880,2.650,2.730,5,0,3.208
HOM0443,4,15,2,21,1,1,149.600,2.590,2.750,2.730,3.100,3.530,3.610,4.520,2.570,2.630,3.560,3.170,3.150,2,1,1.880
HOM0444,1,2,2,20,1,1,223.300,3.300,3.840,3.070,3.480,2.800,3.390,3.230,3.890,3.090,2.820,2.630,3.040,3,1,2.789
HOM0445,0,0,2,19,1,1,93.000,3.430,4.240,2.880,3.000,2.960,2.890,3.360,2.890,2.850,2.810,2.980,2.780,2,0,3.195
HOM0446,0,0,2,18,0,1,227.000,4.300,4.070,1.740,2.520,2.790,2.000,4.360,2.850,2.530,2.970,2.300,3.230,5,0,3.637
HOM0447,0,0,1,18,1,0,270.300,2.340,2.940,2.920,3.200,1.730,2.800,3.060,2.300,2.980,2.860,2.610,2.170,4,0,2.511
HOM0448,0,0,1,23,1,1,97.500,3.640,3.920,4.170,2.480,2.580,2.570,2.500,3.700,3.180,3.590,3.290,3.420,5,0,3.782
HOM0449,1,16,2,21,1,1,226.300,3.570,3.240,2.490,3.520,3.320,2.520,2.890,3.550,3.050,3.070,3.550,3.090,4,1,2.466
HOM0450,0,0,2,19,0,1,250.100,3.670,2.420,3.330,2.800,3.640,2.280,3.400,4.570,3.850,2.720,3.270,3.720,5,0,3.304
HOM0451,0,0,3,22,1,1,141.600,2.740,2.820,2.820,4.190,2.620,3.080,4.110,2.970,3.250,3.720,3.660,3.530,3,0,2.904
HOM0452,1,16,1,18,0,0,247.500,1.500,3.260,2.480,2.360,2.170,3.350,3.670,3.340,2.880,2.190,2.680,2.200,5,1,2.871
HOM0453,0,0,2,19,0,0,231.900,2.500,3.540,2.560,3.060,2.970,4.270,2.580,2.880,3.200,2.760,2.820,2.880,3,0,2.740
HOM0454,1,12,2,21,0,0,361.500,3.140,3.690,1.680,3.590,3.410,3.490,3.690,4.460,4.240,3.610,3.200,2.770,2,1,2.900
HOM0455,0,0,0,20,1,1,193.700,2.950,2.780,3.030,2.400,2.750,2.580,3.020,3.360,3.110,3.430,3.770,3.990,4,0,3.341
HOM0456,1,4,1,20,1,1,337.000,2.820,3.260,3.350,2.390,2.990,2.290,1.360,2.880,2.140,2.600,2.890,2.770,4,1,3.293
HOM0457,2,17,2,21,0,1,277.000,3.880,2.600,2.590,3.180,3.760,2.620,2.410,3.710,3.970,3.120,2.800,3.270,4,1,2.158
HOM0458,0,0,1,21,1,1,236.200,3.150,3.490,3.620,3.760,3.880,3.150,2.490,2.470,2.820,3.630,2.840,3.650,6,0,1.879
HOM0459,1,11,2,19,0,0,250.400,2.980,2.880,2.680,3.170,3.190,2.150,3.100,1.950,3.510,3.170,3.590,2.790,1,1,2.755
HOM0460,0,0,2,21,1,1,380.800,3.200,4.100,3.130,3.980,2.690,3.450,1.890,3.170,2.360,3.110,3.800,3.700,2,0,4.003
HOM0461,5,12,1,23,0,0,332.800,3.050,3.840,3.940,2.190,2.970,3.090,2.270,2.410,2.970,2.810,1.550,3.020,4,1,3.693
HOM0462,3,8,1,22,1,0,131.700,2.990,3.100,2.460,2.790,2.530,2.260,2.390,1.980,2.280,2.340,2.890,3.020,2,1,2.760
HOM0463,1,1,0,21,1,0,54.000,3.180,3.460,3.030,3.010,2.100,2.680,3.310,2.480,2.610,2.240,3.500,3.650,3,1,3.352
HOM0464,1,2,2,18,0,1,49.500,3.030,3.350,2.650,2.360,2.470,2.260,2.210,2.840,3.110,2.920,3.440,1.080,2,1,3.436
HOM0465,0,0,0,20,1,1,168.000,3.050,3.500,2.600,3.480,3.630,1.140,2.590,2.600,3.730,2.750,2.690,2.510,1,0,3.590
HOM0466,2,13,1,20,0,0,293.600,3.680,3.470,3.060,2.150,3.690,1.960,3.070,2.810,3.510,3.610,4.420,2.310,1,1,3.464
HOM0467,0,0,1,21,0,1,429.000,2.830,2.220,3.020,2.580,3.260,2.190,2.840,3.100,3.130,2.450,2.870,3.080,6,0,3.679
HOM0468,1,9,2,19,1,0,5.000,3.420,4.090,1.920,3.760,3.530,3.050,2.470,3.820,2.320,2.940,2.030,3.190,4,1,3.573
HOM0469,2,6,1,21,0,0,98.500,2.100,1.920,3.270,2.370,3.210,3.180,2.670,2.660,1.760,2.470,2.570,2.920,5,1,2.879
HOM0470,0,0,2,18,0,1,81.100,2.900,4.110,3.450,2.980,3.460,3.510,2.970,3.330,3.020,3.060,1.880,2.830,5,0,2.101
HOM0471,0,0,0,19,0,0,130.700,2.650,2.460,2.560,2.940,2.970,3.340,1.550,2.700,2.810,2.830,3.030,2.510,5,0,2.948
HOM0472,0,0,1,18,0,0,242.500,3.000,2.730,3.720,3.820,2.310,3.450,3.610,2.900,2.170,3.230,3.610,2.840,5,0,3.244
HOM0473,5,6,3,18,0,0,5.000,1.210,2.560,1.000,2.290,2.950,2.080,2.320,2.440,3.390,3.070,3.040,2.430,3,1,3.187
HOM0474,0,0,2,18,1,0,150.200,3.060,3.150,3.700,3.330,3.770,2.250,3.050,3.400,3.830,3.810,2.910,3.120,6,0,2.124
HOM0475,1,1,4,23,1,0,156.000,3.530,2.390,2.590,2.680,2.590,2.860,3.920,3.680,2.480,3.000,2.210,2.930,6,1,3.373
HOM0476,0,0,0,19,1,0,128.900,2.230,2.700,3.630,2.890,2.420,2.770,3.290,3.770,3.060,2.800,2.070,2.080,3,0,2.925
HOM0477,0,0,1,22,1,0,306.000,3.240,4.300,2.690,2.590,3.280,4.300,1.840,3.010,2.960,2.750,3.780,3.000,4,0,1.983
HOM0478,0,0,1,18,0,1,5.000,2.790,1.600,2.710,1.970,2.380,2.520,2.130,3.520,3.520,3.390,2.860,3.630,3,0,3.965
HOM0479,0,0,1,26,1,1,414.200,2.450,2.760,2.850,3.810,2.900,3.190,4.780,2.690,3.680,2.630,4.170,3.290,4,0,2.505
HOM0480,1,13,2,19,1,1,158.000,4.050,3.900,2.430,2.660,2.390,1.910,3.660,3.730,3.440,2.770,2.970,2.670,6,1,3.221
