participant_id,horror_movie_exposure,horror_movie_enjoyment,baseline_anxiety,fearfulness,disgust_sensitivity,sensation_seeking,emotion_regulation,empathic_concern,horror_films_month,sleep_hours,current_stress,perceived_safety,age_years,caffeine_mg,film_familiarity,imagery_vividness,startle_sensitivity,social_support,threat_expectancy,coping_confidence,total_film_hours_week,gender,viewing_company,session_time,content_warning,prior_film_course,headphones,subtitles,prior_adverse_reaction,viewing_setting,relaxation_familiarity,anxiety_and_emotional_response
T09_0001,13,5.9,7,6.3,8,4.4,3.7,5.8,0,7.3,6.3,9,23,134,6.3,6,5.7,5,3.9,4.7,12.6,woman,with_peer,day,yes,no,yes,no,no,screening_room,yes,5
T09_0002,12,3.3,2.6,6.2,8.1,3.9,6,4.7,2,5.5,3.3,6.1,24,98,6.1,2.7,7.1,6.2,2.9,4.1,5.6,nonbinary_or_self_described,alone,day,no,yes,no,no,yes,lab,yes,3.25
T09_0003,13,6.4,3.6,5.5,3.5,4.9,4.4,3.4,5,6.9,6.4,2.4,31,56,6,5,6.1,2.8,6.1,8.9,3.5,woman,with_peer,day,no,yes,no,no,yes,lab,no,5
T09_0004,22,4.6,5.9,6.7,2.3,4,7.7,5.7,3,6,6.6,5.2,32,158,5.5,2.4,5.8,7.9,4,5.2,6.3,woman,with_peer,day,yes,no,yes,yes,no,screening_room,no,2.5
T09_0005,5,7.8,7.5,5.3,6.1,5.9,3.2,7.3,5,6.4,1.4,3.6,44,95,8.2,2.8,7.1,6,5.2,6.1,4.7,woman,alone,day,yes,no,yes,no,no,lab,no,6.25
T09_0006,12,5,6.5,3.8,2.9,7.6,4.7,4.3,3,7.6,6.4,6,37,12,9.2,4,4.4,3.1,5.1,5.6,2.8,man,with_peer,day,yes,no,no,no,no,lab,yes,6
T09_0007,20,2.9,5.3,7.4,5.5,2.4,5.2,6.9,4,7.7,4.7,4.8,28,256,3,8,5.9,5.1,5.2,3.5,8.2,man,alone,day,yes,no,yes,no,yes,screening_room,yes,4.75
T09_0008,13,6.3,4.3,3.8,4.3,3.5,5.4,6.6,4,8.2,5.1,4.7,18,7,7.9,9.4,4.9,7.3,2,3.7,2.4,woman,with_peer,day,no,no,yes,yes,no,screening_room,no,3.75
T09_0009,18,6.3,4.8,4.9,5.5,3.9,2.1,5.7,2,6.7,5.7,6.7,33,301,3.8,1.5,6.1,5.1,4.8,6.1,7,woman,alone,day,no,no,yes,no,yes,lab,no,6.5
T09_0010,25,4.6,5,5.7,5.9,4.8,3.7,4.9,5,7.9,4.8,6.2,23,19,4,5.5,6.9,5,4.3,3.3,12.5,woman,alone,evening,no,no,no,yes,no,lab,no,4.25
T09_0011,19,4.2,3.2,2.5,5.3,4.3,3.6,5.5,1,7.9,4.8,3.4,41,205,3.6,2.7,7.2,3.2,6.5,2.8,7.6,woman,with_peer,day,yes,no,no,no,no,lab,yes,2.5
T09_0012,11,5.6,4.4,5.4,1.7,3.7,4.4,4.7,3,7.4,1.7,3.5,36,16,5.1,6,6.2,4.9,5.3,5.6,1,man,alone,day,yes,yes,no,no,no,lab,no,4.25
T09_0013,15,7.2,9.6,3.1,3.6,4.7,2.9,6.4,2,6.8,4.6,7.9,19,89,7.7,6.6,6.8,1.7,3.5,3.8,5.3,woman,with_peer,day,yes,yes,no,yes,yes,screening_room,yes,5.25
T09_0014,21,4.7,2.2,5.4,7.4,4.7,6.1,4.4,5,5.4,4.2,3,29,107,7,6.4,5.7,5.9,3.7,5.9,13.3,man,alone,day,no,no,no,yes,no,screening_room,yes,5
T09_0015,18,4.8,6.5,6.7,5.2,3.5,6.2,7.9,2,7.9,3.5,5.6,23,53,6.2,3,7.5,2.3,7.4,2.1,6.3,woman,alone,day,yes,no,yes,no,no,lab,no,7.5
T09_0016,2,6.3,6.3,3.7,5.7,2.2,4.1,2.8,3,5.2,4.7,4.1,24,124,7.6,2.3,2.8,4.5,5.3,2.5,6.6,woman,with_peer,evening,no,no,yes,yes,no,screening_room,yes,6.25
T09_0017,20,5.2,4.3,3.5,6.1,8.5,1.6,4.8,4,7.2,4.8,4.7,39,80,3,5.1,5.2,4.3,5.8,3.2,0.6,woman,alone,day,yes,yes,no,yes,no,screening_room,yes,2.25
T09_0018,7,8.2,2.6,5.9,2.9,2.1,5.8,5.5,1,8.3,6,3.6,36,87,6.3,1.8,5.1,3.4,5.9,5.6,11.4,man,alone,day,no,no,no,yes,no,lab,no,3.25
T09_0019,8,4.2,4.9,2.4,5.3,0.8,4.5,1.6,2,6.8,6,4.2,32,97,7.5,4.1,5.7,6.9,4.2,3.7,2.9,woman,with_peer,evening,yes,no,no,no,no,lab,no,4.5
T09_0020,15,7.2,5.6,3.2,4.4,5.3,4.3,5.7,3,7.7,6.2,5.1,24,39,5.9,3.7,4.2,3.5,3.5,4.6,1.6,woman,alone,day,yes,no,yes,yes,no,lab,no,3
T09_0021,11,5.8,5.7,3,7.4,5.1,2.9,3.7,1,7.7,4.7,6,35,67,5.9,7.1,9.1,5,6.8,4.2,8.5,woman,with_peer,evening,yes,no,no,no,no,screening_room,yes,4.75
T09_0022,16,4.9,5.8,7.9,5.7,4.2,4.6,4.1,3,5.3,5.6,7.1,42,6,3.9,7.2,5,6.2,1.9,8.4,3.5,woman,alone,evening,yes,yes,no,yes,no,lab,no,4.25
T09_0023,21,6.5,4.2,5.1,4.5,3.7,4.6,5.4,4,6.9,5.4,6.5,21,157,6.5,6.7,4.6,6.5,5.9,4.4,6.8,man,alone,evening,yes,yes,no,no,no,lab,yes,5
T09_0024,15,5,6.3,3.6,6.3,3,4.3,5.3,3,8,8.1,4.3,45,8,4,1.8,8.1,7.4,4.5,7,2.2,man,alone,day,no,yes,no,no,no,lab,yes,6.25
T09_0025,18,5.2,8.1,7.6,4.6,7.2,2.1,8.1,4,8.5,3.1,5.1,25,88,5.6,5.2,6.3,6.5,5.2,4.4,3.5,nonbinary_or_self_described,alone,evening,yes,yes,no,no,no,lab,no,3.5
T09_0026,17,5.1,1,3.8,5.3,4.3,2.4,5.7,1,8.8,3.4,5.5,35,60,5.1,6.5,3.1,0.8,0.6,3.8,9.3,woman,alone,evening,yes,no,yes,no,no,lab,yes,5.5
T09_0027,22,5.8,6.8,3.7,3.4,6.4,4.7,5,4,7.5,7.6,3.5,33,109,9,4.3,2.4,3.3,3.4,7.1,3.3,man,with_peer,day,yes,yes,no,no,no,lab,no,6
T09_0028,14,4.5,6.5,3.8,4.8,5,1,4.4,0,8.1,4.9,5.6,38,135,3.8,3.7,5.1,7.3,5.9,4.8,3.2,man,with_peer,evening,no,no,yes,yes,no,lab,no,5.75
T09_0029,10,6.7,2.7,5.8,1.4,8.2,5.4,4,6,6.2,4.6,6.2,32,46,5.6,5.1,4,3.3,6.1,5.7,2.5,woman,alone,evening,yes,no,yes,no,no,lab,no,4.25
T09_0030,9,6.2,3.6,5.5,2.7,5.2,4.3,3.3,3,7.1,7.1,4.3,25,19,5.5,4.7,2.1,2.7,4.6,6.4,9.4,woman,alone,day,yes,no,no,no,no,screening_room,no,3.5
T09_0031,10,3,6.9,5.9,3.5,1.4,6.1,4.3,5,7.1,3.8,9.1,32,41,5.9,2.3,7.7,6.1,6.6,3.7,6.3,woman,with_peer,evening,no,no,no,no,yes,lab,yes,2.75
T09_0032,19,4.9,8.3,7.1,6.1,5.7,6.1,7.9,6,7.6,1.8,8.6,47,61,4.7,6.7,4.6,7.6,3.4,6.3,7.6,woman,alone,evening,no,no,no,yes,no,screening_room,yes,4.75
T09_0033,25,6.2,7.1,5.2,7,5,4.3,3.7,5,8.4,5.1,4.3,31,164,6.5,4.9,4,5.7,4.3,4.1,2.8,man,with_peer,evening,yes,yes,yes,no,no,lab,no,3
T09_0034,12,5,5.9,6.5,6.1,2,6.9,6.5,1,6.9,4.7,9.1,37,177,1.5,0.2,8.6,4.1,4.2,5.5,6.6,man,alone,day,no,yes,yes,no,no,lab,no,5
T09_0035,10,5.4,7.4,5.3,1.8,6.4,8.4,5.5,0,8.5,3.6,7.7,33,83,6,2.2,7,5.2,1.5,3.9,3.2,woman,with_peer,evening,no,no,no,yes,no,lab,no,3.5
T09_0036,24,1.3,5.7,6.6,1.4,3.3,2.2,6.3,5,9.4,5.4,7,35,7,0,0.4,3.1,7,3.5,7.9,5.5,woman,alone,evening,no,no,no,no,no,lab,yes,4.25
T09_0037,20,6.4,4.9,4,6.1,6.4,4.6,4,8,8.2,7.6,2.6,38,220,3.4,4.1,5.1,5.4,1.9,4.5,3.8,man,alone,day,no,no,yes,no,no,screening_room,yes,2.75
T09_0038,24,3.4,4.3,6.1,6.1,5.6,3.6,5.8,2,6.8,5.8,2.9,38,192,5.4,2.5,2.2,5.9,5.2,4.3,6.3,man,with_peer,day,yes,no,yes,no,yes,screening_room,yes,7.25
T09_0039,21,7.5,4.5,3.1,7,3.1,5.5,7.4,7,6.5,7.3,5.7,36,3,8.4,8.1,4,6.5,5,6.7,5.7,woman,alone,day,yes,no,no,no,no,lab,yes,2.75
T09_0040,16,6.1,2.7,4.7,4.4,4.6,4.9,3.4,3,5.6,3.9,2.7,26,162,5.8,4.6,5.2,7.9,4.7,3.4,6.3,woman,alone,day,no,no,yes,no,no,screening_room,no,6
T09_0041,24,7.2,4.4,2.2,5.6,7.4,5.6,3.5,1,7.8,1.7,7.3,41,194,5.8,3.3,3.7,6.5,4.7,4.1,13.5,man,with_peer,evening,yes,no,no,no,yes,lab,yes,5.75
T09_0042,6,6.1,2.1,5.4,6.3,5.3,7.2,4,1,6.7,6.1,5.6,40,3,5.8,5.2,3.4,3.7,3.3,4.8,9.4,man,with_peer,day,no,yes,yes,no,yes,lab,no,5.75
T09_0043,13,5.2,4.5,6.1,8.4,6,6,7.2,3,8,8.6,1.9,31,69,3.6,4.9,4.8,5.4,1.3,6.8,7.3,woman,with_peer,day,yes,no,yes,yes,no,lab,no,4.5
T09_0044,10,4,3.6,8.4,2.8,4.6,6.9,3.8,3,8.5,5.1,4.6,28,53,4.5,3.1,4.8,3.7,4.7,6.3,3.4,woman,with_peer,day,no,yes,no,no,no,screening_room,yes,4.5
T09_0045,15,4.7,5.5,2.7,4.4,4,6.1,2.3,7,7.5,5.4,2.9,47,128,5.3,3.5,3.6,6,5.7,6.1,9.2,nonbinary_or_self_described,with_peer,day,no,no,no,no,no,lab,no,3.75
T09_0046,10,7,3.9,6,6.6,6.5,4.5,6,1,5.2,6,9.2,33,151,2.4,2.5,5,3.3,4.1,6.5,11.4,woman,with_peer,day,yes,no,no,no,no,lab,no,5.25
T09_0047,11,3.5,5.9,5.3,7.6,4.4,6.3,4.8,2,7.3,4.5,4.8,36,4,5.7,3.1,4.2,6.1,7.8,7.1,5,woman,with_peer,evening,yes,no,no,no,no,lab,yes,5.5
T09_0048,25,3.6,4.1,8.8,3.5,2.9,3.1,9.4,2,7.1,7.5,8,23,88,5.9,5.2,4.7,6.5,5.2,4.8,5.9,woman,alone,day,no,no,yes,yes,no,screening_room,yes,5
T09_0049,12,7.4,4.6,3.1,5,5.7,5.1,2.5,5,7.5,5.4,6.1,34,115,5.3,8.2,5.9,5.7,2.7,2.4,4.3,woman,with_peer,evening,yes,no,no,no,yes,lab,no,3.5
T09_0050,13,4.5,4.2,5.6,6,7,3.2,5.2,5,9.4,7.8,0.6,38,198,4.2,3.9,7.4,5.5,4.4,7,8.4,woman,alone,evening,yes,no,no,no,no,lab,no,4
T09_0051,4,6.5,6,9.6,7.5,4.3,6.6,5.7,2,6.7,7.6,2.5,58,82,4.2,3.7,3.6,3.2,6.7,3.4,6.9,woman,alone,evening,no,no,no,no,yes,lab,yes,6
T09_0052,6,4.4,4.6,5.5,3.7,3.4,7.1,4,1,6.6,3.7,5.1,29,222,5.6,6.8,5.4,4.1,3.4,4.8,5.8,man,with_peer,day,yes,yes,no,no,yes,lab,no,6.25
T09_0053,13,5.6,6.3,1.9,3.5,8.3,5.4,6.9,2,8,5.4,7.8,35,80,7.1,3.8,6.6,4.3,7.4,5.2,4.1,woman,with_peer,evening,yes,yes,no,no,no,screening_room,yes,5
T09_0054,13,6.2,6.4,2.9,4.3,5.1,7.2,7.4,2,6.2,3.4,5,36,191,4.3,3.3,3.7,4.8,6.1,5.3,5.5,man,alone,evening,yes,yes,yes,no,yes,screening_room,no,4.5
T09_0055,18,8.1,6.4,3.3,3,5.3,6.2,6.9,1,6.2,4.8,2,22,175,5.6,3.4,4.3,2,4.6,4.7,2.1,woman,with_peer,evening,no,no,yes,yes,no,lab,no,3
T09_0056,17,5,2.9,2.1,5.2,5.1,7.8,5.3,6,6.1,6.5,6.1,29,95,6.2,2.2,5.2,1.9,5.8,5,5.1,woman,with_peer,evening,no,yes,no,no,no,lab,yes,7.75
T09_0057,27,0,4.6,1.6,2.2,6.7,3.6,6.1,3,7.4,3.9,7.8,32,40,2.8,4.4,3.6,4.4,2.4,4.2,4.3,nonbinary_or_self_described,alone,day,yes,no,yes,yes,yes,lab,no,5.75
T09_0058,3,4.4,4.1,6.6,7.4,3.7,5,3.2,1,5.9,3.7,3.8,26,93,4.5,3.2,4.5,5.8,4.5,4.5,1.6,woman,alone,evening,no,no,no,yes,no,lab,yes,3
T09_0059,3,1.8,3.6,4.3,6.6,4.4,4.8,8.6,2,7,4.9,3.1,38,59,6,5.2,6.3,5.7,8.9,4.3,6,woman,alone,day,no,no,yes,no,no,lab,no,7
T09_0060,3,4.1,5.4,5.8,6.8,1.7,3.5,3.5,5,6.6,3.6,5.6,28,21,5.9,4.2,4.9,4.2,4.1,6.2,11.3,man,alone,day,no,no,yes,yes,no,lab,no,3.75
T09_0061,22,7.3,6.5,2.6,4.6,2.8,5.6,4.9,2,8,3,3.7,29,94,3.2,6.8,3.3,2.4,3.7,2.4,7,woman,with_peer,evening,no,no,no,yes,no,lab,no,7.25
T09_0062,7,6.9,8.4,4.5,5.7,4.3,5,6.1,5,7.1,2.7,6.6,33,167,4.7,4.1,1.7,1.9,5.3,6,5.9,man,with_peer,day,no,yes,no,yes,no,lab,no,4
T09_0063,28,3.9,6,8.5,9.7,5.2,4.3,2.1,5,7.7,9,7.7,22,159,6.7,7.5,6.5,7.2,2.7,7.2,3.6,woman,with_peer,day,yes,no,no,no,no,screening_room,no,3
T09_0064,20,2.9,5.9,5.8,8.1,3.4,4.4,7.4,4,6.2,2.9,5.8,32,38,6.5,5.7,5.2,5.8,7.1,5.4,1.8,woman,with_peer,day,no,no,no,no,yes,lab,no,3.75
T09_0065,22,7.9,5.9,5.7,8,3.5,4.7,5.3,3,8.2,5.2,2.4,42,25,2.4,2.9,4.5,7.4,4.2,6.3,6.7,man,with_peer,evening,yes,no,no,no,no,screening_room,yes,4.25
T09_0066,12,0.6,5.1,3.2,4.9,6.7,3.1,8.4,7,6.7,3.2,4.1,34,194,7.5,4.9,3.9,3.6,5.3,1.9,13.5,man,alone,evening,no,yes,no,yes,no,lab,no,3.75
T09_0067,0,4.9,5.9,3.6,0.7,7.8,6.3,7.3,3,5.8,5.2,4.5,25,189,4.4,3.3,3.4,7.1,5.1,5.3,6.8,man,alone,day,yes,no,yes,yes,yes,lab,no,2.5
T09_0068,11,5.9,7.1,2.8,7.2,5.9,6.8,3.3,2,6.4,5.6,5.4,35,137,2.5,3.6,6,5.8,5.4,2.8,0.6,man,alone,evening,yes,no,no,yes,no,lab,yes,6.75
T09_0069,15,5,1.3,8.1,6.5,5.3,5.8,3.7,1,9.2,0.8,6,29,81,8.3,6.2,2.4,4.5,5,4.3,5.4,nonbinary_or_self_described,with_peer,day,no,no,no,no,no,lab,yes,5.75
T09_0070,5,3.8,4.3,1.9,6.6,7.5,6.4,6.4,0,7,7.4,3.5,30,106,5.9,7.3,4.6,1.8,7,2.2,2.3,man,with_peer,evening,yes,no,no,no,no,lab,no,3.75
T09_0071,17,5.3,3.7,5.3,3.8,6,6,3.6,8,7.2,3.5,4.6,27,164,6.3,3.6,6.2,6.5,6.5,6.2,4.3,man,alone,day,no,no,yes,no,no,screening_room,no,7.5
T09_0072,13,4.3,7.8,5,5,5.5,3.9,4.2,3,5.2,6.4,7.4,27,123,3.8,7,3.8,6.1,5.7,4.5,12.1,man,with_peer,day,yes,no,no,yes,no,screening_room,no,5.5
T09_0073,14,5.2,6,4.3,6,6.3,3.3,5.6,3,7,6.1,6.8,47,33,5.4,7.8,4.6,7.9,4.7,4.7,7.8,woman,alone,day,yes,no,yes,yes,yes,lab,no,4
T09_0074,17,5.4,3.2,5.6,3.8,7.6,4.6,4.1,5,7.1,2.5,5.8,33,72,5.6,5.8,3.3,3,5.2,3.6,6.4,woman,with_peer,day,yes,no,yes,no,no,lab,no,2.75
T09_0075,18,7.8,5.5,4.4,4.4,4.5,3.4,2.9,3,6.1,6.3,6.8,19,20,6.5,3.3,4.9,3.8,3.7,3.7,5.2,woman,alone,day,no,no,yes,no,no,lab,no,6.75
T09_0076,27,5.8,6.7,6.6,8.8,7.6,4.7,3.6,5,7.2,4.3,5.1,33,107,5.7,5.6,4.3,5.8,3.7,8.8,4.2,man,with_peer,evening,yes,no,yes,no,no,lab,yes,5.5
T09_0077,27,3.7,1.4,6.5,4.2,6.6,3.2,2.7,3,6.6,3.2,6.4,31,124,2.6,6.4,4.9,5.7,5.3,5.5,1.6,man,with_peer,day,no,no,yes,no,no,lab,no,8.25
T09_0078,25,3.8,2.3,6.6,5.3,7.3,6.7,5.7,4,8.2,9.1,6.7,31,81,7.9,5.5,4.3,5.9,3.6,5.5,0.6,man,alone,day,no,no,no,no,no,lab,yes,5.25
T09_0079,7,4.5,6,5.6,5,5.2,2.6,4.6,4,6,5.1,3.9,28,218,5.4,2.3,7.6,4,7.5,2.1,5.4,man,with_peer,evening,no,no,yes,no,no,lab,yes,5.75
T09_0080,7,4.4,5.4,1.4,4.2,6.7,5.1,9.5,2,6.9,3.2,2.8,25,103,2.9,7.9,4.3,6.7,3.4,2.1,2.3,nonbinary_or_self_described,alone,day,no,yes,no,no,yes,screening_room,no,4.5
T09_0081,18,4.6,4.1,4.7,4.5,7.7,7.4,5.4,4,7.3,5.3,4.2,30,59,4,5,6.3,5.7,4.6,3.6,6.8,woman,alone,evening,no,no,no,no,no,screening_room,no,7.5
T09_0082,17,5.2,6.5,7.5,3.6,7.8,3.9,4.5,3,7.2,2.3,5.3,26,174,4.4,7.1,6.9,6.3,6.9,5.9,3.3,woman,with_peer,day,yes,no,no,yes,no,lab,yes,5.25
T09_0083,25,5.7,6.2,5.2,5.8,3.2,5.4,3.4,2,7.3,4.4,5.9,40,186,6.4,3.4,3.4,3.5,6.1,6,11,man,with_peer,day,no,no,yes,no,yes,screening_room,no,4.75
T09_0084,9,5.3,5.9,6.8,5.9,7.6,2.2,7.4,2,9.5,5.8,2.6,42,59,6.1,2.3,7.7,6.3,6.4,4,6.4,man,alone,evening,no,no,no,yes,no,screening_room,no,3.25
T09_0085,29,4.4,5.5,3.4,5.5,3.2,4.2,4.3,3,8.7,7.9,6.8,36,50,7,6.7,3.6,5.9,4.6,8.8,7.4,woman,with_peer,day,yes,yes,yes,no,no,lab,yes,5.25
T09_0086,15,3.3,5.3,4.3,3.8,5.5,4.2,7.7,2,6.5,4.3,5.2,38,163,7.6,3.1,7.1,4.5,6.9,6.9,5.6,man,alone,day,no,yes,yes,no,no,lab,no,5.25
T09_0087,20,9.6,4.4,4.9,4.4,4,4.7,5.2,2,8.1,4.1,6.1,27,92,2.4,3.5,4.2,4.6,5,2.4,10.4,man,with_peer,day,no,no,no,yes,yes,lab,no,5
T09_0088,15,5.4,8.7,6.2,1.1,4.6,4.2,2.6,7,7.2,4.3,6.6,30,42,4.2,6.5,1.9,5.4,6.9,6.4,5.3,man,alone,day,yes,yes,no,no,no,lab,no,6.5
T09_0089,29,6.5,6.2,3.8,6.7,5.8,7.4,3.2,1,7.4,4.2,8.2,26,58,5.4,3.7,5.9,4.3,6.9,7.1,2.4,woman,alone,day,yes,yes,yes,no,no,lab,no,3
T09_0090,18,2,6.1,4.5,5.6,5.8,4.6,3.1,3,6.8,3.1,5,30,113,3.8,5.2,5.9,6,7.3,7.4,6.5,woman,with_peer,day,no,no,no,no,no,lab,no,4.75
T09_0091,17,4.6,4.3,2.4,3.7,4.9,6.2,6.4,5,7.6,2.6,5.4,38,40,3.6,4.8,6.7,4.7,5.5,5.1,5,man,with_peer,evening,no,no,yes,no,yes,lab,no,6.25
T09_0092,10,1.8,2.4,3.4,5.7,5.7,5.8,4.9,3,6.3,1.7,4.4,22,108,6.1,5.3,7.4,5.2,3.9,6.2,3.9,woman,with_peer,evening,no,no,yes,no,no,lab,yes,5
T09_0093,14,4,6.6,3,5.1,5.9,5.3,3.4,3,5.9,4.2,4.2,27,48,5.8,3.1,4.1,4.8,1.5,9.9,9,man,with_peer,day,no,no,no,no,no,lab,no,3.25
T09_0094,13,5.5,4.1,5.7,4.5,5.9,2,6,1,5.5,4.9,7.3,38,107,5.2,7.1,5,5.4,8,4.5,7.8,woman,alone,day,no,yes,yes,yes,no,screening_room,no,3.75
T09_0095,22,4.6,1.2,5.4,7,8,5.2,5.3,1,6.4,2.9,4.1,35,146,5.8,2.9,5.3,7.3,1.4,2.3,4.9,woman,with_peer,day,yes,no,no,yes,yes,lab,no,5.5
T09_0096,12,5.4,5,6.9,6.9,5.4,4.9,8.3,5,6.3,9,5.1,28,219,3.8,3.6,2.8,6.2,5.5,5.7,6.8,woman,alone,day,yes,no,no,yes,no,lab,no,5.25
T09_0097,20,6.1,5.3,6.5,4.2,7.4,2,3.2,3,6.2,5.4,5.8,38,67,4.7,4.9,6.4,3.2,8.3,5.6,2.7,woman,with_peer,day,no,no,no,no,no,lab,no,5.25
T09_0098,28,1.8,3.2,3.2,5.2,9.1,1,2.2,3,7.2,8.7,4.5,28,65,8.1,4.5,5.2,1.6,5.6,4.5,1.4,woman,with_peer,day,yes,no,yes,yes,no,screening_room,no,7.25
T09_0099,21,1.2,4.9,5.4,4.3,5.8,5.5,6.8,3,7.6,3.7,5.8,26,74,5.5,7.4,6.4,3.7,7.4,3.2,10.9,woman,alone,evening,no,no,yes,no,yes,lab,yes,6
T09_0100,5,1.6,4,2.4,4,5.5,6,5.5,3,7.5,7.8,6.3,23,91,8.9,3.1,5.7,6.2,5.1,9.7,9.5,man,with_peer,evening,yes,no,yes,no,no,screening_room,no,4.25
T09_0101,25,6,4,2.7,6.4,8.9,6.4,3.1,5,7.2,6.7,4.9,50,42,1.8,3.7,6.2,4.9,5.2,5.1,6.4,man,with_peer,day,no,yes,no,no,no,screening_room,no,2.5
T09_0102,12,3.3,4.8,4.6,4.8,3.6,5.2,3.5,5,6.7,5.9,6.3,31,96,3,5.1,3.8,3.1,6.9,6.5,5.4,woman,with_peer,day,yes,no,no,no,no,screening_room,no,5
T09_0103,11,5.5,4.3,1.5,6.4,6.1,6.6,4.2,3,7.7,4.8,6.2,19,120,6.7,7.2,2.1,4.1,6.5,2.3,13.4,woman,alone,day,no,no,yes,no,no,lab,no,3
T09_0104,20,5.2,2.3,5.3,3.8,2.9,4,2.4,5,7.3,7,3.5,29,107,4.6,5.4,2.2,4.1,6,7.3,8.1,woman,alone,evening,no,no,yes,no,no,lab,no,5
T09_0105,8,6.2,5.2,4.5,6.1,5.4,6,9.7,2,8.5,3.7,6.6,37,10,6,5.7,4.3,7,6,5.5,8.6,woman,alone,day,yes,yes,no,yes,yes,screening_room,yes,4.5
T09_0106,9,1.1,6.5,6.6,7.3,7.7,5,4.6,2,7.4,8.2,6.1,35,92,6.6,2.7,2.9,6.1,6.5,4.1,10.7,man,alone,day,yes,no,yes,no,no,screening_room,yes,7.5
T09_0107,30,3.4,6.2,5.2,6.8,5.3,3.2,5.7,2,7.5,4.4,6.1,39,63,5.7,5.1,1.9,4.3,5.3,9.2,13.9,man,with_peer,evening,yes,yes,no,yes,no,lab,no,3.5
T09_0108,25,7.4,4.6,6.1,4.1,6.6,3.4,4.5,1,6.6,7.2,4.7,32,114,3.8,6.6,5.9,6.8,6.2,4.6,1.8,man,with_peer,day,yes,no,no,yes,yes,screening_room,yes,5.25
T09_0109,7,7.2,6.8,2,7.9,5.9,5.1,5.7,4,8.2,3.7,7.9,39,99,4.2,6.1,3.6,5.7,3.9,1.7,0.9,nonbinary_or_self_described,with_peer,day,yes,no,yes,yes,yes,screening_room,no,3.25
T09_0110,10,6.2,3.8,3.4,1.8,3.2,5.4,2.1,4,4.9,4.1,4.3,25,96,5.8,4.9,3.7,4.4,7.5,5.3,14.2,man,with_peer,day,no,no,no,yes,no,screening_room,yes,3.5
T09_0111,13,4.6,4.7,5.2,2.7,5.3,4.9,5.9,1,7.2,4.3,7.4,32,89,4,5.8,7.8,3,3,3,7,woman,with_peer,day,yes,yes,yes,yes,yes,screening_room,no,4.25
T09_0112,8,3.1,5,5.5,3.4,3.8,7.5,4.8,2,7,6.6,3,30,94,5.6,5.2,6.7,7,3.8,5.2,10.8,man,alone,day,yes,yes,yes,no,no,lab,no,3.75
T09_0113,12,4.1,7.6,6.8,6.3,6.4,2,5.4,2,7.6,3.2,5.3,36,99,6,5.6,4.2,5.4,2.5,3.2,5.1,woman,alone,day,no,yes,yes,yes,no,screening_room,no,6
T09_0114,15,3.6,3.9,5.1,4,0.4,7.6,7.6,5,8.4,8.4,4.7,28,32,4,0.7,1,6.3,6.3,2.7,14,woman,alone,evening,yes,no,yes,yes,no,lab,yes,3.5
T09_0115,1,5.4,5.2,3.9,3.7,3.8,1.8,3.2,3,6.5,9.2,2.6,34,6,7.3,2.3,3.9,5.1,6,5.3,11.4,nonbinary_or_self_described,with_peer,day,no,no,no,no,no,screening_room,yes,3.25
T09_0116,13,4.2,5.1,6.1,3.6,3.8,4.4,0.9,3,7.7,4.4,6.1,44,200,7.1,2.8,6.3,7.1,4.7,3.8,3.1,man,alone,evening,yes,no,no,no,no,lab,no,5.25
T09_0117,10,6.2,5.1,1.4,5.3,3.2,4.4,2.9,6,5.4,4.8,9.1,39,174,8.2,4.8,5.8,5.5,3.8,6.5,15.3,man,alone,evening,no,no,yes,yes,no,lab,no,7.5
T09_0118,19,5.6,7.8,4.3,2.8,4.4,4.8,5.3,6,6,3.9,2,27,176,3.1,3.4,5.1,4.1,3.8,4.5,5,woman,with_peer,evening,yes,yes,yes,no,no,lab,no,3.5
T09_0119,17,5.5,4.6,5.2,4.8,7.9,8,3.2,4,6.3,4.6,6.3,31,160,5,5.5,5.6,7.1,1.5,1.4,6.2,woman,alone,day,no,yes,yes,no,no,lab,no,3
T09_0120,17,5.8,3,6.7,8.4,3.7,7,3.2,2,8.1,4.2,2.3,31,93,7.1,3.1,6,2.6,5.8,5.6,5.9,woman,with_peer,day,no,yes,no,no,no,screening_room,no,5.25
T09_0121,8,3.1,4.3,4.8,5.4,4.6,5.5,6,8,7.1,3.9,6.6,39,32,4.8,4.9,4,6.5,3.6,5.1,5.9,man,with_peer,day,yes,no,no,yes,yes,lab,yes,4.75
T09_0122,15,6.9,4.2,5.6,4.6,7.7,4.8,4.1,3,7.5,4,7.4,22,97,6.2,3.5,4.9,5.3,3.6,7,2.5,man,with_peer,day,no,no,yes,no,no,lab,yes,5.25
T09_0123,16,4.1,7.4,4,3.3,3,5.5,2.7,2,7.5,7.1,6.1,27,89,5.7,5.4,4.8,4.6,7.5,1.2,9.1,woman,alone,day,yes,no,yes,no,no,screening_room,no,6.5
T09_0124,2,7.7,4.8,0.8,3.9,4.6,3.8,2.4,6,6.8,3.4,4.4,19,70,2.2,6.9,4,2.6,6.1,5.7,0.2,man,with_peer,day,yes,no,no,no,yes,lab,yes,4
T09_0125,10,5.5,3.3,6.3,4.1,2.3,6.5,3.9,4,7.5,5.6,4.5,43,34,6.1,4.7,6.6,2.7,6.4,3.1,2.6,woman,alone,evening,yes,no,yes,no,no,lab,no,7.75
T09_0126,14,6.7,8.3,3.3,5.6,8.3,3,4.2,3,5.2,3.8,5.9,41,68,8.5,7.3,0.5,4.3,5.2,6.9,2.8,woman,with_peer,day,no,no,yes,yes,yes,lab,no,4.75
T09_0127,17,4.7,5.1,2.2,3,5.9,4.6,3.8,5,7.4,7.3,1.6,19,203,4.3,5,2.9,8.2,4.6,4.4,13.6,woman,alone,day,no,no,yes,no,no,screening_room,yes,3.75
T09_0128,10,6.3,5.5,3.2,5.4,6,7.1,4.8,6,7.3,4.7,6.8,27,117,2.7,3.8,3.8,4.2,6,2.6,0.5,man,alone,day,yes,no,yes,yes,yes,lab,no,3.5
T09_0129,12,6.7,6.6,7.1,4,4.3,3.2,3.9,1,8.5,5.8,6.6,33,105,4.9,5.5,5.9,5.2,5.9,7,6.7,woman,alone,evening,yes,no,yes,no,no,lab,no,3.5
T09_0130,8,5.4,4.8,6.5,2,5.5,4.7,8.9,1,7.1,7.7,2.7,22,126,7.2,4.3,3.4,5.3,5.8,2.8,7.3,man,with_peer,evening,no,no,yes,no,no,lab,no,2.75
T09_0131,17,3.4,5.9,6.7,2.9,6.2,5.1,2.2,2,7.2,6.1,8.6,30,71,6.2,7.4,6.3,2.8,3.5,5.7,9.6,man,with_peer,day,yes,no,no,no,no,lab,yes,3.5
T09_0132,18,6,5.5,4.6,7,8.9,3.9,7.8,4,7.6,4.5,5.6,35,116,3.3,5.3,3.8,6.6,2.8,7.2,5.3,woman,with_peer,day,yes,no,yes,no,no,screening_room,no,2.75
T09_0133,14,3.4,3.7,3.6,6.6,6,5.5,4.6,3,8.3,4.6,4.7,23,111,4.5,5.7,5.4,3.4,5.3,3.7,9.5,man,with_peer,day,no,no,no,yes,no,lab,yes,4.5
T09_0134,10,8.3,2.7,1.5,2.7,4.3,4.9,3.5,6,9.8,4.9,5.4,27,112,4.3,3.5,7.8,6.2,5.1,1.6,2.7,man,with_peer,day,no,no,yes,yes,yes,lab,yes,1
T09_0135,10,5.2,5.7,7,2.4,6.5,6.6,2.4,6,8.2,6.3,2.6,44,19,5.8,5.3,2,5,5.2,3.9,12.6,man,with_peer,day,yes,no,no,no,yes,screening_room,no,5.75
T09_0136,16,4.1,6.1,5.4,6.2,4.8,3.7,4.3,5,8.9,1.9,6.7,39,35,5.9,2.8,5.9,1,4.6,5.9,4.5,man,alone,day,no,no,yes,yes,no,lab,no,6.25
T09_0137,15,8.2,3.4,4.7,6.9,1.8,6.6,6.1,4,7.5,6.7,3.2,33,14,2.6,3.2,6.4,5.9,5.3,3.1,3.2,man,alone,evening,no,no,yes,yes,no,screening_room,no,6.25
T09_0138,17,3.7,3.4,7.6,5,3.1,5.9,5,4,5.9,4,5.4,42,138,2,6.4,3.9,1.9,5.4,3.2,10.6,woman,alone,evening,yes,no,yes,no,yes,lab,no,6
T09_0139,11,4.9,6.5,6,6.8,2.6,8.6,3.4,2,6.9,3.3,5.5,37,42,6.2,7.6,4.5,4.2,2.2,4.7,6.6,man,alone,day,yes,no,no,no,no,lab,no,6
T09_0140,3,2,4,6.7,1.4,5.4,4.3,3.6,1,7.2,5.3,7.9,26,6,4.2,5.2,6.1,3.5,5.5,5.2,8.4,man,with_peer,evening,no,no,no,no,no,lab,yes,2.75
T09_0141,13,6.8,2.3,4,3.5,6.4,5.5,4.5,3,5.5,8.4,6.4,40,99,6.6,4.2,4.4,3.6,2.4,4.7,5.5,woman,with_peer,day,no,yes,yes,no,no,screening_room,no,1.5
T09_0142,7,4.4,6.7,8.6,5.1,3.6,3.7,5.6,8,6.3,6.7,6.3,23,81,5.3,4.1,4.6,2,4.3,6.9,4.8,man,with_peer,day,no,no,no,no,no,screening_room,yes,5.5
T09_0143,14,6.2,5.6,5.8,4.6,5.5,4.3,2.6,5,7.6,4.4,3,34,290,4.1,7.4,3.8,3.6,4.2,5.7,8,man,alone,day,yes,no,yes,yes,yes,screening_room,yes,4.75
T09_0144,10,5,3.3,7.8,6.7,5.2,5.9,6.3,5,7.7,4.1,4,25,174,6.9,6.3,5.7,4.7,6.3,3.9,1.3,woman,alone,evening,yes,no,no,no,yes,lab,yes,8.25
T09_0145,13,5.7,5.3,2.5,6.2,7.7,3.5,4.2,2,7.7,2.8,4.7,27,92,4.1,4.1,8.3,2.4,6,6,11.7,woman,with_peer,evening,no,no,yes,no,no,screening_room,no,3.5
T09_0146,14,5.6,6.8,2.9,7.4,2.1,9,7.6,6,7.4,5.9,4.9,46,11,6.4,2.9,2.8,1.3,4,4.2,2.2,man,alone,day,yes,no,yes,no,no,screening_room,yes,2.25
T09_0147,11,3.9,3.5,4.1,4.5,5.3,5.9,4.9,5,8.6,5.5,5,33,31,7.6,8.1,4.4,3.7,8.4,8.1,8.3,man,with_peer,evening,no,yes,yes,no,no,lab,no,4.25
T09_0148,13,3.8,6.5,6.1,4.2,5.7,1.9,8.3,4,7.1,7.4,4.1,37,26,5.2,4.7,3.6,2.1,5.3,5.2,0.4,woman,with_peer,day,no,no,no,no,yes,screening_room,yes,4.75
T09_0149,24,5.7,3.2,3.4,6.1,5.5,5.4,2.6,1,5.8,5.7,4.8,19,90,4.3,1.9,4.2,3.7,7.3,5.9,5,woman,with_peer,day,yes,no,no,no,no,lab,yes,3
T09_0150,16,5.6,4.1,5.9,6,6.5,5.2,6.9,2,5.7,3.7,3.6,28,160,5.7,3.1,4.5,7.8,3.1,3.9,3.8,woman,with_peer,day,yes,no,no,yes,yes,screening_room,no,7.75
T09_0151,15,6.6,3.5,5,4.6,6.1,6.4,6.2,1,6.4,6.3,7.6,30,137,1.6,6.8,8.9,6.9,4,5.3,13.4,man,with_peer,day,yes,no,no,no,no,screening_room,yes,5
T09_0152,22,5.2,5.5,3.3,5,6.6,4.1,4.8,3,7.4,7,5.1,19,152,4.2,3.5,6.1,5.8,2.6,5.9,0.7,man,alone,day,yes,no,no,no,no,screening_room,no,4.75
T09_0153,14,4.9,4.5,4.3,3.3,6.4,3.7,2.5,3,8.9,2.7,5.3,24,184,5.8,3,4.4,4.4,1.3,6.7,9.6,woman,with_peer,evening,no,no,yes,no,no,lab,no,5.25
T09_0154,10,4.6,5.8,5.4,2.3,6.2,6.6,3.1,3,7.1,2.3,3.9,20,80,4.5,3.8,5.3,6.2,5.8,2.5,7.4,man,with_peer,day,yes,no,yes,no,no,lab,yes,4.5
T09_0155,13,5,6.6,7.4,2.9,5.6,5.4,6.6,1,7.1,4.4,4.6,36,42,5.1,5.1,1.7,3.3,3.9,4.4,5,nonbinary_or_self_described,alone,day,yes,no,no,no,no,lab,no,3.75
T09_0156,19,2.8,7.7,7,3.5,4.6,2.1,4.5,4,6.5,6.9,4.2,23,80,5.4,4.9,5,7.2,0.6,7.2,7.2,woman,with_peer,evening,no,yes,yes,no,no,lab,no,7
T09_0157,24,6.4,5.2,4.8,4.5,5.3,1.3,8.1,6,6.5,2.4,4.3,29,70,4.1,2.2,2,1.6,5.5,3.6,8.6,woman,alone,day,no,yes,yes,no,no,lab,no,3
T09_0158,1,9.1,7.7,4.6,7,5.8,3.9,3.5,5,6.3,5.3,5.6,39,85,8,7.7,5,7.9,4.8,6,3,man,alone,day,no,no,no,yes,no,lab,no,4.5
T09_0159,9,4.7,4.9,2.8,3,5.3,5.1,4.4,5,5.6,8.1,7.1,26,145,4.2,4.8,9.3,6.5,4.9,5.3,6.1,man,alone,evening,no,no,no,yes,no,lab,no,5
T09_0160,14,4.8,4.2,6.1,4.4,3.1,3,6.3,4,8.5,3.9,4.1,26,130,2.8,3,5.4,4.4,3.3,8.2,4.9,man,with_peer,day,yes,no,no,yes,no,lab,no,4.5
T09_0161,29,7.2,4,2.6,6,3.1,4.8,5.8,3,8.4,6.6,5.7,30,86,1.6,6.8,5.3,4.3,1.5,6.7,3,woman,with_peer,day,yes,no,no,no,no,screening_room,no,5.25
T09_0162,5,5.7,4.3,5.1,6.5,2.8,5.4,4,3,8.6,5.5,3.8,28,171,4.1,6,5.7,6.4,3.5,2.4,5.3,woman,alone,evening,no,no,yes,no,no,lab,no,6.5
T09_0163,22,2.5,6.9,6,6.2,2.1,4.1,3.9,6,8,1.3,6.8,31,15,6.8,6.6,6.1,6,6.5,6.5,4.3,woman,alone,day,yes,no,no,yes,no,screening_room,yes,5
T09_0164,9,4.8,5.1,6.5,4.9,5.4,4.9,3.7,3,7.4,5.2,4.5,34,126,1.6,4.3,5.7,5.3,5.4,4.1,10.3,man,with_peer,day,no,no,no,yes,no,lab,no,4.5
T09_0165,6,9.1,4.8,3.1,3.7,2.5,4.2,3.3,4,7.2,4.8,7.1,41,50,6.2,5.2,4.4,7.4,4.6,6.7,5.1,woman,alone,day,yes,yes,yes,yes,no,lab,yes,5.75
T09_0166,3,6.2,3.1,7.1,2.7,5.1,2.5,3.9,2,7,3.6,4.2,34,67,3.4,4.8,2.8,6.5,6.3,3.9,11.3,man,alone,day,yes,no,no,no,no,screening_room,no,2.75
T09_0167,19,7.7,7.9,5.4,7.4,5.8,1.4,2.6,4,6.4,5.3,8.6,23,297,4.4,5.6,5.3,7.3,0.6,6.7,1.3,woman,with_peer,day,yes,no,yes,no,no,screening_room,yes,3.25
T09_0168,12,4.2,4.4,7.1,6.9,7.5,5,3.8,2,8.7,6.7,5.5,36,105,5.1,4.5,4.9,3.8,5.8,6.4,2.6,woman,alone,day,yes,no,no,yes,yes,lab,yes,3.75
T09_0169,15,6,5.4,5.2,3.7,3.5,2.8,4.9,1,8.1,4,6,29,136,5.2,6.4,4.1,4.3,6.1,1,4.4,man,with_peer,day,no,yes,yes,yes,no,screening_room,no,5.25
T09_0170,24,4.4,5.9,6.2,3.5,8,5.6,4.4,4,6.9,4.5,5.2,31,54,2.8,4.6,5.7,4.9,4.2,4.7,8.4,woman,with_peer,day,yes,yes,yes,yes,no,lab,no,5
T09_0171,5,5.5,5.4,5.7,4.8,3.2,7.5,3,1,4.7,5.2,4.7,18,125,4.3,6.5,3.9,5.3,3.3,5.9,0.6,woman,alone,evening,yes,yes,no,no,no,lab,no,3.25
T09_0172,20,8.2,4.2,4.6,2.9,8.2,5,5.5,2,7.6,5.7,7.6,34,72,7.2,4.7,6.8,6.3,6.3,6.6,5.6,woman,with_peer,evening,yes,no,no,no,no,screening_room,no,2.5
T09_0173,23,6.3,2.8,3.2,7.3,6.4,9.7,1.6,2,8.3,3.3,6.3,23,158,4,3.3,5.9,5.1,5.6,5.9,5.5,woman,alone,evening,no,no,yes,yes,yes,screening_room,yes,4
T09_0174,7,6,4.8,2.3,9.1,6.8,1.2,1.2,4,5,6.9,6.7,38,174,7,5.8,4.6,4.1,5.6,2.3,7.2,man,alone,day,yes,no,yes,no,no,lab,yes,6
T09_0175,4,6.4,3.7,5.9,4,3.6,5.2,5.9,4,6.8,2.1,4.7,29,124,4.7,2.8,5.5,4.1,6.8,4.9,10.7,man,alone,evening,yes,no,no,no,no,lab,no,4.25
T09_0176,22,5.6,5.8,6,4.6,3.3,6.7,5.8,4,5,5,6.5,19,58,5,3.5,5,6.3,2.2,8.6,0.8,man,alone,day,no,no,yes,yes,no,lab,yes,5.5
T09_0177,14,3.2,6.2,8.2,7.5,3.5,2.4,2.7,4,8,5.7,6.5,28,89,5.1,3.7,4.8,7.5,1.1,4.1,8,man,with_peer,day,yes,no,no,yes,no,screening_room,yes,5
T09_0178,7,4.6,4.4,2.4,3.7,3.3,3.9,4.2,1,6.8,6.7,5,33,128,6.1,3.7,4.8,7,4.3,9.1,7.9,man,with_peer,evening,no,yes,yes,no,no,lab,no,6
T09_0179,2,4.9,4.4,2.2,7.6,7,7.4,1.9,1,7.4,1.4,7.2,23,188,6.2,5,5.6,5.2,4.1,9.3,7,man,with_peer,day,no,no,no,no,no,screening_room,no,2.75
T09_0180,24,4.2,1.1,4.5,2,5.9,6.6,2.3,2,7.4,4,5.9,39,190,2.4,4.7,4.5,5.2,6.3,0.5,0.9,woman,alone,evening,no,no,no,yes,no,lab,no,4
T09_0181,3,5.7,5.2,4.3,4.9,5.6,6.5,8.9,4,6.2,4.7,4.7,39,14,3,7.5,5.4,5.2,3.4,3,3.2,man,alone,evening,no,no,no,yes,yes,screening_room,no,4
T09_0182,21,0.9,4.3,5.3,3.5,3.4,3.4,4.5,3,7.7,6.2,3.4,34,248,3.7,3.4,5.7,8.6,6.5,6.8,4.1,nonbinary_or_self_described,with_peer,day,no,no,yes,yes,no,lab,no,9
T09_0183,14,3.6,9.1,0.3,3.6,5.6,5.7,5.8,6,8.4,5.2,2.8,18,2,4.2,3.9,8.6,5.7,2.1,6.2,4.4,woman,with_peer,day,no,no,no,yes,no,screening_room,no,4.5
T09_0184,20,2.7,5.1,5.7,4.4,5.1,6.9,4.9,2,5.7,9,5.4,27,3,6.2,6.1,5.3,3.6,3.7,6.5,6.1,woman,alone,evening,yes,yes,no,no,yes,screening_room,yes,5.75
T09_0185,4,6.2,3.9,6.1,3.7,4.7,2.3,6.7,2,6.7,3.9,5.8,22,40,5.7,2.6,5.6,5,3.8,3.7,1,woman,alone,day,no,no,no,no,no,lab,no,3.75
T09_0186,9,1.8,8.4,7.2,3.6,5.4,6.6,2.3,6,6.3,5.4,5.6,29,200,3.6,4.7,4.4,2.9,3.3,4.3,4.1,man,with_peer,day,yes,no,no,yes,no,screening_room,yes,5
T09_0187,11,3.4,0.8,2.3,6.8,4.2,4.6,6.2,3,9.6,2.3,2.1,33,143,5.9,7.2,1.3,2.8,6.6,4.5,7.4,man,with_peer,day,yes,no,no,no,no,lab,yes,3.75
T09_0188,21,2.1,5.7,4.9,2,6.6,3.3,4.4,5,4.1,3.7,4.7,27,136,3.8,2.2,3.8,3.8,7,6.2,3.4,man,with_peer,day,no,no,no,yes,no,lab,no,8.25
T09_0189,24,6.5,3.9,3.5,3.5,2.8,6.3,3.5,3,7,2.6,5.5,37,151,3.8,6.7,1.1,4.9,4.4,8.4,5.3,woman,with_peer,day,yes,no,yes,no,no,lab,no,4.25
T09_0190,6,5.7,6.9,2.3,7.3,1.6,5.3,4.3,3,7,3,3.7,27,109,5,7.8,2.3,6.1,5.8,4.6,8.9,man,alone,day,no,no,yes,yes,no,lab,no,4.25
T09_0191,8,4,8,4.5,3,6.9,5.7,2.3,2,6.1,4.8,5,42,35,5.4,7.2,5.3,4,5.3,4.2,8.7,woman,alone,day,yes,no,no,yes,no,screening_room,no,5
T09_0192,4,4,6.8,5.1,6,3.3,7.7,7.1,4,8,8.7,7.8,29,194,4.7,4,3.1,6.4,2.8,8.2,7.2,woman,alone,day,yes,no,no,no,no,lab,yes,4.75
T09_0193,10,8.3,5.4,6,0.9,3.9,5.3,3.9,4,7.2,6,4.2,21,80,4.4,4.4,4.6,5.4,6.9,4.4,11.5,woman,with_peer,day,no,no,no,no,no,lab,no,2.75
T09_0194,17,4.6,5.4,4.8,3.3,6.9,6.6,6,8,6.5,8.5,5,28,62,2.6,5.2,3.1,6.3,7.1,6.1,1.6,man,alone,evening,no,no,yes,no,yes,lab,no,6.25
T09_0195,24,6.5,4.8,6.2,4.4,4.8,6,3.4,0,7.3,4.1,4.1,23,90,5.3,5.4,2.8,6,6.4,2.8,4.6,man,alone,evening,no,no,yes,yes,no,lab,no,6.75
T09_0196,17,6,4.4,5.5,3.8,3.1,4.9,3,3,7.9,7.6,4.3,43,129,5.4,6,1.9,2.8,3.9,5.7,3.8,man,alone,day,no,no,yes,no,yes,lab,yes,4.25
T09_0197,16,5.1,3.3,4.1,3.1,6.2,5.1,3.2,6,5.9,2.7,5.7,41,81,3.9,5.1,4.4,4.3,5.8,5.1,5.9,man,alone,day,no,no,yes,no,no,lab,yes,4.25
T09_0198,11,6.3,5.1,6.5,5.7,4.5,3.9,5.4,0,7.8,8.5,5.5,28,116,4,5.6,5.9,7.2,3.1,7.2,5.2,man,alone,day,yes,yes,yes,no,yes,lab,no,3.75
T09_0199,13,3.8,6.6,4.8,4.3,4.8,4.7,5.3,2,8.4,5.7,6.4,31,47,5.8,5.8,1.6,5.8,7.6,6.3,7.8,man,alone,day,no,yes,no,yes,no,lab,yes,5
T09_0200,15,5.8,7,3.7,6.5,5.2,8,7.6,2,7.1,8.2,1.5,29,32,3.2,5.9,2.3,6.4,7.3,5.8,7,woman,with_peer,day,no,yes,yes,yes,yes,lab,no,4.25
T09_0201,8,4.5,5.8,2,4.9,2.7,9.3,4.7,1,8.4,6.3,3.1,35,191,4.1,4.7,3.1,6.7,3.5,3.9,8.2,man,alone,day,no,no,no,no,no,lab,no,6
T09_0202,8,7,4.9,5.9,6.8,4.4,6.6,4.6,2,8.5,7.5,5.1,37,135,4.9,4.1,2.6,4.2,3.6,6.6,8.5,man,with_peer,evening,no,yes,yes,no,no,screening_room,no,4.5
T09_0203,11,4.3,5.2,3.5,6.4,3,5.4,4.8,6,6.8,3.2,2.8,32,187,2.5,5.2,4.7,3.4,5.4,8.4,4.3,man,alone,day,no,no,no,no,no,lab,no,3.5
T09_0204,11,7.9,4.4,6.1,4.6,4.1,7.2,5.7,2,6.8,7.6,2.9,28,120,5.5,6.3,6.7,6.4,1.7,5.1,9.4,man,alone,day,no,no,yes,yes,no,screening_room,no,5.25
T09_0205,2,4.3,6.6,4.8,4.2,3.2,7,6.6,7,6.5,5.2,3.7,26,69,4.7,5.9,6.2,6,4.4,4.3,14.5,man,with_peer,day,yes,no,yes,no,no,screening_room,yes,2.75
T09_0206,24,7.2,6.4,7.4,4.5,6.4,4.6,5.2,0,5.9,4.2,3.3,28,244,2.6,8,7.3,4.3,7.6,1.5,4.5,woman,with_peer,day,yes,yes,yes,yes,no,lab,yes,5.75
T09_0207,13,3.9,4.4,7.4,1.1,4,6.4,4.9,4,7.2,7.7,1.9,21,123,6.4,4.2,5.3,7.3,4.3,4.9,3.4,man,alone,evening,no,no,no,yes,no,lab,no,4
T09_0208,12,4.5,4.3,3.6,5.6,3.4,6.5,9.3,4,6.2,1.9,5.3,27,62,4.7,6.3,2,5.3,3.3,7.8,10.9,woman,with_peer,day,yes,no,no,yes,no,lab,no,5.5
T09_0209,14,5.8,4.1,6.2,5.9,2.9,5.6,8.5,3,7.7,7.2,5.7,26,66,3.9,6.8,2.6,4.3,5.2,3.6,2.3,man,with_peer,evening,no,no,yes,no,no,lab,yes,4.75
T09_0210,18,7.7,6.7,4.7,3.9,6,2.1,4,4,7.4,5.7,6.7,25,93,5,5,6.3,2.8,3.8,5.8,9.5,man,with_peer,day,yes,yes,no,yes,no,lab,no,6.5
T09_0211,19,7.6,6.9,4.7,7,4.6,8.2,6.9,4,5.6,5.2,4.8,33,37,3.7,4.1,3.3,5.3,5.2,5.8,4.3,woman,alone,evening,no,no,no,yes,no,lab,yes,5
T09_0212,21,6,4.3,6.5,2,5.9,4.3,4.4,3,5.6,0.1,3.6,32,150,5.9,3.2,5.4,6.1,6.4,2.9,3.2,woman,with_peer,day,yes,no,yes,no,yes,screening_room,yes,4.75
T09_0213,16,6.7,4.4,6.3,3.7,5.5,1.9,3,4,4.7,5.8,9.4,20,109,8.5,5,9.1,4.7,3.7,7.6,4.9,man,alone,evening,yes,no,yes,yes,no,lab,yes,1.5
T09_0214,26,6.7,3.6,6.2,2.8,6,3,3.4,1,5.7,5.8,5.7,29,37,4,5.8,6.4,4.3,5.4,4.3,8.9,man,with_peer,evening,no,yes,no,yes,no,screening_room,no,8.25
T09_0215,28,4.9,2.7,9,2.3,4.6,5.7,3,6,7.6,2.7,6.2,26,7,6.3,4.3,7.5,4.7,4.2,4.2,7.6,man,with_peer,day,yes,no,no,no,no,screening_room,no,0.75
T09_0216,2,4.5,3,6.5,5.2,2.8,3.6,4.4,1,7.8,6.4,1,27,9,5.8,6.5,7.3,4.2,6,3.9,9.4,woman,alone,day,no,no,no,no,no,screening_room,no,5
T09_0217,24,6.4,6,4.9,2.6,6.4,7,8.1,4,8.3,5.1,3.8,24,48,4.9,7.9,6.3,5.4,4.3,4.6,9,woman,alone,evening,no,yes,no,yes,yes,lab,no,4.75
T09_0218,21,4.5,2.4,3.6,6.3,4.1,6.8,2.8,2,8.4,1.9,4.5,35,190,1.7,5.4,4.5,5.2,3.7,6.1,6.7,woman,with_peer,day,no,no,yes,no,no,lab,no,3.75
T09_0219,16,3.2,6.1,3.6,4.6,4.4,7.5,2.8,5,7.1,2.2,6.2,37,208,4.8,7.5,2.8,5.5,6.2,2.8,1.6,man,alone,day,no,yes,no,yes,no,lab,yes,4
T09_0220,18,8.9,5.1,0.7,7.3,5.8,3.5,4.8,4,7.3,3.8,7.6,32,81,5.8,4.8,8.3,3.4,4.6,5.2,1.4,woman,alone,day,no,yes,no,no,no,screening_room,no,2.25
T09_0221,15,2.9,4.2,6.7,5.6,4.8,4.2,6.8,2,8.3,4,5.2,40,117,5.4,4.2,2.9,5.8,5.4,3.1,3.3,woman,alone,day,yes,no,no,no,no,screening_room,no,4.25
T09_0222,9,6.2,6.5,5.6,7.2,5,3.7,4.5,4,7.2,5.9,4.5,27,154,4,4.5,6.5,4.8,7.6,5.6,13.7,man,with_peer,evening,yes,yes,yes,yes,no,lab,yes,7
T09_0223,15,5.3,6.1,7.9,8.3,3.7,2.8,6.2,1,7.8,6.3,6.3,22,139,5.2,3.2,5.4,3.4,3.5,6.9,0.5,man,alone,evening,yes,no,yes,no,no,screening_room,no,6.75
T09_0224,12,5.8,6.2,5,3,3.7,3.2,4.5,4,7.8,6.4,8.3,26,137,5.3,3.9,5.7,3.5,4.7,8.9,4.6,woman,alone,day,yes,yes,no,no,no,lab,no,5.25
T09_0225,13,5.5,8.7,4.5,5.5,3.6,4.2,6.8,3,7.2,5.1,5.9,31,175,2.3,0.7,2.5,7.5,6.6,3.2,3.2,woman,with_peer,day,yes,no,yes,yes,no,screening_room,yes,4.75
T09_0226,15,6.5,6.4,5.7,5.8,6,6.2,6.2,2,4.7,4,4.7,32,26,2.6,7.6,5.7,2.1,4.5,4.7,5.1,woman,alone,evening,yes,no,yes,no,yes,screening_room,yes,6.5
T09_0227,25,7.6,6.6,2.2,4.8,6.1,1.6,4.7,5,5.2,4,6,34,137,7.2,6.7,6.1,7.6,3.8,8.6,8.7,woman,with_peer,day,no,yes,no,yes,no,lab,no,4
T09_0228,25,3,4,4.4,2.8,3.6,4.5,6.7,1,7.3,4.1,6.6,27,151,4.4,5.6,7.9,5.4,6.9,5.1,3.6,woman,alone,day,yes,no,no,yes,no,lab,no,4.25
T09_0229,22,5.3,3.2,3,6.3,4.2,5.4,4.2,2,7,1.6,5,43,141,4.5,6,3.5,3.4,3,6.8,3.4,man,alone,day,no,yes,no,no,no,screening_room,no,4.25
T09_0230,17,3.3,7.8,7.2,1.1,4.6,5,5.7,5,6.7,5.3,4.7,18,85,6.8,4.5,8.6,4.7,3.4,5.6,4.9,man,with_peer,day,no,yes,no,yes,yes,screening_room,no,5.75
T09_0231,14,5.1,6.6,1.7,5.8,2,2.6,4.9,3,6.7,2.6,5.8,39,32,4.8,3.1,6.1,5.7,6,4,2.8,man,with_peer,evening,yes,no,yes,yes,no,lab,no,6.25
T09_0232,14,8.5,5.2,6.5,4.4,2.4,2.8,4.5,1,6.3,5,1.8,27,69,2.9,6.7,2.5,6.1,5.4,4.5,6.3,man,with_peer,day,no,no,yes,no,no,lab,yes,6.5
T09_0233,23,8.7,4.8,5.4,5.7,3.3,5.9,3.1,1,7.2,8.1,6.3,35,172,3.1,5,4.2,3.9,5.6,2.5,1.9,woman,with_peer,evening,yes,no,yes,no,no,lab,no,5
T09_0234,14,4.1,8.3,5.8,5.5,5.1,5.7,5.8,7,8.4,5.5,3.4,25,122,5.1,3.7,6.1,4.6,4.3,5.8,1.5,man,alone,evening,no,no,yes,yes,no,lab,no,5.5
T09_0235,22,7.7,5.3,5.2,5,4.3,3.6,5.1,2,7.9,5,3.6,34,51,5.1,8.7,2.7,0.2,3.8,4.1,4.6,woman,with_peer,day,no,no,yes,no,yes,screening_room,no,5.25
T09_0236,17,1.9,7.9,5.1,6.8,5.6,0.9,5.9,1,6.2,2,5.4,32,90,3.6,4,3.6,8.5,5.5,3.2,3.1,man,with_peer,day,yes,yes,yes,no,yes,lab,no,9.75
T09_0237,6,3.9,7.5,4.6,6.6,5.6,6.2,4.6,8,7.5,4.6,3.2,37,7,7.2,6.1,2.8,4.1,3.5,2.9,8.9,woman,with_peer,day,no,no,yes,yes,yes,screening_room,no,5.25
T09_0238,27,6.5,2.4,6.1,5.7,5.5,5.2,0.4,1,7.1,1.7,4.4,28,88,7.5,4.8,5,9,5.5,6.8,9.3,woman,with_peer,evening,yes,no,yes,yes,no,screening_room,no,2.75
T09_0239,20,8.5,6.2,5.3,4.5,6.3,5.3,5.3,2,8.1,5.6,3.6,42,137,5.5,6.6,7.1,3.4,7.6,7.1,3.9,nonbinary_or_self_described,alone,day,no,no,no,yes,no,lab,no,1.75
T09_0240,6,7.7,2.7,6.5,4.4,3,2.4,6.7,4,7.1,7.8,5.4,38,43,7.7,4.7,6.1,2.6,3.1,8.3,6.2,woman,alone,evening,no,yes,no,yes,no,screening_room,yes,3
T09_0241,12,5.5,2.3,5.3,3.1,2.8,7.5,4.6,5,7.3,5.4,4.5,21,91,7,4.5,5,6.6,8.9,7,7.4,woman,alone,evening,yes,yes,yes,yes,no,screening_room,yes,2.75
T09_0242,16,7.1,6.2,5.6,5.5,4.5,5.5,5.3,4,8.6,3.6,3.6,30,175,7.6,6.3,3.1,5.1,3.6,6.7,4.4,man,alone,day,yes,yes,yes,yes,no,lab,yes,4.5
T09_0243,10,8.2,0.1,1.9,5.8,4.5,5.5,5.6,4,5.5,2.4,3.1,53,96,9.8,1.1,7.3,5.2,7.8,4.8,2.8,man,alone,day,yes,no,yes,no,yes,lab,no,3.5
T09_0244,13,5.9,4.9,2.5,4,3.1,8.3,5.3,2,6.4,3.8,1.9,38,175,6.8,4,4.4,5.2,8.9,7.7,5.3,man,with_peer,evening,yes,no,yes,yes,yes,screening_room,no,3.75
T09_0245,11,3.9,8.3,4.3,5.3,6,7.3,1.6,5,7.6,6.8,2.3,24,10,4.7,5.6,6.7,6.8,2.9,5.4,4,woman,alone,day,yes,no,yes,yes,no,screening_room,no,5.25
T09_0246,18,1.5,2.2,5.7,5.6,6,4.7,5.2,4,7.1,8.5,7.1,27,138,5.9,5,6.1,5.8,6.7,6.7,9,woman,alone,evening,no,no,no,yes,no,screening_room,yes,3.5
T09_0247,22,4,5.1,5.3,5.2,5.9,5,2.9,2,6.7,5,6.4,22,42,8.3,6.3,3.6,1.6,5.9,5.6,1.1,man,with_peer,evening,no,no,yes,yes,no,lab,yes,3.5
T09_0248,2,5.8,7,3.6,7.1,5.4,3.4,5,5,7.1,4.9,6.9,33,147,4.1,5.8,6,3.9,5.5,5.1,7.4,man,alone,day,no,yes,no,no,no,screening_room,no,5.25
T09_0249,21,4.1,5.7,4.9,4.4,6,2.7,2.8,4,6.5,6.7,7.1,21,201,3.1,7.3,4.9,6.4,5.9,3.7,12.4,woman,with_peer,evening,yes,no,no,no,no,lab,yes,4.75
T09_0250,16,6.7,2.7,7.8,6.5,4.7,5.3,5,3,8.6,4.9,2.6,28,58,3.6,3.1,4.4,3.7,2.8,6,5.8,woman,with_peer,day,no,yes,yes,no,no,lab,yes,4.25
T09_0251,11,3.9,6.3,4.3,2.5,2.4,7.2,3.4,2,5.3,8.7,3.4,35,81,7.7,6.1,4.7,2.3,6.8,9.2,5.1,man,with_peer,day,no,no,yes,no,yes,lab,no,6.25
T09_0252,7,7.8,4.4,4.5,4.3,3.1,6.3,5.5,2,6.9,2.4,3,56,148,3.9,5.5,3.9,3.4,8.5,5.2,10.2,woman,alone,day,yes,no,no,yes,no,lab,no,4.25
T09_0253,22,3,6.5,3.9,9,6.7,6.2,2.2,2,5.8,5.6,4.4,27,56,4.4,2.9,8,8.2,5.2,1.8,4.2,woman,with_peer,evening,no,no,yes,no,no,lab,no,5
T09_0254,12,8.3,6.7,5.1,5.7,6.2,4.6,5,5,8.1,6.9,4.2,42,90,6.2,1.5,4.6,3.7,7,8.9,5.8,man,alone,day,no,yes,yes,no,no,lab,yes,5.75
T09_0255,29,6.7,5.7,4.9,4.5,3.2,3.3,7.5,7,7.8,5.3,5.1,34,284,5.6,3.3,5.5,5.2,2.5,5.5,2,woman,alone,day,yes,yes,yes,no,no,lab,yes,4.5
T09_0256,11,7.5,3.3,4.8,3.9,6.9,6.8,1.9,5,6.1,6.7,5.2,30,133,5.9,2.6,5.9,1.9,4.7,8.5,6,woman,with_peer,day,yes,no,yes,yes,no,screening_room,no,3.5
T09_0257,14,3.5,2.8,4.4,6.8,6.5,4.9,4.1,3,6.3,5.7,6.9,31,23,8.2,1.6,3.7,3.1,1.5,6.7,6.5,man,alone,evening,no,no,yes,no,no,screening_room,no,4.75
T09_0258,8,2.3,7.1,5.4,1,4.1,5.5,3.7,2,6.8,5.9,5.1,31,202,7.4,5.1,6.5,7,4.3,3,9.2,man,with_peer,evening,no,no,yes,no,no,lab,no,5.25
T09_0259,13,4.1,9,5.2,4.5,5.1,7.5,2.8,4,6.6,5.4,8,44,73,5.3,4.7,7.9,6.7,3.9,5.1,7.4,woman,with_peer,day,yes,no,yes,yes,yes,screening_room,no,6
T09_0260,10,4.2,3,2.4,5.5,6.7,6.9,4.5,2,6.4,5.1,4.4,38,69,4.1,3.9,5.4,4.7,4.7,6.4,9.7,man,with_peer,evening,no,no,no,no,no,lab,no,4.75
T09_0261,22,7,5.7,4.8,4.2,7.7,3.2,2.4,1,6.6,2.9,7.5,23,17,3.4,5.7,2.6,6.9,5.8,4.2,7.5,man,with_peer,day,yes,yes,yes,yes,no,lab,no,6
T09_0262,26,5.7,4.6,4.4,6.6,6.2,7.6,4.9,2,7.9,6.2,7,23,43,5.1,5.9,4.6,5.9,2.9,6,0.5,woman,alone,day,yes,yes,no,yes,yes,lab,no,3.5
T09_0263,10,6.7,6.8,6.9,4.4,2.8,4.9,8.6,4,7.3,4.7,3,32,134,7.3,3.3,3.2,4.9,7.4,3.7,7.5,man,alone,evening,no,no,no,yes,no,screening_room,no,7.25
T09_0264,10,3.2,1.2,3.2,5.9,5.8,3.6,3.9,0,6,3.1,8.6,28,159,5.6,3.4,4.8,6,4.9,4.8,9.9,man,alone,day,yes,no,no,no,no,lab,yes,2.5
T09_0265,18,8.3,5,5.4,2.8,3.1,3.8,7.4,2,8.5,4.9,8,39,135,2.7,2,6.7,5.9,5,7,8.4,man,alone,evening,no,yes,no,yes,no,screening_room,no,7.75
T09_0266,12,4.5,6.2,3.9,4.9,4.8,6.1,5.9,2,6.8,7.1,6.1,27,46,3.6,6.7,5.4,6.1,5.2,3.1,9.6,man,alone,evening,yes,no,no,yes,yes,lab,no,4.75
T09_0267,23,4.3,3.4,2.8,5.7,5.3,3.3,5.9,2,8,3.7,5.9,19,133,5.2,4.4,8.9,5.9,4.2,3.9,1.8,woman,with_peer,evening,no,yes,yes,yes,no,lab,yes,4.25
T09_0268,11,5.1,3.4,6.1,3.5,4.8,7.2,4.5,2,6.3,5.1,6.7,34,53,4.2,5.9,7.1,2.4,7.9,1.4,8.5,woman,with_peer,evening,yes,no,no,yes,no,lab,no,4.75
T09_0269,16,5.3,5,4.9,6.4,4.3,1.7,3.6,2,7.1,5.1,3.4,34,251,4.6,6.1,5.7,3.5,3.1,4,7.3,man,alone,evening,no,yes,no,yes,yes,lab,no,3.5
T09_0270,17,7,6.5,6.4,4.7,4.5,5.4,5.1,2,8,1.7,4.2,31,149,4.2,3.4,3.9,4.5,7.1,5.3,3.3,man,with_peer,evening,yes,no,yes,no,yes,screening_room,yes,2.75
T09_0271,15,6.6,6.6,4.3,7.2,6.3,2.6,8.8,3,6.2,2,7.7,42,48,5.5,5.9,6.3,2.5,5.5,4.6,3.7,woman,alone,day,yes,no,no,no,yes,screening_room,no,5.75
T09_0272,17,6.7,5.8,6.8,2.3,4.5,3.2,5.1,3,7.4,4.1,5.4,38,87,5.3,4.9,2.2,8.1,6.8,3.6,10.3,man,alone,day,yes,no,yes,no,no,screening_room,no,2.75
T09_0273,24,6.7,5.5,6.4,4,6.4,6.5,6.5,0,7.4,6.9,3.9,32,50,5.5,5.2,3,4,3.5,7.4,4.6,woman,with_peer,day,no,yes,yes,no,no,screening_room,no,4
T09_0274,7,6.2,4.3,5.5,5.4,7.1,4.9,7.2,5,7.3,6.3,6.4,21,56,5.1,3.5,5.1,7.5,1.7,4.3,6.6,man,alone,day,no,yes,yes,no,no,screening_room,no,4.5
T09_0275,14,6.2,3.6,5.9,8.1,4.7,4.9,6.5,1,7.3,6.5,8.5,32,155,6.1,4.7,6,4.6,2.1,3.7,2.4,woman,with_peer,day,no,no,no,no,yes,screening_room,no,4.75
T09_0276,18,4.6,5,6.2,5.9,4,6,4.4,3,7.3,6.8,2.5,27,90,4.4,6,5.9,9.7,6.8,5.5,8.1,woman,alone,evening,yes,no,no,no,no,screening_room,no,5.5
T09_0277,9,6.5,4.1,7.8,2.5,7.1,6.5,6,4,6.6,5.5,5.3,23,167,5.1,6.9,7.2,7.7,5.6,3.3,9.9,woman,alone,evening,yes,yes,yes,no,no,screening_room,no,5
T09_0278,23,5.5,3.7,6.8,3.7,3.7,4.4,4,3,6.9,3.2,5.5,28,61,4.9,6,7,3,0.7,4.2,4.5,man,with_peer,day,yes,yes,yes,no,no,lab,yes,6
T09_0279,6,5.4,6.6,7.9,6.6,5.1,7.2,4.7,3,7.3,8.9,4,43,34,2.3,6.8,4.1,3.4,6.6,6.1,2.9,woman,with_peer,evening,no,yes,no,no,yes,lab,yes,6.75
T09_0280,2,1.9,3.5,3.1,3.8,6.7,3.2,3.3,3,6.2,6.6,4.1,21,135,5,5.3,4.4,4.1,4.8,5.8,10.2,woman,alone,day,yes,no,no,no,no,lab,yes,4
T09_0281,16,3.4,3.2,5.1,1.4,4.1,5.8,6.3,2,7.3,6.9,2.9,28,121,5.9,4.6,5.3,7.6,5.2,5.6,3.6,woman,with_peer,day,yes,yes,no,no,no,screening_room,yes,4.75
T09_0282,7,8.8,0.8,5.3,5.9,6,7.7,2.8,4,6.6,2.9,3.4,37,42,3.1,2.6,3.9,5.5,3.9,5,3.9,woman,with_peer,evening,no,no,yes,no,no,lab,no,3.75
T09_0283,23,4.5,5.3,8.3,6.3,4.8,1.8,1.8,0,6.9,8.3,5.8,35,166,4.5,8.1,6,7.1,4.6,5.9,13.4,woman,with_peer,day,yes,no,no,no,no,lab,no,7.25
T09_0284,24,5.3,5,4.9,2.4,2.7,3.6,5.7,4,6.9,5.6,3.8,36,223,4.5,4,7.1,3.9,3.3,6.3,8.2,man,alone,evening,no,no,yes,yes,no,lab,no,8
T09_0285,29,1,2.3,3.6,6.1,5.1,6.6,3.4,2,8.6,2.9,5.1,32,116,5.1,5.8,5.4,3.1,0.7,1.8,10.5,man,alone,day,no,no,yes,yes,no,screening_room,no,7
T09_0286,14,6.3,6.1,7.8,4.1,3.2,3.3,6.1,6,6.9,6.4,3.7,48,40,4.2,4.3,6.7,9.4,5,2.2,2.7,woman,with_peer,day,yes,yes,yes,yes,no,lab,no,3.25
T09_0287,19,2.2,5.2,5.1,1.9,8.9,2.9,1.6,3,6.2,5.3,3.4,46,45,5,6.1,4.5,6.5,4.2,5.2,3.7,man,alone,day,no,no,yes,yes,no,lab,no,4
T09_0288,19,3.4,5.4,5.6,2.5,6.1,5,4.6,5,6.5,3.3,6,27,133,6.3,5.5,2.6,6.3,5,4.1,2.9,nonbinary_or_self_described,alone,evening,yes,no,no,no,yes,screening_room,no,3.75
T09_0289,6,2.3,6.3,5.8,6.5,2.3,4.1,8.9,5,6.8,6.9,6.8,19,197,5.7,7.1,4.1,6.1,7,3.9,3.9,woman,with_peer,evening,no,no,yes,no,no,lab,yes,8
T09_0290,23,3.9,5.7,6.2,4.3,5.7,5.4,6.8,4,7,5.7,6.8,32,102,5.3,6.9,5,8.3,5.4,8.3,4.4,woman,with_peer,evening,yes,no,yes,yes,no,screening_room,no,4.5
T09_0291,6,4.8,7.7,4.7,4.8,4.7,2.8,7.1,1,8.3,3.6,1.6,38,102,6.2,5.9,8.5,4.1,3.5,5.8,1.3,man,alone,day,no,no,no,no,no,screening_room,yes,5
T09_0292,18,7.2,5.1,6.4,8.1,6.9,4.1,5.5,3,8.1,5.3,9.3,27,68,4,6.4,5,7.6,5.4,5.2,1,woman,with_peer,day,yes,yes,yes,no,yes,screening_room,no,4.5
T09_0293,14,4.3,4,8.9,3.8,5.2,5.9,5.9,2,6.9,4.9,6.2,24,117,4.5,5.2,4.2,5.1,7,6.7,1.8,woman,with_peer,day,no,no,no,no,no,lab,no,3.5
T09_0294,18,7.3,2.7,2.9,4,2.9,4.6,3.3,5,7.3,6.5,4.7,23,111,5.7,3.1,4.3,6.2,7.2,7.5,6.1,woman,alone,evening,no,no,no,no,no,lab,yes,5.5
T09_0295,11,5.4,5.3,7.8,3.4,5.6,4.1,4,1,6.5,2.1,7.6,47,49,4.5,3.1,6.2,3.3,7.7,1.5,3.5,woman,alone,evening,yes,no,no,no,no,lab,no,4.75
T09_0296,10,2.9,2.5,3.5,2.6,7.3,6.2,9,4,8.1,6.4,7.8,45,193,5.9,7.9,3.8,1.1,5.7,6.3,4.3,man,alone,day,yes,yes,yes,yes,yes,lab,no,4.5
T09_0297,9,1.3,1.7,6.5,8.3,6.7,3.1,4.1,5,7.4,4.3,4.7,25,66,8.6,3.4,5.3,5.2,4.2,5.1,3.1,woman,with_peer,day,yes,yes,yes,no,no,lab,yes,5.75
T09_0298,13,4.3,4.1,5.3,7.3,7.3,5.3,2.8,3,7.5,4.4,8.3,45,48,7.2,6.4,5.4,4.3,5.5,6.5,2.6,woman,alone,evening,yes,yes,no,yes,no,screening_room,yes,5
T09_0299,0,4,6.5,4.4,5.1,4.4,0.4,5.2,3,7.4,3.3,6.3,26,208,2.6,9.5,5.5,5.8,4.1,2.2,7.2,woman,alone,day,no,no,no,no,no,screening_room,no,5.75
T09_0300,16,4.2,6.8,7.6,7.3,5,3.3,4.6,5,7.9,1.2,5.3,20,138,4.2,6.6,6.2,7.1,7.3,4,3.2,woman,alone,day,no,no,yes,no,no,screening_room,no,6.5
T09_0301,13,8.4,2.1,5.1,5.7,6.9,6.4,6.6,3,6.8,4.8,0.8,21,52,3,3.2,3.9,5,7.3,3.4,8.8,woman,with_peer,evening,no,no,no,yes,yes,lab,yes,4.5
T09_0302,27,2.1,3.7,4.3,4.6,5.1,4.4,4.5,7,7.3,7.6,7.2,34,83,5.7,6.8,6.4,5.1,8.3,5,2.5,woman,with_peer,day,yes,yes,no,no,no,lab,no,7.75
T09_0303,18,5.4,2,4.7,8.5,5.3,9.1,4.7,5,6.9,5.8,4.4,25,80,5.4,4.5,3.2,7.5,1.9,7.3,5.9,woman,alone,day,yes,no,yes,no,no,screening_room,yes,6.5
T09_0304,10,4,7.6,5.1,5.7,2.9,3,6.2,2,6.8,2.8,4.3,29,134,5.7,4.9,2.5,4.1,6.8,6.5,1.9,woman,with_peer,evening,yes,yes,no,no,no,screening_room,yes,7
T09_0305,16,3.5,7.5,3.1,3.6,4.5,2,7,4,6.7,6.8,6.5,39,37,5.4,7.7,3.9,5,3.2,7.4,3,man,alone,day,no,no,yes,no,no,screening_room,no,5.75
T09_0306,18,2.1,4.6,3.1,5.7,5.6,5.9,5.1,3,7.1,5.3,5.3,29,186,4.8,8.6,9.5,3.1,6.5,5.9,5.2,woman,alone,day,no,no,no,no,yes,lab,yes,5.5
T09_0307,17,0.6,5.8,7.5,6.3,6.1,5.1,7.7,0,7.7,7,2.5,24,87,3.4,2.8,3.9,5.1,7.1,0.8,5.1,man,alone,day,yes,no,no,yes,no,lab,yes,8.25
T09_0308,2,3.3,1.9,3.1,4.6,7.3,7.2,7.1,0,8.5,3.5,5.5,32,17,1.5,6.1,6.3,5.5,2.9,4.6,9.4,woman,with_peer,evening,no,no,yes,no,no,lab,yes,1.25
T09_0309,22,5,6.9,2.3,5,6.1,8.5,6.4,5,7.3,5.3,0.3,32,51,7.1,3.6,5.1,2.7,4.7,4.1,3.8,woman,alone,evening,no,no,yes,no,no,lab,no,3.5
T09_0310,14,2.9,3.8,3.2,4.1,4.8,2.9,3,2,6.3,4.8,1.4,27,230,7.5,4.7,4.9,6.8,2.6,5.1,10.2,woman,with_peer,day,yes,no,no,no,no,lab,no,4.5
T09_0311,13,3.5,1.6,3.7,4.3,6.9,6.6,5.4,1,7.3,4.5,0.4,22,180,3.7,5.5,6.6,9.1,6.1,1.9,6.9,man,with_peer,evening,yes,no,no,no,no,screening_room,yes,4.25
T09_0312,10,8,1.4,6.7,3.3,7.7,8.9,4,5,7,5,3.1,23,102,2.3,2.4,5.7,3.9,6.5,4.4,4.1,man,with_peer,day,yes,yes,no,yes,no,screening_room,yes,3
T09_0313,13,8.8,4.2,3.8,0.6,4.7,3.6,6,2,5.7,5.7,5,35,122,2.9,4.5,3.3,5.3,4.6,5.9,6,woman,alone,day,yes,yes,yes,yes,no,screening_room,yes,2.5
T09_0314,12,7,3.9,5.9,0.6,4.6,6.4,4.3,2,7.1,5.5,7,28,90,4.8,4.7,3.8,4.4,6.7,7.5,0.9,man,with_peer,day,yes,no,no,yes,no,screening_room,no,4
T09_0315,6,7.3,2.7,3.2,6.4,7,7.7,5.5,2,5.2,7.2,1.7,26,27,7.8,4.4,4.4,8.4,6,2,4.4,woman,with_peer,evening,no,no,no,yes,no,lab,yes,3
T09_0316,21,8.6,3,4.3,2.5,4.6,6.8,6,6,6.8,8,3.3,27,106,5.1,4.9,7.8,7.6,2,3.1,6.9,woman,alone,evening,no,no,no,yes,yes,lab,yes,4.25
T09_0317,17,3.7,6.9,6,3.8,1.2,6,6.8,2,6.4,7.9,3.1,36,236,3.5,3.8,6.3,5.1,4.1,3.6,11,woman,with_peer,evening,yes,no,yes,no,no,lab,yes,7.75
T09_0318,24,4.2,3.3,4.9,5,3.1,5.4,5.8,2,7,5.6,6.1,44,7,7.7,4.9,3.8,3.6,6.6,6.4,2.3,man,alone,evening,no,no,no,no,no,lab,no,2.25
T09_0319,18,9.4,6.2,7.2,4.1,3.3,3.9,6.9,0,7.2,5.4,8.2,25,37,4.2,5.9,6.4,4.2,0.4,3.3,12.2,man,with_peer,evening,yes,no,no,no,no,lab,yes,6
T09_0320,11,3.7,8.2,3,4.9,4.6,5,2.9,2,5.4,5.9,5.7,35,95,3,3.9,5.8,4.4,6,3.9,5.1,woman,alone,day,no,no,yes,no,yes,lab,yes,2.25
T09_0321,12,5.7,7.2,4.5,6.1,4.8,3.6,7,4,6.8,5.6,5.7,37,95,8.2,7.4,4.5,5.4,5.2,7.6,8.4,man,alone,day,no,no,yes,no,no,lab,yes,6.25
T09_0322,14,5.2,4.7,4.8,4.4,8.3,7,4.3,5,5.3,5.2,5.1,37,126,5.6,5.1,4.8,2.3,6.5,5.2,4.6,man,alone,evening,yes,yes,yes,no,yes,lab,no,4.75
T09_0323,16,5.7,4.6,5.2,7.5,5.7,6.2,4,0,6.6,7.3,5.4,42,47,6.7,5.1,4.8,5,3.3,5.8,4.1,woman,alone,day,no,no,no,no,no,lab,no,4.5
T09_0324,14,4.8,7.5,4.9,5.3,3,4,6.1,0,6,3.2,5.6,25,7,7.3,5.8,1.4,5.5,5.1,4.8,2.2,woman,with_peer,evening,yes,no,no,no,no,lab,no,6.25
T09_0325,20,3.6,6.4,6.8,0.6,2.6,4.8,4.8,3,6.8,6.8,5.1,44,155,6,3.6,5.2,1.7,5,3.6,5.2,man,with_peer,day,yes,yes,yes,no,yes,screening_room,yes,5.75
T09_0326,14,3.8,5.2,4.4,5.7,4.9,7.5,4.3,5,7.4,6.8,4.2,36,86,6.1,5.8,4.3,2.5,4.2,3.1,12.8,man,with_peer,evening,no,yes,no,yes,no,screening_room,yes,4
T09_0327,18,7.2,4.8,4.5,7.6,6.4,6.1,5.5,1,9.3,2.1,5.3,28,148,2.7,8.2,0.4,3.2,6.8,4.9,11,woman,alone,day,yes,no,yes,no,no,lab,no,5.25
T09_0328,4,5.2,4.7,6.6,1.9,4.4,7.4,5.6,2,5.8,6.5,2,24,208,3.6,5.1,2.8,5.5,5.7,6,0.1,woman,with_peer,day,no,no,no,no,no,lab,no,5.75
T09_0329,21,4.8,4.4,5.2,5.1,7.5,5.2,6.7,5,6.6,4.6,4,28,53,3.2,3.3,2.4,1.9,7.3,5.3,7.9,woman,alone,evening,yes,no,no,no,no,screening_room,no,5.75
T09_0330,13,4.6,7,5.3,5.3,6,6.5,7,4,6.4,3.9,3.5,25,38,6.1,7,3.6,3.3,1.9,4.4,14.1,woman,with_peer,day,no,no,yes,no,yes,screening_room,yes,4.5
T09_0331,15,2.5,7.3,9.1,2.8,5.5,7.3,3.7,2,7.6,4.7,6.9,36,212,4.2,5.8,7.7,1.4,5.8,5,6.3,woman,with_peer,evening,no,no,no,yes,no,screening_room,yes,7
T09_0332,6,5.3,3.8,2.2,5.4,2.5,6.6,6.5,2,6.8,4.8,5.9,38,173,4.8,4.2,5.5,3.2,4.6,6.2,6.4,woman,alone,evening,no,no,no,yes,no,screening_room,yes,3.25
T09_0333,9,5.1,6.5,6.3,6.2,4.7,6.8,4.9,3,7.2,2.7,7.9,30,185,3.2,4.3,5.4,1.6,4.7,3.1,11.4,man,alone,day,no,no,no,no,no,lab,no,6.5
T09_0334,23,5,3.6,4.9,6,4.2,4.4,4.8,2,7.2,3.9,4.6,32,73,4,5,4.4,6.3,3.7,2.3,8.5,man,alone,evening,no,no,yes,no,yes,lab,yes,4
T09_0335,6,3.7,3.4,6.5,7.8,6,5.3,6,2,6.4,3,3.6,36,146,5.1,3.4,3.7,6.9,3,1.7,6.7,man,alone,evening,yes,no,no,no,no,lab,yes,5.75
T09_0336,2,6.1,7,8.2,6.1,5.6,4.4,2.8,2,6.8,3.7,4.2,25,145,5.2,5.7,1.5,6.5,4.6,7.1,7.4,woman,alone,evening,yes,yes,yes,no,no,lab,yes,3.5
T09_0337,16,6.4,3.3,5.9,5.6,8.2,9.6,4.5,3,6.8,6.2,4,35,99,4.2,8,2.8,5.7,5,5.3,2.3,woman,with_peer,evening,no,yes,no,no,yes,lab,no,4.5
T09_0338,10,4,6.2,8.3,2.4,7,0.8,4.7,4,6.9,4.5,3.3,44,54,9.5,1.6,7.7,1.5,2.8,1,9.8,woman,with_peer,day,yes,yes,no,no,yes,screening_room,no,6.5
T09_0339,22,2.3,3.4,2.5,3.3,4.4,4.3,2.2,0,5.3,4,7.9,37,161,2.2,6.2,4.5,5.2,6.2,4.5,9.2,man,with_peer,day,yes,no,no,no,no,lab,no,5.25
T09_0340,11,4,5.1,5.7,5.1,1.5,5,3.1,1,6.6,6.8,4.3,19,81,3.7,4.8,2.1,5.7,5.3,3.5,4.6,man,alone,evening,no,yes,yes,yes,no,lab,no,6.25
T09_0341,14,3.1,5.8,6.6,5.9,8.2,7.4,6.4,2,7.2,7.4,6,34,199,5.3,2.9,5.4,5.9,4.9,4,4.3,man,with_peer,day,no,no,yes,yes,yes,lab,yes,2
T09_0342,14,7.4,4.1,3.2,2.8,4.1,6,5.5,5,7.7,5.5,6.8,37,192,2.7,5.3,7.2,2,3.6,2.2,8.1,nonbinary_or_self_described,with_peer,evening,no,no,yes,no,no,lab,yes,5.5
T09_0343,14,3.8,4.9,5.2,7.5,4.3,4.7,2.1,1,6.6,3.2,5.3,32,33,6.2,4.9,2.6,4.5,2.6,2.1,7.8,man,with_peer,day,no,yes,yes,no,no,screening_room,no,4.5
T09_0344,15,2.8,6.7,4.3,5.5,2.5,5.1,3.8,3,8.3,6.2,5,24,62,3.4,3.5,4.7,3.1,5.6,6.5,4,man,with_peer,day,yes,no,yes,no,no,lab,yes,5.75
T09_0345,24,7.7,3.3,8.2,4.3,7.4,5.9,2.3,2,7.7,3.5,4.2,42,187,5.1,4,5.6,7.3,8.4,5.8,13.4,man,alone,evening,no,no,no,yes,no,lab,no,5
T09_0346,16,5.1,4.8,7.1,4.6,1.7,6.4,5.2,1,5.2,5.3,4.9,32,61,2.5,3.2,4.8,3.2,1.6,5.5,7.6,woman,with_peer,day,yes,yes,yes,no,yes,screening_room,yes,6
T09_0347,25,8.4,4.6,7.7,3.7,7.5,5.1,8.2,3,8,2.6,5.9,24,233,2.8,5,4.2,6.6,2.1,2.9,7.5,nonbinary_or_self_described,alone,evening,no,no,no,no,no,lab,no,6.5
T09_0348,10,4.9,3.6,5.1,7.4,5.2,2.1,4.3,5,7.8,6.8,5.2,26,124,5.3,4.8,5.8,3.2,5.7,4.8,14.3,man,alone,day,yes,yes,yes,no,no,screening_room,no,4.25
T09_0349,21,3.2,4.3,3.1,3.8,4.7,4.2,6.8,4,7.5,1.7,6.9,29,106,6.7,5.4,3.3,3.7,6.3,6,5.3,woman,with_peer,day,yes,no,no,no,yes,screening_room,no,4.25
T09_0350,16,5.4,7.2,3.3,4.7,6.9,5.1,4,4,6.6,4.9,3.3,37,165,7.3,1.4,5.8,4.3,4.5,5.6,11.6,nonbinary_or_self_described,with_peer,day,yes,yes,no,no,yes,lab,no,3
T09_0351,24,4.8,5.9,4.3,2.5,5.7,2.8,6,4,8.5,3.2,6.2,40,112,6.6,3.5,9,3.9,3.5,4.8,7.9,woman,with_peer,day,no,no,yes,no,no,lab,yes,6
T09_0352,5,3.2,6.3,6.2,1.7,3.6,7.3,6.6,3,6.4,6.9,3.6,38,4,5.5,5.4,3.5,8.3,3.9,6.6,11.1,man,alone,evening,yes,no,yes,yes,no,lab,no,2.75
T09_0353,25,1.4,3.6,5.2,4.3,3.1,4.9,4.2,3,6.9,4.6,3.3,32,81,4.2,5.6,5.2,2.9,6.2,5.1,14.2,man,alone,day,no,yes,yes,no,no,lab,no,4.5
T09_0354,25,4,6,5.3,3.6,4.9,4.6,5.2,3,8,5.4,5.3,33,68,6.7,4.2,3.8,3.5,5,6.7,3.3,man,with_peer,day,yes,yes,yes,yes,no,lab,no,4.5
T09_0355,14,1.4,1.4,4.1,3.9,4,4,2.1,1,5.3,8.5,3.3,59,125,3.8,4.1,4.7,8,3.7,4,13.1,woman,alone,day,yes,no,yes,yes,no,lab,no,3
T09_0356,15,4.8,1.2,4,6.2,5.5,2.1,6.2,4,7.1,4.9,5.8,29,164,3.4,0.9,6.6,4.5,4.5,4.8,1.9,woman,alone,evening,yes,no,yes,no,no,lab,no,5
T09_0357,3,6,2.4,6.8,4.5,6.6,7,6.5,6,8.5,5.8,5.7,27,189,5.5,2.5,3.4,5.5,3.9,7,8,man,with_peer,evening,yes,yes,yes,no,no,lab,no,1.75
T09_0358,22,2.3,2.5,3.4,4.9,7.7,4,5.9,4,7,3.1,4.2,42,112,3.5,2.9,5.3,3.5,4.3,5.9,5.3,woman,alone,day,no,no,yes,no,no,lab,yes,7.75
T09_0359,24,7.7,2.2,7,6.4,3.2,2.7,5,2,5.9,4.8,6.5,24,230,3.7,7.1,4.6,5.1,6.1,5.3,9.3,man,with_peer,day,no,no,no,no,no,screening_room,no,4.75
T09_0360,17,4.1,7.6,5.9,5.1,3.7,8,5.4,3,8.1,2.8,5.2,26,81,5.2,4.9,6.3,5,5.2,1.6,10.4,man,alone,evening,no,no,no,no,no,screening_room,yes,6.25
T09_0361,17,9.3,1.8,4,6.7,5.8,5,4.2,4,7.9,7.5,3.8,23,44,6.3,2.8,5.5,3.8,5.4,5.1,9,man,alone,evening,yes,no,no,yes,yes,lab,yes,7
T09_0362,22,3.9,4.6,6.4,5.6,6.7,6.4,4.7,3,6.9,6.8,3.2,31,186,6.4,2.8,3.6,5,4.5,4.2,6,woman,with_peer,day,yes,yes,yes,yes,no,screening_room,yes,3.5
T09_0363,1,6.5,2.5,7.6,6.9,3.4,2,7.6,2,6.4,6.4,2.8,39,183,5.5,4.8,4.4,6.8,0.7,5.5,10.3,man,with_peer,evening,no,no,yes,no,yes,screening_room,no,4.25
T09_0364,26,1.8,6.6,4.9,7.3,5,5.6,5.2,6,7.1,4.8,3.3,22,28,5,4.7,3.8,4.6,6.7,4.5,11.6,man,with_peer,evening,no,no,yes,no,no,lab,no,4
T09_0365,10,5.5,4.1,4,5.8,6.3,5.4,5.6,4,6.2,4.2,2.3,38,297,3.2,5.7,5.5,6,5.1,4.8,5,man,with_peer,day,yes,no,yes,yes,no,lab,no,5.75
T09_0366,15,4.1,3.2,5.1,3.3,5.9,4.4,7.6,3,8.4,8.1,6.9,36,177,5.8,1.7,3.1,4.2,5.2,3.9,7.4,nonbinary_or_self_described,alone,day,yes,no,yes,yes,yes,lab,yes,4.75
T09_0367,12,6.6,6.1,6.9,5.2,7.5,5.4,7.2,3,5.2,6.9,5.4,41,131,5.1,5.7,4.7,1.1,5.4,5.2,13.4,woman,with_peer,day,no,no,yes,no,no,lab,no,6.25
T09_0368,21,2.9,2.5,5.2,5.7,4.2,1.9,4.1,0,7,6.4,1.8,36,277,3.2,6.2,5.9,6.6,6.8,2.4,5.2,man,alone,day,no,no,yes,yes,no,screening_room,no,8
T09_0369,24,5.3,5.5,1.7,4.1,5.7,3.5,3.2,6,7.3,2.1,4.7,39,138,9.3,3.5,3.8,2.3,6.5,5.6,10.5,man,with_peer,day,no,yes,no,no,no,lab,no,2.75
T09_0370,22,9.1,4.1,7.8,3.3,8,3.3,2.8,3,6.3,4,2.5,31,39,1.9,3,5.2,2.1,8.9,4.4,4.7,woman,with_peer,evening,no,no,no,no,yes,screening_room,no,4.75
T09_0371,6,1.5,2.9,4.1,2.7,7.5,6.7,5.5,7,6.8,3.4,1.7,30,62,3.6,5.2,8.4,3.4,4.7,3.2,7.7,woman,with_peer,evening,yes,no,yes,yes,no,screening_room,no,4
T09_0372,14,6.5,4,4.3,4.3,7.4,4.7,1.5,6,8,2,4.3,38,80,7.3,4.8,6.2,6,5,5.3,1.5,man,with_peer,evening,yes,no,yes,yes,no,screening_room,no,4.25
T09_0373,21,4.1,8.4,8.3,5.2,2.9,4.1,5.4,6,5.8,4.4,5.7,26,186,4.8,7.4,6.5,7.3,4.7,7.4,11.3,woman,with_peer,evening,yes,no,no,no,no,lab,yes,4.75
T09_0374,11,6,3.4,4.9,5.9,4.3,4.2,7.9,3,8.8,7.2,6.2,33,107,5,2.2,6.5,5.6,1.7,7.5,7.8,woman,with_peer,evening,yes,no,no,no,yes,lab,no,3
T09_0375,12,4.1,6.9,3,6.6,5.1,6.1,4.1,1,7.1,4.2,4.6,43,39,6.8,4.4,3.2,6.2,3.4,6,12.2,woman,alone,day,yes,no,no,yes,yes,screening_room,no,6.5
T09_0376,11,4.9,4.4,4.9,6.1,5.8,5.3,4.1,1,7.6,4.1,5.2,32,47,9.4,4.4,5.5,4.9,3.6,4.4,8.4,woman,with_peer,day,yes,yes,no,no,no,lab,no,3.75
T09_0377,18,5.3,2.9,4.5,8.4,1.1,6.7,9.3,5,5.9,5.1,4.1,30,133,4.5,3.6,1.6,4.6,5.5,4.3,8.1,woman,alone,day,no,no,yes,yes,yes,lab,yes,5.25
T09_0378,18,5.5,5.4,4.4,6.7,5,5.7,5.4,1,7.6,4.2,1.1,34,51,4.2,7,4.7,7.3,2,2.5,5.6,man,with_peer,evening,yes,no,no,no,no,screening_room,no,3.75
T09_0379,17,5.7,8.6,7.3,5.8,5.3,4.7,7.6,4,9.3,6.2,2.9,32,72,6.2,4.9,5.2,3.9,8.1,5,4.6,man,with_peer,day,no,no,yes,no,no,lab,yes,5.5
T09_0380,4,4.8,3.7,6,3.3,8,3.5,6.6,2,7.6,5.5,5.4,26,18,5.7,5.4,5.4,3.9,6.2,6.1,10.9,man,with_peer,day,no,no,no,no,no,screening_room,no,5.25
T09_0381,17,6.4,7.8,6.2,3.1,8.3,4.7,5.3,1,9.2,5.1,5.7,42,71,8.7,4.9,6.5,5.9,5.7,7.3,6.1,woman,with_peer,evening,no,no,yes,yes,no,lab,no,4
T09_0382,12,2.9,4.2,7.2,4.2,6.4,2.1,3.4,4,7.4,4.9,6,34,134,4.6,5.1,4.5,6,6.9,2.1,11,woman,with_peer,evening,no,no,no,no,no,lab,yes,4.75
T09_0383,12,6.2,7.3,6,4.8,6.6,6.4,4.9,3,5.1,5,7.8,23,159,3.5,3.5,5,5.8,7.1,7.3,7,man,alone,evening,no,no,no,no,no,lab,no,5.5
T09_0384,13,6.7,4.8,8.4,5.7,5.4,3.2,6.1,5,6.2,4.9,6.7,40,68,4,3.3,5.9,4.4,4.1,6.1,5.1,woman,with_peer,day,no,yes,yes,no,no,screening_room,yes,4
T09_0385,21,3.9,4.5,4.7,5.1,2.9,6.3,4.2,4,6.6,2.5,4.9,25,59,6.4,4.6,8,0.8,8.9,3.4,5.5,man,with_peer,day,yes,no,yes,yes,yes,lab,yes,5.5
T09_0386,21,6.5,7.2,7.6,5.7,2.3,2.6,5.2,1,7.3,4.5,5.8,29,166,5.3,7.9,3.5,6,7.1,7.4,7.9,man,alone,day,yes,no,yes,no,no,screening_room,no,5.5
T09_0387,10,7.2,5.6,5.8,3.7,3.3,9,8.2,3,7.4,5.6,5.1,34,32,5.2,3.7,2.2,6,4.5,5,11.2,woman,alone,day,no,no,no,no,no,screening_room,no,4.5
T09_0388,17,1.9,5.7,5.8,5.7,7,4.2,6.7,2,7.1,3.9,4,23,128,1.8,6.7,4.8,6.4,4.2,4.1,1.5,woman,alone,day,yes,no,yes,no,no,lab,yes,4.75
T09_0389,1,5.6,4.9,5.3,4.4,4.6,1.7,4.5,0,8.1,6.3,7.9,37,45,7,4.8,6.7,4.7,3.1,3.9,5,nonbinary_or_self_described,with_peer,day,no,yes,yes,yes,no,screening_room,yes,4
T09_0390,11,6.3,4.4,5.5,8.7,5.6,2.7,5.2,7,8.5,2.5,5.7,25,221,8.2,4.6,2.1,6.2,1.7,5.9,11.6,woman,with_peer,evening,no,no,no,no,yes,lab,yes,5
T09_0391,28,3,7.3,4.6,3.6,7.5,5.1,1.2,7,6.4,3.2,4.7,35,30,5.7,3.4,5.3,3.9,6,4.8,8.3,nonbinary_or_self_described,with_peer,day,no,yes,yes,no,no,lab,no,4.5
T09_0392,10,2.7,5.3,4.9,5.3,4.6,5,2,3,7.4,5.7,4.2,22,59,4.5,6.9,5.9,7.5,5.1,7.5,17.2,woman,with_peer,day,no,no,no,yes,yes,lab,no,6
T09_0393,10,2.6,3.6,7.3,2.8,5.6,4.7,5.5,5,6,4.6,4.3,31,189,8.1,5,3.3,7.5,6.6,4.8,4.3,man,with_peer,day,yes,yes,no,no,yes,lab,yes,5.75
T09_0394,3,5.3,4.5,3.7,7.7,4,4.1,5,4,6,6.4,6.4,33,118,8.3,3.1,4.5,5.1,4.6,4.8,9,woman,with_peer,day,no,no,no,no,no,screening_room,no,3
T09_0395,28,6,5.1,7.4,5.5,0.5,6.9,3.5,4,8.1,4,7.6,22,78,6.6,4.4,3.2,3.8,8.2,2.9,1.1,man,alone,day,no,yes,yes,no,no,lab,no,7.25
T09_0396,14,4.2,3.9,6.9,7.9,3.8,4.1,3.6,2,7.6,7.5,6.6,43,111,7.9,5.3,5.8,4.3,2.9,6.6,7.5,man,with_peer,day,no,no,yes,no,no,lab,no,6
T09_0397,17,1.8,3,3.3,6.7,4.6,4.1,6,7,9.4,6.3,2.1,22,73,3.7,4.8,6.5,4.6,7.5,3.8,3.9,man,alone,evening,yes,no,yes,no,no,lab,no,8
T09_0398,3,5.5,4.1,4.2,6.6,7.3,6.8,2.9,5,7.2,5.8,5,38,176,3.7,8.3,5.2,4.3,3.8,6.1,9.2,man,alone,evening,no,no,yes,yes,yes,screening_room,no,4.25
T09_0399,11,4.6,4.5,5.4,6.7,7.6,4.4,4.2,2,8.1,5.9,7.9,26,41,4.1,5.1,4.7,4.1,0.7,6.9,1.7,woman,with_peer,day,no,no,yes,no,yes,lab,no,3.5
T09_0400,19,4.9,1.8,6.2,4,9,4.8,2.8,4,7.1,9,7.1,32,130,5.7,3.1,5.7,6.2,9.1,2.4,4.9,woman,with_peer,day,yes,no,yes,no,no,lab,yes,5
