participant_id,childhood_household_structure,trust,communication,social_confidence,conflict_management,parental_emotional_support,childhood_financial_strain,childhood_conflict,caregiving_consistency,extended_family_support,peer_support,age,residential_moves,siblings,caregiver_education_years,neighborhood_safety,emotion_regulation,attachment_security,sleep_hours,work_hours,current_financial_strain,gender,current_relationship,education,childhood_area,current_housing,first_generation_college,childhood_mentor,school_transition,caregiving_responsibility,community_group,relationship_functioning,emotional_intelligence_index
T12_0001,one_parent,3.061,4.296,1.682,3.684,3.196,2.852,2.276,3.917,3.101,2.744,18.0,2.0,0.0,15.0,3.359,2.641,3.262,7.768,6.946,2.21,man,not_partnered,college,suburban,independent,yes,yes,yes,no,no,3.191,87.531
T12_0002,two_parent,3.496,3.69,2.992,3.056,4.082,2.588,2.614,2.989,2.886,3.107,20.0,2.0,3.0,14.0,2.378,3.554,3.053,7.551,13.66,2.978,woman,partnered,secondary,rural,independent,no,yes,no,no,yes,2.811,95.078
T12_0003,two_parent,2.28,1.445,3.747,2.21,2.966,2.345,1.846,3.194,2.568,4.263,24.0,2.0,1.0,11.0,4.656,3.539,1.833,8.915,7.548,2.671,woman,not_partnered,graduate,urban,with_family,no,no,yes,no,yes,2.997,96.955
T12_0004,two_parent,3.564,3.299,4.666,2.745,3.967,2.01,3.297,2.808,4.031,2.187,18.0,2.0,1.0,9.0,3.306,2.672,3.022,7.342,14.208,4.26,woman,partnered,college,urban,independent,no,no,no,no,yes,4.188,119.154
T12_0005,one_parent,3.02,3.322,4.122,3.274,2.81,4.368,3.731,3.996,2.999,3.32,18.0,3.0,3.0,13.0,3.177,2.421,3.053,7.6,11.39,4.578,woman,partnered,graduate,urban,independent,no,yes,yes,yes,yes,3.108,118.638
T12_0006,one_parent,2.592,3.183,3.325,3.431,3.367,2.791,2.671,2.138,3.802,3.549,23.0,1.0,0.0,17.0,3.282,2.816,2.439,7.025,10.959,3.816,woman,partnered,graduate,suburban,independent,no,no,no,no,yes,3.966,130.236
T12_0007,one_parent,3.371,2.813,3.531,2.895,1.523,2.542,3.703,2.949,4.173,1.905,21.0,3.0,1.0,10.0,4.163,2.644,2.572,7.566,25.891,2.903,man,not_partnered,graduate,rural,with_family,no,no,no,yes,yes,3.208,119.249
T12_0008,one_parent,3.614,3.449,2.043,3.049,3.013,2.117,2.556,3.063,2.335,3.387,19.0,4.0,2.0,10.0,2.138,3.496,4.369,7.095,16.212,2.307,man,partnered,graduate,urban,with_family,no,no,no,no,no,3.165,106.822
T12_0009,two_parent,4.728,2.829,3.888,3.456,2.512,1.975,3.294,2.889,2.974,3.453,25.0,3.0,2.0,13.0,3.831,2.413,3.266,7.385,2.564,1.569,man,not_partnered,college,rural,independent,yes,no,yes,no,yes,2.838,124.641
T12_0010,one_parent,1.81,2.065,2.595,3.149,4.561,4.014,4.034,2.42,3.464,2.174,22.0,3.0,0.0,14.0,3.018,2.997,3.196,8.098,14.627,4.001,man,not_partnered,secondary,urban,independent,yes,yes,yes,yes,yes,2.147,138.782
T12_0011,one_parent,2.726,3.48,2.532,3.359,2.895,3.27,3.387,2.835,2.95,3.442,24.0,1.0,3.0,10.0,4.564,3.181,2.764,8.079,37.609,2.768,woman,partnered,secondary,rural,independent,no,yes,yes,yes,yes,3.566,137.361
T12_0012,two_parent,2.442,2.221,4.02,3.198,3.381,2.945,2.947,2.102,2.876,2.946,25.0,4.0,4.0,14.0,2.721,1.997,2.598,7.018,27.012,3.367,woman,partnered,secondary,suburban,independent,yes,no,no,no,yes,3.065,115.592
T12_0013,one_parent,2.233,2.138,3.625,2.584,2.835,3.333,2.862,2.21,2.684,3.105,25.0,2.0,2.0,11.0,3.373,2.253,3.309,7.763,19.492,2.028,woman,not_partnered,college,urban,with_family,no,no,yes,no,no,2.923,109.395
T12_0014,two_parent,3.418,2.948,2.248,3.653,3.815,1.833,2.35,2.788,2.935,2.414,24.0,2.0,3.0,10.0,3.161,4.067,2.237,7.294,11.894,3.067,man,not_partnered,graduate,suburban,with_family,no,no,yes,yes,yes,3.451,152.411
T12_0015,one_parent,4.201,2.818,3.125,3.58,1.984,3.62,2.085,2.269,2.036,3.31,21.0,2.0,0.0,12.0,3.668,3.127,1.948,6.795,22.303,2.78,man,partnered,graduate,rural,with_family,no,yes,yes,yes,yes,2.964,75.543
T12_0016,one_parent,2.247,2.167,2.565,2.423,1.53,3.432,4.704,1.37,2.957,3.813,23.0,0.0,3.0,12.0,2.823,2.779,3.589,7.606,30.632,2.19,man,not_partnered,college,rural,with_family,no,yes,yes,no,no,2.598,133.219
T12_0017,two_parent,1.961,4.069,4.285,3.033,2.456,1.861,2.35,3.354,2.919,2.716,24.0,1.0,3.0,8.0,3.568,2.871,3.524,7.87,17.715,2.248,woman,not_partnered,college,rural,independent,no,no,no,no,yes,3.165,121.237
T12_0018,one_parent,3.549,3.22,3.997,4.524,3.143,2.816,3.338,3.52,2.146,3.263,19.0,1.0,2.0,10.0,3.287,3.289,2.524,7.931,11.741,4.698,man,not_partnered,graduate,rural,with_family,no,no,no,no,no,3.519,136.832
T12_0019,one_parent,4.685,2.375,4.236,3.864,3.184,1.575,2.637,3.798,2.587,1.6,24.0,4.0,2.0,12.0,3.136,2.357,3.507,5.849,13.218,4.872,nonbinary_or_self_described,partnered,secondary,suburban,with_family,yes,no,yes,no,yes,4.219,125.054
T12_0020,two_parent,4.135,2.757,3.386,4.448,3.857,2.461,1.11,2.719,2.515,2.826,19.0,2.0,4.0,17.0,3.795,2.817,2.892,7.161,22.73,2.602,woman,partnered,graduate,rural,with_family,no,yes,yes,no,no,4.025,120.726
T12_0021,one_parent,2.55,3.597,2.401,3.792,3.827,3.044,2.16,1.728,3.032,2.021,23.0,3.0,1.0,14.0,3.82,3.684,3.479,7.15,19.753,3.78,man,not_partnered,college,rural,with_family,yes,no,no,yes,yes,2.761,129.415
T12_0022,one_parent,3.57,2.453,2.576,3.169,1.773,4.061,1.035,3.095,4.297,3.651,22.0,1.0,3.0,12.0,1.748,2.458,3.944,7.704,11.133,2.942,woman,partnered,college,suburban,independent,no,yes,yes,yes,no,3.461,120.319
T12_0023,one_parent,3.431,3.078,3.321,3.495,3.435,3.394,3.131,2.325,1.94,2.122,19.0,1.0,2.0,14.0,4.031,1.562,3.643,6.626,1.089,1.144,man,partnered,secondary,rural,with_family,no,no,no,no,no,3.58,134.609
T12_0024,two_parent,3.934,3.649,1.912,2.729,3.406,3.63,2.232,2.231,1.993,3.864,19.0,3.0,1.0,16.0,2.713,2.717,4.695,8.0,29.645,1.453,man,partnered,graduate,urban,independent,yes,yes,yes,no,yes,2.517,135.908
T12_0025,one_parent,2.992,3.507,3.068,2.503,2.078,2.553,4.255,3.098,3.658,3.196,26.0,2.0,2.0,13.0,3.483,4.921,3.521,6.745,15.705,3.038,man,not_partnered,graduate,suburban,with_family,no,yes,yes,yes,no,2.555,113.465
T12_0026,one_parent,3.728,3.956,2.474,2.729,2.799,3.378,3.24,2.95,2.974,1.743,22.0,2.0,3.0,11.0,3.042,1.405,3.107,6.048,29.871,3.226,nonbinary_or_self_described,partnered,secondary,suburban,with_family,yes,yes,no,no,yes,3.078,98.502
T12_0027,two_parent,3.068,2.226,3.206,2.035,3.365,2.206,3.454,3.877,2.752,3.056,20.0,3.0,1.0,14.0,2.987,3.372,3.662,5.454,40.406,2.253,man,partnered,secondary,urban,with_family,no,yes,yes,no,no,2.942,116.112
T12_0028,one_parent,2.254,2.104,3.04,2.88,3.249,4.057,2.589,3.337,2.835,2.614,22.0,3.0,4.0,11.0,3.654,4.553,3.995,7.617,16.057,1.855,woman,not_partnered,college,suburban,independent,yes,yes,no,yes,no,3.416,116.487
T12_0029,one_parent,3.318,2.673,3.453,2.886,2.595,3.753,3.061,2.745,3.205,3.334,27.0,1.0,1.0,14.0,2.67,2.122,3.389,7.121,21.448,3.353,woman,partnered,secondary,rural,independent,yes,no,yes,yes,no,3.109,105.589
T12_0030,two_parent,3.584,3.02,3.445,3.155,3.255,3.066,2.538,3.903,2.465,2.702,25.0,4.0,3.0,14.0,2.466,4.019,3.037,6.896,21.904,3.649,woman,partnered,graduate,urban,with_family,yes,yes,no,yes,no,3.683,109.933
T12_0031,one_parent,4.622,2.449,3.36,2.756,3.518,2.548,1.977,3.077,3.542,3.304,22.0,3.0,2.0,9.0,4.74,2.631,2.356,6.619,7.274,3.736,woman,not_partnered,secondary,suburban,with_family,yes,yes,no,no,no,3.017,110.632
T12_0032,one_parent,2.967,3.356,3.831,2.84,2.639,2.761,2.398,1.597,2.673,2.522,22.0,3.0,5.0,14.0,3.144,2.114,3.907,5.25,22.555,3.924,man,not_partnered,college,rural,independent,no,no,no,yes,yes,3.318,106.803
T12_0033,two_parent,2.852,3.82,2.876,3.01,3.153,3.273,3.613,1.979,2.996,2.946,24.0,1.0,1.0,18.0,4.173,1.961,3.018,7.474,13.873,2.915,woman,partnered,secondary,rural,with_family,yes,yes,yes,no,no,3.33,135.693
T12_0034,one_parent,2.635,4.342,2.946,3.118,3.652,3.657,3.731,1.761,2.661,2.63,23.0,4.0,0.0,13.0,3.305,2.342,2.653,7.787,18.442,2.604,woman,partnered,graduate,rural,with_family,yes,no,no,no,no,3.198,73.752
T12_0035,one_parent,3.175,4.002,3.128,2.191,2.9,3.658,4.5,2.547,3.118,1.895,21.0,3.0,3.0,15.0,2.839,3.834,4.079,7.804,22.77,3.351,woman,not_partnered,secondary,suburban,independent,yes,no,no,yes,no,3.107,124.085
T12_0036,two_parent,2.736,3.195,3.881,2.144,2.69,3.286,2.024,2.915,2.159,3.163,23.0,2.0,2.0,12.0,3.609,3.895,2.409,6.891,15.623,1.842,woman,partnered,college,urban,independent,no,yes,yes,no,yes,2.711,115.878
T12_0037,two_parent,2.436,3.376,2.232,2.046,3.557,3.215,2.776,3.415,2.371,4.8,23.0,2.0,3.0,10.0,1.679,4.076,3.153,6.961,14.322,4.85,woman,partnered,graduate,suburban,independent,yes,no,no,yes,yes,2.348,119.152
T12_0038,one_parent,3.918,2.027,3.087,3.533,3.177,3.397,2.844,2.883,2.321,2.407,20.0,3.0,1.0,17.0,3.533,4.692,2.601,9.179,9.213,2.612,woman,partnered,college,suburban,with_family,no,yes,no,yes,yes,4.042,86.141
T12_0039,two_parent,2.006,3.484,4.266,2.897,1.382,3.899,3.271,3.717,3.897,2.925,21.0,1.0,3.0,14.0,2.239,4.511,2.791,6.319,25.011,4.382,man,not_partnered,graduate,suburban,independent,yes,no,yes,no,no,2.47,114.183
T12_0040,two_parent,3.107,3.799,4.373,2.752,3.126,2.762,2.814,2.785,3.269,4.444,24.0,2.0,3.0,17.0,3.34,3.705,3.333,7.685,25.957,3.463,woman,partnered,graduate,suburban,independent,no,no,yes,no,yes,3.629,131.161
T12_0041,one_parent,3.482,3.135,2.232,3.024,3.387,2.486,3.925,2.124,2.382,2.493,20.0,1.0,2.0,12.0,2.931,3.559,2.476,6.964,5.183,1.602,man,partnered,college,urban,independent,no,yes,yes,no,yes,3.876,127.081
T12_0042,two_parent,3.57,3.648,3.317,2.267,1.763,2.88,2.245,3.229,4.045,3.603,19.0,1.0,2.0,14.0,2.754,2.729,2.726,6.781,22.136,2.771,woman,partnered,secondary,rural,independent,yes,no,no,yes,yes,2.368,117.653
T12_0043,one_parent,3.089,4.156,3.622,2.452,1.97,2.992,3.573,2.449,2.865,3.292,18.0,1.0,1.0,11.0,3.167,3.639,3.068,7.007,40.938,2.451,man,not_partnered,graduate,urban,with_family,no,yes,no,yes,yes,2.893,120.665
T12_0044,one_parent,4.249,2.994,3.552,1.491,2.409,2.651,2.424,2.979,2.533,3.96,20.0,3.0,1.0,11.0,3.866,1.883,3.409,7.235,7.263,2.651,man,partnered,graduate,suburban,with_family,no,no,no,no,no,3.133,122.517
T12_0045,one_parent,3.172,2.816,3.578,2.56,3.529,1.999,3.027,3.005,3.561,2.416,19.0,2.0,2.0,16.0,1.96,2.011,3.815,7.365,17.517,2.998,man,partnered,college,suburban,independent,yes,no,yes,no,no,3.414,108.52
T12_0046,two_parent,3.759,2.379,2.818,2.341,1.225,1.934,3.009,2.929,3.493,3.903,22.0,1.0,3.0,12.0,2.852,3.162,2.434,6.054,20.367,3.182,man,not_partnered,graduate,urban,with_family,yes,yes,no,yes,no,3.319,117.798
T12_0047,two_parent,2.401,4.346,3.058,2.583,2.854,2.718,1.553,2.343,3.651,2.948,19.0,1.0,3.0,11.0,3.385,4.269,3.949,6.462,12.264,3.252,man,partnered,college,suburban,with_family,yes,yes,yes,no,no,3.466,130.531
T12_0048,two_parent,3.628,2.903,2.412,1.999,2.242,3.021,2.719,3.064,2.427,3.065,23.0,0.0,1.0,13.0,2.306,3.282,3.318,6.406,26.304,4.067,man,partnered,graduate,urban,with_family,yes,no,yes,no,yes,3.378,121.281
T12_0049,two_parent,2.638,3.651,2.869,3.02,3.204,1.065,2.592,1.739,1.897,3.03,22.0,3.0,0.0,12.0,3.747,3.503,3.002,7.66,34.074,3.171,woman,partnered,graduate,urban,with_family,yes,yes,yes,no,yes,2.838,120.657
T12_0050,two_parent,1.573,1.964,3.011,3.772,2.935,3.414,2.724,4.385,3.21,2.339,23.0,3.0,2.0,12.0,2.411,2.302,2.007,8.329,26.154,1.455,man,partnered,college,rural,with_family,yes,yes,no,no,no,2.469,99.502
T12_0051,one_parent,2.922,3.069,2.689,2.488,2.867,4.633,2.754,3.143,3.269,2.522,25.0,2.0,2.0,14.0,4.198,2.808,4.5,8.349,41.245,3.75,woman,not_partnered,graduate,rural,independent,no,no,yes,no,no,3.236,107.89
T12_0052,one_parent,2.341,2.916,2.894,3.857,3.157,3.396,2.458,2.825,3.663,3.383,21.0,2.0,3.0,16.0,2.885,3.599,1.431,7.259,21.806,3.327,woman,partnered,college,suburban,independent,no,no,no,no,yes,2.995,131.576
T12_0053,one_parent,4.161,2.605,2.855,2.141,4.152,2.666,2.003,2.565,2.882,1.581,19.0,1.0,1.0,15.0,3.224,1.899,2.68,6.599,4.853,3.487,woman,partnered,graduate,suburban,independent,yes,yes,no,yes,yes,3.291,115.559
T12_0054,two_parent,3.119,3.209,3.087,1.709,3.384,2.927,3.777,3.472,1.708,2.266,21.0,0.0,1.0,15.0,2.175,4.175,1.762,6.548,24.027,2.599,woman,partnered,college,urban,independent,yes,yes,no,no,no,2.773,131.802
T12_0055,two_parent,3.557,3.513,3.003,3.825,2.955,4.131,3.054,2.954,1.966,4.281,23.0,0.0,1.0,11.0,2.811,3.228,3.314,5.652,17.578,3.675,man,partnered,secondary,rural,with_family,no,no,no,no,no,2.834,107.804
T12_0056,two_parent,2.303,3.509,2.564,3.354,1.644,1.518,2.998,2.698,2.26,2.639,18.0,1.0,3.0,15.0,3.402,3.668,3.327,6.984,5.138,3.521,man,not_partnered,graduate,urban,with_family,no,yes,yes,yes,yes,2.785,117.602
T12_0057,one_parent,3.218,2.906,3.051,3.672,2.327,3.0,2.426,2.198,1.728,3.089,26.0,5.0,3.0,9.0,3.223,2.281,4.126,7.425,4.996,2.858,woman,not_partnered,college,suburban,independent,no,no,yes,yes,no,3.048,131.519
T12_0058,two_parent,3.424,2.314,2.862,3.418,2.718,2.915,3.825,4.256,2.221,2.8,18.0,3.0,1.0,9.0,2.176,1.699,2.777,6.849,28.423,1.88,woman,not_partnered,college,suburban,with_family,yes,no,no,no,no,2.932,127.302
T12_0059,one_parent,2.368,3.373,3.823,1.27,3.008,3.257,2.953,4.212,2.29,3.537,23.0,4.0,1.0,17.0,3.282,2.693,2.416,7.244,29.135,1.932,man,not_partnered,college,urban,with_family,yes,no,yes,no,no,3.156,116.528
T12_0060,two_parent,3.888,3.399,2.405,2.906,2.767,3.857,3.841,3.055,2.643,3.701,21.0,4.0,1.0,14.0,3.624,1.868,3.835,6.682,20.726,2.862,man,not_partnered,graduate,rural,independent,no,no,no,no,yes,2.778,125.924
T12_0061,one_parent,3.536,2.995,3.737,2.741,3.36,3.025,2.429,2.268,2.192,2.964,22.0,3.0,4.0,11.0,2.751,1.684,2.755,6.783,22.878,3.418,man,partnered,secondary,suburban,with_family,yes,yes,yes,yes,yes,3.021,131.937
T12_0062,one_parent,1.849,2.8,2.988,1.791,2.138,2.615,2.733,3.015,3.374,3.84,23.0,2.0,2.0,8.0,1.715,2.861,2.266,7.879,11.769,2.357,man,not_partnered,secondary,suburban,with_family,yes,yes,no,no,no,2.676,142.915
T12_0063,two_parent,3.822,3.344,2.29,2.993,3.682,2.507,2.302,2.489,3.206,1.314,21.0,1.0,2.0,16.0,3.431,3.455,2.827,7.688,36.938,3.675,nonbinary_or_self_described,partnered,secondary,rural,with_family,no,no,yes,no,no,3.5,124.305
T12_0064,one_parent,2.043,1.933,1.533,3.168,1.977,3.034,1.691,2.339,2.384,3.384,22.0,4.0,2.0,17.0,3.705,2.689,2.209,7.603,11.819,3.643,nonbinary_or_self_described,partnered,secondary,rural,with_family,yes,no,no,yes,no,2.621,134.542
T12_0065,two_parent,2.394,4.03,3.406,4.607,3.09,2.9,2.399,3.313,3.843,3.47,26.0,4.0,0.0,10.0,2.917,3.227,2.302,7.568,8.265,2.375,woman,partnered,college,urban,independent,no,yes,yes,yes,yes,2.49,110.567
T12_0066,two_parent,3.05,2.264,3.68,4.259,3.619,3.361,3.401,3.881,3.813,3.692,23.0,3.0,0.0,14.0,3.851,3.122,3.052,8.118,1.288,3.456,nonbinary_or_self_described,not_partnered,graduate,urban,independent,no,no,yes,no,no,3.414,141.234
T12_0067,two_parent,3.757,2.537,1.674,1.792,1.946,4.21,1.499,3.18,2.995,4.014,24.0,1.0,3.0,12.0,1.898,4.138,4.263,8.076,42.216,1.815,woman,not_partnered,graduate,rural,independent,yes,no,yes,no,no,3.027,136.097
T12_0068,one_parent,2.916,3.775,3.83,2.97,1.569,2.12,2.843,3.741,3.369,2.241,18.0,2.0,2.0,13.0,2.718,3.87,3.543,8.306,20.096,3.211,man,not_partnered,graduate,urban,independent,yes,no,yes,no,yes,3.03,130.046
T12_0069,one_parent,2.804,3.084,2.731,3.515,2.92,2.668,3.692,2.221,3.417,2.432,19.0,1.0,4.0,13.0,3.424,3.305,3.507,7.364,17.562,3.082,woman,not_partnered,college,rural,independent,no,yes,yes,no,no,3.673,132.338
T12_0070,two_parent,1.756,3.206,4.28,3.142,2.141,3.611,3.736,3.222,3.367,2.336,18.0,1.0,3.0,10.0,2.657,1.382,1.442,5.925,6.481,2.651,man,partnered,secondary,rural,independent,yes,no,no,no,yes,3.234,134.315
T12_0071,one_parent,2.452,3.272,3.72,3.527,3.736,2.689,3.456,2.451,4.405,3.37,20.0,2.0,3.0,16.0,2.788,2.75,2.171,7.244,21.545,2.482,woman,not_partnered,graduate,rural,with_family,yes,no,no,yes,no,3.87,133.318
T12_0072,one_parent,2.664,3.293,2.532,4.262,3.83,3.927,3.812,3.886,2.697,2.94,20.0,0.0,2.0,13.0,3.701,2.72,3.964,7.32,7.848,2.657,woman,partnered,college,suburban,independent,no,yes,yes,no,no,3.866,122.832
T12_0073,two_parent,3.306,2.547,2.247,2.789,3.009,2.548,1.736,1.465,3.067,1.624,20.0,5.0,1.0,12.0,3.638,3.621,2.177,6.968,30.634,2.046,woman,partnered,secondary,rural,independent,yes,no,no,yes,no,2.485,132.619
T12_0074,two_parent,2.492,2.608,3.092,4.061,3.671,3.138,2.835,2.253,4.259,2.703,21.0,0.0,1.0,15.0,3.698,1.828,3.017,7.669,12.408,2.041,man,partnered,secondary,urban,independent,no,no,no,no,no,3.178,118.279
T12_0075,one_parent,3.415,2.873,2.606,3.555,2.758,3.886,2.3,3.522,3.797,4.391,26.0,0.0,5.0,17.0,1.534,3.163,2.401,6.657,24.994,2.317,woman,not_partnered,college,suburban,with_family,yes,yes,yes,no,yes,2.754,108.905
T12_0076,one_parent,3.434,1.787,2.155,2.083,2.341,3.606,2.495,3.906,3.452,3.024,20.0,2.0,4.0,19.0,3.197,1.956,3.937,7.705,36.245,2.65,man,partnered,graduate,urban,with_family,no,yes,no,no,yes,2.508,97.838
T12_0077,two_parent,2.485,2.739,2.429,2.783,3.767,3.025,2.841,3.173,3.017,2.757,21.0,2.0,3.0,13.0,3.136,2.308,3.467,6.892,11.692,2.522,woman,not_partnered,secondary,rural,independent,yes,no,yes,no,no,3.881,119.593
T12_0078,one_parent,2.688,2.768,2.846,1.901,2.954,2.043,2.452,3.259,4.069,2.19,19.0,2.0,2.0,12.0,2.631,2.917,2.362,5.624,28.436,2.893,woman,not_partnered,secondary,rural,independent,no,no,yes,yes,no,3.634,98.684
T12_0079,one_parent,1.882,2.862,3.475,3.334,2.117,2.898,1.774,2.542,3.444,3.312,18.0,5.0,2.0,13.0,3.013,2.963,2.592,7.506,26.314,2.085,man,partnered,secondary,rural,independent,no,no,no,no,no,3.455,127.392
T12_0080,two_parent,3.681,3.529,3.671,3.668,3.053,2.49,2.301,2.881,2.67,1.504,25.0,1.0,1.0,15.0,4.146,4.289,4.444,6.52,6.312,3.198,woman,partnered,graduate,urban,with_family,no,no,yes,no,yes,3.28,144.713
T12_0081,one_parent,3.08,2.903,3.131,3.564,3.81,2.13,2.353,2.918,4.226,3.79,25.0,2.0,0.0,13.0,3.605,3.285,1.853,7.671,4.178,3.491,man,not_partnered,college,urban,with_family,yes,yes,yes,no,yes,3.928,146.048
T12_0082,one_parent,3.74,2.94,2.135,4.076,2.102,3.701,3.497,2.358,3.55,2.493,24.0,4.0,1.0,8.0,2.865,1.356,2.714,8.308,3.296,4.108,man,not_partnered,college,rural,with_family,no,yes,no,yes,no,3.33,124.765
T12_0083,one_parent,4.112,1.678,3.187,3.597,3.899,3.041,2.679,3.917,2.835,2.722,27.0,1.0,3.0,13.0,4.168,3.097,2.58,6.571,20.192,3.225,man,not_partnered,secondary,rural,with_family,no,no,no,yes,yes,3.625,96.373
T12_0084,two_parent,3.104,3.776,1.771,2.044,2.949,3.444,1.942,4.456,3.872,2.602,20.0,0.0,1.0,13.0,3.984,2.084,4.416,7.489,10.825,3.651,man,not_partnered,college,urban,independent,yes,no,yes,no,no,3.35,125.684
T12_0085,two_parent,2.698,3.74,2.082,3.176,2.4,3.402,3.197,2.167,2.057,3.091,21.0,5.0,3.0,12.0,3.381,2.729,2.548,5.996,5.525,3.012,woman,not_partnered,college,rural,independent,yes,no,no,yes,yes,3.501,129.171
T12_0086,two_parent,2.249,2.802,2.741,2.552,3.452,3.466,1.932,2.891,1.107,3.286,20.0,4.0,4.0,9.0,3.367,4.465,2.628,7.428,13.139,2.62,woman,not_partnered,secondary,rural,with_family,no,yes,no,yes,no,2.361,108.036
T12_0087,one_parent,2.715,3.129,3.742,3.257,3.408,2.562,2.216,2.651,3.538,2.536,21.0,5.0,2.0,16.0,1.622,2.078,3.68,6.247,23.967,3.703,woman,not_partnered,graduate,suburban,independent,no,yes,no,yes,yes,3.538,116.925
T12_0088,two_parent,2.561,3.101,3.381,3.559,2.907,1.65,3.441,3.054,1.887,2.834,19.0,1.0,2.0,12.0,1.737,2.285,3.564,6.78,16.053,2.581,man,not_partnered,graduate,rural,with_family,yes,yes,yes,no,no,3.158,135.198
T12_0089,two_parent,2.526,3.795,3.133,2.81,3.423,3.663,3.037,3.524,1.951,3.09,21.0,2.0,3.0,8.0,2.202,2.168,2.137,7.397,3.245,2.433,man,partnered,graduate,urban,independent,yes,no,no,yes,yes,3.437,115.834
T12_0090,two_parent,3.638,2.547,3.081,2.446,4.394,2.944,2.729,3.429,3.8,3.236,23.0,1.0,0.0,15.0,2.671,3.545,3.467,5.466,30.473,3.213,nonbinary_or_self_described,not_partnered,college,suburban,with_family,no,no,no,yes,no,3.207,148.408
T12_0091,one_parent,2.459,2.113,2.282,3.175,2.794,3.325,2.612,2.816,3.004,3.014,19.0,1.0,3.0,11.0,4.08,2.374,3.077,7.987,20.7,1.861,woman,not_partnered,graduate,urban,independent,yes,no,yes,yes,no,2.828,134.185
T12_0092,two_parent,3.292,3.361,2.537,3.653,3.959,2.838,2.303,3.54,3.991,2.685,23.0,4.0,3.0,12.0,2.012,3.38,3.096,8.368,4.111,4.294,man,partnered,secondary,urban,with_family,yes,no,no,no,no,3.375,110.761
T12_0093,one_parent,2.856,2.973,2.102,2.538,3.535,3.672,2.977,2.465,3.725,3.026,21.0,1.0,3.0,17.0,3.689,2.509,2.172,7.41,15.915,1.904,woman,not_partnered,graduate,suburban,independent,yes,yes,yes,no,no,2.995,97.95
T12_0094,two_parent,3.475,3.299,1.016,3.559,3.063,3.088,3.032,3.487,1.807,3.369,20.0,0.0,3.0,13.0,3.319,1.782,3.467,5.961,9.721,2.714,man,not_partnered,graduate,suburban,with_family,yes,no,no,yes,no,3.192,115.989
T12_0095,two_parent,4.373,2.182,2.412,2.725,2.657,2.386,2.695,4.718,2.623,2.651,24.0,3.0,1.0,11.0,2.442,3.186,3.307,5.268,12.508,4.351,man,not_partnered,college,suburban,independent,yes,yes,yes,yes,no,2.89,134.018
T12_0096,one_parent,2.197,2.865,3.807,2.728,1.701,3.142,3.173,2.794,4.344,3.001,24.0,3.0,2.0,12.0,1.849,3.058,2.565,6.977,39.671,2.526,man,not_partnered,graduate,rural,independent,no,no,no,yes,yes,1.46,119.072
T12_0097,two_parent,3.02,3.738,2.9,1.714,2.237,3.324,2.449,3.908,2.805,2.505,22.0,2.0,4.0,16.0,3.529,3.126,3.914,7.28,4.943,2.175,woman,partnered,secondary,rural,with_family,yes,yes,no,yes,no,2.882,125.274
T12_0098,two_parent,1.747,3.679,2.685,3.165,3.166,1.472,3.122,2.849,3.154,3.004,21.0,4.0,1.0,12.0,1.884,2.736,3.115,7.449,24.326,3.414,woman,partnered,secondary,suburban,with_family,no,no,no,no,no,3.102,113.17
T12_0099,one_parent,2.574,2.365,3.221,2.472,2.242,3.527,3.554,2.831,2.38,2.572,25.0,3.0,1.0,16.0,3.509,1.679,2.737,8.423,28.832,3.762,woman,partnered,college,suburban,independent,yes,yes,no,no,yes,2.916,85.942
T12_0100,one_parent,2.559,2.384,2.207,2.533,2.951,3.836,3.352,3.622,1.452,3.455,21.0,2.0,1.0,16.0,3.014,2.529,3.515,7.726,17.176,3.417,woman,not_partnered,secondary,urban,with_family,no,yes,yes,no,yes,2.025,110.812
T12_0101,one_parent,1.93,2.96,3.439,3.267,2.557,2.806,2.313,2.832,3.006,3.085,24.0,3.0,1.0,13.0,2.469,1.574,2.375,7.125,27.768,2.56,man,partnered,graduate,urban,independent,no,yes,yes,yes,yes,3.044,117.803
T12_0102,one_parent,2.926,3.018,4.108,2.866,3.465,2.954,2.323,3.041,3.134,4.81,22.0,0.0,2.0,14.0,3.56,3.106,2.648,6.875,0.602,2.28,woman,partnered,secondary,urban,independent,no,yes,no,no,no,3.513,106.446
T12_0103,one_parent,4.051,2.58,1.619,2.53,3.753,2.939,3.028,3.766,2.704,1.705,23.0,2.0,1.0,14.0,2.673,2.957,2.442,7.202,24.616,4.661,man,partnered,college,suburban,independent,no,yes,yes,yes,yes,3.821,134.537
T12_0104,two_parent,1.723,3.184,3.102,3.022,3.074,2.853,2.984,2.734,2.716,2.671,20.0,0.0,2.0,10.0,1.579,1.654,3.764,7.041,19.679,3.167,man,partnered,secondary,rural,independent,yes,no,yes,no,no,2.815,122.791
T12_0105,one_parent,2.58,2.978,3.996,2.762,3.06,3.2,3.972,2.932,2.996,2.503,21.0,2.0,1.0,13.0,2.749,4.04,3.592,7.908,6.603,3.765,man,partnered,college,rural,with_family,no,no,yes,no,yes,3.095,115.215
T12_0106,two_parent,4.192,4.044,2.658,1.71,3.059,3.306,3.473,1.951,3.552,2.446,20.0,2.0,2.0,13.0,3.278,3.268,2.96,7.8,22.523,2.358,man,partnered,secondary,rural,with_family,yes,yes,no,yes,yes,4.376,145.907
T12_0107,one_parent,3.295,2.904,2.475,3.365,2.96,3.633,2.563,4.191,3.914,3.508,23.0,3.0,0.0,15.0,3.147,3.475,3.411,7.656,23.774,2.828,woman,not_partnered,graduate,urban,independent,yes,no,yes,yes,yes,3.484,136.626
T12_0108,two_parent,2.988,3.853,3.188,3.343,2.85,3.834,2.459,1.972,3.121,3.008,18.0,3.0,4.0,10.0,4.43,2.239,3.615,7.339,30.327,2.516,woman,not_partnered,secondary,suburban,with_family,no,no,no,yes,no,3.174,123.675
T12_0109,one_parent,3.623,2.125,2.736,2.919,2.864,3.564,2.767,4.702,3.55,1.871,22.0,3.0,1.0,13.0,2.966,2.698,3.091,7.442,11.723,2.942,woman,partnered,secondary,rural,independent,yes,no,no,no,no,3.154,143.685
T12_0110,one_parent,4.831,3.698,2.231,3.162,3.649,2.925,2.946,2.403,2.85,2.874,22.0,3.0,2.0,12.0,3.272,2.573,1.89,6.31,6.274,3.304,nonbinary_or_self_described,partnered,college,rural,with_family,yes,yes,no,no,no,3.167,106.618
T12_0111,one_parent,2.633,3.51,2.138,2.305,2.683,3.35,2.377,2.591,3.106,3.068,25.0,2.0,1.0,13.0,2.595,3.561,2.084,6.987,34.343,3.536,man,not_partnered,secondary,rural,independent,no,yes,no,no,yes,2.508,145.37
T12_0112,two_parent,2.044,3.301,3.132,2.448,2.747,2.906,2.047,4.106,1.724,2.104,19.0,2.0,1.0,16.0,3.974,3.433,2.992,7.754,18.712,2.156,man,partnered,secondary,urban,with_family,no,yes,no,no,yes,3.229,116.894
T12_0113,two_parent,2.715,3.21,3.753,3.704,2.003,2.567,1.709,3.302,2.353,3.217,19.0,4.0,3.0,14.0,2.36,2.303,3.655,6.654,2.905,2.77,man,not_partnered,secondary,rural,with_family,no,no,no,no,yes,3.163,140.404
T12_0114,two_parent,4.13,1.724,2.386,2.868,3.406,3.774,3.591,2.176,2.838,3.244,24.0,3.0,1.0,13.0,2.243,3.041,1.925,6.141,24.097,1.701,woman,not_partnered,secondary,rural,independent,yes,yes,no,no,yes,3.174,132.865
T12_0115,one_parent,2.811,3.966,2.019,3.261,1.294,3.79,4.031,3.119,2.879,3.523,22.0,1.0,3.0,11.0,3.954,2.271,2.617,8.29,12.469,4.587,man,partnered,college,suburban,independent,yes,yes,no,yes,yes,3.044,95.816
T12_0116,one_parent,2.883,3.328,3.172,3.388,2.741,2.713,2.282,3.2,2.089,3.769,23.0,2.0,5.0,9.0,2.778,2.998,2.449,7.59,41.476,3.333,man,not_partnered,secondary,rural,independent,no,no,yes,yes,no,3.696,116.83
T12_0117,two_parent,2.622,2.536,2.792,4.96,2.767,2.792,4.029,1.999,3.742,3.568,24.0,2.0,1.0,10.0,2.297,2.884,2.471,7.795,21.553,4.228,woman,not_partnered,secondary,urban,independent,yes,yes,no,yes,no,2.697,105.945
T12_0118,one_parent,2.681,2.798,3.315,2.994,4.397,3.414,4.099,3.58,2.87,2.139,23.0,5.0,2.0,9.0,3.731,2.618,2.215,6.051,10.129,3.982,woman,not_partnered,college,suburban,independent,yes,no,no,yes,yes,2.622,112.69
T12_0119,one_parent,3.841,3.169,3.169,2.881,2.188,2.789,3.57,1.472,3.186,2.421,22.0,1.0,2.0,12.0,2.434,2.416,3.364,6.196,13.026,2.006,woman,not_partnered,secondary,suburban,with_family,yes,yes,no,no,no,3.124,139.798
T12_0120,two_parent,2.276,2.57,3.469,4.062,2.737,2.964,2.259,2.36,2.872,4.087,20.0,0.0,2.0,11.0,2.433,2.86,2.607,6.549,24.466,2.325,man,not_partnered,secondary,urban,independent,no,no,no,no,no,3.0,120.6
T12_0121,two_parent,1.565,3.061,3.781,2.92,2.079,3.575,3.539,3.659,2.901,3.918,20.0,6.0,4.0,13.0,2.51,2.425,1.787,8.202,12.105,1.805,woman,not_partnered,secondary,rural,independent,no,yes,no,no,no,1.767,131.605
T12_0122,two_parent,2.556,2.339,2.437,3.402,1.905,2.611,3.225,3.453,2.516,2.434,21.0,4.0,5.0,14.0,1.635,2.215,2.48,8.364,20.771,2.937,woman,partnered,graduate,rural,with_family,no,no,yes,no,no,1.88,131.926
T12_0123,two_parent,3.65,4.071,2.43,2.425,2.376,2.089,2.573,3.579,3.156,3.141,21.0,3.0,2.0,12.0,2.987,3.553,2.772,7.495,4.951,3.412,woman,not_partnered,graduate,urban,with_family,yes,no,no,no,no,3.14,144.947
T12_0124,two_parent,2.832,2.213,2.977,3.68,2.535,3.235,3.172,3.426,4.66,3.69,25.0,4.0,2.0,9.0,2.938,4.495,2.589,8.134,22.838,1.719,woman,not_partnered,college,urban,with_family,no,no,no,yes,no,4.346,119.531
T12_0125,one_parent,3.065,3.01,3.435,3.307,3.604,3.243,4.252,3.028,2.104,3.102,24.0,2.0,1.0,11.0,2.132,2.54,1.756,7.488,16.833,2.315,man,not_partnered,college,urban,with_family,no,yes,no,yes,no,4.336,108.087
T12_0126,two_parent,3.593,2.785,1.692,3.622,2.306,2.723,2.07,2.768,2.508,3.753,19.0,2.0,3.0,14.0,2.695,2.264,1.974,7.85,16.74,2.672,woman,partnered,secondary,suburban,independent,no,no,no,yes,yes,3.525,132.598
T12_0127,two_parent,3.617,3.528,3.321,3.465,2.938,1.744,3.233,1.868,1.813,3.145,22.0,3.0,2.0,12.0,2.237,3.231,3.041,6.925,17.075,3.15,woman,partnered,graduate,suburban,with_family,yes,no,yes,no,yes,3.817,141.529
T12_0128,two_parent,2.423,2.678,3.648,3.703,2.954,3.17,2.312,2.065,2.18,2.206,21.0,4.0,1.0,12.0,3.09,2.561,2.806,7.446,0.368,2.762,woman,not_partnered,graduate,rural,independent,yes,no,yes,yes,yes,3.691,128.691
T12_0129,two_parent,2.551,3.215,3.742,2.954,2.907,2.346,2.621,2.601,2.957,3.841,20.0,3.0,2.0,9.0,2.746,3.801,3.079,7.184,11.564,3.69,man,partnered,college,urban,with_family,yes,yes,no,yes,no,3.387,120.866
T12_0130,two_parent,3.837,3.399,3.506,4.312,3.518,1.971,3.015,3.021,2.342,3.306,22.0,4.0,1.0,11.0,2.775,2.763,2.593,7.811,11.56,2.283,woman,not_partnered,graduate,rural,independent,no,yes,no,no,yes,4.238,117.33
T12_0131,one_parent,2.807,3.111,2.747,2.763,3.552,3.755,3.66,3.149,1.99,3.32,20.0,3.0,2.0,16.0,3.238,2.74,2.729,8.308,2.788,2.276,man,not_partnered,college,rural,with_family,no,yes,no,yes,yes,4.042,127.179
T12_0132,two_parent,1.92,1.805,4.345,3.498,2.049,2.837,2.23,4.26,3.251,3.223,19.0,1.0,2.0,10.0,2.131,3.129,3.836,6.918,22.875,3.427,man,not_partnered,secondary,urban,independent,yes,no,no,yes,no,2.535,129.001
T12_0133,two_parent,4.179,3.562,4.327,3.404,2.675,3.845,3.165,3.093,2.788,3.236,19.0,4.0,2.0,10.0,2.479,3.344,2.92,7.628,33.471,2.268,man,partnered,secondary,urban,independent,no,no,no,yes,yes,3.465,120.982
T12_0134,one_parent,4.058,4.13,3.753,2.836,3.779,3.289,3.353,2.163,2.454,3.77,21.0,2.0,1.0,12.0,3.633,3.556,2.874,6.386,12.931,3.203,man,partnered,secondary,rural,with_family,no,yes,no,yes,yes,3.28,130.754
T12_0135,one_parent,3.332,2.958,3.371,3.951,2.015,2.518,2.0,2.617,3.376,3.601,22.0,1.0,2.0,12.0,2.522,2.387,3.451,6.987,17.792,4.115,man,partnered,college,rural,independent,no,yes,no,no,yes,3.238,102.507
T12_0136,one_parent,3.318,2.425,2.881,3.264,3.327,2.906,3.548,4.811,2.028,3.522,21.0,4.0,1.0,12.0,3.076,3.526,4.031,7.862,13.712,2.273,woman,partnered,college,rural,with_family,yes,no,no,no,yes,3.99,116.994
T12_0137,two_parent,3.79,2.573,1.93,2.846,1.614,3.311,3.191,3.634,3.835,2.29,24.0,3.0,5.0,12.0,2.903,1.852,3.674,8.728,10.581,2.704,woman,partnered,graduate,rural,independent,yes,yes,no,yes,yes,3.607,139.18
T12_0138,two_parent,3.013,3.085,3.437,2.401,2.762,2.971,2.892,4.347,1.511,1.647,21.0,5.0,2.0,15.0,3.702,1.908,3.318,7.705,29.73,3.448,man,partnered,college,urban,with_family,no,yes,yes,yes,no,2.704,131.13
T12_0139,one_parent,2.328,2.422,1.236,3.243,2.49,2.941,2.423,1.271,2.095,3.095,22.0,2.0,3.0,13.0,3.694,2.928,3.118,7.309,32.073,2.433,man,partnered,graduate,suburban,with_family,yes,no,yes,yes,no,2.21,131.716
T12_0140,two_parent,2.774,2.143,1.554,3.906,2.589,3.217,3.767,3.874,3.202,2.123,20.0,2.0,3.0,14.0,3.145,1.917,3.378,6.633,9.226,2.535,woman,partnered,college,rural,with_family,yes,yes,yes,no,no,2.802,102.85
T12_0141,two_parent,4.302,2.663,1.861,2.539,3.231,2.609,2.988,3.563,3.766,3.007,18.0,3.0,1.0,14.0,2.183,3.438,2.877,6.913,9.282,3.997,man,partnered,secondary,suburban,with_family,no,yes,no,no,no,3.166,130.092
T12_0142,two_parent,3.43,2.921,3.128,2.36,2.353,3.002,2.516,2.077,2.974,4.081,22.0,1.0,2.0,12.0,2.897,3.04,2.69,7.251,46.607,3.677,woman,not_partnered,graduate,rural,independent,no,no,no,yes,no,3.663,129.512
T12_0143,one_parent,2.796,3.404,3.418,4.042,3.272,3.991,2.83,2.543,3.54,3.167,22.0,3.0,3.0,15.0,3.335,3.543,2.126,7.729,22.605,1.799,woman,not_partnered,college,suburban,with_family,yes,yes,no,no,no,4.059,115.719
T12_0144,one_parent,3.457,3.052,2.888,3.689,2.376,2.726,2.322,3.101,2.448,4.068,23.0,4.0,1.0,9.0,2.45,3.227,3.919,7.016,22.509,3.823,man,partnered,college,suburban,with_family,yes,yes,yes,yes,yes,3.879,134.232
T12_0145,two_parent,4.037,3.062,2.724,3.679,1.459,3.146,1.042,3.469,2.371,3.643,21.0,3.0,1.0,9.0,1.463,1.902,3.47,7.093,18.21,1.834,woman,not_partnered,secondary,rural,with_family,yes,no,yes,yes,yes,3.345,114.438
T12_0146,two_parent,1.355,2.86,2.877,3.13,3.61,3.415,3.164,4.074,3.557,2.178,20.0,2.0,0.0,13.0,3.209,2.32,1.893,6.835,19.901,3.385,woman,not_partnered,graduate,suburban,independent,no,yes,no,no,no,2.325,125.161
T12_0147,two_parent,1.93,2.045,1.023,4.679,2.776,4.229,1.869,3.382,2.553,2.799,19.0,1.0,1.0,10.0,3.059,3.073,2.712,5.514,13.681,2.393,woman,not_partnered,secondary,suburban,independent,yes,no,yes,yes,no,2.112,129.047
T12_0148,one_parent,2.268,3.437,3.178,2.375,3.727,2.804,3.313,1.847,3.62,2.658,20.0,3.0,2.0,13.0,2.414,3.795,3.778,8.561,38.446,2.579,woman,not_partnered,secondary,urban,with_family,no,yes,yes,no,yes,3.483,134.675
T12_0149,one_parent,3.864,4.741,1.989,1.2,1.946,3.212,3.087,2.868,2.995,2.922,21.0,2.0,3.0,15.0,1.75,1.441,3.481,6.894,31.211,2.294,man,not_partnered,college,suburban,independent,no,no,no,no,no,3.084,108.791
T12_0150,two_parent,2.101,3.597,3.471,3.771,3.303,2.782,3.203,2.894,3.687,3.673,20.0,2.0,2.0,13.0,2.867,1.734,2.379,7.754,36.131,3.341,woman,partnered,graduate,suburban,independent,yes,no,no,no,yes,4.445,119.47
T12_0151,two_parent,2.914,2.715,3.403,2.326,3.836,3.744,3.146,2.99,2.67,2.638,23.0,2.0,2.0,6.0,3.896,2.07,3.495,6.181,14.312,2.564,man,partnered,graduate,suburban,independent,yes,no,no,yes,no,2.178,162.754
T12_0152,two_parent,2.208,3.295,4.101,3.816,3.634,1.776,3.236,2.674,1.398,2.07,18.0,1.0,1.0,12.0,2.811,3.18,2.882,5.742,3.133,3.061,man,partnered,secondary,urban,with_family,yes,no,yes,yes,yes,4.258,119.67
T12_0153,two_parent,3.896,3.459,2.618,2.851,3.175,4.23,3.036,2.808,3.026,2.785,22.0,1.0,1.0,14.0,3.026,3.133,3.383,8.247,16.899,1.486,man,not_partnered,secondary,urban,independent,no,no,no,yes,no,3.971,122.182
T12_0154,two_parent,3.398,2.745,4.461,2.975,3.507,2.793,3.9,3.356,2.587,2.947,18.0,3.0,2.0,11.0,3.308,1.752,1.937,8.138,26.492,2.456,man,not_partnered,college,suburban,independent,yes,no,yes,no,yes,3.598,156.171
T12_0155,two_parent,3.47,2.913,3.223,1.176,4.066,1.978,3.063,3.73,3.504,1.906,23.0,3.0,2.0,12.0,3.428,3.277,2.675,6.929,27.757,3.103,man,partnered,college,suburban,with_family,no,no,no,yes,yes,3.649,138.522
T12_0156,one_parent,3.94,4.111,2.779,2.275,3.216,3.823,3.075,2.743,3.307,4.522,21.0,2.0,1.0,16.0,3.219,2.611,4.523,7.308,26.033,2.433,man,not_partnered,graduate,rural,with_family,no,yes,no,no,yes,3.5,119.69
T12_0157,two_parent,1.905,2.118,3.357,2.598,2.639,2.177,2.153,2.302,3.274,2.718,19.0,2.0,2.0,19.0,2.371,2.106,3.75,5.819,17.231,2.76,woman,not_partnered,college,suburban,with_family,yes,no,no,no,no,3.314,145.018
T12_0158,two_parent,3.459,2.26,3.422,3.467,3.415,1.329,2.828,3.4,4.019,3.101,23.0,1.0,1.0,15.0,3.628,2.965,3.325,6.926,14.195,2.266,woman,not_partnered,secondary,suburban,with_family,yes,yes,no,no,no,3.546,124.039
T12_0159,two_parent,3.25,2.647,2.875,2.214,3.28,3.044,3.229,2.705,3.266,2.671,19.0,4.0,3.0,15.0,4.927,3.616,3.11,8.231,23.243,3.173,woman,partnered,secondary,suburban,with_family,yes,no,no,yes,no,3.458,133.289
T12_0160,one_parent,3.156,2.764,1.84,4.096,3.102,3.208,3.879,1.696,1.92,3.557,20.0,3.0,3.0,14.0,3.338,4.015,2.246,5.017,14.883,3.866,woman,partnered,graduate,suburban,with_family,yes,no,no,no,yes,3.249,126.913
T12_0161,one_parent,3.217,3.107,2.326,2.246,2.623,2.23,3.047,2.545,2.027,3.05,18.0,0.0,1.0,13.0,2.062,1.292,2.233,4.743,17.595,2.951,woman,not_partnered,secondary,rural,independent,no,yes,yes,no,yes,2.669,122.755
T12_0162,one_parent,2.561,3.17,3.09,3.069,1.641,2.245,2.645,3.609,3.813,2.978,24.0,4.0,2.0,11.0,1.712,2.585,2.171,6.222,17.124,3.922,woman,not_partnered,graduate,urban,independent,yes,no,yes,no,no,2.226,105.953
T12_0163,one_parent,3.956,3.58,4.011,3.278,3.167,2.592,3.696,2.49,2.759,3.258,21.0,0.0,4.0,12.0,2.636,2.256,2.943,5.601,15.232,3.59,woman,not_partnered,secondary,rural,independent,yes,no,no,yes,yes,3.586,121.46
T12_0164,two_parent,2.346,2.068,3.716,2.675,4.35,3.487,2.95,2.656,2.645,3.161,18.0,2.0,1.0,17.0,3.362,4.397,2.409,8.58,11.383,2.532,woman,not_partnered,secondary,suburban,with_family,yes,no,no,yes,yes,3.178,129.244
T12_0165,two_parent,2.393,2.583,2.888,2.179,2.135,2.877,1.976,3.239,4.331,3.89,23.0,3.0,0.0,10.0,2.484,2.526,3.907,6.648,10.535,2.914,man,not_partnered,college,suburban,independent,no,yes,no,no,yes,2.721,93.067
T12_0166,one_parent,3.824,4.478,3.992,2.653,4.027,3.396,2.464,2.45,1.921,2.776,19.0,2.0,1.0,17.0,4.476,1.902,3.993,7.576,42.445,4.054,man,partnered,college,suburban,independent,no,no,no,yes,no,3.79,125.368
T12_0167,one_parent,3.206,2.838,3.622,4.017,2.525,2.978,3.05,3.934,3.301,3.474,22.0,1.0,0.0,11.0,3.424,1.417,2.323,6.47,32.672,3.756,woman,not_partnered,college,urban,with_family,no,yes,no,yes,yes,2.844,122.873
T12_0168,two_parent,3.494,3.556,3.912,2.251,3.371,2.706,3.606,3.676,3.487,2.201,19.0,0.0,1.0,9.0,2.142,1.935,3.443,7.045,4.235,1.28,man,not_partnered,secondary,suburban,with_family,yes,no,no,no,no,3.106,119.852
T12_0169,two_parent,2.764,2.286,2.791,3.393,2.426,1.353,2.426,2.914,3.646,1.789,22.0,3.0,2.0,15.0,3.011,3.216,2.571,8.249,26.137,2.64,man,not_partnered,graduate,rural,with_family,no,yes,yes,no,yes,3.17,141.59
T12_0170,one_parent,3.346,2.278,3.379,3.141,3.354,4.353,3.344,1.811,2.534,2.809,20.0,3.0,1.0,11.0,1.573,2.061,3.678,7.784,20.62,3.16,woman,not_partnered,college,suburban,independent,no,no,yes,yes,no,2.498,120.206
T12_0171,one_parent,3.226,4.901,2.805,1.736,3.342,2.165,2.826,3.84,2.758,3.023,20.0,4.0,2.0,14.0,3.065,2.177,1.877,6.758,32.805,3.732,woman,not_partnered,college,suburban,with_family,no,no,yes,no,yes,3.935,123.553
T12_0172,one_parent,3.184,2.576,2.57,3.268,2.506,2.885,3.328,3.546,3.258,3.029,20.0,0.0,3.0,10.0,4.008,4.092,3.506,7.92,19.328,4.308,man,partnered,graduate,rural,with_family,yes,no,yes,no,yes,2.556,118.393
T12_0173,two_parent,2.398,2.713,2.431,3.307,3.176,2.681,3.602,2.257,2.717,2.777,20.0,1.0,2.0,13.0,2.71,2.286,2.234,7.395,10.485,3.432,man,not_partnered,secondary,urban,with_family,no,yes,yes,no,yes,2.413,123.571
T12_0174,one_parent,3.278,3.132,3.938,2.533,2.978,2.525,2.741,2.229,2.937,2.821,18.0,2.0,3.0,11.0,3.178,3.883,2.426,8.317,1.369,2.491,man,partnered,graduate,suburban,independent,yes,no,yes,yes,yes,3.405,110.538
T12_0175,one_parent,2.958,3.197,2.777,2.81,2.915,2.013,2.685,3.266,2.318,2.99,21.0,2.0,1.0,12.0,2.152,3.576,2.998,8.166,40.43,2.53,woman,partnered,graduate,urban,independent,yes,no,no,yes,no,2.979,111.699
T12_0176,two_parent,2.837,3.82,2.806,3.815,3.136,3.472,2.43,2.038,2.304,1.255,21.0,3.0,1.0,14.0,4.511,3.271,2.206,7.541,14.578,4.154,woman,partnered,graduate,rural,with_family,no,yes,yes,yes,no,2.624,138.478
T12_0177,two_parent,2.993,2.13,3.91,2.138,4.018,3.597,2.957,2.344,2.287,2.189,23.0,2.0,2.0,14.0,3.614,3.468,3.51,8.058,9.628,3.761,man,partnered,secondary,rural,independent,yes,yes,yes,no,no,3.112,110.498
T12_0178,two_parent,3.304,2.631,3.441,2.341,3.054,3.205,3.82,1.678,2.736,3.933,20.0,4.0,2.0,18.0,3.23,3.534,3.375,6.707,39.11,3.587,woman,partnered,secondary,rural,independent,yes,yes,no,no,no,3.398,131.153
T12_0179,one_parent,2.936,3.624,2.317,1.898,2.984,2.505,2.992,3.223,2.769,2.407,24.0,3.0,3.0,13.0,2.026,2.748,2.964,6.584,22.238,3.211,woman,partnered,graduate,suburban,with_family,yes,no,no,no,no,3.99,113.467
T12_0180,two_parent,4.434,3.157,3.182,2.045,2.292,1.229,1.944,3.458,2.54,3.296,24.0,1.0,1.0,9.0,1.182,3.062,3.175,7.228,7.487,2.8,woman,partnered,college,suburban,with_family,no,yes,yes,yes,no,4.247,114.067
T12_0181,two_parent,3.25,3.444,2.506,3.463,3.292,4.681,2.015,1.524,3.374,2.621,23.0,2.0,1.0,14.0,3.078,2.818,2.489,6.683,5.486,3.481,man,not_partnered,graduate,suburban,with_family,yes,yes,yes,no,yes,3.713,140.287
T12_0182,one_parent,2.77,3.689,2.522,3.514,2.517,1.823,2.904,3.679,2.726,3.666,20.0,0.0,2.0,14.0,2.1,2.074,3.62,7.169,19.582,2.673,man,partnered,secondary,rural,with_family,yes,yes,no,no,no,3.596,158.942
T12_0183,one_parent,2.384,1.984,2.082,2.138,1.216,3.632,4.106,3.232,2.501,3.257,19.0,4.0,2.0,12.0,3.116,3.134,2.563,6.661,0.662,3.754,man,partnered,graduate,suburban,with_family,no,yes,no,no,yes,2.543,125.805
T12_0184,one_parent,4.672,2.997,3.913,3.593,2.355,3.219,3.854,3.184,3.358,2.418,21.0,3.0,1.0,14.0,3.786,3.958,2.551,7.582,28.235,2.67,man,not_partnered,secondary,urban,with_family,no,no,yes,yes,yes,3.322,135.686
T12_0185,one_parent,3.221,2.206,3.387,4.433,3.469,2.228,2.372,1.943,3.862,2.753,25.0,4.0,1.0,12.0,3.27,3.414,3.648,7.762,3.115,3.3,man,partnered,graduate,urban,with_family,no,yes,yes,yes,yes,3.681,85.001
T12_0186,one_parent,2.641,4.541,2.922,2.968,2.674,3.319,2.714,2.208,2.282,2.279,20.0,1.0,4.0,16.0,3.339,2.205,2.248,8.435,16.117,2.394,man,partnered,college,rural,independent,no,no,no,yes,yes,3.557,101.149
T12_0187,two_parent,2.459,2.072,2.843,3.11,3.371,3.569,2.828,2.74,2.82,3.187,20.0,2.0,2.0,9.0,2.644,4.229,1.512,6.969,25.68,2.395,woman,not_partnered,college,rural,independent,no,no,no,no,yes,3.251,137.543
T12_0188,two_parent,2.805,3.442,2.912,2.068,3.265,3.176,4.106,3.067,4.025,2.454,26.0,1.0,1.0,12.0,3.116,3.63,3.686,8.144,14.534,3.718,woman,partnered,graduate,suburban,with_family,yes,no,yes,yes,no,3.208,136.682
T12_0189,two_parent,4.4,3.504,2.022,2.847,4.493,1.314,2.597,2.505,3.751,2.294,22.0,2.0,2.0,11.0,2.637,3.548,3.157,8.072,32.951,2.026,man,not_partnered,college,rural,independent,no,yes,yes,yes,yes,3.175,106.535
T12_0190,two_parent,3.399,3.286,2.496,3.018,1.901,2.078,3.23,2.967,2.857,2.611,20.0,3.0,2.0,9.0,1.803,3.32,3.577,8.247,34.649,3.84,man,not_partnered,college,suburban,independent,no,no,no,yes,no,2.691,117.841
T12_0191,one_parent,2.76,3.307,4.013,3.152,3.093,2.581,2.727,2.043,3.039,3.074,23.0,0.0,1.0,15.0,3.352,3.048,2.79,6.932,21.41,2.313,man,not_partnered,secondary,suburban,independent,no,no,no,no,no,3.825,126.751
T12_0192,one_parent,2.442,3.872,3.166,1.486,2.992,2.994,3.638,3.274,3.343,3.352,23.0,2.0,1.0,15.0,3.218,2.808,2.536,6.571,28.917,3.767,woman,not_partnered,college,rural,independent,no,yes,no,no,yes,3.942,107.23
T12_0193,two_parent,2.175,2.486,1.824,2.93,3.182,1.82,4.443,2.912,2.605,2.292,20.0,2.0,2.0,10.0,2.953,3.477,3.151,7.173,27.212,3.513,woman,partnered,graduate,urban,independent,yes,no,yes,yes,yes,2.762,135.254
T12_0194,two_parent,3.333,4.476,2.336,3.368,3.143,2.796,2.637,3.629,3.651,3.523,20.0,1.0,2.0,17.0,2.519,2.809,2.373,7.182,38.836,2.667,man,partnered,college,suburban,independent,no,no,no,yes,yes,4.048,113.559
T12_0195,two_parent,2.839,2.465,2.471,3.945,1.783,2.597,2.966,4.871,3.036,2.547,19.0,1.0,4.0,11.0,3.823,2.787,2.824,8.858,19.538,1.713,woman,not_partnered,graduate,rural,independent,no,no,no,yes,no,3.39,110.086
T12_0196,one_parent,1.786,1.994,1.778,2.448,2.498,2.462,2.629,3.434,2.197,3.13,21.0,3.0,2.0,14.0,3.048,2.455,3.137,7.012,29.397,2.997,man,not_partnered,graduate,suburban,independent,no,yes,no,no,yes,3.369,124.33
T12_0197,two_parent,3.004,3.03,2.712,2.949,1.925,3.193,3.38,2.257,1.179,1.959,19.0,0.0,2.0,18.0,1.708,2.806,2.492,6.893,22.008,3.616,man,partnered,graduate,rural,with_family,yes,no,yes,no,no,3.31,119.285
T12_0198,one_parent,2.914,1.849,2.826,3.453,3.896,4.676,2.584,2.395,2.987,3.455,26.0,5.0,2.0,8.0,2.678,3.218,2.701,7.217,9.891,2.746,man,partnered,college,suburban,independent,no,no,yes,yes,yes,3.679,106.748
T12_0199,two_parent,3.627,3.999,3.334,3.888,3.327,3.039,2.479,4.274,1.894,3.278,23.0,3.0,2.0,11.0,2.251,2.187,3.493,7.22,23.185,2.477,man,partnered,secondary,urban,independent,yes,no,no,yes,no,3.254,116.677
T12_0200,two_parent,2.892,3.537,2.942,2.274,2.241,3.141,2.661,4.411,3.835,3.068,21.0,3.0,3.0,9.0,3.79,2.762,2.529,6.008,21.226,2.278,man,not_partnered,graduate,suburban,independent,yes,yes,no,yes,yes,3.351,131.49
T12_0201,one_parent,2.476,2.791,3.235,3.272,3.464,2.498,2.573,2.826,3.112,3.435,22.0,3.0,3.0,14.0,3.468,3.46,2.931,6.681,18.549,2.631,woman,partnered,college,urban,with_family,yes,no,yes,yes,yes,3.434,141.549
T12_0202,two_parent,2.641,3.913,3.239,3.194,2.606,3.492,3.158,2.889,3.625,3.414,21.0,1.0,1.0,12.0,2.838,3.93,4.348,7.236,40.046,2.548,woman,partnered,secondary,rural,independent,no,yes,yes,yes,yes,3.386,114.81
T12_0203,two_parent,1.946,3.7,1.931,4.549,3.507,3.217,3.5,3.019,2.912,3.088,24.0,2.0,2.0,11.0,3.336,3.085,2.44,6.887,12.058,4.416,woman,partnered,college,urban,independent,no,yes,yes,yes,no,3.687,107.843
T12_0204,one_parent,2.536,1.884,2.118,2.422,2.868,2.877,4.222,2.815,2.441,3.204,20.0,2.0,2.0,15.0,2.186,1.805,3.545,9.04,10.365,2.202,woman,partnered,college,suburban,independent,yes,no,yes,yes,yes,4.017,134.835
T12_0205,one_parent,3.485,3.161,2.851,2.457,3.065,3.54,2.777,2.541,1.716,2.824,24.0,2.0,0.0,19.0,3.412,4.06,2.887,6.962,14.992,4.082,man,partnered,graduate,suburban,independent,yes,no,yes,no,yes,3.708,122.852
T12_0206,one_parent,2.563,2.753,2.384,2.606,2.809,2.172,3.149,3.641,2.372,3.498,21.0,3.0,2.0,13.0,3.594,4.228,3.988,6.19,29.573,3.799,man,partnered,graduate,rural,with_family,no,yes,no,yes,yes,2.755,102.893
T12_0207,one_parent,3.277,3.531,2.787,2.298,2.899,3.366,3.981,3.024,3.437,2.56,19.0,2.0,2.0,14.0,4.637,3.889,3.023,6.918,17.71,2.89,woman,partnered,college,urban,independent,yes,yes,yes,no,yes,3.228,103.488
T12_0208,two_parent,3.239,2.863,2.197,3.286,4.339,2.327,2.599,2.49,3.343,2.06,20.0,5.0,3.0,13.0,2.814,2.616,2.086,7.389,34.473,2.683,woman,not_partnered,graduate,urban,with_family,yes,no,no,no,no,3.285,107.933
T12_0209,one_parent,2.535,3.018,2.688,3.722,3.965,2.856,2.012,2.684,3.336,3.264,21.0,1.0,3.0,10.0,2.261,2.217,2.68,7.337,7.948,3.644,man,not_partnered,graduate,suburban,with_family,yes,yes,no,yes,yes,3.288,112.308
T12_0210,two_parent,1.518,3.598,1.796,1.953,3.017,2.281,2.488,2.99,4.314,2.132,20.0,2.0,4.0,13.0,3.153,2.006,2.375,6.75,6.147,2.474,man,partnered,college,suburban,independent,yes,yes,yes,no,yes,3.457,111.592
T12_0211,one_parent,3.34,1.984,2.424,3.963,3.502,2.895,2.783,1.921,3.003,3.426,23.0,2.0,2.0,13.0,2.689,1.223,3.289,6.811,17.437,2.99,man,partnered,graduate,rural,independent,yes,yes,no,yes,no,3.246,114.966
T12_0212,two_parent,2.155,2.897,2.066,1.761,2.21,3.74,3.9,2.713,1.513,3.356,22.0,1.0,2.0,19.0,3.281,2.046,2.215,8.493,1.888,2.207,woman,not_partnered,secondary,rural,independent,no,yes,yes,no,yes,3.059,134.438
T12_0213,two_parent,3.826,2.24,3.159,2.482,2.834,2.568,3.111,2.529,4.657,2.89,26.0,4.0,1.0,11.0,2.726,3.259,2.014,7.243,24.478,3.83,woman,not_partnered,graduate,rural,with_family,no,no,yes,yes,yes,2.238,108.318
T12_0214,one_parent,4.478,3.369,3.238,3.258,3.028,3.453,3.403,4.886,3.617,2.136,24.0,1.0,0.0,13.0,2.339,2.772,4.057,6.821,20.26,3.749,man,not_partnered,secondary,rural,with_family,yes,no,no,no,no,3.449,114.719
T12_0215,two_parent,4.028,1.964,2.418,3.705,3.275,3.422,2.901,3.479,3.329,2.072,22.0,1.0,2.0,15.0,3.802,2.528,3.29,7.823,9.323,2.293,woman,not_partnered,college,rural,independent,no,yes,no,no,no,2.794,129.103
T12_0216,two_parent,2.645,2.384,3.778,2.664,2.847,3.5,2.198,2.481,4.643,2.471,20.0,1.0,1.0,10.0,3.044,3.679,2.648,6.465,29.351,3.274,woman,partnered,graduate,suburban,with_family,yes,yes,no,no,no,2.94,126.276
T12_0217,two_parent,3.168,3.468,2.341,4.217,3.637,2.651,3.413,3.592,2.442,3.03,20.0,1.0,2.0,12.0,2.217,1.985,2.733,8.051,10.425,3.747,woman,not_partnered,graduate,suburban,with_family,no,yes,yes,yes,no,3.346,137.744
T12_0218,one_parent,1.953,4.116,3.692,2.56,2.564,3.141,2.125,2.342,2.855,4.545,19.0,4.0,2.0,13.0,2.629,4.099,2.785,7.192,19.364,2.695,woman,partnered,college,urban,with_family,no,no,yes,yes,yes,3.125,144.901
T12_0219,two_parent,3.051,3.436,2.999,2.276,2.899,3.368,1.896,3.814,3.213,2.928,20.0,1.0,2.0,18.0,3.151,1.936,2.908,6.705,10.168,2.682,woman,not_partnered,secondary,rural,independent,no,yes,no,yes,yes,3.336,114.354
T12_0220,two_parent,3.918,4.036,3.962,3.505,2.36,2.295,3.73,3.018,2.816,2.699,22.0,3.0,0.0,11.0,3.136,2.754,3.2,6.63,24.471,2.554,woman,partnered,graduate,suburban,independent,yes,no,no,yes,yes,3.076,125.625
T12_0221,two_parent,2.934,2.624,3.667,2.465,2.819,2.828,2.881,3.55,2.913,2.401,21.0,1.0,0.0,14.0,3.467,3.308,2.202,6.56,18.693,1.962,man,not_partnered,graduate,urban,with_family,no,yes,yes,no,no,3.523,130.049
T12_0222,two_parent,2.5,1.955,2.552,2.824,2.442,2.832,1.758,3.677,3.044,2.892,20.0,3.0,2.0,13.0,2.646,2.567,2.143,5.929,9.632,3.524,woman,not_partnered,graduate,rural,independent,no,yes,yes,yes,no,3.696,135.16
T12_0223,two_parent,3.624,2.421,3.656,2.865,2.865,2.378,2.657,3.016,3.396,2.159,22.0,2.0,2.0,15.0,2.741,3.774,3.054,6.559,3.322,2.969,woman,not_partnered,secondary,suburban,independent,yes,no,yes,yes,no,2.447,139.889
T12_0224,one_parent,1.678,2.379,3.617,3.711,3.407,3.254,3.196,4.02,2.89,2.333,24.0,4.0,3.0,11.0,3.036,2.562,2.785,6.411,27.527,2.564,woman,partnered,college,suburban,independent,no,no,no,yes,no,2.819,120.448
T12_0225,two_parent,3.193,1.826,2.422,4.614,3.249,2.304,2.775,3.675,3.438,1.894,24.0,0.0,2.0,15.0,1.999,1.897,3.248,8.172,19.37,2.263,woman,partnered,secondary,rural,independent,yes,no,no,no,no,3.038,124.054
T12_0226,one_parent,3.12,3.041,2.558,2.709,3.411,3.149,2.571,3.64,3.423,2.637,23.0,1.0,3.0,12.0,3.214,2.983,2.783,7.212,16.728,3.676,man,not_partnered,secondary,urban,with_family,yes,no,no,no,yes,3.505,127.812
T12_0227,two_parent,2.664,2.825,3.305,3.985,3.024,2.339,2.6,2.839,2.812,2.488,18.0,1.0,2.0,14.0,4.233,2.24,3.647,7.021,2.163,3.684,woman,partnered,graduate,rural,with_family,no,yes,yes,yes,no,2.207,127.719
T12_0228,two_parent,2.947,3.689,2.631,3.173,2.869,4.221,3.514,3.607,3.645,3.017,20.0,1.0,0.0,12.0,3.175,4.053,2.131,8.462,35.23,2.387,woman,not_partnered,college,urban,independent,no,yes,yes,yes,yes,2.918,95.132
T12_0229,two_parent,1.873,2.209,2.212,4.408,2.872,3.572,1.894,2.686,2.985,3.277,24.0,3.0,0.0,13.0,2.608,3.533,3.852,5.73,21.29,2.25,woman,partnered,secondary,rural,with_family,no,yes,no,no,no,2.903,122.112
T12_0230,one_parent,4.342,1.528,4.623,2.254,3.684,3.644,3.363,2.84,2.129,2.925,19.0,3.0,1.0,11.0,3.005,2.35,2.878,6.455,23.459,3.325,nonbinary_or_self_described,not_partnered,secondary,suburban,independent,yes,no,yes,yes,no,4.141,136.508
T12_0231,one_parent,3.46,3.093,3.618,3.715,3.218,2.842,2.832,2.121,2.28,3.796,20.0,4.0,1.0,10.0,3.044,3.204,2.48,7.665,20.229,3.457,woman,not_partnered,secondary,urban,with_family,no,no,no,no,no,3.629,100.186
T12_0232,one_parent,2.911,1.91,2.716,2.413,3.718,4.861,2.567,2.169,2.289,2.453,19.0,2.0,3.0,13.0,3.121,2.871,2.845,7.59,18.541,2.24,woman,partnered,graduate,suburban,independent,yes,no,yes,yes,yes,3.173,105.994
T12_0233,one_parent,1.468,3.029,3.032,1.379,3.219,2.772,2.763,3.27,3.216,2.987,24.0,2.0,1.0,13.0,2.761,2.756,2.851,7.345,35.72,3.122,woman,partnered,graduate,suburban,independent,no,no,yes,no,yes,3.76,110.789
T12_0234,two_parent,2.709,2.81,1.849,2.932,3.921,3.047,3.023,2.355,3.131,3.604,21.0,3.0,1.0,9.0,2.598,3.793,3.91,8.276,29.826,3.356,woman,partnered,secondary,urban,independent,yes,yes,yes,yes,no,3.016,135.519
T12_0235,one_parent,3.038,2.355,4.376,2.264,3.952,2.616,2.946,3.553,3.024,3.062,24.0,1.0,3.0,11.0,1.882,2.268,1.565,7.305,17.574,1.946,woman,not_partnered,secondary,rural,with_family,yes,yes,yes,yes,no,3.027,107.631
T12_0236,one_parent,3.92,2.989,2.882,3.474,2.962,3.053,3.55,3.491,2.256,2.498,27.0,3.0,1.0,8.0,4.469,4.444,2.949,8.465,7.722,2.356,man,partnered,graduate,urban,with_family,yes,yes,no,no,no,3.439,126.987
T12_0237,two_parent,3.133,2.805,2.782,1.116,2.57,2.245,3.627,3.266,3.247,2.926,20.0,1.0,2.0,8.0,3.387,2.013,2.483,8.024,25.589,1.472,woman,not_partnered,college,rural,with_family,no,no,no,no,no,3.38,129.62
T12_0238,one_parent,2.503,2.793,2.451,3.978,3.279,3.608,3.688,3.726,4.314,3.655,23.0,2.0,1.0,17.0,3.75,2.797,2.517,7.722,7.0,3.867,woman,partnered,graduate,rural,independent,yes,no,yes,yes,yes,2.572,128.236
T12_0239,one_parent,3.348,3.398,2.231,2.914,2.969,3.349,3.397,2.531,3.012,2.846,24.0,3.0,1.0,15.0,2.388,2.563,3.015,6.039,7.683,3.281,woman,partnered,secondary,rural,independent,yes,no,yes,no,yes,3.924,129.82
T12_0240,two_parent,2.969,1.921,2.905,2.698,3.258,2.375,2.354,3.738,2.599,2.313,22.0,2.0,2.0,12.0,3.99,2.621,1.545,6.42,29.597,2.415,man,partnered,secondary,suburban,with_family,no,yes,yes,yes,no,3.031,128.898
T12_0241,one_parent,2.938,2.543,2.408,4.412,3.521,2.589,1.853,1.013,3.604,4.347,21.0,2.0,4.0,13.0,1.603,2.656,3.294,6.684,2.153,2.779,man,not_partnered,college,suburban,independent,yes,no,no,yes,no,3.872,92.008
T12_0242,two_parent,3.177,2.595,3.374,3.014,3.22,3.381,3.179,2.649,2.987,2.894,22.0,2.0,1.0,13.0,2.418,3.958,3.828,8.726,13.215,2.854,woman,not_partnered,graduate,rural,with_family,no,yes,yes,no,yes,4.083,121.575
T12_0243,one_parent,2.803,2.879,3.807,2.703,3.678,2.856,1.804,2.009,3.315,2.451,19.0,3.0,2.0,14.0,4.164,2.91,3.989,7.094,41.473,2.158,woman,partnered,graduate,rural,with_family,no,yes,no,yes,yes,3.601,113.402
T12_0244,one_parent,3.902,2.205,2.663,2.604,3.208,3.639,2.204,3.179,4.126,3.361,25.0,1.0,1.0,15.0,3.857,2.97,2.113,6.951,27.164,2.884,woman,partnered,graduate,suburban,independent,yes,no,yes,no,yes,3.22,108.917
T12_0245,one_parent,3.041,2.547,2.589,2.073,1.766,2.271,3.815,2.001,3.243,2.041,24.0,1.0,1.0,12.0,3.465,2.303,3.737,7.705,14.208,2.043,man,not_partnered,graduate,rural,with_family,yes,yes,yes,no,yes,2.848,111.458
T12_0246,one_parent,2.621,3.981,4.017,3.031,3.454,2.799,2.957,2.706,1.86,4.182,19.0,1.0,4.0,12.0,3.005,3.172,2.429,7.467,28.835,3.068,man,not_partnered,college,suburban,with_family,yes,no,yes,yes,no,3.117,131.343
T12_0247,one_parent,3.463,2.178,3.78,3.552,3.03,3.093,3.663,2.886,3.298,2.473,23.0,2.0,2.0,13.0,3.153,3.234,1.574,7.966,5.763,2.947,woman,partnered,graduate,suburban,with_family,yes,no,yes,yes,yes,2.924,119.222
T12_0248,two_parent,3.637,2.853,4.19,3.244,3.944,3.295,3.34,2.336,2.839,2.999,24.0,2.0,3.0,12.0,2.176,2.248,3.248,9.023,16.646,4.202,man,not_partnered,secondary,suburban,with_family,no,yes,yes,no,no,3.558,127.286
T12_0249,one_parent,3.492,1.98,3.525,2.355,3.696,2.458,3.382,3.813,4.239,3.872,22.0,2.0,2.0,12.0,2.761,2.067,2.653,7.415,21.457,3.51,woman,not_partnered,graduate,suburban,independent,no,no,no,yes,yes,3.048,139.112
T12_0250,two_parent,2.845,3.6,2.523,3.346,3.335,2.648,4.691,2.194,2.771,2.478,23.0,2.0,2.0,13.0,3.707,3.079,4.052,5.529,18.988,3.269,man,partnered,graduate,rural,with_family,yes,yes,no,yes,no,3.455,113.037
T12_0251,two_parent,3.268,2.765,3.154,1.642,3.485,2.254,3.104,3.488,3.266,2.725,24.0,3.0,2.0,19.0,2.586,3.162,3.594,8.117,7.342,2.936,woman,not_partnered,secondary,urban,independent,yes,yes,no,yes,no,3.134,94.232
T12_0252,two_parent,2.924,3.073,3.039,2.821,3.685,2.29,2.557,2.346,3.455,4.562,20.0,3.0,1.0,14.0,2.845,3.261,3.7,6.897,14.428,2.085,man,not_partnered,secondary,urban,independent,yes,no,no,no,no,3.684,123.079
T12_0253,two_parent,2.374,3.261,3.375,3.692,3.508,2.541,2.836,3.398,3.102,3.4,23.0,2.0,1.0,13.0,3.105,2.103,2.9,6.22,15.649,3.444,man,not_partnered,secondary,suburban,independent,no,no,no,no,no,3.037,132.363
T12_0254,two_parent,1.969,1.346,3.59,3.426,2.626,2.419,3.984,2.661,3.389,2.594,21.0,1.0,2.0,14.0,2.145,2.813,2.975,7.479,5.732,2.47,woman,not_partnered,graduate,rural,independent,no,yes,yes,yes,no,3.475,119.624
T12_0255,one_parent,2.451,3.086,3.901,3.727,3.156,4.2,2.033,3.244,3.631,3.079,20.0,1.0,2.0,11.0,4.96,3.866,2.621,8.233,22.57,4.038,woman,not_partnered,graduate,rural,independent,yes,no,yes,yes,no,4.148,118.251
T12_0256,one_parent,2.212,2.033,2.901,3.998,2.591,2.532,3.06,2.325,1.828,2.21,20.0,3.0,3.0,14.0,2.74,2.363,3.177,6.899,24.466,2.945,woman,partnered,graduate,urban,with_family,yes,yes,no,yes,yes,2.594,135.318
T12_0257,one_parent,2.081,2.463,2.17,1.289,2.451,2.427,2.133,3.321,3.262,3.189,26.0,0.0,3.0,15.0,3.684,3.192,3.739,7.487,7.463,2.982,man,not_partnered,secondary,rural,with_family,no,no,no,yes,no,3.965,106.933
T12_0258,two_parent,4.345,3.496,2.753,2.378,4.534,3.598,3.205,3.636,3.52,2.36,21.0,3.0,1.0,11.0,2.069,2.295,3.283,7.294,21.546,3.396,nonbinary_or_self_described,partnered,secondary,rural,independent,no,yes,yes,yes,no,3.145,150.248
T12_0259,one_parent,2.822,2.256,2.237,2.395,1.97,3.652,3.242,2.136,3.405,2.641,22.0,1.0,0.0,14.0,3.288,2.512,2.682,8.006,45.608,3.717,man,not_partnered,secondary,rural,independent,no,no,no,yes,yes,2.178,102.073
T12_0260,two_parent,3.162,2.443,2.915,1.495,3.462,4.884,2.963,3.945,2.589,3.374,22.0,2.0,2.0,14.0,2.857,2.374,3.114,6.201,18.446,2.571,woman,partnered,graduate,urban,independent,yes,no,yes,no,yes,3.129,139.98
T12_0261,one_parent,2.338,3.685,1.624,1.776,2.924,1.523,3.089,2.004,2.269,2.751,23.0,3.0,2.0,15.0,3.859,3.085,2.016,9.535,3.73,1.936,woman,partnered,graduate,urban,with_family,no,no,no,no,yes,2.379,102.824
T12_0262,two_parent,3.756,3.246,2.855,2.11,2.66,2.641,2.297,2.272,2.31,2.908,22.0,2.0,2.0,13.0,3.272,3.331,4.803,6.812,8.439,4.574,man,not_partnered,graduate,suburban,with_family,yes,yes,yes,no,yes,2.448,134.418
T12_0263,one_parent,2.463,3.475,3.06,4.576,2.735,2.783,3.62,2.381,2.732,1.409,24.0,1.0,3.0,15.0,3.213,3.755,3.285,6.389,21.581,3.783,man,not_partnered,secondary,suburban,independent,yes,no,yes,yes,yes,3.354,116.599
T12_0264,two_parent,3.819,3.146,3.367,2.257,3.746,2.38,3.191,4.62,4.134,3.881,22.0,3.0,1.0,12.0,3.418,3.201,3.976,7.721,7.921,2.1,man,partnered,secondary,urban,independent,no,yes,no,yes,yes,3.202,117.213
T12_0265,one_parent,3.903,3.767,2.278,2.311,3.763,2.6,3.298,3.519,2.553,3.518,21.0,0.0,1.0,11.0,3.003,2.003,3.759,7.597,12.054,2.147,woman,partnered,graduate,suburban,with_family,no,no,yes,yes,yes,2.735,133.125
T12_0266,one_parent,3.761,3.101,4.015,3.613,3.51,2.987,3.075,1.713,3.156,3.413,22.0,2.0,3.0,10.0,2.93,2.392,2.303,7.683,37.826,2.281,man,not_partnered,graduate,urban,independent,no,yes,yes,yes,no,3.704,112.905
T12_0267,two_parent,3.421,3.552,2.623,3.864,3.742,3.533,2.322,2.887,2.325,3.128,19.0,3.0,1.0,13.0,2.809,4.026,3.12,7.598,6.729,2.277,woman,partnered,secondary,rural,independent,no,no,yes,no,yes,2.488,122.328
T12_0268,one_parent,3.278,2.083,2.741,3.511,2.808,3.253,3.156,2.94,3.904,3.107,22.0,2.0,2.0,16.0,2.631,3.361,2.285,8.036,11.62,3.419,man,partnered,graduate,urban,with_family,yes,no,no,no,no,3.286,106.389
T12_0269,two_parent,2.051,2.268,3.212,2.491,4.06,2.498,4.719,1.68,2.699,3.1,20.0,1.0,2.0,13.0,2.417,1.672,2.21,5.948,31.112,2.872,man,partnered,secondary,urban,independent,yes,yes,yes,no,no,3.436,116.346
T12_0270,two_parent,3.167,3.618,4.372,1.945,3.389,3.883,1.561,3.401,3.6,3.747,21.0,2.0,3.0,14.0,2.158,2.156,3.008,7.444,4.601,2.961,man,not_partnered,graduate,urban,independent,no,yes,no,no,yes,3.504,152.846
T12_0271,one_parent,3.818,2.751,2.628,4.645,2.235,2.544,2.588,2.433,3.143,3.155,24.0,2.0,0.0,15.0,3.508,2.508,3.241,6.351,25.575,3.474,man,partnered,secondary,suburban,with_family,yes,yes,no,yes,yes,3.044,81.013
T12_0272,two_parent,2.984,2.351,3.354,3.349,2.356,2.219,2.169,4.087,3.02,3.257,23.0,2.0,2.0,12.0,2.03,2.907,2.441,7.053,32.104,2.937,man,not_partnered,college,rural,independent,no,no,yes,yes,yes,3.935,141.157
T12_0273,two_parent,2.674,3.088,2.891,2.985,3.367,1.88,4.295,3.697,2.003,3.389,19.0,2.0,1.0,12.0,2.781,3.292,2.385,8.398,18.685,3.279,nonbinary_or_self_described,not_partnered,graduate,rural,independent,no,yes,no,no,yes,2.878,107.698
T12_0274,one_parent,1.926,2.797,3.466,3.253,2.463,2.114,3.617,3.701,4.812,2.397,21.0,4.0,2.0,13.0,4.067,1.925,3.108,6.347,10.291,4.104,woman,not_partnered,college,suburban,with_family,no,yes,no,yes,no,3.34,88.786
T12_0275,two_parent,3.021,2.707,2.344,1.692,1.739,2.889,3.23,2.418,3.121,2.694,18.0,1.0,2.0,11.0,2.944,2.577,2.137,6.021,3.0,3.851,woman,not_partnered,graduate,suburban,independent,yes,yes,no,yes,no,2.532,115.282
T12_0276,two_parent,1.781,2.991,2.378,3.325,2.367,3.139,2.279,4.08,1.557,3.235,22.0,1.0,2.0,17.0,2.866,3.401,1.47,7.512,8.57,3.495,woman,not_partnered,graduate,suburban,with_family,yes,yes,no,no,yes,2.436,116.874
T12_0277,two_parent,2.866,1.733,2.878,2.628,3.579,2.274,2.315,3.727,1.448,2.787,22.0,1.0,1.0,13.0,3.427,2.519,3.981,5.725,19.666,3.184,woman,partnered,graduate,urban,independent,no,yes,no,yes,yes,4.055,124.233
T12_0278,two_parent,2.533,2.852,2.588,2.412,2.913,2.628,4.231,3.66,2.38,2.17,25.0,3.0,1.0,15.0,2.668,2.276,3.681,6.598,23.785,1.666,woman,partnered,graduate,urban,independent,no,no,yes,yes,yes,2.271,118.322
T12_0279,two_parent,3.222,2.858,2.246,2.396,2.893,3.586,2.969,2.191,2.804,2.437,21.0,3.0,3.0,16.0,1.876,2.42,2.883,5.901,29.739,2.937,woman,not_partnered,college,urban,with_family,yes,yes,yes,no,yes,3.212,99.933
T12_0280,two_parent,3.378,2.504,2.589,1.713,2.577,2.096,2.897,3.704,2.813,2.546,25.0,1.0,0.0,15.0,2.656,3.651,3.5,8.138,23.806,3.003,woman,not_partnered,college,rural,independent,no,no,yes,yes,yes,2.82,121.041
T12_0281,two_parent,3.179,3.747,3.395,4.154,3.749,3.448,3.43,2.915,2.412,2.484,21.0,1.0,4.0,9.0,2.926,2.607,3.721,5.843,35.262,2.802,man,not_partnered,college,urban,independent,yes,no,yes,no,no,3.944,132.245
T12_0282,one_parent,2.645,1.197,3.692,2.657,3.933,2.153,2.862,1.507,2.848,2.355,21.0,0.0,1.0,9.0,3.522,3.634,3.126,6.393,12.221,2.809,woman,not_partnered,college,rural,independent,yes,yes,no,no,yes,3.524,142.274
T12_0283,one_parent,2.603,2.771,2.891,2.466,3.287,3.491,3.055,3.473,2.815,2.579,24.0,0.0,2.0,11.0,2.669,1.904,2.844,4.742,14.261,3.993,man,partnered,college,rural,with_family,yes,no,yes,no,yes,2.77,120.69
T12_0284,one_parent,4.061,3.133,2.515,2.666,2.86,2.798,3.598,2.174,2.811,3.146,21.0,1.0,3.0,15.0,2.43,3.606,2.353,6.252,21.421,4.114,woman,partnered,secondary,urban,with_family,yes,yes,no,no,no,3.726,147.722
T12_0285,one_parent,3.219,3.709,1.998,4.018,4.408,3.282,3.049,3.237,3.424,2.293,24.0,2.0,1.0,11.0,3.678,1.403,3.285,6.19,40.036,2.865,woman,partnered,secondary,urban,independent,yes,yes,yes,yes,no,4.156,109.042
T12_0286,one_parent,2.648,2.649,2.951,2.939,3.082,4.073,4.448,2.341,3.573,2.625,22.0,3.0,2.0,13.0,3.851,2.904,2.905,6.611,10.158,3.865,man,partnered,graduate,urban,with_family,no,yes,no,no,yes,3.392,136.486
T12_0287,two_parent,3.284,3.736,2.608,2.402,2.429,2.69,1.89,3.474,3.361,2.75,19.0,1.0,1.0,11.0,2.899,1.862,2.554,8.134,34.635,4.19,man,partnered,graduate,suburban,with_family,no,no,yes,no,yes,3.137,116.217
T12_0288,two_parent,2.938,1.395,2.726,2.84,3.013,2.125,3.299,3.365,1.166,2.375,22.0,2.0,1.0,14.0,2.565,3.831,1.527,7.649,2.75,3.134,woman,not_partnered,college,urban,with_family,no,no,yes,no,no,3.229,114.403
T12_0289,one_parent,2.432,3.596,2.441,3.569,2.939,3.382,3.104,4.077,2.954,2.975,20.0,2.0,2.0,12.0,3.008,2.327,4.295,8.294,25.19,3.007,man,not_partnered,secondary,suburban,independent,yes,yes,yes,no,no,3.027,127.037
T12_0290,two_parent,2.684,2.125,3.225,2.863,2.817,3.649,2.557,3.434,3.624,3.583,21.0,2.0,2.0,12.0,3.012,1.979,3.532,7.046,33.492,3.081,woman,partnered,graduate,rural,independent,yes,yes,no,yes,yes,3.774,104.87
T12_0291,one_parent,2.752,4.421,3.501,3.764,2.919,2.566,3.16,3.487,3.518,3.582,22.0,3.0,2.0,16.0,2.18,4.143,1.919,7.502,21.305,3.16,woman,not_partnered,college,urban,with_family,yes,yes,yes,no,no,3.385,86.959
T12_0292,two_parent,1.823,2.851,2.86,3.053,3.393,2.224,2.633,4.34,3.199,3.941,22.0,2.0,1.0,12.0,2.348,4.687,1.16,7.977,17.142,2.935,woman,not_partnered,secondary,suburban,with_family,no,yes,yes,yes,no,4.457,103.542
T12_0293,two_parent,4.587,2.471,1.48,2.538,3.851,3.258,2.509,2.723,3.071,4.268,19.0,2.0,1.0,12.0,2.056,3.174,3.358,8.603,5.648,3.163,man,not_partnered,college,rural,independent,yes,yes,no,yes,yes,3.436,130.362
T12_0294,one_parent,2.896,3.773,2.412,3.335,3.155,2.729,2.83,3.811,2.868,3.368,21.0,3.0,0.0,10.0,1.882,2.127,2.327,6.741,26.857,4.453,woman,partnered,graduate,urban,independent,no,yes,no,yes,no,3.68,133.711
T12_0295,one_parent,3.418,2.457,2.871,3.721,2.702,2.508,2.608,3.663,3.623,2.901,19.0,2.0,3.0,15.0,3.211,2.977,2.389,7.379,39.102,2.815,woman,partnered,graduate,suburban,independent,yes,yes,yes,no,no,3.29,114.775
T12_0296,one_parent,1.994,3.384,2.615,2.812,2.513,2.651,3.635,2.366,2.173,3.259,24.0,4.0,3.0,20.0,2.841,1.206,2.115,7.636,7.406,2.533,man,not_partnered,secondary,suburban,independent,yes,no,yes,yes,no,2.144,116.82
T12_0297,two_parent,3.149,2.657,2.464,2.588,2.972,2.794,4.302,3.411,3.225,2.652,20.0,2.0,3.0,10.0,2.02,2.914,3.529,7.379,16.701,2.349,man,partnered,graduate,rural,independent,no,no,yes,yes,no,2.975,133.977
T12_0298,one_parent,3.177,3.59,2.664,2.794,2.818,2.575,3.564,3.878,2.379,3.223,21.0,4.0,2.0,13.0,3.098,2.995,2.248,7.936,37.837,3.216,man,not_partnered,college,rural,independent,no,yes,yes,no,no,3.481,126.918
T12_0299,one_parent,2.968,2.231,3.493,3.271,2.801,2.441,3.108,3.097,3.595,3.213,21.0,2.0,1.0,15.0,2.751,3.414,2.174,6.872,15.25,1.301,woman,partnered,graduate,suburban,independent,yes,no,no,yes,yes,3.454,116.897
T12_0300,one_parent,3.36,1.604,2.148,2.95,2.487,4.232,2.756,3.761,2.529,3.28,20.0,1.0,4.0,14.0,2.887,3.053,3.66,7.417,35.097,3.226,woman,partnered,secondary,suburban,with_family,yes,yes,no,no,no,2.775,103.066
T12_0301,one_parent,3.871,2.032,3.62,2.434,2.477,3.706,3.123,2.673,4.419,3.267,21.0,2.0,2.0,15.0,3.26,2.749,2.358,7.86,5.96,2.727,woman,partnered,graduate,suburban,independent,no,no,yes,yes,yes,3.082,124.459
T12_0302,two_parent,2.958,2.895,1.868,2.424,2.714,3.863,2.285,2.393,2.903,1.82,20.0,3.0,2.0,15.0,3.061,2.813,3.442,7.196,27.155,3.694,man,partnered,graduate,urban,independent,yes,yes,no,yes,yes,2.777,116.287
T12_0303,one_parent,3.378,3.2,3.66,3.949,1.604,3.525,3.54,3.254,2.668,3.523,22.0,3.0,3.0,15.0,3.743,1.559,3.934,6.385,25.94,3.677,man,not_partnered,secondary,rural,independent,yes,yes,no,no,yes,3.086,124.347
T12_0304,two_parent,2.699,2.19,2.401,3.445,2.65,1.722,3.345,3.26,3.508,2.577,19.0,4.0,1.0,15.0,2.491,3.555,3.703,7.879,2.254,2.95,woman,partnered,graduate,rural,independent,yes,no,yes,no,no,2.715,125.062
T12_0305,two_parent,3.225,3.563,3.559,2.453,2.448,2.568,2.841,4.776,1.989,3.19,21.0,3.0,0.0,14.0,2.151,2.034,3.274,6.91,11.063,3.208,man,partnered,graduate,urban,independent,no,no,yes,no,yes,3.275,98.781
T12_0306,one_parent,4.336,2.72,3.269,3.357,3.027,2.956,2.684,4.227,2.473,3.401,19.0,1.0,2.0,10.0,3.28,3.691,2.591,6.298,12.6,3.358,man,partnered,secondary,rural,independent,no,yes,no,yes,no,3.543,102.938
T12_0307,one_parent,3.617,3.519,2.974,2.644,2.206,3.824,2.365,2.43,3.648,2.139,19.0,1.0,3.0,14.0,2.523,3.048,3.151,6.785,14.883,3.843,woman,not_partnered,college,suburban,independent,yes,no,no,yes,yes,1.949,121.156
T12_0308,two_parent,1.14,2.949,2.904,2.737,3.399,4.052,2.633,2.572,2.573,4.842,23.0,1.0,4.0,12.0,2.032,2.182,3.646,7.98,29.46,4.623,woman,not_partnered,secondary,urban,independent,yes,no,yes,yes,no,2.942,135.7
T12_0309,two_parent,2.907,2.951,4.025,1.65,1.792,2.33,3.767,2.34,2.485,3.965,22.0,3.0,3.0,13.0,2.222,1.983,2.843,7.701,18.105,3.921,woman,partnered,secondary,rural,with_family,yes,yes,no,no,yes,3.585,128.954
T12_0310,two_parent,2.792,3.347,2.495,2.969,2.754,2.69,3.223,2.724,3.148,3.161,25.0,1.0,2.0,11.0,2.407,2.633,3.569,7.361,4.893,3.562,man,partnered,college,rural,with_family,no,yes,no,no,yes,3.204,126.984
T12_0311,one_parent,2.745,2.768,1.456,2.391,4.376,2.747,3.75,1.934,3.305,2.923,23.0,4.0,2.0,13.0,2.396,3.055,2.665,7.281,19.684,2.879,man,not_partnered,graduate,urban,independent,no,yes,no,yes,no,3.714,103.942
T12_0312,one_parent,1.886,2.178,4.093,3.182,2.868,2.572,3.645,2.829,2.386,3.069,23.0,1.0,1.0,13.0,2.463,2.798,2.424,7.389,18.557,3.229,woman,not_partnered,secondary,rural,independent,no,yes,yes,no,yes,3.552,138.892
T12_0313,one_parent,2.813,4.067,2.047,3.485,3.532,2.803,3.782,2.152,3.487,2.617,18.0,4.0,2.0,12.0,3.137,3.583,3.472,9.089,15.653,2.078,man,partnered,secondary,suburban,with_family,no,no,no,no,yes,3.858,114.694
T12_0314,two_parent,4.211,3.801,3.042,1.805,2.796,2.511,3.351,3.667,4.353,3.217,20.0,0.0,4.0,9.0,2.699,2.924,2.54,7.293,13.503,3.275,nonbinary_or_self_described,not_partnered,secondary,suburban,independent,no,yes,yes,yes,no,3.757,113.461
T12_0315,one_parent,3.124,1.625,2.336,2.313,2.246,2.355,4.009,3.81,3.462,3.555,21.0,3.0,4.0,13.0,2.627,1.859,1.447,7.65,27.927,2.094,woman,partnered,graduate,suburban,with_family,no,yes,no,yes,no,2.743,118.231
T12_0316,one_parent,3.749,2.922,4.033,2.763,4.636,4.27,2.662,3.077,4.269,3.46,24.0,3.0,1.0,13.0,2.094,1.022,3.18,7.988,45.388,3.867,woman,not_partnered,secondary,urban,with_family,yes,yes,no,no,no,2.773,114.16
T12_0317,two_parent,2.621,3.365,3.664,3.543,4.204,2.995,2.888,1.976,2.757,2.929,21.0,0.0,1.0,14.0,2.567,3.217,2.46,7.164,39.986,3.577,man,partnered,secondary,rural,with_family,yes,no,no,no,yes,3.646,134.054
T12_0318,one_parent,4.164,2.974,2.651,2.538,2.126,3.601,2.86,1.95,3.12,3.204,21.0,3.0,2.0,11.0,2.243,2.755,2.987,8.323,8.724,2.809,man,partnered,college,urban,independent,yes,no,no,no,yes,3.366,149.692
T12_0319,two_parent,2.256,2.444,1.461,2.777,2.941,2.533,3.287,3.63,3.952,2.764,22.0,5.0,4.0,16.0,2.163,1.688,3.827,7.368,14.778,2.538,man,partnered,college,rural,independent,yes,no,yes,yes,no,2.487,115.714
T12_0320,two_parent,3.505,2.515,3.593,3.049,2.097,2.656,4.197,3.615,2.515,3.269,25.0,3.0,1.0,16.0,3.294,2.442,3.518,7.765,24.704,2.908,man,not_partnered,graduate,suburban,independent,no,yes,no,no,yes,2.575,134.77
T12_0321,one_parent,2.67,3.114,2.394,3.567,4.046,4.531,1.925,2.802,2.615,3.493,24.0,4.0,1.0,16.0,3.659,4.521,3.374,7.99,32.666,2.956,man,partnered,graduate,rural,with_family,no,no,yes,yes,no,3.338,107.625
T12_0322,one_parent,3.403,2.948,3.541,3.774,3.264,2.905,2.833,1.774,2.698,4.264,21.0,1.0,2.0,13.0,2.622,2.656,3.142,7.28,7.055,1.89,man,partnered,secondary,rural,independent,no,yes,no,no,no,2.995,131.419
T12_0323,two_parent,2.855,2.685,2.472,2.106,2.077,3.27,2.663,2.752,1.708,3.875,26.0,4.0,2.0,13.0,3.754,2.253,2.348,7.65,21.732,3.554,nonbinary_or_self_described,partnered,graduate,suburban,with_family,yes,no,yes,yes,no,3.059,122.005
T12_0324,two_parent,3.036,3.244,2.641,1.945,2.779,3.615,3.113,3.071,3.728,3.939,24.0,3.0,3.0,12.0,3.363,2.455,3.445,8.022,1.335,3.078,woman,not_partnered,college,urban,independent,no,no,yes,no,yes,3.014,123.353
T12_0325,one_parent,3.699,3.198,2.465,2.928,3.357,2.354,3.245,2.307,3.673,2.671,24.0,4.0,2.0,15.0,2.92,3.629,2.853,7.03,9.27,2.553,man,not_partnered,secondary,urban,independent,no,no,no,no,yes,2.932,106.75
T12_0326,one_parent,2.661,3.717,2.265,2.655,2.9,3.131,2.513,3.521,2.78,2.284,23.0,4.0,1.0,17.0,2.096,3.381,3.867,8.073,4.503,3.034,woman,not_partnered,graduate,rural,independent,yes,yes,yes,yes,yes,3.454,141.089
T12_0327,one_parent,3.636,2.383,4.236,3.314,3.758,3.034,2.063,4.038,3.712,3.499,21.0,1.0,2.0,13.0,2.57,2.283,3.089,5.708,27.633,2.986,nonbinary_or_self_described,not_partnered,college,rural,with_family,no,yes,no,no,yes,2.84,128.961
T12_0328,one_parent,2.164,2.718,2.648,4.806,2.575,3.12,4.402,2.772,4.648,1.91,22.0,2.0,4.0,11.0,4.208,2.833,3.742,8.485,12.117,2.385,man,partnered,secondary,urban,independent,no,yes,yes,no,no,3.803,89.223
T12_0329,one_parent,3.046,3.362,2.722,2.775,3.207,3.743,2.555,2.91,3.178,3.555,22.0,2.0,1.0,12.0,1.812,3.823,2.511,7.028,17.251,2.961,woman,partnered,graduate,rural,independent,yes,no,no,no,no,2.725,77.281
T12_0330,two_parent,4.92,1.971,2.917,3.263,3.794,2.394,3.117,2.101,3.94,1.877,19.0,1.0,3.0,15.0,1.658,2.353,3.081,6.742,2.235,2.915,man,partnered,graduate,urban,independent,no,no,yes,yes,no,3.003,133.649
T12_0331,two_parent,2.583,1.998,3.256,1.976,2.849,4.286,2.542,3.411,3.975,3.881,22.0,0.0,2.0,14.0,3.637,2.995,3.187,7.772,18.396,2.483,man,partnered,graduate,rural,independent,yes,no,no,yes,no,2.887,116.503
T12_0332,two_parent,2.361,2.938,3.337,3.501,2.647,2.202,2.889,2.672,1.517,3.066,26.0,2.0,3.0,13.0,3.854,2.455,2.961,7.803,14.632,3.131,woman,not_partnered,college,urban,independent,no,no,yes,yes,no,2.803,133.433
T12_0333,one_parent,1.941,2.708,2.742,2.016,2.287,2.49,2.8,3.126,3.444,3.62,22.0,2.0,2.0,11.0,3.131,1.993,2.749,6.854,22.734,2.684,man,partnered,college,suburban,independent,yes,yes,no,no,yes,2.572,108.243
T12_0334,one_parent,3.703,2.939,3.2,2.082,3.006,2.793,3.756,2.29,4.089,3.465,20.0,0.0,2.0,18.0,3.086,3.748,3.365,7.914,31.204,2.993,man,not_partnered,college,urban,independent,no,no,yes,no,yes,3.648,95.686
T12_0335,two_parent,4.134,2.523,3.021,3.717,2.517,2.707,1.945,3.836,2.948,1.881,19.0,2.0,0.0,13.0,2.018,3.138,2.784,7.989,2.157,3.581,man,not_partnered,graduate,rural,independent,yes,yes,no,no,no,3.032,124.84
T12_0336,one_parent,2.433,3.677,2.776,2.024,3.141,3.297,2.723,3.351,3.053,2.464,20.0,1.0,3.0,15.0,3.945,3.847,1.983,6.962,38.282,1.812,man,not_partnered,college,urban,with_family,yes,yes,no,no,yes,2.931,142.278
T12_0337,one_parent,3.936,3.327,3.051,2.663,1.525,3.208,3.701,3.963,3.524,2.269,21.0,1.0,1.0,14.0,3.621,2.833,3.741,7.491,7.871,2.632,man,partnered,secondary,urban,independent,no,no,yes,yes,no,3.081,115.25
T12_0338,two_parent,4.257,4.168,2.081,1.911,2.38,3.577,2.959,2.739,3.913,3.968,20.0,2.0,2.0,12.0,3.487,3.091,2.783,6.547,9.92,2.584,man,partnered,graduate,suburban,independent,yes,yes,yes,yes,yes,2.891,143.821
T12_0339,two_parent,2.662,3.666,3.119,1.57,4.009,2.994,3.656,3.027,3.303,2.057,20.0,3.0,3.0,18.0,1.638,2.548,2.76,7.297,10.543,2.413,woman,partnered,secondary,urban,with_family,yes,yes,no,yes,yes,3.461,126.326
T12_0340,one_parent,3.775,3.707,2.878,1.961,2.638,2.346,2.894,1.338,2.934,2.133,23.0,4.0,1.0,10.0,3.493,2.344,3.506,6.615,24.372,4.661,woman,not_partnered,college,rural,independent,yes,no,no,no,yes,2.513,124.991
T12_0341,one_parent,2.888,2.975,3.407,3.796,2.669,3.081,2.789,3.17,1.504,2.012,19.0,3.0,1.0,12.0,1.995,2.995,2.871,6.131,23.028,3.643,woman,not_partnered,college,urban,with_family,no,no,no,no,no,3.336,116.677
T12_0342,one_parent,3.288,2.783,3.222,2.857,2.352,3.91,3.428,2.868,2.22,2.906,23.0,3.0,1.0,15.0,2.35,3.472,3.373,7.575,20.303,3.583,man,partnered,secondary,suburban,independent,yes,no,no,yes,yes,2.039,103.109
T12_0343,two_parent,2.626,4.373,3.266,2.751,2.63,3.689,2.239,2.377,2.806,2.738,21.0,2.0,2.0,13.0,2.832,2.237,3.017,6.079,17.364,3.295,woman,partnered,graduate,urban,with_family,yes,yes,no,no,no,3.302,113.516
T12_0344,two_parent,3.465,2.013,2.91,3.924,3.53,2.795,1.196,3.017,2.395,4.061,19.0,1.0,3.0,14.0,2.19,3.128,2.787,7.207,8.936,1.713,woman,not_partnered,graduate,suburban,independent,yes,no,yes,yes,yes,3.446,137.478
T12_0345,two_parent,3.489,2.393,3.602,3.146,4.544,1.884,2.926,3.033,2.412,3.154,20.0,3.0,2.0,15.0,3.463,3.03,3.133,8.163,16.563,3.153,woman,not_partnered,graduate,suburban,independent,no,yes,no,no,yes,3.34,132.302
T12_0346,two_parent,2.742,3.791,2.357,2.333,2.619,3.905,1.29,3.909,3.453,3.397,22.0,3.0,2.0,11.0,2.757,3.054,2.685,7.896,11.173,4.231,woman,not_partnered,secondary,rural,with_family,no,yes,yes,no,yes,3.133,137.296
T12_0347,two_parent,3.181,4.362,2.929,2.664,3.247,1.241,2.397,1.581,2.625,3.085,19.0,2.0,3.0,12.0,2.224,2.665,1.264,6.898,36.28,3.169,man,partnered,graduate,urban,with_family,yes,no,yes,yes,yes,3.117,121.791
T12_0348,one_parent,3.583,2.995,3.758,2.889,2.142,1.953,2.934,3.423,2.963,2.118,21.0,2.0,2.0,18.0,3.408,2.896,3.082,6.491,7.697,2.952,nonbinary_or_self_described,partnered,graduate,rural,with_family,no,yes,no,yes,yes,2.954,126.467
T12_0349,one_parent,3.277,2.029,3.681,4.061,3.012,1.267,3.002,2.736,1.334,2.331,22.0,3.0,1.0,17.0,2.356,3.322,4.151,6.623,9.641,3.538,man,not_partnered,graduate,suburban,with_family,no,yes,no,yes,no,4.156,110.169
T12_0350,two_parent,3.674,3.764,3.608,3.501,2.739,3.169,2.116,2.638,2.25,2.699,22.0,0.0,0.0,12.0,2.918,3.181,3.853,7.061,29.23,2.543,woman,not_partnered,secondary,urban,with_family,no,yes,no,yes,yes,3.778,126.908
T12_0351,two_parent,2.284,2.81,3.648,3.946,2.475,3.907,2.578,3.344,2.27,2.734,22.0,1.0,2.0,16.0,3.311,1.595,3.237,5.623,29.545,2.229,woman,partnered,college,urban,with_family,no,no,yes,no,yes,1.78,114.72
T12_0352,two_parent,3.846,4.706,3.185,3.566,2.844,2.807,2.283,2.957,2.755,2.301,22.0,3.0,3.0,11.0,4.091,3.228,3.078,7.228,16.904,2.816,woman,not_partnered,secondary,suburban,independent,no,yes,yes,no,yes,3.933,136.896
T12_0353,one_parent,3.872,2.809,3.522,3.04,3.61,3.17,1.711,2.952,3.661,2.548,23.0,2.0,2.0,17.0,3.534,2.503,2.735,7.259,7.659,1.931,man,partnered,graduate,rural,with_family,yes,no,yes,no,yes,3.561,116.723
T12_0354,one_parent,3.223,3.127,2.535,3.642,2.289,3.702,2.993,2.496,2.698,3.315,26.0,3.0,1.0,15.0,3.547,2.17,3.041,7.86,16.437,1.922,woman,not_partnered,graduate,urban,independent,yes,yes,yes,no,yes,4.077,132.728
T12_0355,one_parent,2.856,3.405,3.024,2.016,2.984,3.778,3.433,1.662,4.617,2.609,21.0,0.0,4.0,12.0,3.316,3.155,3.211,5.898,17.051,3.108,man,not_partnered,secondary,urban,with_family,yes,yes,no,no,no,2.42,114.639
T12_0356,two_parent,2.085,2.59,2.099,2.846,3.684,3.22,2.733,3.022,2.537,2.959,23.0,3.0,3.0,10.0,2.255,2.442,2.661,7.785,29.018,2.717,woman,partnered,college,urban,with_family,no,yes,yes,no,yes,2.511,123.594
T12_0357,one_parent,2.631,3.04,2.626,1.615,3.093,2.585,3.458,3.298,2.468,2.833,21.0,4.0,3.0,13.0,2.458,3.736,3.257,6.734,20.147,2.081,man,partnered,college,urban,with_family,no,yes,no,yes,no,3.256,106.339
T12_0358,one_parent,2.566,3.882,2.252,2.113,3.34,2.345,2.709,2.169,3.326,2.638,25.0,0.0,4.0,15.0,2.868,2.605,3.57,6.732,9.895,2.774,man,partnered,graduate,rural,independent,no,no,no,yes,no,3.469,106.971
T12_0359,two_parent,2.229,2.261,3.064,1.977,2.713,3.535,2.29,2.494,2.835,3.636,23.0,2.0,2.0,13.0,3.354,3.281,3.575,6.735,34.267,3.504,woman,partnered,secondary,rural,with_family,yes,yes,no,no,yes,3.05,119.375
T12_0360,one_parent,2.654,1.69,3.961,3.32,3.241,3.833,2.978,2.607,3.06,2.506,23.0,2.0,2.0,12.0,2.091,3.02,2.776,6.838,23.139,2.688,man,partnered,college,suburban,with_family,no,no,yes,no,no,3.353,96.386
T12_0361,two_parent,3.368,3.27,2.965,2.55,3.276,3.348,2.298,2.713,3.255,2.894,18.0,2.0,2.0,17.0,2.969,3.543,2.383,8.012,27.825,3.382,woman,not_partnered,graduate,suburban,independent,no,no,no,yes,yes,2.824,127.151
T12_0362,one_parent,2.941,2.54,3.027,2.668,3.954,2.457,3.581,1.985,1.667,3.267,23.0,2.0,2.0,13.0,1.793,4.027,3.203,8.93,45.517,2.383,woman,not_partnered,college,urban,with_family,yes,yes,no,yes,yes,3.572,111.532
T12_0363,one_parent,3.112,3.463,3.534,3.474,2.165,3.089,2.401,3.662,3.583,2.578,23.0,2.0,2.0,13.0,2.604,3.607,4.075,6.669,2.237,1.764,woman,not_partnered,graduate,rural,independent,no,no,yes,yes,no,2.753,126.563
T12_0364,one_parent,2.664,3.902,3.927,3.559,2.707,2.91,3.172,2.138,3.516,2.822,20.0,2.0,2.0,16.0,2.845,1.869,3.108,6.993,30.945,4.46,man,not_partnered,secondary,urban,with_family,no,no,no,no,no,3.231,114.587
T12_0365,two_parent,3.57,3.182,3.632,3.79,2.83,2.207,3.212,3.27,2.794,3.439,22.0,1.0,3.0,12.0,3.635,2.928,3.275,6.109,6.948,3.268,man,partnered,graduate,urban,with_family,yes,yes,yes,yes,yes,3.781,126.427
T12_0366,two_parent,3.466,2.917,2.546,2.422,4.018,3.586,3.029,2.538,2.784,3.923,26.0,2.0,3.0,11.0,4.605,2.506,1.882,7.291,18.316,3.257,woman,not_partnered,college,suburban,independent,no,no,no,yes,yes,2.962,131.881
T12_0367,one_parent,4.71,3.872,2.881,3.189,3.452,4.021,1.953,3.079,2.588,4.419,21.0,2.0,3.0,15.0,3.373,2.02,2.795,6.633,15.964,2.434,woman,not_partnered,college,urban,independent,yes,yes,yes,yes,no,3.634,99.149
T12_0368,two_parent,4.439,3.184,2.695,3.474,3.434,2.992,2.748,3.405,3.125,1.723,23.0,1.0,1.0,13.0,2.941,2.401,3.553,7.25,41.209,2.406,man,not_partnered,secondary,rural,independent,yes,yes,no,yes,no,3.75,118.956
T12_0369,one_parent,2.957,2.372,3.247,2.806,2.57,3.365,1.841,4.485,2.52,2.689,19.0,6.0,2.0,15.0,3.055,3.106,3.224,7.194,39.283,2.409,man,not_partnered,graduate,suburban,independent,yes,yes,yes,yes,yes,3.092,123.506
T12_0370,one_parent,2.594,3.263,3.851,2.027,2.931,2.298,2.203,2.056,2.449,3.535,23.0,3.0,1.0,12.0,2.933,3.18,4.009,7.232,25.602,2.953,woman,partnered,secondary,suburban,with_family,yes,yes,yes,no,yes,3.81,130.066
T12_0371,two_parent,2.897,3.576,2.809,3.405,3.839,2.804,2.62,2.952,2.199,2.962,22.0,2.0,1.0,13.0,3.018,2.762,3.37,7.552,18.905,2.208,woman,not_partnered,college,rural,independent,yes,yes,no,yes,yes,2.085,131.628
T12_0372,two_parent,3.683,3.952,3.172,1.648,4.092,3.662,2.425,3.001,2.876,1.657,23.0,3.0,2.0,16.0,4.234,1.758,3.461,8.176,23.14,2.949,woman,not_partnered,graduate,urban,with_family,yes,yes,yes,no,yes,2.762,120.35
T12_0373,two_parent,3.995,3.164,2.397,1.275,2.907,2.995,2.514,3.017,3.293,2.637,22.0,4.0,3.0,9.0,3.004,2.064,3.436,7.439,26.841,3.989,woman,not_partnered,secondary,suburban,with_family,no,no,yes,yes,no,3.27,121.46
T12_0374,two_parent,4.034,1.776,2.147,2.202,4.604,3.485,3.184,3.094,2.614,3.028,21.0,2.0,2.0,15.0,3.545,2.306,3.389,7.524,0.772,3.417,man,not_partnered,graduate,suburban,independent,no,yes,yes,yes,yes,3.108,130.742
T12_0375,one_parent,1.575,2.471,3.111,3.941,3.041,3.052,3.715,3.149,3.766,3.695,23.0,3.0,0.0,12.0,2.776,2.099,1.933,6.883,7.753,2.112,woman,not_partnered,graduate,suburban,independent,no,no,no,no,yes,3.157,94.947
T12_0376,one_parent,3.665,2.683,2.598,2.674,2.227,3.674,3.086,3.105,2.862,2.254,24.0,4.0,2.0,13.0,1.511,3.527,2.856,5.897,9.187,4.02,woman,partnered,secondary,urban,independent,yes,yes,no,no,yes,3.022,131.796
T12_0377,one_parent,3.16,2.95,2.209,2.968,2.916,3.556,3.81,3.303,3.075,2.971,21.0,4.0,0.0,15.0,3.164,3.051,3.358,8.125,28.238,2.017,man,not_partnered,college,rural,independent,no,yes,no,no,yes,3.581,109.694
T12_0378,two_parent,3.796,2.394,2.377,1.886,3.632,1.997,2.489,2.442,3.867,3.605,23.0,0.0,3.0,16.0,1.93,3.27,3.923,7.339,3.061,2.053,woman,not_partnered,secondary,urban,independent,yes,no,yes,yes,yes,3.232,113.073
T12_0379,two_parent,3.017,4.367,2.982,3.523,2.617,3.171,2.381,2.03,2.895,3.011,22.0,2.0,1.0,15.0,2.621,2.11,3.31,5.272,9.137,2.064,man,partnered,secondary,suburban,with_family,yes,no,yes,yes,yes,3.073,105.998
T12_0380,two_parent,3.034,2.667,3.864,3.22,4.314,3.468,3.58,2.96,2.627,3.692,25.0,4.0,1.0,17.0,1.951,1.599,4.24,6.672,9.253,3.197,man,partnered,secondary,urban,with_family,no,no,no,no,yes,3.958,118.235
T12_0381,one_parent,3.03,2.035,2.771,2.437,2.93,3.247,2.757,2.789,2.329,3.013,20.0,1.0,4.0,15.0,2.568,2.834,2.803,7.96,22.057,2.627,woman,partnered,secondary,urban,independent,no,yes,yes,yes,yes,3.017,158.392
T12_0382,one_parent,2.156,2.946,2.823,2.576,2.894,4.777,2.728,3.142,4.203,3.194,23.0,3.0,3.0,11.0,3.21,2.573,3.254,6.428,23.988,3.501,woman,partnered,secondary,urban,with_family,yes,no,yes,yes,yes,3.177,130.299
T12_0383,two_parent,3.012,2.148,2.647,2.553,4.039,2.843,3.272,2.463,2.419,2.76,24.0,1.0,2.0,12.0,3.209,3.659,3.569,7.41,26.295,3.143,woman,partnered,graduate,rural,with_family,yes,yes,no,yes,yes,2.599,122.602
T12_0384,one_parent,3.503,1.971,3.199,2.488,2.912,3.241,3.68,3.322,2.617,3.71,27.0,5.0,2.0,17.0,3.481,2.667,3.905,7.478,25.46,2.496,man,partnered,college,suburban,with_family,no,yes,no,yes,no,2.546,132.137
T12_0385,one_parent,2.436,1.796,3.697,3.592,2.659,3.057,2.101,2.981,2.63,3.026,24.0,3.0,2.0,11.0,2.578,4.692,2.789,7.211,19.456,3.432,woman,not_partnered,secondary,rural,with_family,yes,no,no,yes,yes,2.984,131.72
T12_0386,one_parent,3.743,2.334,2.824,2.453,3.708,3.344,3.051,2.617,3.693,2.25,23.0,1.0,1.0,15.0,3.504,2.131,2.65,6.496,26.927,4.192,woman,not_partnered,secondary,urban,with_family,no,yes,yes,yes,no,3.685,98.645
T12_0387,one_parent,3.039,2.107,3.087,2.017,2.468,4.303,3.404,3.637,3.221,3.293,23.0,1.0,2.0,13.0,2.799,3.282,2.616,6.754,7.948,3.587,woman,not_partnered,secondary,suburban,independent,no,yes,yes,yes,no,2.917,98.142
T12_0388,one_parent,3.078,3.58,4.011,2.696,2.542,2.872,4.653,2.162,2.429,3.207,24.0,1.0,3.0,12.0,2.93,2.472,3.333,6.375,21.407,2.733,man,partnered,graduate,rural,independent,no,no,yes,yes,yes,2.498,103.342
T12_0389,two_parent,1.78,3.941,1.84,3.347,3.511,3.524,2.081,2.388,3.257,3.514,19.0,3.0,2.0,14.0,2.293,3.32,2.535,7.026,20.313,1.843,man,partnered,graduate,rural,independent,no,yes,yes,yes,no,2.832,126.94
T12_0390,two_parent,4.679,2.495,3.297,1.956,2.406,1.291,4.05,3.433,2.747,2.347,20.0,1.0,1.0,14.0,3.137,3.721,3.397,9.045,27.657,2.556,man,partnered,college,suburban,with_family,no,yes,yes,yes,yes,3.034,124.674
T12_0391,one_parent,3.275,4.004,2.73,4.13,4.338,3.623,3.242,3.705,3.031,3.178,23.0,2.0,1.0,13.0,3.367,2.774,2.617,8.269,24.894,2.864,man,partnered,college,urban,independent,no,no,yes,yes,no,3.799,124.374
T12_0392,two_parent,3.749,2.678,4.624,3.049,3.473,3.473,3.247,3.597,2.378,3.299,21.0,1.0,0.0,8.0,1.55,2.25,3.996,7.961,7.402,3.705,woman,not_partnered,graduate,urban,with_family,yes,no,yes,yes,no,3.305,112.436
T12_0393,two_parent,2.064,2.096,3.786,3.126,2.81,2.281,1.542,2.126,3.303,3.551,22.0,5.0,3.0,14.0,3.323,2.911,2.001,8.613,29.292,3.514,man,not_partnered,graduate,urban,independent,no,no,no,yes,no,2.971,145.054
T12_0394,two_parent,3.256,2.097,2.331,3.4,2.14,2.226,3.453,3.161,2.463,2.969,21.0,2.0,2.0,12.0,3.61,3.176,2.891,8.088,16.996,3.274,man,not_partnered,college,rural,independent,no,no,no,no,yes,3.001,146.874
T12_0395,one_parent,2.902,3.586,2.86,3.696,2.676,2.918,1.612,4.475,3.871,3.433,22.0,2.0,1.0,14.0,3.526,2.315,3.652,8.149,7.631,3.699,man,partnered,secondary,urban,with_family,no,no,yes,no,no,3.98,108.66
T12_0396,one_parent,3.422,3.648,2.534,2.57,2.077,3.13,2.208,2.51,2.352,2.448,20.0,3.0,1.0,16.0,4.115,3.343,4.398,7.363,23.6,3.437,woman,partnered,college,rural,with_family,no,yes,no,yes,no,3.305,125.329
T12_0397,one_parent,3.495,2.516,2.314,2.096,2.26,2.723,3.336,2.373,2.495,3.54,20.0,2.0,3.0,16.0,3.179,2.227,2.93,6.614,15.39,1.784,woman,not_partnered,college,rural,with_family,no,no,no,no,yes,2.683,140.068
T12_0398,two_parent,2.352,3.803,3.086,3.694,2.588,2.334,2.149,3.05,2.38,1.625,18.0,7.0,3.0,14.0,3.312,3.296,4.286,6.227,4.02,2.7,woman,not_partnered,college,suburban,with_family,yes,yes,yes,yes,no,3.815,128.723
T12_0399,one_parent,3.353,1.778,2.905,3.375,3.285,2.316,1.303,2.904,2.359,2.552,20.0,2.0,2.0,11.0,2.252,2.728,3.991,6.298,18.652,3.554,man,not_partnered,secondary,urban,with_family,yes,yes,yes,no,no,2.848,136.801
T12_0400,two_parent,3.719,2.765,3.394,2.4,3.279,1.425,2.315,2.535,4.109,4.071,22.0,3.0,0.0,14.0,3.604,3.06,2.773,8.441,23.829,2.493,woman,not_partnered,college,urban,independent,yes,no,no,no,yes,3.329,115.994
