participant_id,music_exposure_and_genre,age,music_listening_duration,music_preference,baseline_stress,sleep_hours,sleep_quality,trait_anxiety,academic_stress,financial_strain,social_support,rumination,emotion_regulation,musical_engagement,training_years,caffeine_mg,physical_activity_days,work_hours,noise_sensitivity,baseline_fatigue,mindfulness,gender,race_ethnicity,first_generation,college_stage,employment,hearing_difficulty,prior_relaxation_training,current_counseling,session_time,exam_week,stress_level,stress_change,recovery_minutes,session_music_minutes
T29_0001,classical,25.0,41.5891,3.6151,62.1302,7.2957,3.0953,1.538,3.0296,2.2662,3.56,3.4241,2.2463,4.463,2.1653,31.4525,1.0,0.0,3.1057,2.4518,4.496,woman,white,no,early,no,no,yes,yes,afternoon,no,41.023677,-21.106523,10,10
T29_0002,classical,22.0,187.2305,2.1162,54.1522,6.4185,4.2279,2.8851,3.0821,3.1695,2.9327,3.5499,3.7172,2.1851,2.1692,81.7076,2.0,12.2048,3.9577,2.1739,2.927,woman,asian,no,early,yes,no,no,yes,morning,no,50.711377,-3.440823,10,10
T29_0003,classical,25.0,27.2861,3.451,55.699,5.8422,3.1731,4.2299,3.0319,1.4921,2.9072,3.396,4.2223,2.9765,1.6559,92.6621,6.0,6.8958,3.6223,2.4884,2.8041,woman,white,no,advanced,yes,no,no,yes,afternoon,no,43.755338,-11.943662,10,10
T29_0004,heavy_metal,24.0,109.4013,3.3128,61.1614,8.0412,3.2308,2.9159,2.5026,3.7764,2.4976,3.0616,3.2282,1.4177,2.4996,242.9436,0.0,0.0,2.573,2.789,2.9808,man,multiracial_or_other,no,advanced,no,no,yes,no,morning,no,43.500171,-17.661229,10,10
T29_0005,classical,30.0,169.8634,2.8321,56.0626,6.4889,3.5464,2.2269,3.0929,3.2957,3.5168,3.831,2.2809,2.9758,3.133,48.752,0.0,5.6853,4.0082,3.0932,3.703,woman,white,no,advanced,yes,no,no,no,afternoon,no,30.567794,-25.494806,10,10
T29_0006,silence,29.0,166.8135,2.5571,69.9176,6.1105,2.9177,2.662,2.4317,2.545,2.6396,2.5936,3.0536,3.118,1.1611,185.6406,3.0,10.0058,1.833,2.8415,3.4792,woman,white,no,early,yes,no,no,no,afternoon,no,52.12564,-17.79196,10,0
T29_0007,self_selected,25.0,58.6877,3.9984,56.4987,6.6718,3.4497,2.7125,2.7587,2.2413,4.4231,3.2858,2.7656,3.0538,0.9019,73.9031,3.0,0.0,3.1672,4.1673,3.8853,woman,hispanic_latino,no,advanced,no,no,yes,no,afternoon,no,31.728188,-24.770512,10,10
T29_0008,silence,22.0,60.0107,3.2924,71.9559,6.5426,2.2751,3.2987,2.5781,3.3302,2.2561,2.3902,3.678,3.0884,4.3353,95.569,3.0,0.0,2.256,3.4678,2.1351,man,hispanic_latino,yes,advanced,no,no,no,no,afternoon,no,45.707416,-26.248484,10,0
T29_0009,classical,19.0,71.707,3.1134,50.3691,6.6872,2.7887,2.8974,3.3043,3.2447,2.5448,2.0337,4.0668,3.1035,6.6561,97.1345,2.0,0.0,2.9005,3.2497,3.8052,nonbinary_or_self_described,hispanic_latino,yes,advanced,no,no,no,no,afternoon,no,39.687841,-10.681259,10,10
T29_0010,self_selected,20.0,102.45,3.6563,72.1539,6.9174,3.4184,2.7617,3.2242,3.128,3.0332,2.4312,2.3951,1.3817,5.8037,121.899,2.0,22.9149,3.3307,2.4077,2.7994,nonbinary_or_self_described,white,no,advanced,yes,no,no,no,afternoon,no,45.423868,-26.730032,10,10
T29_0011,heavy_metal,21.0,111.5008,3.9916,58.8534,7.9027,3.8453,2.8477,3.0164,3.5332,2.4655,2.9467,3.5996,4.441,5.5533,86.0124,4.0,0.0,4.4049,1.9113,4.331,woman,hispanic_latino,no,early,no,no,no,no,afternoon,no,30.368819,-28.484581,10,10
T29_0012,self_selected,19.0,15.2771,3.2578,70.7245,7.019,3.8175,3.5608,3.5059,3.0924,3.6734,2.695,2.5453,2.5352,0.9476,120.9127,1.0,0.0,2.5143,2.5926,3.1766,woman,multiracial_or_other,no,early,no,no,no,no,afternoon,no,49.139553,-21.584947,10,10
T29_0013,self_selected,25.0,65.5143,4.2839,62.8483,7.2452,3.5015,1.7754,2.0604,3.1558,3.7956,3.3342,1.6732,4.2813,1.7723,147.0618,2.0,0.0,3.4708,3.2029,2.0789,nonbinary_or_self_described,hispanic_latino,no,advanced,no,no,no,no,afternoon,no,35.649875,-27.198425,10,10
T29_0014,silence,23.0,42.2157,3.7271,59.0422,8.337,3.2914,2.8127,2.0293,3.2584,2.1184,3.8524,2.413,2.4668,1.9495,60.5024,3.0,0.0,3.0167,3.9242,3.2196,nonbinary_or_self_described,black,no,advanced,no,no,yes,no,morning,yes,42.554914,-16.487286,10,0
T29_0015,self_selected,28.0,87.4504,3.7281,66.4556,7.29,2.7597,1.3531,3.1404,3.6313,3.0851,3.3422,4.1038,4.2331,4.5396,174.8336,2.0,0.0,3.1075,3.0505,2.6616,woman,hispanic_latino,yes,advanced,no,no,no,no,afternoon,no,34.399807,-32.055793,10,10
T29_0016,classical,20.0,30.8617,2.8593,59.9582,8.9181,1.4923,3.2737,3.6831,3.6053,4.4964,2.1917,3.1971,4.0507,0.238,217.953,2.0,0.0,3.5645,2.4425,4.6232,nonbinary_or_self_described,hispanic_latino,yes,early,no,no,no,no,morning,yes,50.543176,-9.415024,10,10
T29_0017,silence,26.0,17.9838,3.0459,60.5814,6.8844,3.1466,2.124,3.4098,2.6979,4.4043,2.7708,3.2065,3.5347,1.8905,105.3321,4.0,13.7597,1.2293,2.9388,3.5333,man,hispanic_latino,no,advanced,yes,no,yes,no,morning,no,33.84245,-26.73895,10,0
T29_0018,heavy_metal,26.0,157.0946,2.5516,60.9447,7.9695,2.9042,3.2697,3.7273,3.2765,3.4803,3.0852,3.6639,2.8947,0.5394,83.6576,0.0,0.0,2.4188,2.9221,3.5891,woman,asian,no,advanced,no,no,yes,yes,afternoon,yes,56.852465,-4.092235,10,10
T29_0019,self_selected,20.0,19.5284,2.772,82.4891,6.5314,3.0821,3.5693,2.2591,3.9884,2.693,2.574,2.1911,2.0762,4.2144,86.3616,1.0,0.0,3.3292,2.5846,2.9913,woman,hispanic_latino,yes,advanced,no,no,yes,yes,morning,no,51.343158,-31.145942,10,10
T29_0020,self_selected,23.0,121.188,4.3443,61.7037,7.952,4.2408,2.9855,3.0197,3.3545,2.4014,2.8034,2.8652,2.5705,1.9008,70.0148,4.0,7.5138,2.8477,4.0133,3.6927,woman,hispanic_latino,no,advanced,yes,no,no,yes,afternoon,yes,19.66829,-42.03541,10,10
T29_0021,heavy_metal,23.0,119.2891,2.9138,54.4481,8.2294,2.7409,2.7627,4.2771,3.0502,3.9795,3.6821,2.5639,1.5709,1.4364,191.8202,2.0,0.0,3.204,2.7242,2.5547,man,asian,no,advanced,no,no,yes,yes,morning,no,53.419059,-1.029041,10,10
T29_0022,heavy_metal,29.0,97.8005,3.4669,57.5922,7.1352,3.3613,2.9602,1.4141,3.2273,3.0324,2.2697,2.4067,3.828,3.0209,52.0716,1.0,16.3277,3.2677,3.3468,3.1067,man,hispanic_latino,no,advanced,yes,no,no,no,afternoon,no,57.42005,-0.17215,10,10
T29_0023,heavy_metal,20.0,70.1343,3.102,57.3056,7.0416,3.1482,1.6567,2.9188,3.5772,2.8665,1.8832,3.2663,1.9443,3.1036,184.9712,4.0,0.0,3.8139,2.3463,3.0022,man,hispanic_latino,yes,advanced,no,no,yes,no,afternoon,yes,41.879498,-15.426102,10,10
T29_0024,self_selected,22.0,7.3004,2.5529,80.0717,6.8943,2.8386,2.7972,3.3719,4.4298,3.2893,2.7872,3.0247,2.2876,1.4589,206.5385,4.0,9.2085,2.6052,2.1911,3.0083,woman,hispanic_latino,no,early,yes,no,yes,no,afternoon,no,53.454234,-26.617466,10,10
T29_0025,heavy_metal,22.0,94.1423,3.8405,64.7606,7.4841,3.4287,3.6113,2.8549,3.8306,2.9323,2.7374,1.9065,2.6937,6.2695,50.9829,0.0,3.1388,4.1306,1.3473,3.0835,woman,black,yes,early,yes,no,no,no,afternoon,no,39.131765,-25.628835,10,10
T29_0026,classical,19.0,100.2736,2.2591,57.8687,7.3363,2.0893,4.001,3.3464,3.2774,2.8488,2.3776,3.5916,4.0408,4.6905,118.6343,2.0,14.4856,2.6646,3.2784,2.7654,nonbinary_or_self_described,white,no,early,yes,no,no,no,afternoon,no,60.223575,2.354875,10,10
T29_0027,self_selected,19.0,82.5621,3.1977,61.9145,6.1068,3.3502,3.2536,2.8434,3.7762,3.0709,1.4128,3.0052,2.4911,1.2426,99.2526,3.0,0.0,3.8255,1.8043,3.6475,man,black,no,advanced,no,no,no,no,morning,yes,37.74193,-24.17257,10,10
T29_0028,classical,19.0,119.2563,3.4231,48.5401,7.7338,2.2287,3.0508,3.9286,1.7003,2.4303,3.2661,2.8698,3.5467,1.0294,94.5957,3.0,0.0,2.8494,4.1214,2.3771,man,hispanic_latino,no,early,no,no,no,yes,afternoon,no,40.062094,-8.478006,10,10
T29_0029,self_selected,29.0,153.1455,2.5007,54.0914,6.9034,3.8329,4.2674,2.2255,3.6246,3.2389,2.2521,1.9761,1.7029,3.2473,79.3009,4.0,0.0,2.3325,2.8865,2.8576,woman,white,no,early,no,no,yes,no,morning,no,41.338376,-12.753024,10,10
T29_0030,self_selected,24.0,108.6456,3.2354,79.9737,7.6697,2.8902,1.9917,3.9964,2.9886,3.3484,3.9542,2.1489,2.0677,1.6083,36.7411,4.0,19.1275,4.282,4.1723,2.7422,woman,white,yes,advanced,yes,no,yes,no,morning,no,49.585972,-30.387728,10,10
T29_0031,self_selected,22.0,75.1915,3.9625,60.4333,7.8047,2.8497,3.4402,2.7062,4.2505,3.4662,3.4546,4.2555,3.7247,0.7644,17.2209,2.0,0.0,3.0274,3.1785,3.6477,woman,white,no,advanced,no,no,no,no,morning,no,40.004079,-20.429221,10,10
T29_0032,classical,22.0,135.0498,3.9524,55.0262,8.6002,2.7821,3.9958,2.8078,4.2821,2.6082,4.0009,2.8177,3.0405,6.2648,191.2798,4.0,0.0,1.5942,3.5087,2.779,man,asian,no,early,no,no,yes,no,morning,yes,39.340784,-15.685416,10,10
T29_0033,self_selected,21.0,108.8454,3.0412,69.0812,7.8319,2.9726,3.7401,1.313,2.9094,3.9966,4.1683,3.76,3.435,2.8267,61.422,2.0,8.0358,3.3055,2.4262,2.8839,woman,white,no,early,yes,no,no,no,morning,yes,46.305031,-22.776169,10,10
T29_0034,silence,23.0,38.7247,1.8238,46.5186,7.3446,2.6776,1.9469,3.8121,2.9045,2.0899,2.3054,3.6033,3.2403,3.5289,120.4632,1.0,0.0,3.1777,2.6569,3.048,man,white,yes,advanced,no,no,yes,yes,morning,no,45.931827,-0.586773,10,0
T29_0035,heavy_metal,19.0,61.5123,2.0352,58.5052,6.9333,2.6961,2.668,3.1947,1.7517,4.6309,1.9568,3.3443,2.9958,1.9298,72.7073,3.0,0.0,3.1811,3.6708,2.9588,woman,white,no,early,no,no,yes,no,morning,no,37.088548,-21.416652,10,10
T29_0036,heavy_metal,25.0,68.0682,2.6367,42.1034,6.8311,3.2641,2.9616,2.3309,2.4157,2.1484,4.3879,3.3825,3.4405,0.4924,47.042,2.0,0.0,3.044,2.5111,2.6763,man,hispanic_latino,no,early,no,no,no,no,afternoon,no,58.805507,16.702107,10,10
T29_0037,heavy_metal,26.0,101.5249,3.4657,58.728,6.6369,2.4902,3.0755,2.0043,1.2899,2.2229,3.5333,3.3216,2.1258,4.3999,148.071,3.0,0.0,2.3553,2.8863,4.238,woman,multiracial_or_other,yes,early,no,no,yes,yes,afternoon,no,31.382967,-27.345033,10,10
T29_0038,silence,20.0,5.0614,3.9169,68.1654,6.2563,3.6009,2.6489,3.5866,1.9909,3.2181,2.4624,2.4913,3.8831,1.0805,52.7513,1.0,0.0,3.134,3.295,4.3821,man,white,no,early,no,no,yes,no,morning,no,43.90088,-24.26452,10,0
T29_0039,silence,29.0,58.8968,2.8875,39.9695,6.4287,1.0916,3.9849,3.3026,3.7086,2.6473,3.712,4.1642,3.5352,1.3702,108.0634,1.0,0.0,3.3661,3.1763,2.6989,man,multiracial_or_other,no,advanced,no,no,no,yes,afternoon,yes,47.817486,7.847986,10,0
T29_0040,silence,21.0,90.9594,3.7712,56.1458,8.2399,2.2346,3.1079,2.3472,2.3245,3.1884,3.2664,2.9487,2.5003,2.9613,92.5173,4.0,13.0922,3.554,3.0675,3.9854,woman,asian,no,advanced,yes,yes,yes,yes,afternoon,no,30.73359,-25.41221,10,0
T29_0041,classical,25.0,55.6004,3.1643,58.4615,9.3248,2.4518,2.3386,3.1302,3.5215,2.4992,2.861,1.9094,2.6373,6.5658,39.705,1.0,17.6236,3.7148,4.5769,2.5776,woman,asian,no,advanced,yes,no,no,no,afternoon,no,50.369999,-8.091501,10,10
T29_0042,self_selected,27.0,122.1494,3.7334,64.5597,5.8529,2.6577,3.2451,3.7019,2.5752,3.7194,3.3695,3.6967,1.9647,2.8296,40.5171,4.0,0.0,2.774,1.7108,3.1369,woman,white,no,advanced,no,no,yes,no,morning,no,20.868791,-43.690909,10,10
T29_0043,silence,25.0,144.1182,3.6066,53.9549,7.7384,2.3831,3.6294,3.2148,1.866,3.1122,2.8297,2.977,3.2175,4.8199,147.9511,4.0,0.0,2.7743,2.9663,2.4315,woman,white,yes,early,no,no,no,no,morning,no,43.402903,-10.551997,10,0
T29_0044,heavy_metal,22.0,171.8303,2.9337,52.1416,7.6791,2.6958,3.5699,3.538,2.5052,2.5511,2.9299,3.0392,3.0779,1.8384,42.8352,5.0,0.0,2.8994,3.0998,2.3318,woman,white,no,early,no,no,yes,no,afternoon,no,42.801157,-9.340443,10,10
T29_0045,silence,21.0,18.9607,3.0552,52.215,6.8853,3.3023,2.0419,3.7744,3.4668,3.333,2.6818,2.6263,2.8883,2.4105,30.1575,3.0,7.2107,3.435,3.1343,2.6924,woman,white,yes,advanced,yes,no,no,no,morning,yes,53.252829,1.037829,10,0
T29_0046,classical,20.0,44.6304,2.6238,79.7314,6.6775,3.5149,4.9036,2.5487,3.0783,2.6796,4.0576,2.8326,3.5838,1.0578,208.0888,3.0,24.7951,2.7056,2.7429,3.0876,woman,multiracial_or_other,no,early,yes,no,no,no,afternoon,no,52.468308,-27.263092,10,10
T29_0047,silence,24.0,138.684,3.4463,51.8558,6.2443,3.168,2.7672,2.9223,2.855,3.1127,4.0064,3.5987,2.663,3.8152,61.837,1.0,11.4402,1.591,3.4356,3.7071,woman,hispanic_latino,yes,advanced,yes,no,no,no,morning,no,45.739537,-6.116263,10,0
T29_0048,self_selected,24.0,153.3343,3.4702,81.1654,7.4329,2.9979,2.8322,3.2792,3.1193,3.5447,1.9324,3.2995,2.3859,3.4585,207.3151,3.0,16.9021,4.0036,3.3921,2.3953,man,white,yes,early,yes,yes,yes,no,morning,no,40.799174,-40.366226,10,10
T29_0049,classical,31.0,97.6715,3.111,49.8573,6.5868,2.2113,4.8646,3.2524,3.6686,3.3314,4.0008,2.269,3.8354,0.0443,47.6638,4.0,0.0,3.7541,2.6198,2.7574,woman,multiracial_or_other,yes,early,no,no,no,no,morning,no,45.474729,-4.382571,10,10
T29_0050,self_selected,19.0,20.5966,3.1261,50.5691,7.991,3.2035,1.7747,2.7092,3.2259,2.707,3.4074,3.7615,2.7061,1.4359,59.9258,2.0,0.0,3.1467,2.9745,3.3984,woman,black,no,advanced,no,no,no,yes,afternoon,no,30.810827,-19.758273,10,10
T29_0051,self_selected,27.0,110.1061,3.4942,43.4356,6.1152,3.8822,3.4934,2.4868,2.3826,2.0777,3.0533,4.1892,2.4306,8.5234,63.0946,3.0,0.0,3.4161,2.5422,3.073,man,hispanic_latino,yes,advanced,no,no,yes,no,afternoon,no,27.516067,-15.919533,10,10
T29_0052,silence,26.0,37.5187,3.0934,65.171,6.6359,3.6984,3.7187,3.8834,2.976,3.8173,2.5811,3.7639,3.6373,1.414,254.8326,4.0,0.0,1.755,3.1734,2.0026,woman,black,yes,advanced,no,no,no,no,afternoon,no,48.139927,-17.031073,10,0
T29_0053,heavy_metal,24.0,106.2831,3.2546,57.6482,6.2337,3.3471,1.6458,2.6474,3.0128,2.5049,3.32,3.5849,3.2048,0.739,292.4215,2.0,5.544,1.8693,4.4295,3.8285,woman,asian,no,early,yes,no,yes,no,morning,no,44.384989,-13.263211,10,10
T29_0054,silence,19.0,47.8246,2.6983,43.7486,6.81,3.8951,2.9443,3.4854,3.3419,3.8722,3.0764,4.3676,2.4056,3.4034,18.5428,6.0,25.3963,3.8553,2.876,3.4634,woman,hispanic_latino,no,advanced,yes,no,no,no,morning,yes,51.952255,8.203655,10,0
T29_0055,heavy_metal,21.0,39.2308,4.202,62.3128,7.9031,2.9954,2.8499,2.13,3.8744,2.5992,2.9774,4.2371,2.0717,3.32,159.7493,2.0,0.0,3.1712,2.5239,2.1181,woman,multiracial_or_other,no,advanced,no,no,no,no,afternoon,no,36.023739,-26.289061,10,10
T29_0056,self_selected,25.0,140.2277,3.0717,43.0052,7.3467,2.1418,1.8618,3.0554,3.1083,2.5978,2.7588,4.0774,3.6624,2.6977,16.1802,5.0,0.0,3.1019,1.8158,2.4951,man,white,no,advanced,no,no,no,no,morning,yes,24.859004,-18.146196,10,10
T29_0057,classical,24.0,8.4889,3.4089,40.7736,6.7953,1.8282,2.9898,2.9555,3.7194,2.6362,2.3481,2.6942,1.7452,2.4109,230.6269,2.0,27.5919,2.6744,2.5388,2.5304,man,hispanic_latino,yes,advanced,yes,no,yes,no,morning,no,56.633592,15.859992,10,10
T29_0058,heavy_metal,20.0,104.2647,4.539,54.8498,5.7571,1.3857,2.4071,3.0272,2.6245,2.7243,2.4941,2.6899,2.6131,2.089,98.6465,1.0,0.0,2.9946,4.3088,3.6613,man,white,no,early,no,no,no,no,afternoon,no,41.000081,-13.849719,10,10
T29_0059,self_selected,20.0,105.6315,4.2303,52.7947,7.1019,3.8792,3.0055,2.6635,3.5418,2.7518,2.9793,3.0235,4.1054,4.0623,10.5451,3.0,0.0,2.2308,4.0194,3.9524,woman,hispanic_latino,yes,early,no,yes,no,no,morning,no,31.313749,-21.480951,10,10
T29_0060,silence,25.0,59.2545,2.9575,56.4964,7.129,2.6835,1.3419,1.9803,1.4367,1.9631,3.2325,3.6057,4.2972,0.2576,120.7108,2.0,0.0,1.5547,2.5516,3.0467,nonbinary_or_self_described,white,no,early,no,no,no,no,afternoon,no,32.467756,-24.028644,10,0
T29_0061,heavy_metal,19.0,178.2601,3.2091,51.2356,6.1529,2.813,2.3007,2.7235,4.0499,3.2485,2.8912,2.8073,2.9137,1.7271,85.8394,3.0,8.4587,2.784,3.6765,3.057,woman,white,yes,advanced,yes,yes,yes,no,afternoon,yes,46.7008,-4.5348,10,10
T29_0062,classical,22.0,60.0892,3.2355,78.1877,7.0416,3.9668,1.8483,1.5955,4.0074,1.0039,3.4773,3.5273,3.8229,3.1607,135.0105,5.0,0.0,3.4614,3.2487,3.3282,woman,white,yes,advanced,no,no,no,no,morning,no,37.069296,-41.118404,10,10
T29_0063,self_selected,22.0,79.5629,2.7988,59.0539,6.4205,3.2451,3.1076,3.4281,2.9118,2.2837,2.4776,2.8125,3.2132,1.9848,84.9359,3.0,0.0,3.4069,3.0662,2.6714,woman,hispanic_latino,yes,early,no,no,no,no,afternoon,no,47.293326,-11.760574,10,10
T29_0064,heavy_metal,26.0,71.7251,3.3103,38.5038,7.1024,3.7465,3.8493,2.8828,2.271,3.3644,2.3257,3.7921,3.8935,1.6176,114.9858,2.0,0.0,2.6622,3.9402,2.1855,man,black,no,early,no,no,yes,no,morning,yes,57.393407,18.889607,10,10
T29_0065,classical,24.0,125.2315,1.9057,71.3739,7.2678,3.9101,2.0583,4.1709,3.5728,3.5186,3.1725,3.3707,2.7421,4.7672,89.1087,5.0,0.0,2.6222,2.3403,3.1408,woman,multiracial_or_other,no,advanced,no,yes,no,yes,afternoon,no,33.600084,-37.773816,10,10
T29_0066,classical,21.0,173.4257,3.116,48.037,8.4471,3.1827,1.9258,3.7307,3.9852,3.8825,3.2506,2.4047,1.8483,3.3193,132.6433,3.0,3.2527,4.3324,3.1461,3.2949,woman,hispanic_latino,no,early,yes,no,yes,no,afternoon,no,44.010257,-4.026743,10,10
T29_0067,classical,25.0,135.3846,3.1824,53.822,7.5489,3.7944,2.0371,1.832,1.8337,3.456,2.8512,4.0283,2.1709,0.7596,47.2451,3.0,0.0,3.6358,3.4262,2.5675,man,black,yes,early,no,no,no,no,afternoon,no,37.544734,-16.277266,10,10
T29_0068,silence,19.0,37.3676,2.6644,66.8561,6.5575,3.2113,2.7112,3.6007,3.0448,1.532,3.0057,2.4345,2.3087,0.5456,102.7332,4.0,7.9832,3.4695,2.6274,2.9513,man,white,yes,early,yes,no,no,no,morning,no,56.505636,-10.350464,10,0
T29_0069,silence,22.0,56.6004,1.9392,78.0362,6.7045,2.4564,3.2454,2.7806,2.391,3.8856,2.4636,4.0688,2.5038,0.0825,121.7313,4.0,0.0,3.9667,3.5506,2.0562,woman,hispanic_latino,no,advanced,no,no,no,yes,morning,yes,62.827958,-15.208242,10,0
T29_0070,classical,18.0,91.7097,2.612,75.4002,6.9186,1.997,2.9196,2.5833,3.5264,3.3033,3.1699,3.5718,4.7366,0.9336,86.8501,4.0,11.4835,3.8101,1.871,2.6496,woman,hispanic_latino,no,advanced,yes,yes,no,yes,morning,yes,54.218727,-21.181473,10,10
T29_0071,self_selected,20.0,91.2013,3.1862,63.014,6.9912,2.179,3.3912,3.804,3.0678,2.4651,3.7687,4.0347,2.9165,3.3095,93.6503,3.0,23.5818,3.3789,2.1141,2.8391,woman,white,yes,early,yes,no,no,no,morning,no,49.427868,-13.586132,10,10
T29_0072,silence,30.0,174.5362,2.7236,47.7705,6.7856,3.2535,3.9473,3.9338,2.5532,2.2538,3.4023,3.6962,2.9444,1.3537,12.8098,2.0,0.0,2.2612,3.8473,2.8632,woman,black,yes,early,no,no,no,no,morning,yes,50.864559,3.094059,10,0
T29_0073,self_selected,24.0,89.9557,3.1063,45.1774,6.0163,1.6744,2.7803,3.7637,3.6403,2.8125,2.8217,4.2654,3.9794,0.6675,110.6035,3.0,13.3109,2.5896,2.3534,4.0858,man,multiracial_or_other,no,early,yes,no,yes,no,morning,no,43.421085,-1.756315,10,10
T29_0074,silence,25.0,100.0723,2.41,62.0278,8.1169,3.9544,2.7825,1.9028,2.6886,3.7426,2.4272,3.9272,3.1842,1.4777,153.7906,5.0,0.0,4.1136,3.5647,3.9472,woman,white,yes,advanced,no,no,no,no,afternoon,no,31.448689,-30.579111,10,0
T29_0075,silence,26.0,141.8247,3.8438,63.6162,7.3567,3.7665,3.8923,2.3417,3.4746,4.1762,3.359,2.3987,3.3502,2.1244,82.9283,2.0,0.0,2.3402,3.9071,3.5412,woman,white,no,early,no,no,no,no,afternoon,no,45.645385,-17.970815,10,0
T29_0076,silence,26.0,50.3425,3.8654,55.1199,7.357,1.9775,2.9254,2.9217,2.7152,2.886,3.6788,3.23,2.3647,1.7926,34.1423,2.0,0.0,4.2268,3.328,2.763,man,white,no,early,no,no,no,no,morning,yes,54.245829,-0.874071,10,0
T29_0077,classical,21.0,149.9533,1.3717,72.1925,7.6572,1.4924,2.6034,3.7739,2.8774,2.2237,3.0206,3.1706,3.0596,0.2373,69.7626,3.0,0.0,3.6865,3.3696,3.1586,woman,hispanic_latino,no,early,no,no,yes,no,afternoon,no,55.813517,-16.378983,10,10
T29_0078,heavy_metal,25.0,8.5767,2.7247,62.6011,6.3134,3.5015,3.6103,3.6264,2.3817,2.1613,2.6291,3.0522,2.2152,2.1421,44.7216,4.0,0.0,2.1978,3.2473,2.4247,woman,white,no,early,no,no,no,no,morning,yes,52.835919,-9.765181,10,10
T29_0079,self_selected,23.0,85.4831,3.2683,75.6019,7.2096,4.0063,3.3649,2.5159,1.8743,2.7072,3.6842,3.8306,3.136,4.8861,115.8348,3.0,22.3061,3.4429,2.8921,2.4729,man,white,no,advanced,yes,no,no,no,afternoon,no,28.058869,-47.543031,10,10
T29_0080,heavy_metal,23.0,44.8233,3.4092,66.6815,7.5204,3.0479,1.7883,3.0238,2.8246,2.0549,3.3223,2.7675,2.4326,1.8298,300.2989,2.0,0.0,2.762,2.7399,3.4318,woman,hispanic_latino,no,early,no,no,no,no,afternoon,yes,40.951022,-25.730478,10,10
T29_0081,heavy_metal,25.0,138.1037,2.9102,42.2745,6.3032,3.2977,2.5287,2.7527,3.5216,2.491,2.9486,3.4613,4.3002,1.1883,210.5639,4.0,0.0,2.4571,3.2553,3.3089,woman,white,no,early,no,no,no,no,afternoon,no,45.126068,2.851568,10,10
T29_0082,heavy_metal,26.0,105.7029,3.2742,54.336,7.4201,3.2572,3.5407,2.4409,3.4865,3.0086,3.6994,2.4652,3.2765,3.5347,31.0562,4.0,13.7219,2.2857,3.7209,2.6754,woman,white,no,early,yes,no,no,no,morning,no,40.565503,-13.770497,10,10
T29_0083,classical,24.0,161.2359,3.6786,55.644,6.8125,3.3443,3.5089,2.2894,2.4836,2.7587,2.5374,3.8794,2.2919,4.2986,158.4909,3.0,18.6004,2.8013,2.8106,2.8226,woman,hispanic_latino,no,advanced,yes,no,yes,no,morning,no,44.276255,-11.367745,10,10
T29_0084,self_selected,23.0,163.8867,3.2185,59.045,7.3593,1.988,2.8134,3.3385,3.39,2.6199,2.4965,3.1195,3.055,2.2992,25.4972,3.0,0.0,3.1039,1.0598,3.704,woman,white,no,advanced,no,no,no,yes,morning,no,43.829662,-15.215338,10,10
T29_0085,silence,22.0,82.4107,3.5131,57.219,5.7281,3.5858,2.8144,3.3281,2.7687,3.2091,1.4958,4.134,3.5211,2.6902,119.1162,3.0,4.1121,2.72,3.24,4.2415,woman,black,no,advanced,yes,no,yes,no,afternoon,no,34.437486,-22.781514,10,0
T29_0086,self_selected,22.0,161.8298,3.8928,58.6155,6.722,2.266,1.5949,3.4289,3.2568,2.4843,1.141,3.6061,1.6527,1.1951,94.1871,1.0,6.2656,2.8381,2.5065,2.0298,nonbinary_or_self_described,white,no,advanced,yes,no,yes,no,afternoon,no,40.226146,-18.389354,10,10
T29_0087,silence,18.0,111.0748,3.3047,57.1667,7.3803,2.273,3.2329,2.3358,3.9789,2.4775,3.9328,3.8402,3.3257,1.1938,33.126,2.0,0.0,3.4303,3.364,3.5568,man,multiracial_or_other,yes,early,no,no,yes,no,afternoon,yes,41.687689,-15.479011,10,0
T29_0088,heavy_metal,29.0,43.7201,2.7318,64.2786,6.2893,2.6975,2.2664,2.9466,2.4951,3.2098,2.818,2.8279,4.072,2.8567,38.9527,3.0,9.6409,2.2393,3.7239,4.0592,woman,multiracial_or_other,yes,early,yes,no,no,no,afternoon,no,54.382882,-9.895718,10,10
T29_0089,classical,22.0,75.9447,1.8513,58.7738,6.4185,2.4977,4.3964,2.7082,4.5595,1.8067,3.1917,1.6871,3.1283,2.0644,167.3341,1.0,16.2934,3.4192,2.0353,3.56,man,hispanic_latino,no,early,yes,no,yes,no,morning,no,62.39114,3.61734,10,10
T29_0090,self_selected,23.0,52.105,4.0817,57.4984,7.6436,3.1001,2.1086,3.8464,3.1899,3.1952,2.7864,3.2395,3.1395,5.469,203.2695,4.0,0.0,3.1294,2.062,2.5391,man,white,no,early,no,no,no,no,afternoon,no,33.766287,-23.732113,10,10
T29_0091,classical,28.0,35.6112,2.2156,64.5648,6.7061,2.9597,2.0695,3.5271,3.3865,3.3851,3.2486,2.8694,2.2526,5.2033,3.1388,6.0,24.6392,2.995,2.8612,3.5353,woman,asian,no,early,yes,no,yes,no,morning,yes,54.362843,-10.201957,10,10
T29_0092,classical,20.0,157.7325,3.5722,50.0607,6.5656,2.2305,2.1831,2.8343,2.8824,1.8969,4.2727,2.5534,1.6961,1.3288,103.5935,1.0,0.0,3.2892,2.701,3.0983,woman,white,no,advanced,no,no,no,yes,morning,no,37.002456,-13.058244,10,10
T29_0093,classical,26.0,127.0976,2.7256,71.184,7.493,3.4658,3.1238,1.9953,2.5869,3.6947,4.203,3.5429,2.9577,3.3448,61.4427,3.0,0.0,3.4814,3.5136,1.7411,man,white,no,early,no,no,yes,no,afternoon,no,37.401661,-33.782339,10,10
T29_0094,silence,19.0,128.1749,1.8368,53.1734,6.3667,2.0987,1.5339,3.1957,4.0319,2.9004,2.6669,2.1539,3.0576,3.8679,254.5004,6.0,1.0123,3.8826,3.4846,2.4906,man,black,yes,advanced,yes,yes,yes,no,morning,no,43.085768,-10.087632,10,0
T29_0095,classical,22.0,80.8627,4.4199,40.9768,7.0875,2.5257,3.2146,1.901,2.5782,1.0039,3.2545,3.6454,2.2289,3.6513,141.2924,2.0,17.6654,3.5988,3.3431,3.4932,woman,black,no,early,yes,no,no,no,morning,no,37.364745,-3.612055,10,10
T29_0096,heavy_metal,21.0,4.7467,2.4856,61.7877,7.5888,3.1093,2.6129,3.8673,2.243,3.5661,2.3625,3.1163,2.9112,4.2649,193.3465,1.0,11.4325,3.9628,2.9199,2.9798,woman,hispanic_latino,yes,early,yes,no,no,no,morning,no,50.333559,-11.454141,10,10
T29_0097,silence,23.0,68.1839,3.1413,57.0777,6.6256,3.8616,4.001,3.5566,3.3272,1.6934,3.3338,3.1082,4.2614,2.6024,300.332,5.0,3.0659,3.2143,2.3386,3.7104,woman,white,no,early,yes,no,no,no,morning,yes,60.220805,3.143105,10,0
T29_0098,self_selected,22.0,72.264,3.4268,41.9229,8.9454,3.4523,2.379,2.6069,2.6072,3.0112,3.2862,1.725,2.5408,0.664,117.9656,2.0,1.6293,3.0772,1.9546,2.3128,man,white,no,advanced,yes,no,no,no,morning,no,45.902978,3.980078,10,10
T29_0099,silence,24.0,57.0676,1.7954,75.5603,6.5019,2.6988,1.8384,3.2783,2.471,2.0542,2.5719,3.5281,3.8984,1.413,191.4981,4.0,0.0,2.8263,3.0273,1.7582,woman,hispanic_latino,yes,early,no,no,no,yes,morning,no,49.131028,-26.429272,10,0
T29_0100,silence,26.0,92.9662,3.1676,52.3685,7.2213,1.9257,2.8418,2.2842,3.4194,3.2115,3.5048,3.39,1.432,1.239,106.9713,3.0,20.5649,3.3878,1.8203,2.9122,woman,white,yes,early,yes,no,yes,no,afternoon,no,53.581455,1.212955,10,0
T29_0101,classical,21.0,10.0395,2.9945,63.3645,7.6198,1.6152,2.8014,2.7435,2.585,4.3705,3.483,1.9932,2.8161,3.5187,121.5338,5.0,7.1157,3.1182,3.2432,3.2275,man,white,no,early,yes,no,yes,no,afternoon,yes,49.283721,-14.080779,10,10
T29_0102,self_selected,23.0,94.0441,3.6787,48.0991,8.4319,1.8284,2.7183,2.9907,4.0884,4.4679,3.3074,3.5753,4.5128,3.6273,117.0123,1.0,7.0731,4.283,2.0607,3.323,woman,white,no,advanced,yes,no,yes,no,morning,no,31.40889,-16.69021,10,10
T29_0103,classical,24.0,74.1651,2.8788,55.6246,8.1644,2.1596,3.5096,2.5275,3.2238,2.8008,2.2633,2.8205,2.6809,0.8147,110.2083,3.0,0.0,3.8894,2.9022,3.9611,woman,white,yes,early,no,no,no,no,morning,no,43.103362,-12.521238,10,10
T29_0104,self_selected,23.0,72.2361,3.433,71.1428,7.2693,3.66,3.4659,2.5825,3.2014,2.6958,3.6121,3.0932,2.6511,0.2944,67.3856,2.0,8.0691,2.4829,2.1746,3.1845,woman,white,yes,advanced,yes,no,no,no,afternoon,no,44.972097,-26.170703,10,10
T29_0105,silence,26.0,187.8315,3.6067,63.2558,7.53,2.5162,4.197,3.1561,1.1067,4.5982,3.34,3.4347,3.593,2.816,262.0763,1.0,21.68,2.9115,4.1477,3.0864,man,white,no,early,yes,no,yes,no,afternoon,no,60.121861,-3.133939,10,0
T29_0106,self_selected,23.0,116.0243,3.2631,60.1462,7.5228,2.9806,2.8776,2.367,2.2311,2.5983,2.971,3.6103,3.2556,0.9398,79.3148,1.0,17.9712,3.685,3.3441,3.2252,woman,white,no,advanced,yes,no,no,no,morning,no,43.908051,-16.238149,10,10
T29_0107,heavy_metal,26.0,60.1129,3.2739,71.1635,5.4918,2.8583,3.359,2.7427,2.458,2.4105,1.8201,2.7509,2.5067,1.1748,133.2199,3.0,16.5609,2.5091,3.2143,2.2383,woman,hispanic_latino,no,advanced,yes,no,no,yes,afternoon,no,53.120963,-18.042537,10,10
T29_0108,self_selected,23.0,64.4509,3.3219,43.1108,7.0154,3.5985,3.62,3.5109,3.5681,4.1289,2.7392,4.007,1.9912,0.3146,78.9035,3.0,6.5549,2.5185,2.7168,3.9111,man,asian,no,early,yes,no,no,yes,morning,no,47.913489,4.802689,10,10
T29_0109,classical,24.0,170.3661,2.7286,51.8373,7.2933,2.6187,2.4606,4.2466,3.5398,3.6194,2.9834,3.1387,2.6738,3.062,110.2832,2.0,13.4996,3.451,3.4708,2.1142,woman,hispanic_latino,yes,advanced,yes,no,yes,no,afternoon,no,55.597163,3.759863,10,10
T29_0110,self_selected,19.0,117.4323,2.8182,72.8233,6.735,3.0811,3.5872,3.7296,2.6582,3.6142,3.3799,2.4952,2.8358,2.3421,101.6469,1.0,0.3082,2.5697,2.989,2.7263,man,asian,no,early,yes,no,no,no,morning,no,44.107875,-28.715425,10,10
T29_0111,silence,27.0,30.6665,3.3374,58.7692,6.8762,3.189,2.9165,3.2992,1.5105,4.1393,3.0143,2.9754,2.8573,1.7707,76.0673,4.0,0.0,2.7733,2.2044,3.0536,man,white,no,advanced,no,no,yes,no,morning,yes,37.006866,-21.762334,10,0
T29_0112,heavy_metal,27.0,79.8235,3.4022,69.8994,6.0756,2.9078,2.3779,3.4122,3.3344,2.6701,2.6038,3.5226,1.7271,2.9947,108.8893,2.0,12.929,2.7204,3.2104,4.3597,woman,white,yes,advanced,yes,no,no,no,morning,no,53.957303,-15.942097,10,10
T29_0113,self_selected,28.0,121.3355,3.1203,63.4768,6.8499,2.1869,3.1506,2.9369,2.3034,4.3963,2.9695,2.1736,2.8212,0.5514,111.1586,4.0,5.0879,3.693,3.4697,3.0367,man,multiracial_or_other,no,advanced,yes,no,yes,no,afternoon,yes,44.277985,-19.198815,10,10
T29_0114,heavy_metal,25.0,108.8763,3.09,67.0749,7.8004,2.8834,4.2689,3.4001,3.499,3.6074,3.3408,3.9096,3.1738,1.932,12.5876,1.0,0.0,2.793,2.985,3.8563,woman,hispanic_latino,yes,advanced,no,no,no,yes,afternoon,no,50.045434,-17.029466,10,10
T29_0115,classical,26.0,132.3204,4.0019,63.7537,7.1222,2.1669,3.2273,3.6079,3.0442,2.2078,2.6955,3.2382,3.4614,1.425,150.0794,2.0,17.7354,1.5523,2.4098,3.0129,man,multiracial_or_other,no,early,yes,no,yes,no,afternoon,yes,30.702208,-33.051492,10,10
T29_0116,self_selected,25.0,149.6042,2.8657,56.8584,7.5854,2.9359,2.9355,2.8211,3.0749,2.3828,1.9617,2.1368,2.915,1.221,62.1832,1.0,0.0,3.3889,3.358,1.7609,woman,black,yes,advanced,no,no,yes,no,morning,no,33.685851,-23.172549,10,10
T29_0117,silence,18.0,164.6976,3.2619,43.1971,5.7722,3.2158,3.9006,3.5253,2.5983,1.8965,2.8749,3.1798,3.6025,2.8367,170.4835,0.0,0.0,3.3812,3.5706,3.8004,man,hispanic_latino,no,early,no,no,yes,no,afternoon,yes,49.275131,6.078031,10,0
T29_0118,classical,24.0,180.3073,1.4959,60.7668,7.3528,2.3678,2.9647,3.3597,3.0637,4.7094,2.5858,2.2806,2.4274,5.5882,65.7127,2.0,0.0,3.6092,2.4189,3.7813,man,hispanic_latino,no,early,no,no,no,no,morning,no,56.485865,-4.280935,10,10
T29_0119,heavy_metal,23.0,113.8201,3.8372,56.0832,8.022,2.6763,2.563,2.405,2.7409,3.6777,3.3365,2.753,2.3402,4.3468,85.8625,5.0,11.0181,2.5741,3.2622,2.006,man,white,no,advanced,yes,no,no,no,afternoon,yes,46.645644,-9.437556,10,10
T29_0120,classical,27.0,96.1679,3.5101,49.9679,7.5088,2.854,2.302,2.7571,2.9177,2.1214,1.489,2.8534,3.3307,2.3291,53.7938,2.0,0.0,1.9651,2.4289,1.9176,man,asian,yes,early,no,no,no,no,morning,no,40.895489,-9.072411,10,10
T29_0121,heavy_metal,23.0,145.4078,1.988,64.3046,6.8271,2.8205,2.822,2.6435,2.4476,3.5051,2.515,2.0649,2.636,5.3825,95.166,3.0,0.0,1.9618,2.5063,2.7623,woman,white,yes,advanced,no,no,no,no,afternoon,no,46.881466,-17.423134,10,10
T29_0122,self_selected,20.0,76.3835,2.148,59.9614,6.7472,4.3122,1.7152,2.2866,3.9607,3.2744,3.1147,2.4462,4.0763,1.7082,46.2563,3.0,0.0,2.5336,3.2991,2.226,man,white,no,early,no,yes,yes,no,morning,no,41.988576,-17.972824,10,10
T29_0123,classical,28.0,83.1454,2.7588,42.2717,7.461,2.9752,3.2847,2.4379,2.5141,3.3707,2.1777,2.0649,2.6509,4.2914,67.2997,4.0,5.5703,1.6446,2.2212,2.8455,woman,asian,yes,advanced,yes,no,no,no,afternoon,yes,36.517384,-5.754316,10,10
T29_0124,self_selected,19.0,121.137,2.906,66.9673,8.7415,1.925,1.3074,2.1204,3.3659,1.9547,3.8137,2.9614,2.8766,4.2471,123.937,2.0,8.7383,2.8044,2.5651,3.796,woman,white,no,early,yes,no,no,no,afternoon,yes,47.164953,-19.802347,10,10
T29_0125,classical,24.0,85.876,3.3991,56.0621,7.0878,3.434,1.722,3.7866,3.5099,2.6302,3.1533,2.2272,2.2697,3.9058,101.4549,1.0,10.1656,2.1526,3.7815,2.604,man,hispanic_latino,no,early,yes,no,no,no,morning,no,48.484167,-7.577933,10,10
T29_0126,heavy_metal,21.0,75.4625,2.8381,50.042,6.4817,3.1986,3.7914,2.5827,3.9806,4.5656,3.2583,3.0584,2.6265,0.5568,114.0162,1.0,16.2359,2.7976,2.8052,4.2178,man,hispanic_latino,no,advanced,yes,no,yes,no,afternoon,no,58.149405,8.107405,10,10
T29_0127,heavy_metal,29.0,63.7342,2.9171,60.1913,5.8962,2.8098,4.5153,3.0654,3.07,4.1147,3.1518,3.1768,3.495,1.4147,160.0944,1.0,21.1841,4.0377,2.7687,3.5435,man,hispanic_latino,no,advanced,yes,no,no,no,afternoon,no,53.966939,-6.224361,10,10
T29_0128,silence,21.0,81.9819,4.4083,48.836,5.706,2.7255,3.4108,2.723,2.0883,3.1028,2.7228,3.136,3.0254,5.428,103.3021,3.0,16.7194,3.7027,3.8884,3.2831,man,hispanic_latino,no,advanced,yes,no,no,no,morning,yes,47.254908,-1.581092,10,0
T29_0129,heavy_metal,27.0,71.2561,3.1458,62.1298,6.8068,3.2039,2.7479,4.1382,2.4588,3.6289,3.7356,1.9281,2.5595,3.5614,30.6329,4.0,20.3426,3.8058,3.1148,2.7162,woman,multiracial_or_other,no,early,yes,no,yes,yes,afternoon,no,47.493104,-14.636696,10,10
T29_0130,silence,26.0,129.0223,2.966,65.7121,6.3799,3.5738,2.8407,3.4708,3.0271,2.3644,3.0833,1.9245,3.0821,0.9429,132.9259,2.0,3.8722,2.1212,1.9164,1.8759,nonbinary_or_self_described,white,no,early,yes,no,yes,yes,afternoon,no,40.234556,-25.477544,10,0
T29_0131,silence,22.0,155.8709,1.4479,56.2885,8.266,3.3238,2.3776,3.2777,4.4203,3.3918,2.2978,2.2584,3.5175,2.2355,110.3359,2.0,0.0,4.1911,2.9343,3.6882,woman,hispanic_latino,yes,advanced,no,no,no,yes,morning,no,35.188425,-21.100075,10,0
T29_0132,silence,21.0,95.5655,1.7098,78.249,7.1355,3.6191,3.5234,2.8936,3.0751,3.61,2.3239,2.9802,3.7642,6.1542,115.0257,3.0,2.1033,1.5538,3.8733,2.4877,woman,white,no,early,yes,no,no,no,afternoon,no,49.205475,-29.043525,10,0
T29_0133,heavy_metal,21.0,104.6338,2.7695,67.7603,8.0423,3.7563,2.3837,3.3368,3.834,3.5337,3.2315,3.3754,2.1527,3.6401,86.6634,2.0,10.1819,2.9232,3.322,3.0446,woman,hispanic_latino,no,advanced,yes,no,yes,no,morning,yes,50.384628,-17.375672,10,10
T29_0134,silence,19.0,119.8162,4.4215,46.6626,6.9684,3.8227,3.1318,2.0511,4.2443,4.1147,2.9804,2.854,2.6597,0.4181,154.0124,2.0,13.5567,4.1374,4.0313,2.812,woman,white,no,early,yes,no,no,no,afternoon,no,40.2535,-6.4091,10,0
T29_0135,self_selected,27.0,159.0933,3.0024,59.5425,7.3153,2.2969,3.006,1.5859,2.9119,2.5941,2.9481,3.9636,3.1187,0.5387,205.6544,5.0,12.641,3.51,1.7154,4.7224,woman,white,yes,advanced,yes,no,no,no,morning,no,34.746863,-24.795637,10,10
T29_0136,classical,21.0,71.26,3.5429,70.3163,7.8667,3.6618,3.087,2.229,1.2173,3.3903,3.3095,2.8521,3.0887,1.118,24.3776,3.0,6.216,2.8792,2.1978,4.2059,woman,asian,yes,advanced,yes,no,no,no,afternoon,no,36.640564,-33.675736,10,10
T29_0137,self_selected,26.0,115.5894,3.1534,43.1192,6.9669,1.7458,2.9519,2.7896,3.9395,2.8977,3.7182,2.8091,3.011,1.6726,75.624,5.0,4.3956,1.8441,3.0749,4.0533,woman,white,no,early,yes,no,yes,no,morning,yes,41.199229,-1.919971,10,10
T29_0138,self_selected,18.0,137.0718,2.9303,62.6582,6.8723,3.0024,3.0664,3.5008,1.7036,3.2322,2.6469,2.3806,3.4227,0.8382,184.3239,3.0,29.7777,3.736,3.1784,2.1218,woman,hispanic_latino,no,advanced,yes,no,yes,no,afternoon,no,50.268074,-12.390126,10,10
T29_0139,classical,23.0,126.1043,3.5392,54.5773,7.9399,2.618,3.2333,2.3378,3.3283,3.4634,2.1568,2.5075,3.045,3.4864,135.4439,5.0,6.3504,2.6221,2.6673,3.0916,woman,asian,yes,early,yes,no,yes,no,afternoon,no,29.034319,-25.542981,10,10
T29_0140,self_selected,21.0,78.3217,3.6828,76.0476,6.5195,2.8954,3.5412,3.021,3.7152,3.93,2.1805,2.7501,3.7131,0.2765,119.5289,2.0,18.2772,2.9463,2.8964,2.9008,woman,multiracial_or_other,no,early,yes,no,yes,yes,afternoon,no,37.624831,-38.422769,10,10
T29_0141,silence,25.0,96.9019,3.6237,59.977,7.7307,2.0111,2.7316,1.8434,3.3652,2.3739,2.3443,2.141,2.8717,1.0652,102.0477,3.0,0.0,2.6288,3.0813,3.1622,woman,white,yes,advanced,no,no,yes,no,afternoon,no,36.631352,-23.345648,10,0
T29_0142,self_selected,18.0,86.7243,3.9434,71.5168,7.113,3.3028,2.8077,3.0112,3.0747,4.3768,2.5623,3.8526,4.5848,3.1766,1.9871,3.0,4.3037,2.2989,2.0474,1.5612,man,black,no,advanced,yes,no,yes,no,morning,no,24.981441,-46.535359,10,10
T29_0143,silence,19.0,63.3229,3.1906,51.3861,6.1971,4.6585,2.4163,2.5968,2.3568,2.1299,3.6279,3.0024,3.5787,1.5279,78.2716,4.0,23.5145,2.3933,3.3768,2.867,woman,asian,no,early,yes,no,no,no,afternoon,no,38.095172,-13.290928,10,0
T29_0144,self_selected,21.0,63.9925,3.8637,47.5875,6.3572,2.8712,3.208,3.5002,2.98,2.3013,3.1758,3.6864,2.3258,3.3022,160.2308,1.0,0.0,3.0464,3.0939,3.176,woman,white,no,advanced,no,no,yes,no,morning,no,27.420545,-20.166955,10,10
T29_0145,silence,19.0,81.2179,2.6292,61.5618,6.2648,3.2444,1.8928,2.3928,3.0846,3.8925,2.8058,2.903,2.1602,2.6304,131.7192,5.0,15.5639,3.1718,4.2698,3.3407,woman,hispanic_latino,no,advanced,yes,no,no,no,afternoon,yes,49.499671,-12.062129,10,0
T29_0146,classical,23.0,17.7369,1.9513,64.3969,7.5968,2.473,2.7393,3.2825,2.2426,3.5731,2.0424,3.9985,2.6371,0.0033,199.8716,3.0,17.2045,3.6219,2.2548,2.4821,man,white,no,early,yes,no,no,no,morning,yes,48.542955,-15.853945,10,10
T29_0147,silence,22.0,66.526,3.0948,65.1491,8.6171,4.0124,1.1063,2.4016,3.487,2.4189,3.5558,2.2917,2.9051,2.9462,199.075,2.0,0.0,3.57,3.5094,2.0821,man,hispanic_latino,no,early,no,yes,yes,yes,morning,no,41.962026,-23.187074,10,0
T29_0148,silence,23.0,70.002,2.0166,41.9618,6.6791,3.8855,2.7725,2.1555,3.0875,1.7609,2.6806,3.5965,2.0046,0.4652,41.7487,6.0,0.0,2.589,3.6671,2.5633,woman,white,yes,advanced,no,no,yes,no,morning,no,47.76402,5.80222,10,0
T29_0149,self_selected,18.0,122.5036,3.1931,57.3511,7.1042,2.2795,4.1082,3.8291,2.7534,2.3032,3.5561,2.9537,3.114,3.1834,71.2635,1.0,11.6934,2.8496,2.7555,2.2881,man,hispanic_latino,no,early,yes,no,yes,no,morning,no,33.043171,-24.307929,10,10
T29_0150,silence,26.0,35.7881,2.8249,53.6653,6.2714,2.7702,3.1707,3.7996,2.9229,3.4955,2.2703,3.5952,2.7211,3.0472,74.6786,1.0,13.1478,3.407,3.3783,2.8179,man,white,no,early,yes,no,no,no,morning,no,50.536543,-3.128757,10,0
T29_0151,classical,21.0,91.61,2.856,57.8247,7.0229,4.4375,2.0023,2.8763,2.8912,1.9335,2.725,3.3654,3.937,2.6738,157.9691,3.0,14.9504,2.5093,3.7682,2.0543,woman,hispanic_latino,yes,advanced,yes,no,no,no,morning,no,51.687126,-6.137574,10,10
T29_0152,classical,27.0,68.8711,3.9301,57.9982,7.4009,3.8963,3.3335,2.2819,1.8648,3.7057,1.8932,2.8615,2.1636,2.0433,133.9968,2.0,10.5664,3.845,2.2148,3.7438,nonbinary_or_self_described,hispanic_latino,no,early,yes,no,yes,no,afternoon,no,37.611873,-20.386327,10,10
T29_0153,heavy_metal,18.0,3.9536,3.0812,33.7959,6.387,2.9422,2.4153,3.5893,2.7449,3.5462,3.2714,2.6497,2.1155,4.3395,162.0032,3.0,17.7835,2.8788,2.1665,1.8866,woman,hispanic_latino,yes,advanced,yes,no,no,no,afternoon,no,52.050659,18.254759,10,10
T29_0154,self_selected,23.0,138.8275,3.1566,54.2763,8.5334,2.3737,3.7529,3.0146,2.4213,2.8879,3.4987,3.7259,2.5029,4.6654,120.7315,3.0,21.4513,3.527,3.7049,3.8602,woman,hispanic_latino,no,early,yes,no,no,no,morning,no,48.582657,-5.693643,10,10
T29_0155,self_selected,27.0,86.9172,2.6429,58.4601,6.9717,4.0315,3.0642,2.8671,1.9136,3.1769,2.7008,1.5275,3.2037,6.3498,16.5908,3.0,16.2905,3.8768,3.0898,2.9052,woman,asian,yes,early,yes,no,yes,no,afternoon,no,55.268589,-3.191511,10,10
T29_0156,heavy_metal,24.0,89.2723,4.8492,39.406,5.9314,3.6226,2.9808,2.2526,3.035,3.0861,2.7521,3.1965,3.6952,3.9186,71.8389,2.0,0.0,2.3539,3.8527,2.6556,man,white,no,advanced,no,no,no,no,morning,no,29.403964,-10.002036,10,10
T29_0157,heavy_metal,23.0,98.9009,2.385,65.0057,7.0623,2.6777,1.5919,4.4826,2.4131,3.4579,2.1965,4.2563,2.2531,3.6449,119.6101,5.0,0.0,1.4822,3.3793,2.3128,woman,white,no,early,no,no,no,yes,morning,no,43.41219,-21.59351,10,10
T29_0158,heavy_metal,22.0,87.0609,2.8167,60.6692,8.0958,3.1399,4.7048,2.3489,2.8326,2.2142,4.2326,3.361,2.7836,2.1486,37.4294,4.0,0.0,2.6006,3.6666,2.0002,man,hispanic_latino,no,early,no,no,no,yes,morning,no,50.623943,-10.045257,10,10
T29_0159,self_selected,22.0,46.2746,2.1874,47.9584,6.5938,2.2889,2.7342,3.4582,2.7969,3.8177,3.2098,4.1265,3.5684,1.2249,30.0051,1.0,21.9525,3.1173,3.4196,4.0927,woman,hispanic_latino,no,advanced,yes,yes,yes,no,afternoon,no,37.225656,-10.732744,10,10
T29_0160,heavy_metal,21.0,91.7695,1.9855,52.7062,8.394,2.5238,3.1737,2.5465,2.3824,2.665,3.5369,2.4004,2.6277,0.1472,128.0128,2.0,14.3368,2.7275,3.277,3.4336,woman,hispanic_latino,yes,early,yes,no,yes,no,morning,no,64.017919,11.311719,10,10
T29_0161,self_selected,21.0,90.8102,3.1523,50.2647,6.406,3.0169,3.0468,2.1034,2.6143,4.4962,1.7549,4.5416,3.3631,1.4687,76.0037,0.0,3.8033,2.6639,4.1314,2.874,woman,white,yes,advanced,yes,no,no,no,afternoon,no,29.053381,-21.211319,10,10
T29_0162,heavy_metal,26.0,129.3096,2.7822,55.5921,8.0492,2.1154,2.524,3.8685,3.435,3.6851,2.1887,2.5062,2.0504,2.7658,141.8708,3.0,2.537,3.1462,3.6454,3.5197,man,hispanic_latino,no,advanced,yes,no,no,no,morning,yes,57.754017,2.161917,10,10
T29_0163,heavy_metal,22.0,84.5928,3.4657,71.793,7.4839,3.4572,3.0459,2.8383,3.2423,3.6556,2.7577,3.9534,3.6967,1.5759,148.002,1.0,0.0,3.6761,1.8789,2.9288,woman,white,no,advanced,no,no,no,no,morning,no,40.530577,-31.262423,10,10
T29_0164,classical,24.0,160.0608,3.0602,57.4075,6.2212,1.5435,3.4419,2.8383,2.1493,1.3892,2.748,3.2645,4.0526,3.0029,202.0087,7.0,0.0,1.8972,2.0656,1.9857,woman,hispanic_latino,yes,advanced,no,no,no,yes,afternoon,no,36.364779,-21.042721,10,10
T29_0165,heavy_metal,28.0,66.7854,2.7042,64.7272,7.4661,2.6983,3.4653,3.0695,2.4688,4.2241,2.7818,4.2505,3.591,0.4851,42.1505,1.0,15.9982,3.2716,2.581,2.6491,woman,black,no,early,yes,no,yes,no,morning,no,56.182316,-8.544884,10,10
T29_0166,self_selected,23.0,131.4104,3.2112,70.2919,7.1574,2.6246,2.6125,2.4503,3.1865,2.6609,1.7166,3.7054,2.416,3.4475,197.0877,4.0,11.8521,2.1682,3.3173,3.1203,man,multiracial_or_other,no,early,yes,no,no,no,morning,no,47.803637,-22.488263,10,10
T29_0167,silence,21.0,69.3923,2.9277,53.0212,7.3918,3.6399,3.8931,3.8004,3.9,2.831,3.2682,2.489,3.0774,1.1256,154.6765,3.0,29.7448,3.0975,1.8873,1.983,man,hispanic_latino,yes,early,yes,no,no,no,morning,no,52.954721,-0.066479,10,0
T29_0168,silence,24.0,26.965,2.1431,61.1261,6.37,2.3779,4.0622,2.6407,2.0203,3.5938,2.3678,2.302,4.4201,4.0449,128.8825,2.0,17.8342,3.6078,3.0851,3.5132,man,asian,no,early,yes,no,no,yes,afternoon,no,49.19321,-11.93289,10,0
T29_0169,silence,20.0,82.8959,2.3676,55.5798,6.2961,2.0804,3.4557,3.0175,2.8681,2.0411,2.8436,2.1651,3.6999,1.6657,143.7526,4.0,6.9754,2.0721,2.2768,2.3434,woman,hispanic_latino,yes,advanced,yes,no,no,yes,afternoon,yes,55.964042,0.384242,10,0
T29_0170,heavy_metal,23.0,76.6879,2.602,54.5385,6.2732,2.2111,4.7112,3.3837,2.9932,2.8352,3.3283,1.3889,2.161,3.6391,91.9175,3.0,6.8226,3.6679,2.1738,3.8422,man,white,yes,early,yes,no,yes,no,afternoon,no,50.643501,-3.894999,10,10
T29_0171,silence,19.0,8.5287,3.1508,72.4029,8.0827,2.3126,1.938,4.3494,2.7232,2.2915,3.1505,2.9531,2.1658,0.0632,142.8237,3.0,8.9172,2.5401,3.1731,2.8792,man,black,no,advanced,yes,no,yes,no,afternoon,no,45.924249,-26.478651,10,0
T29_0172,heavy_metal,27.0,128.5717,4.358,66.8455,7.3036,3.2329,1.6888,1.658,1.6168,4.1324,2.3408,3.1898,1.9748,5.4545,67.6784,1.0,0.0,2.9896,2.742,2.282,man,hispanic_latino,no,advanced,no,no,yes,no,afternoon,no,14.47096,-52.37454,10,10
T29_0173,self_selected,21.0,106.4811,2.8899,61.1319,6.2117,2.265,2.7739,2.5134,3.2449,2.1562,3.4718,2.3976,2.521,6.4099,1.5599,2.0,0.0,2.7088,2.6884,2.3444,woman,hispanic_latino,no,early,no,no,no,yes,afternoon,yes,45.509607,-15.622293,10,10
T29_0174,classical,28.0,34.6443,2.6637,40.3486,6.1659,1.7759,3.1933,3.7453,4.1813,2.1805,3.2266,3.6469,3.3907,0.9382,152.3851,4.0,0.0,3.3849,3.0571,3.4822,woman,hispanic_latino,no,early,no,no,no,no,afternoon,no,53.93651,13.58791,10,10
T29_0175,heavy_metal,23.0,91.7117,2.9667,63.4094,8.6696,2.6764,3.8701,2.6176,4.082,2.9487,2.7665,3.9351,3.0086,3.1277,132.233,3.0,19.6814,3.0832,2.3984,3.1726,man,white,no,advanced,yes,no,no,no,afternoon,yes,56.707374,-6.702026,10,10
T29_0176,silence,19.0,55.6351,3.4928,72.1583,6.7249,3.0375,4.3048,1.6576,2.9865,2.8452,2.1979,3.3342,2.9954,5.5965,80.6578,2.0,24.9122,2.8987,3.8507,3.577,man,white,no,early,yes,no,yes,no,morning,no,43.028782,-29.129518,10,0
T29_0177,heavy_metal,21.0,73.1237,3.0829,29.6532,8.0091,3.6111,4.3087,2.3857,2.6119,2.275,3.9134,2.8962,3.1268,1.6449,108.3422,2.0,0.0,3.1599,2.7771,2.6568,man,asian,no,advanced,no,no,yes,no,morning,no,48.816264,19.163064,10,10
T29_0178,heavy_metal,26.0,63.1511,3.7415,57.8185,7.614,2.401,3.1867,4.031,2.8792,3.3272,3.0445,3.552,3.1126,1.8367,110.138,4.0,0.0,2.3512,3.389,2.9355,man,hispanic_latino,no,early,no,no,no,no,morning,no,30.293339,-27.525161,10,10
T29_0179,classical,27.0,120.9258,2.5846,69.7024,7.699,3.245,1.6778,2.1694,3.924,3.2088,2.8193,3.9123,1.2225,2.1647,135.4633,1.0,0.0,4.0005,3.899,2.3987,woman,asian,yes,early,no,no,no,yes,morning,no,32.001284,-37.701116,10,10
T29_0180,heavy_metal,32.0,152.5751,2.8344,61.3729,8.1098,3.1531,3.7313,3.6836,3.8261,3.6056,3.3378,3.1874,3.5339,3.5831,141.85,2.0,0.0,3.4451,3.3765,3.8603,woman,black,yes,advanced,no,no,yes,no,afternoon,no,42.679628,-18.693272,10,10
T29_0181,heavy_metal,22.0,79.747,1.6125,73.0986,5.764,4.1073,3.1808,4.3284,3.0481,2.894,3.8497,2.3213,3.0601,4.4416,31.1391,3.0,4.9132,2.8101,3.3265,2.81,woman,multiracial_or_other,yes,advanced,yes,no,no,no,afternoon,no,64.114163,-8.984437,10,10
T29_0182,classical,24.0,83.347,3.2109,62.3649,6.807,2.1046,2.6834,2.0623,3.3134,3.5661,2.9987,2.9451,3.7438,3.4816,114.4215,3.0,17.4894,1.9643,3.8626,2.9818,man,white,yes,early,yes,no,no,no,morning,no,52.41313,-9.95177,10,10
T29_0183,classical,25.0,79.713,2.4018,68.9553,7.0992,2.1295,3.2432,2.758,2.2037,3.8296,2.6323,2.9736,3.5403,1.2753,277.3068,1.0,9.5789,1.8199,2.265,2.3084,man,white,no,advanced,yes,no,no,yes,afternoon,no,46.647092,-22.308208,10,10
T29_0184,classical,21.0,75.5915,2.3521,52.6527,6.7656,1.9757,3.3579,3.2163,4.1072,2.9709,2.9311,2.778,3.8274,1.1032,130.9728,3.0,0.0,2.8618,2.6898,2.4752,man,hispanic_latino,yes,early,no,no,no,no,afternoon,no,50.84973,-1.80297,10,10
T29_0185,classical,28.0,131.145,3.6525,61.9904,7.0364,2.3396,2.8531,3.333,4.1927,2.9009,2.9119,2.9466,3.4168,1.2098,162.6795,2.0,0.0,2.4693,3.4775,3.0324,nonbinary_or_self_described,hispanic_latino,no,early,no,no,no,no,afternoon,yes,34.498768,-27.491632,10,10
T29_0186,self_selected,21.0,58.099,4.04,61.5459,7.3656,2.9112,2.9161,2.4124,2.9788,2.7931,2.7977,3.2119,2.0921,5.2373,230.0133,5.0,0.0,2.4393,3.3042,2.329,man,white,no,early,no,no,no,no,morning,no,40.970499,-20.575401,10,10
T29_0187,self_selected,28.0,127.2141,1.3084,64.2873,6.9943,2.3865,3.2742,4.4028,2.626,3.2854,2.6297,3.6526,3.3678,0.1435,174.9997,3.0,0.0,3.0371,2.7874,1.6139,woman,white,no,advanced,no,no,no,no,morning,no,46.757132,-17.530168,10,10
T29_0188,silence,29.0,94.8083,3.1244,41.2974,5.5998,2.4949,1.8082,3.3287,2.8183,2.0663,2.5173,3.0437,1.9227,2.1942,147.6841,4.0,7.9059,3.5877,3.5745,3.0173,woman,hispanic_latino,no,early,yes,no,yes,no,afternoon,no,52.956494,11.659094,10,0
T29_0189,classical,20.0,134.4797,2.7069,62.7202,6.9072,1.6509,2.1493,2.1243,2.5255,2.9371,2.7754,1.3207,2.2831,1.8773,123.1718,0.0,0.0,2.3016,2.7532,3.4454,woman,hispanic_latino,no,advanced,no,no,yes,no,morning,no,50.969928,-11.750272,10,10
T29_0190,self_selected,24.0,174.3652,3.5301,58.5653,7.3121,2.7117,2.4442,2.5917,3.3222,2.9935,2.9651,2.8691,2.1553,1.7726,164.5831,4.0,0.0,4.0804,2.69,2.7055,man,white,no,advanced,no,no,no,no,morning,no,25.993304,-32.571996,10,10
T29_0191,heavy_metal,23.0,144.4861,2.798,51.6377,6.4284,3.4832,3.1104,3.1762,3.0138,1.4528,2.2923,1.9931,3.1366,0.2077,159.9405,4.0,0.0,4.7898,3.5516,3.1914,woman,white,yes,early,no,no,yes,no,afternoon,yes,61.310797,9.673097,10,10
T29_0192,self_selected,31.0,19.3803,1.2609,57.5422,8.0083,2.0539,1.6525,3.6642,3.541,3.9646,3.6272,2.7166,2.8734,0.4861,112.413,2.0,13.9771,2.5862,4.01,1.5649,woman,asian,no,early,yes,no,yes,no,morning,no,48.922504,-8.619696,10,10
T29_0193,classical,21.0,151.7121,2.9552,63.0938,7.4405,3.3556,2.7638,3.5722,2.8034,2.347,2.6249,2.9297,2.9217,0.8386,216.6724,2.0,0.0,2.502,3.7351,2.6688,woman,white,no,early,no,no,no,no,afternoon,no,36.212097,-26.881703,10,10
T29_0194,self_selected,25.0,50.2788,3.5039,68.2784,7.0476,4.775,2.5152,2.4171,3.0745,2.6954,2.8731,3.846,2.4283,1.5476,85.7265,3.0,0.0,1.4616,2.5781,3.7722,man,hispanic_latino,yes,early,no,no,no,no,morning,no,30.387436,-37.890964,10,10
T29_0195,heavy_metal,26.0,116.2002,3.0419,66.2636,7.6292,2.4566,3.0625,3.3982,1.8022,4.1792,2.5099,2.5323,4.2289,2.7724,120.5521,4.0,11.3326,3.5099,2.6319,2.2664,man,white,yes,advanced,yes,no,yes,no,afternoon,no,44.718347,-21.545253,10,10
T29_0196,heavy_metal,23.0,104.5421,3.8691,67.6434,6.4702,2.9536,3.2866,3.5913,2.5573,2.7777,3.0069,2.5298,3.1017,2.115,0.6574,2.0,0.0,2.3563,3.5017,3.3655,man,white,yes,early,no,no,no,no,morning,no,45.849043,-21.794357,10,10
T29_0197,silence,26.0,89.0112,4.1074,69.3042,7.7151,2.4062,3.4178,2.8119,2.1047,2.7529,2.3522,3.1021,3.0269,2.7734,164.3657,2.0,0.0,3.3408,4.0808,3.0115,woman,white,yes,advanced,no,no,no,no,afternoon,no,41.873789,-27.430411,10,0
T29_0198,classical,19.0,82.1288,3.562,72.9457,8.1994,3.4754,2.8796,3.6876,2.6664,3.5665,3.7158,3.0648,3.7779,0.1702,58.7099,2.0,0.0,3.1117,3.1766,2.4188,woman,hispanic_latino,yes,advanced,no,no,no,no,morning,no,30.956058,-41.989642,10,10
T29_0199,heavy_metal,22.0,88.1654,3.3239,30.0339,7.0569,2.7543,2.8408,4.2679,2.7805,3.0767,3.5703,3.357,1.8952,0.5879,52.1833,3.0,0.0,3.6843,3.0853,2.0952,woman,hispanic_latino,no,advanced,no,no,yes,no,morning,no,42.538285,12.504385,10,10
T29_0200,heavy_metal,19.0,127.2252,3.5662,66.4125,6.7803,3.8396,3.6046,4.1517,4.4114,4.0894,3.9527,3.6368,3.1698,2.7578,89.252,3.0,0.0,2.8757,3.0742,1.8514,man,asian,no,advanced,no,no,yes,no,afternoon,yes,44.76824,-21.64426,10,10
T29_0201,silence,26.0,99.6527,2.823,71.6612,6.8468,2.3125,2.01,2.1677,3.3372,1.7046,2.6144,2.9014,2.9201,3.0355,89.5326,2.0,17.7925,3.8724,2.2896,2.0434,man,white,no,early,yes,no,no,no,morning,yes,60.049695,-11.611505,10,0
T29_0202,silence,28.0,99.0949,2.116,51.9974,6.059,4.4352,4.1197,3.0244,3.0761,3.2241,3.6934,2.5239,2.8154,2.4429,32.0179,4.0,0.0,4.2217,2.3062,2.1809,woman,white,no,early,no,no,yes,no,morning,no,52.188095,0.190695,10,0
T29_0203,self_selected,30.0,7.7014,3.817,53.02,6.3419,2.3312,3.368,2.5978,3.8772,3.8831,3.5272,2.7727,2.5039,0.2495,141.3252,2.0,0.0,2.4974,3.864,2.9824,woman,white,yes,advanced,no,no,no,no,morning,no,36.59702,-16.42298,10,10
T29_0204,heavy_metal,23.0,76.6558,3.6673,48.4956,5.9742,3.4178,3.2339,2.6709,3.0497,3.4157,3.2297,3.5046,3.0251,2.7048,143.9488,3.0,0.0,1.7467,2.6791,2.8761,man,asian,no,early,no,no,no,no,afternoon,no,45.776077,-2.719523,10,10
T29_0205,classical,25.0,123.3321,2.8071,53.5184,7.1994,1.4595,2.5615,2.8755,2.0033,1.8353,4.7601,3.9332,1.6559,1.1375,175.0112,2.0,16.8289,3.9107,3.0538,2.43,man,hispanic_latino,no,advanced,yes,no,yes,no,afternoon,yes,57.017426,3.499026,10,10
T29_0206,heavy_metal,22.0,106.4053,3.7398,66.2733,8.1496,3.9343,3.5818,2.634,2.5687,2.4171,2.545,3.0309,4.0155,1.87,146.9415,3.0,14.6191,2.6089,3.5782,3.7743,man,hispanic_latino,yes,early,yes,no,no,no,afternoon,no,33.708429,-32.564871,10,10
T29_0207,silence,22.0,123.9522,1.7786,47.4261,6.8832,2.5653,2.2616,3.478,2.6163,3.475,2.8352,3.0625,3.2058,1.2402,42.2643,2.0,0.0,2.557,4.191,3.3806,nonbinary_or_self_described,hispanic_latino,no,early,no,no,no,no,afternoon,no,48.828193,1.402093,10,0
T29_0208,silence,21.0,33.5999,2.6732,48.2959,8.4751,3.9804,2.9543,3.4536,4.2655,3.4665,2.1272,4.0772,3.5636,1.4084,95.5129,2.0,21.3809,4.008,1.8798,2.3926,man,white,no,early,yes,no,no,no,afternoon,no,47.091552,-1.204348,10,0
T29_0209,silence,21.0,31.613,2.153,56.417,6.8356,2.1952,1.9858,2.8699,4.2665,2.8065,1.7656,2.9869,2.6198,2.3325,45.3068,3.0,3.4077,2.1591,4.3642,2.3169,man,white,yes,early,yes,no,no,yes,afternoon,yes,35.175559,-21.241441,10,0
T29_0210,self_selected,28.0,115.1379,3.8075,69.7593,6.6188,4.6938,4.079,2.914,3.9229,2.4019,2.4838,2.4706,3.0981,2.167,19.204,2.0,18.3725,2.1338,3.1416,1.9385,man,white,no,early,yes,no,yes,no,morning,no,53.385119,-16.374181,10,10
T29_0211,silence,24.0,98.5555,2.7403,58.2255,7.0464,2.9352,3.1267,3.395,2.7071,2.7858,2.586,3.564,2.2298,2.3717,160.4346,3.0,0.0,2.7238,3.184,2.2984,woman,white,no,advanced,no,no,no,no,morning,no,44.757938,-13.467562,10,0
T29_0212,classical,21.0,15.7406,2.6954,75.3284,7.5361,2.4811,3.5703,2.4668,2.5459,2.1535,2.7092,3.1458,2.8874,6.6292,180.4674,0.0,0.0,3.3573,3.4812,2.6357,woman,white,no,advanced,no,no,yes,no,morning,no,39.392355,-35.936045,10,10
T29_0213,self_selected,23.0,94.7672,3.2662,53.1832,7.9305,3.4367,2.6232,2.9451,3.6374,2.6061,1.3752,3.4126,2.2132,1.5353,124.9877,4.0,0.0,3.3964,1.7455,3.1258,woman,hispanic_latino,no,early,no,no,no,no,morning,no,34.527709,-18.655491,10,10
T29_0214,heavy_metal,26.0,82.675,3.6223,51.8898,6.7711,2.8131,3.3266,3.9006,1.9423,3.92,3.7729,1.8706,3.6909,1.8065,134.8391,4.0,0.0,2.3566,2.4827,2.5478,woman,multiracial_or_other,no,early,no,yes,yes,no,afternoon,yes,21.588186,-30.301614,10,10
T29_0215,self_selected,28.0,48.5638,3.6216,63.2136,7.3047,2.7617,2.4545,3.4066,2.3121,2.9278,2.6654,2.3423,2.4836,3.42,9.8806,3.0,0.0,2.5124,2.6775,3.9856,nonbinary_or_self_described,hispanic_latino,no,advanced,no,no,yes,yes,afternoon,no,32.669573,-30.544027,10,10
T29_0216,classical,23.0,40.0367,4.2431,52.9619,7.8484,2.9188,3.3295,2.8801,3.0477,2.6538,2.5575,2.6201,2.6828,0.7673,200.3182,2.0,0.0,3.8607,4.1524,2.6809,man,hispanic_latino,yes,early,no,no,no,yes,afternoon,no,38.447985,-14.513915,10,10
T29_0217,classical,22.0,58.0797,2.6322,68.3352,6.1833,3.3543,2.2913,3.4152,2.0475,3.2138,3.6671,2.9359,1.8427,0.0764,60.1966,3.0,0.0,2.0029,3.0103,2.5387,man,multiracial_or_other,yes,advanced,no,no,yes,no,morning,no,50.94775,-17.38745,10,10
T29_0218,classical,29.0,62.9819,2.7851,45.3632,5.7129,2.3251,3.6826,3.4143,2.7398,3.9233,1.6143,2.8227,3.1844,1.7463,115.0688,3.0,25.5615,2.3617,2.829,2.9131,man,white,yes,advanced,yes,no,no,no,afternoon,no,43.115957,-2.247243,10,10
T29_0219,silence,22.0,63.8342,1.6286,48.7253,6.519,3.3353,2.8413,3.0688,3.375,2.793,3.8589,2.3349,2.9153,6.7012,79.9838,1.0,15.7258,3.9546,2.3708,3.6751,man,white,no,advanced,yes,no,no,yes,morning,yes,55.774306,7.049006,10,0
T29_0220,silence,19.0,78.3252,2.2047,49.9073,9.3116,2.3846,3.0196,3.8743,2.5415,2.6061,1.9221,2.5091,3.9713,5.1834,243.3164,5.0,0.0,3.3107,4.6489,3.6572,man,black,no,advanced,no,no,yes,no,afternoon,no,40.024871,-9.882429,10,0
T29_0221,self_selected,26.0,104.8236,3.8911,60.8149,6.7733,2.5075,3.8586,2.4668,3.1109,1.1166,1.904,3.53,2.948,1.202,97.9206,4.0,0.0,2.3674,3.5484,2.3166,woman,white,yes,advanced,no,no,no,no,morning,yes,42.926846,-17.888054,10,10
T29_0222,silence,27.0,50.3638,3.3569,52.561,6.4922,2.7275,3.2068,2.6884,3.0355,3.1929,3.4893,2.5245,3.1163,1.4732,154.2256,4.0,0.0,3.2802,4.0342,2.7106,woman,black,yes,advanced,no,no,no,no,morning,no,53.272847,0.711847,10,0
T29_0223,silence,19.0,80.2117,2.151,40.7455,6.2766,2.0998,3.4557,2.9809,2.5183,2.0615,3.2606,2.5119,4.202,0.9413,162.3408,2.0,8.4144,4.1128,4.1189,3.299,man,asian,yes,early,yes,no,no,no,morning,yes,46.25342,5.50792,10,0
T29_0224,heavy_metal,21.0,104.07,3.8023,80.4162,8.3581,3.0166,3.6459,3.4966,3.187,2.9561,4.4122,4.358,2.9203,1.7907,110.9074,1.0,0.0,2.6143,3.0395,3.5569,man,hispanic_latino,no,advanced,no,yes,yes,no,afternoon,no,30.855016,-49.561184,10,10
T29_0225,heavy_metal,25.0,112.8625,3.534,65.1587,7.8067,3.4383,3.187,1.6615,2.6929,2.9677,1.9577,1.5582,3.0396,3.2665,84.7386,5.0,6.7999,2.791,3.9819,3.2345,woman,hispanic_latino,no,advanced,yes,no,no,no,morning,no,43.937614,-21.221086,10,10
T29_0226,self_selected,18.0,117.9488,3.0989,56.4514,6.9569,2.6101,3.054,3.3008,2.0547,2.3867,4.3984,2.7787,3.5459,4.3118,224.5215,5.0,0.0,2.4518,2.8144,2.4361,man,white,yes,early,no,no,no,no,afternoon,no,46.562444,-9.888956,10,10
T29_0227,classical,31.0,131.5873,2.3229,67.0653,8.0321,1.8564,2.8837,3.2288,2.2336,2.935,2.3448,3.8725,3.0265,2.4107,56.9352,5.0,0.0,3.6878,2.74,2.2994,man,asian,no,early,no,no,yes,no,afternoon,no,41.643934,-25.421366,10,10
T29_0228,silence,25.0,61.5937,3.2063,68.726,7.1908,2.6921,3.8406,2.6142,3.3041,2.6646,4.4511,3.2663,2.7946,1.1519,39.2976,2.0,1.9963,2.0761,2.6969,2.7826,woman,asian,yes,early,yes,no,no,no,morning,yes,50.79875,-17.92725,10,0
T29_0229,classical,28.0,107.9073,3.4501,62.8638,7.7083,2.7551,3.0784,3.5668,3.3762,1.6991,2.293,3.1032,2.6426,1.6396,81.6822,4.0,19.882,4.2105,2.8097,3.2019,man,white,no,early,yes,yes,no,no,morning,no,51.616844,-11.246956,10,10
T29_0230,classical,29.0,57.9364,2.9013,83.4223,8.1276,2.8999,1.8093,3.3051,2.536,2.4683,2.3441,3.899,3.7248,4.1431,189.8133,3.0,15.5101,3.1546,2.7725,2.9923,man,multiracial_or_other,no,early,yes,no,no,no,morning,no,56.565905,-26.856395,10,10
T29_0231,self_selected,18.0,141.9793,2.8639,63.057,7.158,1.7545,3.9112,3.312,3.2752,3.7618,3.0429,4.3979,2.6527,1.2128,96.4922,2.0,0.0,2.7767,3.1407,3.8398,woman,white,yes,early,no,yes,yes,no,morning,no,43.162923,-19.894077,10,10
T29_0232,classical,27.0,52.299,4.0143,61.1069,7.8693,3.9923,3.2364,3.2576,2.8469,3.1867,2.0479,2.9942,2.1233,0.5839,111.1161,4.0,0.0,2.3953,3.2872,4.1493,woman,white,no,advanced,no,no,no,no,morning,yes,43.64045,-17.46645,10,10
T29_0233,heavy_metal,22.0,132.693,2.7675,73.6084,6.6286,2.9675,2.1994,2.6962,3.1004,3.5769,3.7273,3.6273,1.9598,1.2152,208.1793,4.0,21.6722,2.7739,2.2385,3.575,man,asian,no,early,yes,no,no,no,morning,no,41.062332,-32.546068,10,10
T29_0234,classical,25.0,182.6423,2.9478,33.092,6.5481,2.869,2.9501,3.1974,1.9732,2.4896,2.2032,3.5515,2.2546,3.0294,99.3989,4.0,16.6352,2.6514,2.8455,3.3306,woman,hispanic_latino,yes,advanced,yes,no,no,no,morning,no,34.962328,1.870328,10,10
T29_0235,classical,22.0,125.911,3.517,36.4664,7.0041,1.6813,4.4291,2.4691,3.8849,3.428,4.1886,3.3225,4.3713,2.72,259.5284,4.0,0.0,2.9251,2.3774,1.7499,man,hispanic_latino,no,advanced,no,no,yes,no,afternoon,no,39.12086,2.65446,10,10
T29_0236,silence,25.0,49.4838,3.2599,65.8942,6.9358,3.3958,3.2594,2.8489,2.2633,2.4657,2.323,3.681,2.7958,1.1601,157.7467,3.0,2.2985,2.454,3.4913,2.9639,man,hispanic_latino,no,advanced,yes,no,no,no,afternoon,yes,40.590459,-25.303741,10,0
T29_0237,silence,25.0,165.3879,3.8187,73.0431,7.4481,3.2624,2.788,1.5679,3.0329,2.9258,3.2591,2.1293,1.8872,3.0915,38.8028,2.0,7.9706,2.0726,3.188,2.2569,woman,multiracial_or_other,yes,early,yes,no,no,no,morning,no,53.602142,-19.440958,10,0
T29_0238,silence,27.0,0.0342,2.7975,72.335,5.8639,2.3823,3.0876,3.5765,3.445,2.6797,1.6644,2.308,3.754,0.388,297.6212,3.0,0.0,2.3308,2.1569,3.1829,woman,white,no,advanced,no,no,no,no,morning,no,50.430035,-21.904965,10,0
T29_0239,classical,21.0,80.2513,2.7448,61.1873,8.3251,2.6291,3.1763,2.3475,2.7679,4.5674,4.2257,3.4068,2.8169,1.8136,146.5206,3.0,8.7999,3.9317,3.3393,2.7105,man,hispanic_latino,no,advanced,yes,no,yes,yes,morning,no,36.463758,-24.723542,10,10
T29_0240,classical,28.0,84.0169,2.8166,57.7809,7.7374,1.2005,2.5737,3.1973,2.1183,2.5533,3.5657,2.5872,4.176,1.9766,141.5634,2.0,0.0,2.1264,3.5534,2.9695,man,white,no,early,no,yes,yes,no,afternoon,no,43.032939,-14.747961,10,10
T29_0241,classical,26.0,53.3105,4.4763,81.2855,7.7598,3.5994,2.4747,3.0277,1.9874,3.4949,3.4896,2.4131,3.2067,2.1693,97.7284,1.0,4.7812,2.5382,2.2198,3.6083,woman,white,yes,early,yes,yes,no,no,afternoon,no,41.19527,-40.09023,10,10
T29_0242,classical,20.0,102.1751,1.494,70.7408,7.6364,3.2393,2.5078,2.1471,3.2235,2.9828,2.5647,2.7491,2.7118,2.0767,110.0416,2.0,0.0,1.9967,2.2485,2.9671,man,hispanic_latino,no,advanced,no,no,yes,no,morning,no,46.920345,-23.820455,10,10
T29_0243,classical,25.0,51.6464,2.9029,61.0487,7.1839,4.6642,3.3028,1.692,3.0417,4.4468,1.9427,4.5175,3.5894,3.9775,191.9014,4.0,13.6181,2.1955,2.3603,2.4539,man,white,no,advanced,yes,no,no,no,afternoon,no,32.819378,-28.229322,10,10
T29_0244,silence,26.0,67.0865,3.3207,35.2427,6.2,2.0447,4.1032,2.7734,1.6724,4.0542,2.8325,3.3314,2.6235,3.0853,179.3994,5.0,13.8702,3.289,2.2945,3.3633,woman,multiracial_or_other,no,early,yes,no,yes,no,morning,no,51.248138,16.005438,10,0
T29_0245,heavy_metal,26.0,114.8041,3.1122,57.7271,7.8191,2.7362,3.3344,2.9084,2.7985,2.834,4.1204,4.2894,3.9954,3.7417,151.7258,3.0,0.0,2.8225,2.1198,3.1774,man,hispanic_latino,no,advanced,no,no,no,no,afternoon,yes,40.407806,-17.319294,10,10
T29_0246,heavy_metal,23.0,120.5504,3.2438,60.0901,6.4627,3.4655,2.2377,3.9838,1.517,3.0252,2.2007,2.468,2.0236,0.9297,32.4566,3.0,0.0,2.6462,3.2141,2.6283,woman,asian,yes,early,no,no,no,no,afternoon,yes,38.568963,-21.521137,10,10
T29_0247,classical,25.0,86.86,2.9681,43.8336,7.8389,3.4473,3.1244,2.4033,1.5519,2.8557,3.1326,2.5455,3.7605,0.835,41.1061,3.0,24.8609,3.615,4.3486,3.3248,man,white,no,advanced,yes,no,no,yes,morning,yes,41.464656,-2.368944,10,10
T29_0248,heavy_metal,20.0,122.9213,3.2545,59.2262,7.2702,2.4079,2.4542,2.0332,2.1784,3.6517,2.7356,3.97,2.2969,2.25,160.1748,2.0,19.6537,3.0268,3.3506,2.5592,woman,asian,yes,advanced,yes,no,no,no,morning,no,45.121143,-14.105057,10,10
T29_0249,self_selected,20.0,90.7079,2.5081,66.8489,6.4894,3.0471,1.5574,2.5653,1.8488,3.7816,3.5906,3.7139,2.8088,2.3377,49.7243,3.0,0.0,3.4675,1.936,3.0621,man,asian,no,early,no,no,no,no,afternoon,no,49.632983,-17.215917,10,10
T29_0250,heavy_metal,31.0,50.6335,2.8546,67.5082,6.8466,2.7495,3.3104,3.2898,3.4474,2.4216,2.8047,3.8491,3.2207,0.8598,40.8621,3.0,0.0,1.4438,3.1946,2.6616,woman,hispanic_latino,no,early,no,no,no,no,morning,no,44.279045,-23.229155,10,10
T29_0251,silence,23.0,150.8761,4.0277,68.0763,8.5241,2.4622,1.9182,3.0695,2.1497,3.26,3.604,3.3391,2.7786,3.8244,215.4392,4.0,3.0941,2.7766,3.0982,3.0788,man,hispanic_latino,yes,early,yes,yes,no,no,morning,no,41.306993,-26.769307,10,0
T29_0252,self_selected,21.0,19.7852,2.0094,57.9784,6.147,2.2551,3.582,3.5339,2.9947,3.9334,2.2744,2.2282,2.2062,3.1833,65.8483,5.0,0.0,3.1825,3.0813,3.0457,woman,hispanic_latino,no,advanced,no,no,yes,no,morning,no,36.82231,-21.15609,10,10
T29_0253,heavy_metal,20.0,46.4381,1.51,48.9889,6.1466,3.6358,3.2355,3.6246,2.541,3.2382,4.2714,3.1972,4.1031,1.2604,105.5007,4.0,0.0,2.4484,2.8365,3.1938,man,white,yes,advanced,no,no,no,no,afternoon,no,44.521371,-4.467529,10,10
T29_0254,self_selected,19.0,158.9508,4.1766,45.718,8.0374,4.0907,3.0913,3.4165,2.3615,2.8671,3.5718,2.0427,3.2681,2.5722,217.8324,1.0,0.0,2.7018,3.5488,4.6902,man,white,no,early,no,no,yes,no,morning,no,29.213739,-16.504261,10,10
T29_0255,self_selected,22.0,150.586,2.2969,58.9981,7.3788,2.0418,3.2377,3.2843,3.3575,4.9766,3.0257,3.214,3.331,0.5538,69.8324,4.0,12.4931,2.8487,4.3688,3.1197,man,hispanic_latino,no,advanced,yes,no,yes,no,morning,no,51.541307,-7.456793,10,10
T29_0256,classical,23.0,65.9645,3.0402,60.6944,7.661,2.9144,4.0675,1.9595,3.8265,3.5374,2.9561,3.3803,4.525,0.229,33.4755,3.0,10.5366,1.8582,3.4088,2.6638,woman,hispanic_latino,no,advanced,yes,no,yes,no,afternoon,no,34.393092,-26.301308,10,10
T29_0257,heavy_metal,21.0,92.7317,2.6945,46.8145,7.8085,4.041,3.02,3.107,2.0308,2.6876,2.5295,3.8804,3.3378,2.3384,246.8892,5.0,0.0,3.0691,3.734,3.2737,woman,hispanic_latino,no,advanced,no,yes,no,no,afternoon,yes,34.718708,-12.095792,10,10
T29_0258,self_selected,22.0,21.3093,3.5125,61.5521,7.5454,3.4021,3.0982,2.9453,4.1064,2.1587,1.5729,2.7547,2.8335,1.6972,69.3667,2.0,13.4741,4.062,3.5629,3.4166,man,white,yes,advanced,yes,no,no,no,morning,no,42.331647,-19.220453,10,10
T29_0259,classical,23.0,83.4641,3.1961,62.1882,6.8964,3.5919,3.0339,3.7841,2.2483,2.898,2.6624,3.8194,2.4603,2.0782,149.3987,2.0,30.1867,2.6131,2.1663,3.3654,woman,hispanic_latino,no,advanced,yes,no,no,no,afternoon,no,48.02813,-14.16007,10,10
T29_0260,self_selected,21.0,61.8753,3.7195,55.3535,7.1988,2.9719,2.4167,2.3379,2.7515,2.5693,2.7289,2.6308,4.205,2.2822,213.0103,3.0,0.0,4.3514,3.9216,2.9506,nonbinary_or_self_described,hispanic_latino,no,early,no,no,yes,no,morning,no,46.090999,-9.262501,10,10
T29_0261,heavy_metal,18.0,65.5837,2.4211,53.9967,6.3127,3.5949,3.5887,2.819,2.4567,2.6862,2.8817,3.3456,3.8601,1.7475,11.1507,2.0,0.0,3.1653,3.105,2.7656,woman,white,no,early,no,no,no,no,afternoon,no,42.634009,-11.362691,10,10
T29_0262,heavy_metal,24.0,99.2089,2.7186,50.7303,7.1574,2.3374,2.8893,2.1125,3.4306,3.3536,3.9051,1.6357,3.3661,4.0998,132.7571,3.0,0.0,3.4572,3.8056,2.8788,man,black,no,early,no,no,no,no,afternoon,yes,49.268729,-1.461571,10,10
T29_0263,self_selected,22.0,79.8476,4.5917,65.717,6.8772,3.3638,2.8598,3.9019,3.3875,2.9692,2.0058,4.9007,2.7644,1.6372,254.2965,0.0,0.0,3.3896,3.8,1.1651,woman,white,no,advanced,no,no,no,no,afternoon,no,44.764352,-20.952648,10,10
T29_0264,silence,24.0,153.2363,1.9099,62.009,7.0263,3.0016,3.4423,3.9549,3.2462,3.1486,2.8516,2.739,3.2283,3.9256,127.4375,3.0,1.9875,2.9723,2.2966,2.6176,man,hispanic_latino,no,early,yes,no,no,no,afternoon,no,54.61187,-7.39713,10,0
T29_0265,heavy_metal,22.0,42.1021,3.0524,57.8433,5.9874,2.3028,2.2863,2.4061,1.8159,3.4721,4.1918,3.0003,2.8296,1.4491,42.6454,6.0,0.0,4.1103,3.4238,3.1957,woman,hispanic_latino,yes,early,no,no,yes,no,afternoon,yes,43.98076,-13.86254,10,10
T29_0266,silence,23.0,131.836,3.263,82.4173,7.4625,2.6803,2.6322,2.8425,2.6868,3.5656,4.022,2.0168,4.2835,1.4655,175.7644,2.0,8.7413,3.6309,3.3065,3.9934,woman,asian,no,advanced,yes,no,yes,yes,morning,no,39.602724,-42.814576,10,0
T29_0267,silence,21.0,114.3936,4.5454,70.5949,7.198,3.4094,1.7138,3.9693,3.3421,2.1662,2.9935,3.915,2.8047,0.0975,131.7889,4.0,11.6964,3.6119,4.2933,3.4333,woman,white,no,early,yes,no,yes,no,afternoon,yes,51.023554,-19.571346,10,0
T29_0268,silence,22.0,94.0064,3.2867,43.4425,6.2933,2.5409,3.04,3.4018,2.4301,2.7866,3.9484,2.8305,3.708,2.7435,59.0428,4.0,13.7888,2.1383,3.5591,2.5303,woman,black,yes,advanced,yes,no,no,no,afternoon,no,35.826437,-7.616063,10,0
T29_0269,silence,23.0,87.9843,2.8554,65.6211,7.5566,2.1501,3.8441,2.9735,4.1695,2.9614,2.3486,2.9211,1.1874,3.9093,70.2873,6.0,0.0,2.7477,3.1938,2.7693,man,white,yes,advanced,no,no,yes,no,morning,yes,45.30422,-20.31688,10,0
T29_0270,self_selected,30.0,140.4886,2.5252,60.0783,6.4157,1.81,3.0103,3.1224,2.8846,4.4883,3.7461,1.6302,3.8101,2.7904,196.8409,1.0,10.3422,2.5372,3.7223,3.2042,man,white,yes,early,yes,no,yes,no,afternoon,no,54.424185,-5.654115,10,10
T29_0271,self_selected,25.0,61.8758,2.4931,59.3102,6.9819,3.9283,2.4824,2.8463,3.5419,2.5882,2.4539,2.856,2.8621,0.9321,175.8948,2.0,0.0,2.9115,2.7064,2.7704,man,multiracial_or_other,no,advanced,no,no,yes,no,morning,yes,44.113199,-15.197001,10,10
T29_0272,heavy_metal,24.0,52.6377,2.7504,67.8127,7.0717,3.7875,1.9487,3.0322,2.9402,3.0284,3.1749,3.5434,3.9999,2.0006,101.859,4.0,10.3341,2.7822,2.6101,3.9161,man,hispanic_latino,yes,early,yes,no,no,no,morning,yes,53.261363,-14.551337,10,10
T29_0273,classical,24.0,161.2681,4.3958,40.9427,7.2952,3.3143,2.5055,1.8617,3.1407,3.4761,3.0517,4.2583,2.8095,0.8479,68.452,3.0,13.6159,2.4801,3.6792,2.1957,man,white,yes,advanced,yes,no,no,no,afternoon,no,27.650044,-13.292656,10,10
T29_0274,classical,23.0,109.0926,2.5554,64.5403,7.4429,3.6814,2.3639,4.118,2.6267,3.373,3.4551,2.8932,2.2999,1.9458,51.2726,2.0,23.1115,2.72,2.1904,3.5067,man,hispanic_latino,yes,advanced,yes,no,no,no,afternoon,no,52.888037,-11.652263,10,10
T29_0275,self_selected,25.0,114.1615,3.2054,48.4931,5.8621,2.4514,2.9784,2.5645,3.8212,2.6918,4.2373,3.4543,2.9772,1.0533,119.0547,5.0,0.0,2.9445,2.6528,2.5193,woman,hispanic_latino,no,advanced,no,no,yes,no,afternoon,no,49.246746,0.753646,10,10
T29_0276,heavy_metal,27.0,64.4921,2.8303,69.7745,5.4764,3.8788,3.7129,2.6654,3.2583,1.4116,2.1544,2.9902,1.9145,0.8843,211.13,2.0,11.7366,2.7341,3.4394,4.4297,woman,hispanic_latino,yes,advanced,yes,yes,no,no,afternoon,no,46.601742,-23.172758,10,10
T29_0277,silence,23.0,107.1665,3.0005,51.97,6.4923,2.0509,2.08,2.9656,3.5576,2.9817,2.8301,3.5939,3.1829,1.2857,40.6335,3.0,0.0,2.6222,3.3891,2.7056,woman,white,no,early,no,yes,yes,no,morning,no,31.786455,-20.183545,10,0
T29_0278,classical,32.0,91.756,4.1986,67.5055,6.2796,2.6193,2.463,2.2713,2.6842,4.0771,3.2127,2.6646,3.0224,2.2148,114.5132,4.0,0.0,2.3745,2.0372,3.9641,woman,hispanic_latino,yes,advanced,no,yes,no,no,morning,no,39.057785,-28.447715,10,10
T29_0279,heavy_metal,29.0,57.2453,2.7261,80.3009,7.0892,2.9255,3.5614,3.0458,2.2249,2.256,3.5194,2.777,3.3252,2.5941,174.9866,1.0,3.6219,2.6158,3.0634,2.5933,woman,white,yes,advanced,yes,no,yes,no,morning,no,70.411204,-9.889696,10,10
T29_0280,silence,20.0,54.4353,2.4775,59.1827,7.2378,3.3263,3.0607,2.3321,4.2402,4.5323,3.4016,2.8721,2.3212,3.1156,224.7027,3.0,10.7331,2.4716,3.5443,2.2252,woman,hispanic_latino,yes,advanced,yes,no,yes,no,afternoon,no,48.50639,-10.67631,10,0
T29_0281,silence,18.0,100.3441,2.4229,48.9549,7.2101,3.7549,2.771,2.0331,1.3839,1.8908,2.5516,3.4134,1.9531,1.0333,19.2596,3.0,0.0,2.0771,3.1981,3.1521,man,black,no,early,no,yes,no,no,morning,no,42.078529,-6.876371,10,0
T29_0282,heavy_metal,23.0,30.2909,2.5534,52.6067,6.8809,2.886,2.467,2.5681,2.6558,2.9889,2.8502,1.9149,2.7268,7.6791,149.0004,4.0,29.116,1.483,3.7245,2.8774,woman,white,no,early,yes,no,no,no,morning,no,56.28481,3.67811,10,10
T29_0283,heavy_metal,21.0,69.5361,2.9932,69.532,7.1635,3.7971,2.3937,3.2069,3.9641,3.271,2.4445,3.6499,3.5229,3.781,20.3032,4.0,0.0,2.0019,2.4355,3.199,woman,hispanic_latino,no,advanced,no,no,no,no,morning,no,46.533437,-22.998563,10,10
T29_0284,silence,23.0,25.9557,2.8472,54.253,9.0949,4.2874,2.3877,3.3446,3.0019,3.5124,3.6835,1.9939,2.5555,1.6557,161.0877,2.0,14.0842,3.6098,2.0277,2.7396,woman,white,no,advanced,yes,no,no,no,afternoon,no,53.003068,-1.249932,10,0
T29_0285,classical,23.0,114.0671,2.6004,50.0805,6.6539,3.8868,2.9235,3.3444,3.3193,3.4716,2.9168,2.2736,2.1402,3.5372,121.0454,2.0,0.0,2.6591,3.2083,3.0565,woman,hispanic_latino,no,advanced,no,no,no,no,morning,no,45.161044,-4.919456,10,10
T29_0286,classical,22.0,103.7465,3.0335,75.2916,6.9377,1.8533,2.9247,3.8531,2.184,2.8471,2.8933,3.0507,2.7059,0.8652,62.1725,2.0,0.0,1.7342,2.133,2.5646,man,white,no,early,no,no,no,no,morning,no,47.282349,-28.009251,10,10
T29_0287,heavy_metal,23.0,51.1909,2.7431,84.0048,8.176,2.7079,3.0148,2.613,3.2087,2.4826,3.1365,2.6461,2.3907,7.9329,218.6588,2.0,10.5274,3.1613,2.992,2.4329,man,white,no,early,yes,no,yes,yes,morning,no,57.207831,-26.796969,10,10
T29_0288,silence,24.0,116.2518,3.3134,45.3469,7.0865,3.0892,4.0589,3.3047,2.6657,2.2833,3.2301,4.0278,2.6969,3.6941,155.0312,2.0,22.4965,1.6461,3.3649,2.3085,man,hispanic_latino,yes,advanced,yes,no,yes,no,afternoon,no,55.453679,10.106779,10,0
T29_0289,self_selected,22.0,19.4081,2.7218,63.3997,6.8748,2.4805,2.1637,4.1843,3.4772,2.9483,2.9702,3.6117,4.2786,3.9968,98.9577,2.0,10.1684,2.0071,2.8976,2.1775,man,white,no,advanced,yes,yes,no,no,morning,no,39.038739,-24.360961,10,10
T29_0290,classical,25.0,72.4677,3.2844,81.2092,7.5997,3.4705,2.729,4.1883,3.5985,3.6505,4.1599,2.9927,3.5695,5.3418,17.0015,4.0,23.4353,2.9145,3.4979,1.2525,woman,white,no,advanced,yes,no,yes,yes,morning,yes,49.089613,-32.119587,10,10
T29_0291,self_selected,23.0,95.5958,2.6029,68.212,6.3146,4.0219,2.4681,3.6871,3.2021,3.0011,3.3331,2.5391,4.3063,0.0151,225.3201,2.0,0.0,2.6753,3.3261,3.7922,woman,asian,no,advanced,no,no,no,no,afternoon,yes,48.896908,-19.315092,10,10
T29_0292,heavy_metal,23.0,67.7857,2.9623,57.6271,8.4991,3.9695,3.0905,3.7448,2.2456,2.4958,1.8115,2.9225,3.988,1.7463,57.1702,3.0,11.5869,3.1735,4.0353,3.1471,man,hispanic_latino,no,advanced,yes,yes,yes,no,morning,yes,59.293069,1.665969,10,10
T29_0293,self_selected,24.0,63.9819,2.3384,56.5753,6.1286,2.5971,2.5989,3.0063,3.02,3.1743,3.3912,1.1861,3.4665,1.3502,51.5246,5.0,0.0,2.5962,3.7246,3.624,woman,white,yes,early,no,yes,yes,no,afternoon,no,48.164501,-8.410799,10,10
T29_0294,heavy_metal,21.0,107.7363,2.934,59.8376,5.4651,2.2291,3.6309,2.4623,2.8163,2.6767,2.0812,3.9362,2.1661,4.0778,84.6106,2.0,18.0127,2.4039,3.1017,2.6036,woman,asian,no,early,yes,no,yes,no,afternoon,no,52.413665,-7.423935,10,10
T29_0295,heavy_metal,23.0,131.0666,4.6078,63.1194,8.6976,2.1053,2.918,2.408,2.8334,3.4918,2.5078,2.6089,3.4919,0.4075,174.6546,4.0,0.0,1.8859,3.0588,3.6181,woman,hispanic_latino,yes,advanced,no,no,yes,no,afternoon,yes,57.072151,-6.047249,10,10
T29_0296,classical,25.0,94.7899,3.3311,67.4975,7.0191,3.8424,2.7478,3.2198,3.8429,2.4269,3.7054,2.3765,2.776,3.5665,48.2291,1.0,3.2304,3.3454,3.5483,1.8982,woman,multiracial_or_other,no,early,yes,no,no,no,morning,no,50.026264,-17.471236,10,10
T29_0297,classical,26.0,66.2957,2.1512,60.6787,7.0478,3.0974,3.0151,3.034,2.4418,2.7728,4.1695,2.7819,2.6879,0.9961,56.4479,2.0,0.0,4.3106,4.1262,2.6376,man,multiracial_or_other,no,advanced,no,no,no,no,morning,no,60.853257,0.174557,10,10
T29_0298,self_selected,28.0,131.6135,2.513,66.923,7.3589,3.763,3.5847,4.6416,2.7562,3.3299,2.5434,2.8726,2.4794,1.9774,178.6847,3.0,24.4981,3.2205,4.3368,2.8367,woman,white,no,early,yes,no,yes,yes,afternoon,yes,43.972821,-22.950179,10,10
T29_0299,heavy_metal,21.0,23.0242,3.8895,48.2572,5.9417,4.7571,1.8261,2.4024,3.9098,2.7903,3.0943,3.0101,3.9497,2.1994,68.7913,1.0,0.0,2.5024,2.6001,3.6047,woman,hispanic_latino,yes,advanced,no,no,yes,no,morning,yes,41.388912,-6.868288,10,10
T29_0300,self_selected,22.0,83.4159,4.0323,49.6075,7.7185,2.8317,1.4889,1.9907,3.6939,3.446,2.6488,3.0786,2.9342,1.435,16.6522,1.0,13.994,3.2217,3.0613,3.1154,woman,white,yes,advanced,yes,no,no,no,morning,no,26.890735,-22.716765,10,10
T29_0301,self_selected,21.0,75.4586,2.3026,52.1735,6.0608,4.0915,2.9956,4.3396,3.699,2.2313,3.5354,2.9356,3.6448,0.4786,12.7517,2.0,6.7621,3.0575,2.1567,2.7374,woman,black,yes,early,yes,no,no,no,afternoon,no,56.629431,4.455931,10,10
T29_0302,heavy_metal,23.0,172.7317,3.1172,56.0939,7.4082,2.3493,4.2915,3.3576,3.1308,2.9318,3.5183,2.4519,3.6491,1.0952,163.5028,2.0,12.9709,3.0117,2.7119,3.6879,man,hispanic_latino,no,early,yes,no,no,no,afternoon,no,53.699943,-2.393957,10,10
T29_0303,classical,23.0,69.2753,2.6525,40.7231,7.4155,1.6352,2.3902,3.0648,4.4044,3.5796,2.7669,2.7477,3.1674,2.3965,213.6821,1.0,5.8203,2.6109,2.868,2.4168,man,white,yes,advanced,yes,no,yes,no,morning,no,48.30025,7.57715,10,10
T29_0304,classical,20.0,121.9803,1.5668,45.1822,6.2156,2.9961,3.3223,1.7131,3.4111,3.1073,3.3173,1.6415,3.6762,4.6812,59.0942,3.0,8.3369,2.6971,3.074,2.9625,woman,white,yes,early,yes,no,no,no,morning,no,52.453638,7.271438,10,10
T29_0305,self_selected,19.0,97.8167,2.4872,66.0307,6.9141,3.7244,1.6464,2.9006,3.4025,3.3491,3.3012,2.7185,2.9546,2.1116,37.1569,4.0,15.5243,3.0581,3.3461,1.9923,man,asian,yes,early,yes,no,no,no,morning,no,58.652099,-7.378601,10,10
T29_0306,classical,19.0,103.6311,2.5804,54.0308,5.9736,3.2859,3.8086,3.7961,3.562,3.1158,2.3101,3.8455,2.152,2.8453,87.6708,5.0,22.7946,3.3438,2.9968,2.6264,woman,white,no,advanced,yes,no,yes,no,morning,yes,38.302875,-15.727925,10,10
T29_0307,classical,24.0,191.8393,2.7976,41.424,6.8553,3.1357,3.6724,3.3134,2.5662,2.4005,3.703,3.1705,2.7643,3.7524,58.6708,2.0,7.5649,2.7838,2.75,3.4808,woman,white,yes,early,yes,yes,yes,no,afternoon,no,41.347151,-0.076849,10,10
T29_0308,silence,24.0,84.7777,2.5214,54.201,6.1289,1.2327,3.2288,2.5198,2.6953,2.5292,3.8228,2.9989,3.2331,0.3539,122.4185,2.0,0.0,2.8986,4.0768,2.0443,man,white,no,advanced,no,no,no,no,morning,no,58.902922,4.701922,10,0
T29_0309,classical,21.0,24.9764,2.2906,44.5869,6.28,3.64,3.0737,1.9494,2.7379,3.2673,4.1508,2.4044,2.5262,1.6146,81.6629,0.0,12.7792,3.3608,2.3451,2.1663,woman,hispanic_latino,no,advanced,yes,no,yes,no,afternoon,yes,37.601639,-6.985261,10,10
T29_0310,classical,27.0,26.0288,1.6121,55.4298,7.2455,3.966,3.2339,3.2708,3.3843,2.7961,2.9548,4.4464,3.5396,2.4991,59.1406,2.0,25.4309,3.6715,3.4962,3.3647,man,white,no,early,yes,no,no,no,afternoon,no,50.713586,-4.716214,10,10
T29_0311,silence,30.0,106.8746,3.6163,67.7057,6.6969,3.9731,2.9294,3.1491,4.6592,2.4714,3.4342,2.7797,2.3243,2.2259,72.2302,5.0,0.0,3.4298,3.9533,3.3928,woman,multiracial_or_other,yes,early,no,no,no,no,afternoon,no,59.960042,-7.745658,10,0
T29_0312,classical,28.0,155.6626,3.4066,48.6255,6.8147,1.8878,2.706,2.6018,3.7528,2.9254,2.6388,3.7669,1.6605,2.0265,88.5738,2.0,5.1802,2.1931,3.5567,3.8049,woman,white,no,early,yes,no,yes,yes,afternoon,yes,36.750002,-11.875498,10,10
T29_0313,classical,24.0,138.8727,2.1851,57.4456,6.3114,3.3474,1.937,2.4692,3.1076,1.8143,4.0605,3.8338,2.881,2.4786,7.772,4.0,11.1282,3.8024,2.6438,3.16,man,white,yes,advanced,yes,no,no,yes,afternoon,no,38.397014,-19.048586,10,10
T29_0314,heavy_metal,24.0,110.574,3.1968,69.8253,6.0605,3.028,2.2891,4.2941,1.9281,3.5586,3.9006,3.6722,2.4836,1.2462,190.2989,5.0,19.6893,2.824,2.4803,2.4475,woman,white,no,advanced,yes,yes,no,no,morning,no,52.046925,-17.778375,10,10
T29_0315,self_selected,29.0,85.4972,2.0528,61.3672,8.2072,3.7058,2.0331,3.5366,3.431,3.3387,2.5055,2.2847,3.1248,3.6703,86.1474,2.0,0.0,3.4728,2.8162,3.8483,man,black,no,early,no,no,yes,no,morning,no,46.812127,-14.555073,10,10
T29_0316,classical,28.0,128.0011,1.4393,59.6093,6.86,2.8028,4.1512,2.7775,2.3469,2.5156,4.0869,3.6363,4.4936,1.9551,71.5692,4.0,20.2733,4.0497,3.5428,2.1326,man,hispanic_latino,no,early,yes,no,yes,no,afternoon,no,49.425645,-10.183655,10,10
T29_0317,self_selected,21.0,167.9325,3.5756,45.8601,6.7951,2.2451,3.1459,3.0368,2.0826,2.0202,3.7708,3.6512,3.8923,3.7686,91.7098,3.0,19.3161,3.3128,3.8353,2.9755,woman,white,yes,early,yes,no,no,no,afternoon,no,40.425469,-5.434631,10,10
T29_0318,silence,21.0,40.6704,3.1616,70.0658,6.4258,2.6001,3.8761,2.6197,3.7857,3.1424,3.2671,1.9619,3.7547,0.0805,89.6077,4.0,0.0,3.1637,2.8919,3.772,woman,multiracial_or_other,yes,early,no,no,yes,no,afternoon,no,44.771306,-25.294494,10,0
T29_0319,heavy_metal,23.0,104.0701,3.7918,44.744,7.8305,3.5139,3.1114,3.0996,2.4336,3.052,2.6047,1.8185,2.617,2.5138,49.2404,2.0,0.0,3.6667,4.0821,3.0857,man,multiracial_or_other,no,advanced,no,no,no,no,morning,no,36.199315,-8.544685,10,10
T29_0320,silence,20.0,61.9265,1.961,45.8679,6.1786,4.0983,3.559,3.24,2.8717,3.1104,3.633,4.887,3.7913,1.8758,118.2976,7.0,0.0,3.5606,4.0436,2.0137,man,white,no,advanced,no,no,yes,no,afternoon,no,57.062248,11.194348,10,0
T29_0321,self_selected,18.0,94.5993,4.0644,65.7449,8.2708,3.021,2.8463,2.8419,3.0512,2.8225,2.1695,1.8393,2.9272,3.2073,39.3711,1.0,9.6581,2.1332,2.0642,2.3822,woman,white,no,advanced,yes,no,no,no,morning,no,47.251903,-18.492997,10,10
T29_0322,silence,23.0,146.2936,3.4048,45.7553,7.9248,2.0105,1.8936,2.7331,3.745,3.4806,2.8381,3.3553,4.6561,1.7657,27.1332,5.0,25.6703,2.2383,4.4556,2.2851,woman,white,yes,early,yes,no,yes,no,morning,no,35.921942,-9.833358,10,0
T29_0323,silence,20.0,127.1515,2.0752,56.7789,8.0484,3.0879,2.7573,3.6822,1.8888,1.4248,3.0681,3.8832,3.3276,3.6651,284.0794,5.0,6.7973,2.4478,3.5407,2.5473,woman,hispanic_latino,yes,advanced,yes,yes,yes,no,afternoon,no,39.377959,-17.400941,10,0
T29_0324,classical,21.0,125.7216,3.4517,75.3489,5.6,2.3209,3.1077,2.7367,3.0523,3.948,3.7786,2.8108,3.2066,3.9886,178.6803,4.0,0.0,3.3206,3.7685,2.7625,woman,hispanic_latino,no,advanced,no,no,no,no,morning,yes,44.514499,-30.834401,10,10
T29_0325,self_selected,27.0,72.9354,2.7904,56.4391,8.0742,2.9722,3.9449,3.1033,3.0867,2.8721,4.3305,1.6295,2.1397,6.5615,63.948,3.0,6.0692,3.2533,4.1013,3.928,woman,hispanic_latino,no,early,yes,no,yes,no,morning,yes,54.166859,-2.272241,10,10
T29_0326,silence,19.0,34.7112,1.509,53.1897,6.9508,3.9234,2.6769,3.0031,2.6989,2.9682,3.236,4.278,3.2932,3.9825,100.8551,4.0,0.0,2.4329,2.6538,2.9896,man,hispanic_latino,no,advanced,no,no,yes,yes,afternoon,no,39.261407,-13.928293,10,0
T29_0327,self_selected,23.0,79.373,3.5383,55.1204,7.1383,2.9921,2.7259,3.665,2.8421,3.6992,3.1524,3.4959,4.3293,2.2424,157.1364,4.0,0.0,4.0406,2.9217,2.7128,nonbinary_or_self_described,white,no,advanced,no,no,yes,no,morning,yes,38.632363,-16.488037,10,10
T29_0328,silence,23.0,137.3423,3.4068,75.1465,7.3343,3.4469,2.504,2.3451,2.4657,3.4125,2.3147,3.9543,1.9454,1.9542,217.6828,5.0,0.0,1.5176,2.8394,1.8935,woman,asian,no,early,no,no,no,no,morning,yes,43.879813,-31.266687,10,0
T29_0329,classical,23.0,107.4116,3.8634,55.8303,5.8628,2.8578,3.2733,2.7948,4.4484,3.0092,3.8043,3.1139,3.7197,1.2635,118.9362,1.0,0.0,3.1564,3.3525,3.2454,woman,white,no,early,no,no,yes,no,afternoon,no,40.423492,-15.406808,10,10
T29_0330,heavy_metal,20.0,178.9348,3.0989,49.7651,8.1688,3.3146,4.1523,2.3696,2.809,3.8796,3.1408,3.4253,2.8962,1.1959,73.5814,3.0,0.0,2.8041,2.4475,3.5728,man,asian,yes,advanced,no,no,no,no,morning,no,39.155028,-10.610072,10,10
T29_0331,silence,30.0,136.5415,2.7678,54.4094,7.3518,3.0767,2.7305,2.8086,2.1933,2.6494,2.5148,2.9369,3.3003,2.412,110.8782,2.0,22.1727,3.4616,3.0473,2.741,woman,white,yes,advanced,yes,no,no,yes,afternoon,no,53.416842,-0.992558,10,0
T29_0332,silence,26.0,58.3691,4.0765,78.668,6.5619,3.003,2.916,3.1083,3.1791,3.7144,3.0922,2.1654,2.7623,4.6383,73.6173,6.0,3.0679,3.4914,3.4431,3.0179,man,asian,yes,early,yes,no,no,no,afternoon,no,47.601146,-31.066854,10,0
T29_0333,self_selected,21.0,57.2362,2.0671,52.7317,5.5986,3.3237,2.4115,1.7599,3.4109,3.5117,2.5775,3.7211,3.7864,4.1428,53.2073,3.0,13.2846,2.9004,3.7408,2.9216,woman,multiracial_or_other,yes,advanced,yes,no,no,no,morning,yes,52.795841,0.064141,10,10
T29_0334,silence,25.0,163.8744,3.3804,49.8488,6.8092,1.6861,2.0295,4.1364,2.5613,3.4268,4.081,3.95,1.6848,4.5108,120.4295,2.0,11.6651,2.6409,1.7861,1.9969,woman,white,yes,early,yes,no,no,no,morning,no,51.793616,1.944816,10,0
T29_0335,classical,20.0,50.6956,1.918,64.7446,7.5599,2.3235,3.5179,3.6466,2.617,2.4781,2.3848,3.94,3.2677,3.0252,194.0364,4.0,25.1388,4.4897,3.9082,3.6355,woman,white,no,advanced,yes,no,no,no,afternoon,no,59.173132,-5.571468,10,10
T29_0336,heavy_metal,20.0,103.3589,2.869,52.74,7.5561,2.611,3.2633,2.7894,2.1231,3.0587,3.3188,2.6552,2.0796,5.8437,199.1771,4.0,0.0,2.5152,2.7535,3.9909,woman,white,yes,advanced,no,no,no,no,afternoon,yes,43.573195,-9.166805,10,10
T29_0337,silence,22.0,135.2878,2.0796,43.558,6.2867,2.2364,3.5638,2.7832,3.0791,2.0157,2.4282,1.9505,3.0449,3.3773,40.0625,4.0,19.5479,4.1303,3.4361,3.8959,nonbinary_or_self_described,white,no,early,yes,no,yes,no,morning,no,44.603351,1.045351,10,0
T29_0338,silence,19.0,111.3566,2.1396,55.8493,6.2523,2.5994,2.3559,2.2497,2.7956,4.0144,3.985,3.1092,2.48,1.6121,162.4713,2.0,18.6171,2.9931,3.1449,2.5955,woman,white,no,advanced,yes,no,no,no,morning,yes,48.838617,-7.010683,10,0
T29_0339,silence,20.0,115.0238,2.6447,56.6299,5.9864,2.3255,3.6921,4.0637,3.3047,2.87,2.6552,2.9115,2.7139,1.2847,102.3893,3.0,0.0,1.4781,1.807,2.7964,woman,white,no,early,no,no,no,no,morning,no,35.845702,-20.784198,10,0
T29_0340,heavy_metal,20.0,109.0909,1.9003,53.525,5.8747,3.4166,2.4601,3.8939,2.978,2.349,3.6019,2.9724,2.8567,5.47,11.3511,3.0,5.9117,4.7556,3.137,2.8911,man,asian,no,advanced,yes,no,yes,no,afternoon,no,68.306665,14.781665,10,10
T29_0341,self_selected,28.0,69.5774,2.1252,51.9476,6.1064,3.5635,2.4636,4.3356,3.343,3.0637,2.5126,2.9295,3.2243,5.2791,78.2888,4.0,0.0,2.6152,3.0789,3.7011,man,multiracial_or_other,yes,early,no,no,yes,no,afternoon,yes,41.032448,-10.915152,10,10
T29_0342,self_selected,31.0,119.0953,2.956,52.1104,7.2645,2.732,2.7838,3.2415,2.5693,4.0465,4.3571,3.1319,2.2663,2.1907,119.8482,2.0,11.6842,3.9789,3.376,3.0762,woman,hispanic_latino,no,early,yes,yes,yes,no,afternoon,no,43.224912,-8.885488,10,10
T29_0343,silence,23.0,74.6913,3.0425,66.1537,8.4388,1.6378,2.0451,2.6066,2.4274,3.2954,2.7094,2.1452,3.9046,3.0393,192.8472,3.0,1.1522,2.6742,4.5457,3.1872,woman,hispanic_latino,no,advanced,yes,no,no,no,afternoon,no,52.268817,-13.884883,10,0
T29_0344,heavy_metal,23.0,106.5024,2.297,61.5837,7.7474,3.0649,2.7179,3.2886,3.1178,2.2098,1.8207,3.2566,3.2278,4.0538,47.1383,2.0,21.5767,4.8479,3.0569,2.558,woman,asian,no,advanced,yes,no,no,no,morning,yes,44.173627,-17.410073,10,10
T29_0345,classical,22.0,39.7719,3.9605,57.2971,7.0679,3.6921,4.5032,4.4038,2.7851,2.152,3.1905,2.8141,2.3898,1.9062,187.8355,2.0,30.4106,2.3628,3.4174,3.0879,nonbinary_or_self_described,white,no,early,yes,no,no,no,morning,no,50.848475,-6.448625,10,10
T29_0346,self_selected,26.0,112.7126,3.1199,60.3552,7.4323,3.5819,4.1088,3.8893,1.6234,2.9561,2.7823,3.4038,3.053,3.0994,50.1357,3.0,28.8777,2.6813,3.6564,3.6052,woman,hispanic_latino,yes,early,yes,no,no,no,afternoon,no,40.673308,-19.681892,10,10
T29_0347,heavy_metal,29.0,157.098,2.5559,77.2007,8.2733,2.6119,2.0625,2.2001,2.6797,2.644,2.5168,2.9201,3.6454,0.4532,122.0796,4.0,4.052,3.503,2.6727,2.6143,woman,white,yes,early,yes,no,no,no,morning,no,58.47303,-18.72767,10,10
T29_0348,silence,21.0,29.796,1.7467,50.7983,7.6941,4.1142,2.4834,3.7419,1.2151,2.7663,3.5119,2.9755,2.9032,7.0877,133.9881,2.0,11.3144,3.8263,2.2748,3.7111,man,white,no,early,yes,no,yes,no,afternoon,no,33.787068,-17.011232,10,0
T29_0349,heavy_metal,25.0,80.966,3.2082,69.7615,6.7712,3.133,2.9946,2.9214,3.0169,3.0782,2.4237,3.7868,2.4314,2.4645,136.5493,3.0,13.8958,2.7832,2.9579,4.4395,man,hispanic_latino,no,early,yes,no,no,no,afternoon,no,69.265227,-0.496273,10,10
T29_0350,heavy_metal,30.0,116.2816,2.177,70.6876,6.0657,2.5328,4.378,2.9717,1.7129,3.938,3.4667,2.8225,3.6153,3.5437,228.4976,2.0,0.0,2.3055,3.783,4.3087,woman,white,no,advanced,no,no,yes,no,morning,yes,51.309696,-19.377904,10,10
T29_0351,classical,23.0,122.0709,2.8055,48.2456,5.4034,2.8439,2.9513,3.8947,2.6799,2.0829,3.7751,2.893,3.6605,1.7166,106.5727,0.0,0.0,3.7317,3.3407,3.3195,woman,white,no,early,no,no,yes,no,morning,no,54.514961,6.269361,10,10
T29_0352,heavy_metal,24.0,24.5719,2.6261,55.872,7.1232,3.4274,3.7541,1.7732,2.8342,3.1119,4.77,3.8457,2.4122,3.1399,144.8451,3.0,1.4807,1.9019,3.9625,2.6591,woman,black,no,early,yes,no,no,no,morning,yes,65.90904,10.03704,10,10
T29_0353,self_selected,20.0,81.2296,4.0655,54.2269,8.018,3.3518,3.0242,3.3988,3.483,2.7568,2.2998,3.0703,3.6423,1.2809,155.3219,1.0,6.2608,4.4666,1.309,3.7809,woman,multiracial_or_other,no,early,yes,no,yes,no,afternoon,no,30.405266,-23.821634,10,10
T29_0354,classical,19.0,166.7714,2.6355,48.7787,7.4087,2.4442,2.606,2.8675,3.6386,3.2063,4.0171,2.6671,4.112,2.0929,146.1371,2.0,2.4028,4.0382,3.0444,3.8767,woman,white,no,early,yes,no,no,no,afternoon,no,25.211556,-23.567144,10,10
T29_0355,heavy_metal,19.0,81.7512,1.7823,60.4061,6.544,3.8347,2.8646,2.0358,3.7701,2.9002,2.7565,4.1599,3.3435,4.0279,89.083,4.0,3.3887,3.2718,3.0747,3.1301,woman,hispanic_latino,yes,advanced,yes,no,no,no,morning,yes,42.410864,-17.995236,10,10
T29_0356,silence,25.0,129.6343,2.2471,55.5166,6.0835,2.1084,3.4835,2.3092,2.2518,1.255,2.2198,3.4766,2.8277,2.129,231.5077,2.0,4.8248,3.7395,2.5748,1.7895,man,white,no,early,yes,no,no,no,morning,yes,65.856167,10.339567,10,0
T29_0357,self_selected,20.0,82.1377,2.4315,57.937,6.9351,2.868,2.3898,2.5856,2.8179,1.9027,2.8877,3.4227,3.6947,2.0268,210.3182,1.0,7.5142,3.1131,4.1457,3.7674,woman,multiracial_or_other,no,early,yes,no,no,no,afternoon,no,49.948496,-7.988504,10,10
T29_0358,heavy_metal,24.0,52.7067,3.0716,63.0908,8.3218,2.5076,2.5634,2.7879,2.5842,4.2566,2.4789,2.4031,2.2532,1.1703,97.0958,2.0,13.6406,2.1259,3.5751,3.9132,man,hispanic_latino,yes,early,yes,no,no,no,morning,no,56.806449,-6.284351,10,10
T29_0359,self_selected,20.0,118.8534,3.4103,58.5987,7.2345,3.2228,3.2914,2.4069,3.1698,4.0727,3.16,2.1318,1.7586,3.4768,107.5955,3.0,24.7604,3.1436,2.3084,2.6837,woman,hispanic_latino,yes,advanced,yes,no,no,no,afternoon,no,43.721326,-14.877374,10,10
T29_0360,heavy_metal,28.0,96.8754,2.9886,58.4371,6.669,4.4615,2.0575,3.7385,3.4406,4.6433,3.8057,3.0272,2.6614,3.8527,125.6642,1.0,17.7152,4.0534,3.5357,3.4018,man,hispanic_latino,yes,advanced,yes,yes,yes,no,afternoon,yes,61.440449,3.003349,10,10
