participant_id,music_while_studying,age,sleep_hours,sleep_quality,task_difficulty,working_memory,prior_gpa,academic_motivation,test_anxiety,extraversion,music_training_years,music_proficiency,noise_sensitivity,study_environment_noise,study_session_minutes,weekly_study_hours,multitasking_frequency,music_preference_strength,caffeine_use,fatigue,time_management,gender,college_year,major_group,task_type,preferred_music,headphone_preference,hearing_difficulty,study_location,session_time,first_generation,concentration_and_academic_performance,concentration_score,academic_performance_score
T22_0001,23.436,20.0,7.036,3.586,3.811,36.448,3.461,3.372,2.41,1.616,5.993,2.878,2.995,1.838,56.005,23.293,2.166,2.629,2.742,3.057,3.213,man,second,arts_humanities,writing,vocal,yes,no,campus,afternoon_evening,no,67.568,65.751,69.385
T22_0002,56.633,21.0,6.362,3.144,1.336,47.974,3.048,3.34,2.658,3.168,9.176,2.308,3.259,2.613,67.056,10.877,3.054,2.846,4.11,2.175,1.256,woman,second,stem,reading,instrumental,no,yes,campus,morning,no,49.633,45.639,53.627
T22_0003,34.977,21.0,6.82,2.484,3.052,34.221,3.046,2.4,2.743,3.176,2.246,2.672,2.797,2.692,76.903,21.695,1.516,3.821,2.614,3.394,2.925,woman,second,other,memorizing,instrumental,no,no,home,morning,yes,66.3,69.238,63.361
T22_0004,30.893,19.0,7.439,2.015,4.126,47.648,3.416,3.819,3.833,3.086,6.603,2.98,2.476,1.335,62.962,23.15,1.473,3.129,4.011,2.632,3.048,man,second,stem,memorizing,instrumental,no,no,campus,morning,yes,53.776,50.382,57.17
T22_0005,35.5,21.0,7.423,3.213,3.806,60.639,2.85,2.505,3.479,3.124,10.006,3.247,3.097,2.438,86.419,26.084,3.092,2.751,2.844,4.303,2.382,woman,third,arts_humanities,writing,vocal,no,no,home,afternoon_evening,no,70.411,67.342,73.48
T22_0006,89.022,20.0,7.549,3.841,1.345,46.606,3.156,3.482,2.337,3.249,3.153,2.711,3.2,2.617,60.992,9.011,3.44,3.01,4.526,2.806,4.058,woman,fourth_plus,social_science,memorizing,vocal,no,no,home,morning,no,68.584,72.206,64.963
T22_0007,12.846,21.0,7.137,2.461,2.979,49.734,3.376,2.571,3.876,4.106,4.096,2.412,2.853,1.63,95.584,6.147,2.87,3.419,2.979,3.338,2.808,woman,third,social_science,memorizing,vocal,no,no,campus,morning,no,66.878,70.422,63.333
T22_0008,40.511,20.0,8.292,3.638,3.421,42.111,3.164,2.807,3.382,3.221,0.137,3.018,2.527,3.294,75.977,17.974,3.858,3.481,3.136,3.203,3.618,man,fourth_plus,arts_humanities,reading,vocal,no,no,campus,morning,no,80.8,84.552,77.047
T22_0009,19.592,20.0,7.133,2.538,2.454,55.185,2.793,2.514,2.976,2.832,3.294,3.343,2.835,4.509,67.327,10.968,3.497,2.957,3.557,2.421,1.296,man,first,other,critical_thinking,vocal,yes,no,campus,morning,no,68.084,68.339,67.828
T22_0010,39.402,24.0,6.776,3.557,3.103,58.859,3.206,3.349,2.889,3.475,6.803,2.376,3.744,3.058,85.757,21.111,2.441,2.973,3.927,3.216,3.558,man,fourth_plus,other,reading,instrumental,yes,no,campus,afternoon_evening,no,65.288,69.017,61.56
T22_0011,40.841,21.0,6.46,3.576,3.643,55.712,3.493,3.566,2.701,3.309,11.095,3.043,2.296,3.41,68.66,8.456,2.088,2.631,3.542,1.505,2.481,man,fourth_plus,other,critical_thinking,instrumental,no,no,home,afternoon_evening,yes,71.181,70.205,72.157
T22_0012,25.202,19.0,6.587,1.302,2.665,52.86,3.615,3.526,2.687,3.394,7.831,2.601,2.739,2.27,48.618,21.691,2.06,1.938,2.496,3.955,2.654,woman,third,other,memorizing,vocal,no,no,home,morning,yes,71.517,72.401,70.633
T22_0013,47.237,21.0,5.862,3.298,2.6,62.282,2.816,4.483,2.175,2.586,5.628,3.601,3.003,3.564,53.173,6.953,3.594,3.012,4.022,2.609,3.461,woman,first,other,memorizing,vocal,yes,no,home,morning,no,62.506,62.804,62.208
T22_0014,64.084,21.0,7.897,3.23,3.41,67.422,2.662,2.25,2.901,3.495,5.43,2.992,3.155,3.157,56.49,21.626,2.953,2.578,3.547,4.953,2.881,woman,first,arts_humanities,memorizing,vocal,no,no,campus,morning,yes,62.71,64.607,60.814
T22_0015,61.003,21.0,7.516,4.139,2.173,38.858,3.627,4.762,2.434,1.854,1.094,2.982,2.981,3.496,47.569,16.361,2.671,2.896,2.056,2.824,2.843,woman,first,arts_humanities,reading,vocal,yes,no,campus,morning,no,88.643,85.035,92.252
T22_0016,25.695,19.0,7.988,3.304,2.403,56.009,3.345,2.184,3.93,2.219,8.104,2.715,3.124,3.716,108.625,13.602,2.005,3.472,2.904,3.192,2.233,man,third,social_science,memorizing,vocal,yes,no,home,morning,no,58.562,62.451,54.673
T22_0017,49.579,24.0,5.32,3.04,2.754,51.892,2.34,3.322,1.941,3.174,6.463,2.344,3.639,2.111,55.46,8.546,1.606,2.453,2.527,1.538,2.606,woman,fourth_plus,arts_humanities,reading,instrumental,no,no,home,afternoon_evening,no,59.202,60.097,58.308
T22_0018,47.506,21.0,7.686,2.315,2.645,51.754,2.563,3.631,2.746,3.001,7.132,3.477,3.718,2.703,68.175,15.424,4.469,3.734,2.76,2.9,3.026,woman,second,stem,writing,instrumental,yes,no,campus,afternoon_evening,yes,81.039,81.329,80.749
T22_0019,0.0,21.0,6.923,4.115,2.617,56.762,2.284,3.176,3.262,2.731,8.382,3.353,3.04,2.675,50.802,15.744,3.046,2.812,3.201,2.548,1.655,man,second,arts_humanities,memorizing,instrumental,no,no,campus,morning,yes,75.555,77.575,73.535
T22_0020,63.882,21.0,6.818,2.872,1.58,42.174,3.528,2.833,2.981,2.964,3.325,2.936,2.89,2.702,77.128,8.389,2.997,3.684,1.987,2.149,2.765,man,third,other,critical_thinking,instrumental,no,no,campus,morning,no,70.766,69.939,71.592
T22_0021,62.546,20.0,6.985,2.398,3.64,72.74,3.452,4.022,3.433,3.311,5.508,1.673,3.026,3.846,85.593,9.149,2.92,2.197,2.772,3.639,2.98,man,fourth_plus,other,critical_thinking,vocal,yes,no,campus,afternoon_evening,no,69.018,72.3,65.735
T22_0022,75.45,19.0,7.769,2.959,2.719,47.388,3.158,4.046,3.532,4.038,3.272,3.585,1.807,3.428,87.637,16.815,2.95,3.309,3.581,2.969,2.296,woman,fourth_plus,stem,reading,instrumental,yes,no,campus,morning,no,52.012,55.686,48.337
T22_0023,52.134,21.0,6.767,2.687,3.364,45.425,2.839,2.516,3.372,2.552,2.492,4.913,3.914,3.972,53.49,24.501,2.414,2.818,3.174,3.043,2.894,woman,fourth_plus,social_science,memorizing,vocal,yes,no,home,afternoon_evening,no,42.585,39.142,46.027
T22_0024,29.368,21.0,6.973,2.57,2.021,68.621,2.912,3.124,2.78,2.574,1.514,1.281,3.523,3.127,60.078,21.778,3.283,2.591,3.434,3.629,4.196,man,second,other,memorizing,instrumental,yes,no,campus,morning,no,53.062,52.264,53.86
T22_0025,61.425,22.0,7.509,2.596,3.444,40.177,2.179,3.88,3.754,3.707,4.083,1.693,3.703,3.986,83.092,18.115,2.686,3.11,2.972,3.318,3.25,woman,third,arts_humanities,memorizing,instrumental,no,no,campus,afternoon_evening,no,64.317,65.31,63.323
T22_0026,0.0,20.0,7.568,2.861,3.212,62.402,3.376,1.65,2.717,3.385,2.47,3.485,2.997,2.142,69.173,14.167,2.719,2.461,3.94,3.019,2.694,man,second,stem,critical_thinking,vocal,no,yes,home,afternoon_evening,yes,60.929,63.623,58.235
T22_0027,17.183,22.0,8.022,4.404,3.235,57.003,3.371,2.478,1.844,2.564,5.726,4.325,3.439,2.458,50.866,19.092,2.877,3.962,2.262,3.161,3.596,woman,fourth_plus,stem,reading,vocal,no,no,campus,morning,no,71.676,71.393,71.958
T22_0028,64.331,23.0,7.521,3.885,2.872,58.443,3.415,3.541,2.384,2.912,3.572,1.65,2.983,2.533,72.498,14.657,3.064,1.765,2.971,3.319,3.037,woman,second,arts_humanities,writing,vocal,yes,no,campus,afternoon_evening,yes,57.427,59.909,54.944
T22_0029,69.996,19.0,7.215,2.082,2.314,52.395,3.859,4.04,2.571,2.355,4.58,2.827,3.571,3.397,80.568,17.759,3.349,2.853,2.66,2.746,3.092,woman,third,stem,writing,vocal,yes,no,campus,afternoon_evening,no,68.055,68.134,67.976
T22_0030,45.436,20.0,5.872,2.434,3.17,33.631,3.131,1.387,2.629,3.646,3.237,3.555,3.067,2.826,73.48,12.126,3.107,2.948,2.276,3.158,2.663,woman,fourth_plus,social_science,reading,instrumental,no,no,campus,morning,no,59.084,61.253,56.914
T22_0031,0.0,24.0,5.772,1.705,2.789,54.073,3.059,3.281,3.444,3.203,2.26,2.245,3.212,3.419,30.636,10.846,2.649,2.369,3.56,2.703,3.173,woman,fourth_plus,other,reading,vocal,no,no,home,afternoon_evening,yes,54.396,57.497,51.295
T22_0032,48.921,22.0,7.41,1.929,2.41,67.075,2.948,4.037,3.518,3.073,1.731,3.184,3.949,2.309,49.648,21.48,3.67,2.15,3.842,2.06,3.011,man,second,arts_humanities,critical_thinking,vocal,no,no,campus,afternoon_evening,yes,79.875,76.789,82.961
T22_0033,23.807,21.0,6.135,2.722,3.745,77.999,3.66,4.258,2.988,2.707,3.526,3.171,2.466,3.35,93.657,8.796,3.521,3.494,3.294,3.968,2.41,woman,fourth_plus,stem,critical_thinking,vocal,yes,yes,home,morning,no,63.582,62.134,65.03
T22_0034,57.55,23.0,6.431,1.95,2.849,38.129,3.54,2.675,1.817,3.239,0.697,3.277,2.819,3.98,83.279,17.501,2.19,3.348,3.518,3.896,3.616,woman,first,social_science,critical_thinking,vocal,yes,no,campus,afternoon_evening,yes,80.27,79.313,81.228
T22_0035,13.042,21.0,7.546,2.699,3.708,38.977,3.086,3.46,4.92,2.592,4.159,3.185,3.517,3.766,71.09,14.48,1.617,3.068,3.318,3.224,2.936,man,second,social_science,writing,vocal,yes,no,campus,morning,yes,61.483,63.836,59.13
T22_0036,14.846,23.0,7.256,2.356,4.341,33.768,2.904,3.043,3.914,3.371,4.2,3.854,2.795,2.754,85.827,10.968,3.111,3.403,2.345,3.235,2.808,woman,fourth_plus,arts_humanities,memorizing,vocal,no,no,campus,morning,yes,52.968,49.933,56.004
T22_0037,33.768,21.0,7.89,2.029,3.258,35.706,2.891,2.278,1.871,4.233,4.395,3.856,3.437,3.407,44.268,15.519,2.302,3.094,3.246,3.769,3.372,woman,second,other,memorizing,vocal,no,no,home,morning,yes,61.132,59.543,62.72
T22_0038,23.768,24.0,6.487,3.789,4.724,44.892,3.074,3.384,2.288,3.757,5.516,1.888,2.377,2.683,74.95,14.334,2.836,3.417,3.531,2.828,2.445,man,fourth_plus,other,reading,vocal,yes,no,campus,afternoon_evening,no,69.209,66.797,71.621
T22_0039,52.448,18.0,5.781,3.521,2.875,57.312,3.048,1.271,3.625,3.391,9.417,3.739,2.451,2.432,56.864,8.834,2.476,3.388,2.734,2.648,4.207,nonbinary_or_self_described,first,social_science,writing,instrumental,yes,no,campus,morning,no,53.201,50.997,55.404
T22_0040,63.129,19.0,7.204,3.146,1.806,39.839,3.148,2.208,4.21,4.027,3.349,1.999,3.148,3.751,36.092,10.741,3.747,4.544,2.129,3.462,3.078,man,fourth_plus,other,reading,instrumental,yes,no,campus,afternoon_evening,no,64.61,66.915,62.305
T22_0041,0.0,22.0,7.286,1.733,2.453,53.781,3.117,1.835,3.26,2.151,2.304,2.372,3.072,3.331,58.377,21.899,2.328,2.641,3.061,3.561,2.659,woman,third,arts_humanities,reading,instrumental,no,no,home,afternoon_evening,yes,49.812,48.096,51.529
T22_0042,84.44,21.0,6.184,3.856,2.204,36.728,3.555,2.74,2.761,2.439,5.372,3.071,2.818,2.567,58.266,8.494,3.761,2.871,3.41,2.885,3.008,woman,first,stem,memorizing,vocal,no,no,campus,afternoon_evening,yes,69.75,70.766,68.734
T22_0043,49.227,21.0,6.621,4.701,3.86,51.324,2.947,2.873,2.547,4.297,7.216,3.901,2.767,3.919,79.516,9.171,2.241,2.707,2.235,2.523,2.905,woman,fourth_plus,arts_humanities,critical_thinking,vocal,no,no,campus,morning,yes,74.776,77.361,72.192
T22_0044,70.266,22.0,6.245,2.445,3.626,65.293,3.185,3.158,2.294,3.852,7.393,3.313,2.733,3.569,58.59,25.945,2.988,3.092,2.55,3.708,3.608,woman,fourth_plus,social_science,memorizing,instrumental,yes,no,campus,morning,no,56.267,53.425,59.109
T22_0045,13.671,20.0,7.445,2.543,1.957,51.035,2.853,1.844,1.36,1.625,5.846,3.069,2.88,4.073,95.935,11.806,3.209,3.38,2.155,2.637,2.33,man,fourth_plus,stem,memorizing,vocal,yes,no,home,morning,yes,56.724,57.974,55.474
T22_0046,38.484,22.0,7.662,3.079,2.654,45.472,3.334,2.514,3.098,3.559,6.497,3.17,3.228,2.225,75.189,10.494,2.952,3.508,3.712,3.796,3.598,woman,fourth_plus,other,memorizing,instrumental,no,no,campus,afternoon_evening,no,70.646,70.603,70.689
T22_0047,45.905,19.0,5.288,2.466,3.595,41.561,2.82,3.324,2.154,2.766,3.287,3.955,3.679,2.662,84.979,17.952,1.518,3.226,3.966,2.748,2.455,woman,first,stem,critical_thinking,instrumental,no,no,home,morning,no,58.248,58.872,57.625
T22_0048,0.0,21.0,6.918,2.813,3.844,41.397,2.816,2.4,3.642,3.26,3.69,3.92,3.723,3.035,68.388,19.285,3.007,2.684,4.33,2.4,2.937,woman,second,arts_humanities,memorizing,instrumental,yes,no,home,morning,yes,71.828,69.237,74.42
T22_0049,55.255,20.0,8.5,3.152,3.856,42.277,3.056,3.823,3.373,3.669,3.104,1.772,2.403,3.83,40.301,21.271,2.642,3.529,2.888,2.603,4.038,woman,third,arts_humanities,reading,vocal,yes,no,home,morning,no,63.721,63.709,63.733
T22_0050,53.079,25.0,6.453,4.483,3.797,71.058,3.531,3.078,2.869,3.121,2.989,4.278,3.607,2.901,70.523,15.285,2.619,3.777,3.039,3.061,4.69,man,fourth_plus,stem,reading,instrumental,no,no,campus,afternoon_evening,no,61.736,60.314,63.157
T22_0051,49.75,24.0,7.092,2.052,3.004,59.175,2.593,3.634,2.399,2.151,6.367,2.596,3.915,3.671,68.023,23.508,3.697,2.847,2.301,3.812,2.478,woman,second,stem,critical_thinking,instrumental,no,no,home,morning,no,39.773,40.019,39.527
T22_0052,26.523,24.0,8.088,3.061,2.695,62.961,3.0,2.525,4.027,2.399,7.867,3.517,2.7,4.715,53.562,20.406,3.022,3.329,2.467,3.516,3.292,woman,first,other,reading,vocal,no,no,home,afternoon_evening,no,68.276,67.987,68.566
T22_0053,45.91,26.0,5.843,3.318,3.118,39.847,2.94,4.309,3.891,1.693,0.244,2.678,3.271,2.496,92.768,6.041,3.098,3.937,3.558,2.527,3.12,man,fourth_plus,arts_humanities,writing,vocal,no,no,home,afternoon_evening,yes,63.006,65.437,60.574
T22_0054,57.595,20.0,6.034,2.924,1.797,50.184,3.225,3.012,2.671,3.656,4.39,2.996,1.984,1.361,70.255,6.286,2.334,3.102,2.375,2.951,4.514,woman,third,arts_humanities,writing,vocal,no,no,home,afternoon_evening,no,73.815,74.967,72.662
T22_0055,38.533,18.0,7.72,1.977,3.889,61.324,2.757,3.451,3.232,3.471,7.043,2.024,3.125,3.319,55.575,28.966,1.644,2.02,2.534,1.793,1.627,woman,second,stem,critical_thinking,instrumental,no,no,campus,afternoon_evening,no,57.654,59.065,56.244
T22_0056,0.0,19.0,7.199,3.944,2.729,51.998,2.668,2.353,3.06,3.615,3.722,2.875,3.369,4.042,47.851,28.401,3.205,3.464,4.114,3.216,2.853,woman,fourth_plus,arts_humanities,reading,instrumental,yes,no,home,morning,yes,55.466,55.967,54.965
T22_0057,22.224,21.0,6.967,2.442,3.881,47.339,3.876,3.131,2.931,3.495,2.656,2.845,3.078,2.642,64.607,11.01,1.783,3.268,3.927,3.277,3.406,woman,fourth_plus,arts_humanities,critical_thinking,instrumental,no,no,home,morning,no,71.245,75.133,67.357
T22_0058,69.745,22.0,8.496,3.449,3.662,49.226,2.766,2.511,3.033,3.742,5.706,2.122,3.446,2.599,42.846,17.234,2.335,3.951,2.913,3.042,4.109,woman,first,other,memorizing,vocal,yes,no,campus,afternoon_evening,yes,61.442,58.495,64.389
T22_0059,41.595,23.0,7.657,2.912,3.257,59.525,2.964,3.024,4.187,2.725,1.753,3.016,4.013,3.021,66.039,25.418,3.305,2.694,3.549,3.443,2.298,woman,second,social_science,reading,instrumental,yes,no,campus,afternoon_evening,no,65.968,65.158,66.777
T22_0060,46.398,24.0,7.77,3.337,3.255,43.793,3.098,2.882,3.335,2.82,5.809,2.612,2.343,2.143,90.042,12.458,2.541,2.777,2.334,3.112,4.189,woman,fourth_plus,arts_humanities,writing,instrumental,no,no,campus,morning,yes,64.516,62.171,66.86
T22_0061,0.0,20.0,6.759,2.753,4.074,65.889,3.272,4.122,2.5,2.925,3.108,3.246,2.404,1.602,73.874,33.27,2.981,3.608,2.894,4.029,3.31,woman,fourth_plus,other,writing,vocal,yes,no,home,morning,yes,67.89,71.772,64.008
T22_0062,0.0,23.0,6.651,3.479,2.437,63.33,2.565,4.028,3.201,3.136,4.266,2.141,2.717,3.752,71.709,27.107,4.301,3.82,2.911,2.439,4.257,woman,fourth_plus,stem,critical_thinking,vocal,no,no,home,morning,no,71.832,74.322,69.341
T22_0063,68.371,21.0,6.679,2.788,2.623,54.715,2.543,3.746,3.923,2.756,6.87,3.403,2.938,4.255,22.072,17.336,3.179,3.004,3.435,2.622,2.695,man,third,arts_humanities,writing,instrumental,yes,no,home,afternoon_evening,no,65.546,67.57,63.521
T22_0064,37.839,20.0,7.203,2.717,2.969,56.59,2.853,2.893,2.087,2.653,8.991,3.095,2.03,4.363,69.281,10.152,2.788,1.611,4.25,3.749,3.661,woman,fourth_plus,stem,reading,instrumental,no,no,home,afternoon_evening,yes,59.963,58.759,61.167
T22_0065,53.259,19.0,5.075,1.924,2.539,42.815,3.025,3.989,3.094,3.34,7.401,2.989,2.752,3.36,53.113,10.505,4.35,3.513,3.331,2.84,2.951,woman,second,social_science,writing,vocal,no,no,campus,morning,no,65.447,69.284,61.61
T22_0066,68.263,18.0,7.374,2.219,2.996,61.086,2.545,1.918,3.598,2.779,5.721,3.075,3.702,3.376,71.688,14.91,2.737,2.365,3.387,3.384,3.009,man,second,arts_humanities,memorizing,instrumental,yes,no,campus,morning,no,61.485,63.979,58.991
T22_0067,0.0,20.0,7.049,2.507,1.637,32.29,3.212,3.028,2.657,3.047,2.513,4.442,3.084,2.548,42.856,21.108,3.121,3.19,3.352,3.366,3.117,man,third,other,critical_thinking,instrumental,yes,no,campus,morning,yes,70.1,73.922,66.278
T22_0068,73.274,20.0,7.11,2.98,3.628,52.941,2.365,2.979,2.709,3.071,10.143,1.569,3.488,3.156,90.928,21.004,2.334,3.46,2.926,2.725,2.608,woman,third,stem,reading,vocal,no,no,campus,morning,no,50.397,53.876,46.919
T22_0069,33.437,20.0,7.589,3.779,3.237,37.716,2.588,2.971,4.663,2.501,2.061,2.85,4.11,3.334,62.243,21.027,2.53,3.764,2.348,3.237,2.937,woman,second,arts_humanities,reading,instrumental,yes,yes,home,morning,no,51.168,50.02,52.316
T22_0070,77.433,22.0,6.792,3.585,2.49,46.699,3.479,2.475,3.3,4.042,8.2,2.502,3.152,2.37,34.089,8.378,2.376,3.184,3.222,3.189,2.93,man,third,social_science,memorizing,instrumental,yes,no,campus,morning,yes,61.819,62.415,61.223
T22_0071,7.39,20.0,6.809,3.107,2.73,46.456,3.49,2.563,2.822,2.022,9.071,2.682,3.297,3.65,49.827,18.181,2.393,2.203,3.458,3.562,3.347,woman,fourth_plus,arts_humanities,reading,vocal,no,no,home,afternoon_evening,no,57.735,59.586,55.884
T22_0072,19.962,19.0,7.701,1.879,2.251,54.57,3.142,3.135,4.397,3.04,2.957,2.65,2.808,2.881,57.466,22.895,3.021,3.675,4.193,2.81,3.83,woman,fourth_plus,stem,critical_thinking,instrumental,yes,no,home,morning,no,69.681,72.732,66.63
T22_0073,33.303,23.0,7.058,3.68,2.99,52.382,3.29,3.758,2.968,3.367,4.566,2.124,2.586,3.552,92.453,10.283,2.218,2.14,2.098,3.764,3.983,woman,third,other,memorizing,instrumental,yes,no,campus,morning,no,66.832,64.434,69.23
T22_0074,0.0,22.0,6.011,3.08,1.759,45.419,3.22,2.979,2.026,2.915,3.004,3.217,3.137,3.798,79.134,22.678,3.494,2.801,1.987,3.018,3.407,man,third,other,reading,instrumental,no,no,campus,afternoon_evening,no,67.592,63.712,71.472
T22_0075,32.626,21.0,7.906,1.768,2.794,53.543,2.694,2.126,2.633,3.52,2.811,3.343,1.704,4.18,49.547,11.961,3.329,1.971,2.684,2.535,2.799,woman,fourth_plus,other,memorizing,vocal,yes,no,campus,morning,yes,60.813,59.423,62.203
T22_0076,72.762,22.0,6.819,3.392,2.441,26.209,3.754,3.801,3.88,2.099,4.637,2.55,2.794,3.288,62.123,11.908,3.189,2.681,3.608,3.252,3.346,woman,second,other,reading,vocal,no,no,home,afternoon_evening,no,54.554,56.013,53.094
T22_0077,37.69,23.0,6.612,2.608,3.713,42.635,3.324,2.911,4.306,2.721,3.439,2.351,2.374,2.648,64.798,13.684,3.955,3.184,3.593,2.025,3.016,woman,fourth_plus,stem,memorizing,instrumental,no,no,home,afternoon_evening,yes,49.415,46.251,52.58
T22_0078,28.433,19.0,6.693,2.73,2.522,54.941,2.973,3.032,2.529,1.947,6.01,2.751,2.691,3.115,42.069,16.359,3.385,3.01,3.653,3.435,2.177,woman,second,social_science,writing,vocal,yes,no,home,morning,no,55.956,57.431,54.48
T22_0079,48.961,21.0,5.936,3.743,2.415,47.406,2.824,1.534,3.217,3.643,10.426,3.595,2.766,3.298,37.978,16.015,3.293,3.431,4.103,3.132,2.12,man,third,arts_humanities,critical_thinking,vocal,yes,no,home,afternoon_evening,no,46.856,46.782,46.93
T22_0080,48.374,21.0,7.085,3.258,3.748,44.767,3.317,3.007,2.362,2.567,10.943,2.945,2.888,3.072,67.107,3.116,2.817,2.278,3.915,2.419,2.509,nonbinary_or_self_described,first,arts_humanities,critical_thinking,instrumental,yes,no,campus,afternoon_evening,no,58.788,56.997,60.579
T22_0081,57.355,19.0,7.417,2.477,2.699,43.388,2.947,3.995,3.601,4.223,5.453,1.993,3.034,1.258,101.99,27.495,3.115,3.316,3.322,3.427,2.592,man,fourth_plus,social_science,memorizing,instrumental,no,no,home,morning,no,71.459,71.735,71.184
T22_0082,98.095,19.0,7.73,3.272,3.625,67.957,3.315,3.956,3.912,2.624,3.996,3.788,2.869,3.883,62.27,20.516,3.714,2.445,2.921,3.865,2.935,woman,third,other,memorizing,instrumental,no,no,campus,morning,no,65.64,61.649,69.631
T22_0083,0.0,23.0,7.059,2.997,3.448,59.374,2.779,4.051,2.416,2.637,0.91,3.61,3.054,2.257,24.976,17.213,3.207,2.738,3.031,3.057,4.16,woman,fourth_plus,stem,memorizing,instrumental,no,no,home,afternoon_evening,no,70.353,69.767,70.939
T22_0084,19.741,22.0,8.242,3.385,3.629,48.601,2.748,3.04,4.095,3.857,3.258,3.111,2.518,2.402,55.285,15.332,1.442,1.979,3.99,3.436,2.387,woman,second,stem,writing,vocal,no,no,home,morning,yes,65.388,62.151,68.624
T22_0085,0.0,24.0,9.102,3.507,1.277,52.576,2.656,3.149,1.893,2.685,2.125,1.955,3.187,2.29,48.358,23.295,3.223,2.806,2.347,3.574,2.741,man,fourth_plus,stem,reading,vocal,no,no,campus,morning,yes,55.512,58.089,52.934
T22_0086,60.705,21.0,6.68,2.64,2.623,36.571,2.757,2.124,3.32,4.156,8.104,2.147,3.288,2.978,53.212,24.477,3.066,2.663,1.989,2.098,2.771,man,third,stem,memorizing,instrumental,no,yes,home,afternoon_evening,no,67.76,68.196,67.324
T22_0087,60.482,21.0,6.365,2.375,3.096,30.883,2.895,3.77,2.73,3.737,6.777,1.768,1.796,3.629,74.2,11.679,3.368,4.427,2.401,3.663,1.731,nonbinary_or_self_described,fourth_plus,stem,reading,vocal,no,no,home,morning,no,57.992,54.546,61.439
T22_0088,62.741,20.0,6.406,2.86,2.275,62.526,2.754,2.971,3.354,2.227,3.135,3.302,2.582,3.426,15.112,15.939,4.205,4.148,2.722,2.707,3.084,man,second,other,writing,instrumental,no,no,home,afternoon_evening,no,78.36,74.829,81.89
T22_0089,37.141,21.0,6.689,2.553,3.195,43.629,2.318,3.405,3.306,3.915,12.25,4.191,3.877,4.366,20.688,14.141,3.717,2.509,3.013,2.256,3.122,man,second,stem,critical_thinking,instrumental,no,no,home,morning,no,48.152,51.124,45.18
T22_0090,66.863,21.0,6.287,2.624,3.141,45.412,2.967,2.207,3.472,2.181,1.698,2.84,2.392,1.785,93.894,25.854,3.045,2.954,2.714,2.618,3.246,woman,third,arts_humanities,memorizing,instrumental,no,no,home,morning,no,64.794,63.898,65.691
T22_0091,87.598,20.0,7.372,2.055,4.726,56.923,3.02,4.375,3.591,2.826,7.018,4.275,2.4,3.098,71.752,24.406,2.714,3.641,2.166,2.823,2.79,man,first,stem,memorizing,vocal,yes,no,home,morning,yes,72.338,75.017,69.658
T22_0092,62.345,21.0,7.295,2.343,2.055,57.76,2.848,2.393,2.92,2.076,2.8,3.868,2.435,3.523,90.025,32.849,4.568,1.827,3.216,2.014,3.746,man,second,other,reading,instrumental,yes,no,home,morning,yes,60.992,57.229,64.754
T22_0093,10.746,22.0,6.864,2.127,3.061,47.673,3.097,3.256,3.015,2.714,0.895,2.646,2.552,2.113,85.597,22.956,3.099,3.488,4.206,2.467,2.049,woman,first,stem,memorizing,instrumental,yes,no,home,morning,yes,64.599,64.671,64.527
T22_0094,84.949,20.0,7.206,2.864,2.783,54.439,2.867,3.904,3.444,2.547,10.699,4.052,3.897,3.5,84.009,5.847,2.669,3.449,3.377,3.927,2.836,nonbinary_or_self_described,fourth_plus,stem,memorizing,vocal,no,yes,campus,afternoon_evening,yes,71.748,71.404,72.092
T22_0095,5.104,23.0,6.721,2.761,3.304,48.503,3.069,3.704,3.576,2.084,4.02,4.364,3.354,3.454,91.233,13.012,3.851,3.823,3.217,2.645,4.31,woman,first,arts_humanities,reading,instrumental,no,no,campus,afternoon_evening,yes,69.109,72.747,65.471
T22_0096,25.338,22.0,6.697,3.67,2.781,54.681,2.867,3.381,3.221,3.157,2.082,3.648,3.286,2.354,63.911,10.699,2.784,3.065,2.617,2.765,2.319,man,second,arts_humanities,memorizing,vocal,yes,no,campus,morning,yes,76.815,74.537,79.092
T22_0097,50.577,23.0,5.599,3.745,3.486,56.152,3.282,1.877,3.47,2.993,5.915,2.484,2.643,3.576,55.581,15.228,2.79,2.623,3.037,2.735,3.173,man,third,social_science,memorizing,instrumental,no,no,campus,afternoon_evening,no,71.526,75.484,67.568
T22_0098,96.673,20.0,7.405,3.296,2.453,50.703,3.215,2.988,2.608,3.84,4.467,2.812,3.227,2.71,47.862,4.294,2.776,1.434,1.814,2.65,3.976,man,first,arts_humanities,writing,instrumental,yes,no,home,morning,yes,72.921,71.314,74.528
T22_0099,16.649,20.0,7.582,1.632,3.274,35.825,3.108,3.325,3.186,1.505,3.705,2.541,2.542,2.775,55.412,7.769,1.163,2.573,3.626,2.399,3.628,man,second,social_science,reading,vocal,yes,no,campus,afternoon_evening,yes,60.745,61.418,60.072
T22_0100,21.75,20.0,8.273,2.772,4.511,40.954,3.338,2.535,3.168,2.065,4.114,1.955,2.367,2.469,61.618,13.154,3.313,3.344,2.828,4.891,4.103,woman,first,social_science,memorizing,instrumental,no,no,campus,afternoon_evening,no,63.138,62.191,64.085
T22_0101,64.461,21.0,6.507,3.686,3.557,37.759,3.333,3.271,1.972,2.199,9.201,3.247,2.546,3.987,59.07,16.915,2.803,2.703,3.005,3.587,2.616,woman,fourth_plus,other,memorizing,vocal,yes,no,campus,morning,no,75.028,73.336,76.719
T22_0102,53.8,20.0,8.277,2.223,2.512,61.564,3.179,2.942,2.241,2.356,4.011,3.365,3.329,2.719,71.824,11.852,2.569,2.203,3.039,2.606,3.677,nonbinary_or_self_described,fourth_plus,social_science,reading,vocal,yes,no,campus,morning,no,72.804,68.82,76.789
T22_0103,67.939,18.0,6.764,4.207,2.227,38.459,2.443,2.585,2.16,3.937,7.406,2.854,2.925,3.365,41.437,15.02,2.837,1.999,4.632,4.166,2.806,man,first,arts_humanities,reading,vocal,yes,no,home,morning,yes,71.89,70.869,72.912
T22_0104,24.157,21.0,7.434,3.042,2.853,79.115,2.658,2.884,3.424,2.202,3.043,3.163,2.142,2.537,55.462,16.598,3.704,3.087,3.104,3.423,1.708,woman,fourth_plus,social_science,memorizing,instrumental,no,no,campus,morning,yes,65.57,64.093,67.046
T22_0105,45.074,20.0,5.584,3.525,2.807,58.477,2.879,3.278,2.214,4.277,1.112,1.853,2.576,3.106,97.455,4.388,3.338,3.536,2.851,3.488,2.295,woman,second,stem,reading,instrumental,no,yes,campus,morning,no,65.088,62.766,67.41
T22_0106,51.291,20.0,6.643,3.034,2.477,40.039,2.812,2.589,3.564,3.148,3.417,3.234,4.208,2.346,74.947,16.856,3.915,3.111,2.763,3.658,2.085,woman,fourth_plus,arts_humanities,critical_thinking,vocal,no,no,home,afternoon_evening,no,61.952,60.831,63.072
T22_0107,71.314,20.0,7.07,2.98,2.207,59.432,3.304,3.174,2.286,4.049,7.148,2.075,2.417,2.328,84.741,16.082,4.836,2.896,3.711,2.488,3.035,man,first,social_science,reading,instrumental,no,no,home,afternoon_evening,yes,82.614,82.027,83.201
T22_0108,49.223,21.0,6.926,2.653,3.722,30.369,3.515,3.51,2.373,2.087,8.94,3.502,3.851,2.941,45.74,20.086,2.826,2.853,3.815,3.168,2.518,man,first,arts_humanities,writing,vocal,yes,no,home,morning,no,55.776,56.089,55.463
T22_0109,22.277,22.0,5.398,3.141,2.962,64.26,2.908,2.828,3.558,3.806,2.952,2.44,3.694,3.365,64.353,11.146,2.915,3.003,2.151,4.052,2.258,woman,first,social_science,writing,vocal,no,no,home,morning,no,65.8,67.867,63.734
T22_0110,45.899,19.0,7.972,3.401,2.952,63.01,2.999,1.457,3.759,2.901,0.846,3.027,3.008,2.205,62.454,3.844,2.548,3.55,3.747,3.104,4.091,nonbinary_or_self_described,second,arts_humanities,writing,vocal,no,no,campus,morning,yes,76.184,75.233,77.134
T22_0111,21.023,21.0,6.527,3.813,3.134,50.926,2.856,2.566,2.698,3.355,2.042,3.09,2.828,3.664,82.124,6.921,3.652,2.507,2.89,3.794,2.736,woman,second,other,memorizing,instrumental,no,no,campus,morning,no,55.811,55.751,55.871
T22_0112,56.883,21.0,5.976,2.163,2.429,64.736,2.971,3.002,2.581,2.678,9.645,3.1,1.739,3.175,69.625,14.254,3.285,3.106,1.862,4.164,3.061,woman,fourth_plus,other,memorizing,vocal,no,no,home,morning,no,58.809,55.138,62.48
T22_0113,23.398,24.0,6.91,3.713,2.418,76.846,2.883,3.667,2.981,3.4,7.745,1.42,3.773,2.952,41.395,16.374,3.284,3.519,3.136,4.171,2.885,man,first,social_science,critical_thinking,vocal,yes,no,home,afternoon_evening,yes,60.578,60.456,60.699
T22_0114,52.239,23.0,7.013,2.978,2.391,36.873,3.4,2.648,2.297,2.245,7.305,3.996,3.641,3.567,51.086,13.875,3.53,4.019,2.753,3.326,3.152,man,third,social_science,reading,instrumental,no,no,campus,afternoon_evening,yes,63.11,64.604,61.615
T22_0115,44.061,19.0,5.425,3.821,3.258,56.516,2.665,2.606,2.823,3.013,2.302,2.838,4.144,3.33,39.435,7.817,2.742,2.488,1.323,2.695,1.406,man,fourth_plus,arts_humanities,writing,instrumental,no,no,home,morning,no,56.753,58.026,55.48
T22_0116,0.0,20.0,6.449,2.996,3.126,44.547,3.057,2.714,2.441,3.188,5.511,3.004,3.348,2.544,94.132,8.988,2.354,2.706,2.666,2.527,3.585,woman,fourth_plus,other,memorizing,instrumental,no,no,campus,afternoon_evening,no,73.332,71.452,75.213
T22_0117,5.999,20.0,7.47,2.377,2.528,52.405,2.549,3.552,2.956,3.419,5.92,3.074,2.363,3.316,37.57,13.18,2.695,2.739,2.901,2.801,2.989,woman,third,stem,reading,vocal,yes,no,campus,afternoon_evening,no,47.558,46.752,48.364
T22_0118,20.03,25.0,6.99,2.985,2.491,32.202,3.176,2.683,3.128,3.156,6.986,2.604,2.193,1.752,52.581,16.251,2.753,3.076,2.946,3.366,2.859,nonbinary_or_self_described,fourth_plus,stem,writing,vocal,no,no,home,afternoon_evening,no,72.407,71.521,73.293
T22_0119,59.882,23.0,6.514,1.716,2.711,49.881,2.894,3.356,2.185,3.108,5.101,2.708,2.936,2.627,52.653,6.932,4.014,2.43,2.176,2.626,2.594,nonbinary_or_self_described,first,social_science,critical_thinking,vocal,no,no,campus,morning,no,71.014,70.138,71.889
T22_0120,58.421,21.0,7.003,3.22,3.789,56.771,2.779,2.586,2.874,1.945,8.438,3.134,2.4,1.807,47.592,20.734,2.014,3.458,2.611,3.672,3.08,woman,second,stem,critical_thinking,instrumental,no,no,home,afternoon_evening,no,65.101,67.287,62.915
T22_0121,15.559,20.0,6.414,3.257,2.823,64.507,3.043,3.58,3.283,2.278,2.97,2.778,2.383,3.796,41.371,19.253,2.274,3.238,2.779,3.518,1.896,woman,first,stem,critical_thinking,vocal,no,no,home,morning,yes,64.802,65.837,63.766
T22_0122,21.932,19.0,7.546,2.38,3.494,68.639,2.372,4.086,3.447,4.366,0.842,3.544,1.977,3.116,49.533,16.206,3.675,3.28,2.455,3.049,2.924,woman,first,arts_humanities,critical_thinking,instrumental,no,no,home,morning,no,61.232,58.059,64.406
T22_0123,0.0,23.0,6.436,2.507,3.422,47.85,3.195,3.322,3.754,3.208,3.659,3.023,3.231,2.924,60.48,23.7,3.591,2.401,1.637,3.436,2.824,woman,first,other,writing,vocal,no,no,campus,afternoon_evening,no,72.493,74.491,70.495
T22_0124,0.0,19.0,5.855,3.08,3.642,65.891,2.506,2.999,3.391,2.499,2.346,2.35,4.41,1.23,56.578,29.394,3.663,2.575,3.107,3.383,3.219,nonbinary_or_self_described,second,stem,writing,instrumental,yes,no,home,morning,yes,59.528,62.781,56.275
T22_0125,15.855,22.0,6.558,3.688,3.6,38.851,2.799,3.861,2.712,2.062,0.45,2.978,3.289,3.266,73.924,18.134,2.358,2.237,3.682,3.257,2.448,man,second,other,writing,instrumental,yes,no,campus,afternoon_evening,no,56.634,57.244,56.025
T22_0126,0.0,20.0,7.962,3.571,3.404,52.209,2.272,2.441,2.87,4.151,0.359,3.744,3.563,2.866,21.942,11.81,3.474,1.814,3.315,2.604,3.367,man,fourth_plus,stem,memorizing,vocal,yes,no,home,afternoon_evening,yes,64.767,66.953,62.581
T22_0127,7.668,21.0,7.937,2.409,2.55,52.214,2.926,3.394,3.177,2.379,4.197,1.856,3.489,2.43,71.12,4.991,3.705,3.169,2.114,2.24,1.897,man,fourth_plus,other,writing,vocal,no,no,campus,morning,yes,75.672,76.712,74.632
T22_0128,19.133,21.0,6.687,3.264,3.165,39.069,2.974,1.373,2.63,4.185,1.529,2.734,3.869,2.082,66.809,5.624,2.696,4.334,4.533,2.773,3.668,woman,third,social_science,memorizing,vocal,no,no,campus,afternoon_evening,no,79.792,75.911,83.672
T22_0129,56.146,22.0,5.162,3.881,2.292,58.747,2.743,3.67,2.603,3.684,3.267,2.588,3.019,2.821,75.629,23.267,2.449,2.343,3.329,1.925,1.961,man,third,stem,writing,instrumental,yes,no,home,morning,no,72.236,74.729,69.743
T22_0130,46.411,23.0,6.755,3.028,1.976,47.091,2.343,2.391,3.449,3.914,8.996,2.812,2.744,2.764,37.226,13.903,2.169,2.632,3.647,3.295,3.479,man,first,social_science,reading,instrumental,no,no,home,morning,no,61.591,58.906,64.276
T22_0131,88.433,18.0,6.265,1.956,2.81,32.374,2.586,3.375,3.535,3.609,5.121,2.926,3.591,3.037,52.133,22.828,2.792,3.018,2.942,3.363,2.845,woman,first,stem,reading,vocal,no,no,home,afternoon_evening,no,60.295,59.712,60.878
T22_0132,0.0,21.0,7.332,2.813,2.599,56.681,2.758,3.188,2.327,1.862,4.448,3.31,2.077,2.893,65.758,12.236,3.805,4.183,2.827,3.026,2.051,man,second,other,critical_thinking,vocal,yes,no,campus,afternoon_evening,yes,72.397,70.021,74.773
T22_0133,16.291,21.0,6.142,2.671,2.485,58.236,2.947,3.546,2.813,2.892,6.872,2.889,3.392,3.824,30.585,6.239,4.194,2.271,3.382,2.444,2.664,woman,fourth_plus,social_science,reading,instrumental,yes,no,campus,morning,yes,57.836,54.969,60.703
T22_0134,78.4,19.0,7.064,3.105,3.182,57.904,3.56,3.19,3.083,2.893,4.041,4.01,2.607,2.689,88.476,10.124,3.745,3.352,3.479,2.906,2.113,man,third,stem,reading,vocal,yes,no,campus,morning,no,60.306,63.649,56.964
T22_0135,26.758,24.0,7.717,2.265,2.14,60.181,3.105,1.323,3.38,3.73,4.148,3.479,1.517,3.466,45.874,18.163,3.407,2.661,3.688,2.878,2.362,woman,second,stem,memorizing,instrumental,yes,no,campus,afternoon_evening,no,60.318,58.563,62.072
T22_0136,0.0,24.0,6.347,4.082,3.206,48.828,3.142,3.578,2.808,2.561,2.281,2.466,2.006,2.648,64.419,9.99,1.73,3.424,4.344,3.041,3.325,woman,fourth_plus,arts_humanities,memorizing,instrumental,no,no,home,morning,no,69.649,71.175,68.123
T22_0137,52.955,19.0,6.833,2.738,4.058,62.698,2.872,3.383,2.27,2.081,7.016,2.611,2.572,2.731,60.696,8.545,2.528,2.572,1.534,2.355,3.172,woman,first,arts_humanities,reading,instrumental,yes,no,home,morning,yes,60.804,64.682,56.926
T22_0138,5.844,22.0,7.168,2.968,2.252,59.995,2.874,4.171,2.516,4.196,3.021,3.271,3.283,2.046,45.311,5.299,2.368,2.56,2.838,2.456,3.899,man,first,stem,memorizing,vocal,no,no,campus,afternoon_evening,no,77.52,75.741,79.3
T22_0139,27.914,22.0,6.691,4.046,2.091,33.396,2.682,3.448,3.666,2.423,3.127,2.738,2.782,2.314,59.027,24.206,3.577,2.35,2.657,2.485,2.97,woman,first,social_science,reading,vocal,no,no,home,afternoon_evening,no,56.792,54.5,59.084
T22_0140,33.967,21.0,6.485,3.124,1.74,53.518,2.942,3.926,2.587,2.858,4.062,2.607,4.599,3.283,69.142,7.682,2.685,4.662,3.3,2.704,3.068,man,first,social_science,critical_thinking,instrumental,yes,no,home,afternoon_evening,no,65.61,68.804,62.416
T22_0141,30.08,25.0,7.309,2.642,2.032,37.625,3.181,2.175,2.761,2.456,3.338,2.63,3.331,2.944,62.651,13.365,2.901,1.833,1.891,3.609,3.662,man,second,stem,writing,instrumental,no,no,campus,morning,no,70.9,73.034,68.767
T22_0142,15.861,21.0,7.159,2.956,2.869,53.486,2.802,2.057,2.49,4.127,9.864,3.577,3.579,3.047,41.972,25.189,3.46,3.324,2.539,3.242,3.524,man,fourth_plus,social_science,reading,vocal,no,no,home,morning,no,70.823,69.984,71.662
T22_0143,22.161,19.0,7.338,3.127,3.185,59.798,3.636,2.308,3.128,3.098,2.285,3.302,3.063,4.674,64.307,16.656,2.843,3.487,2.5,3.458,3.262,woman,first,social_science,reading,instrumental,no,no,home,afternoon_evening,yes,75.684,72.944,78.424
T22_0144,61.638,23.0,6.447,3.71,4.098,23.195,3.353,3.459,3.04,2.936,12.334,2.458,2.505,1.762,58.796,16.405,2.794,2.864,2.558,3.007,2.653,man,second,arts_humanities,reading,instrumental,no,no,campus,afternoon_evening,no,57.752,56.836,58.668
T22_0145,77.443,22.0,7.078,2.976,2.407,59.558,2.838,2.666,3.873,1.936,2.885,3.028,2.953,3.325,43.379,15.534,3.209,4.256,3.501,3.677,2.002,woman,first,stem,memorizing,instrumental,no,no,home,morning,no,60.924,58.106,63.742
T22_0146,90.399,22.0,6.188,1.907,2.629,51.767,2.97,2.937,1.603,3.756,1.333,3.416,3.262,2.074,50.647,11.073,4.144,3.468,2.836,3.7,2.003,man,first,stem,memorizing,vocal,yes,no,home,afternoon_evening,no,61.942,60.948,62.936
T22_0147,13.063,21.0,7.118,3.111,1.728,58.728,2.831,3.41,2.851,3.35,4.153,3.812,2.723,2.989,39.536,11.805,2.264,2.354,3.333,2.598,3.057,man,fourth_plus,stem,critical_thinking,vocal,no,no,campus,afternoon_evening,yes,70.728,72.571,68.885
T22_0148,0.0,22.0,8.041,3.058,2.428,36.06,3.306,3.097,3.396,3.519,7.1,2.867,3.107,3.068,63.578,18.668,3.325,2.601,3.035,4.273,2.432,man,first,other,memorizing,instrumental,yes,no,campus,afternoon_evening,no,59.584,57.688,61.479
T22_0149,48.65,23.0,5.687,3.258,2.423,41.173,3.467,2.751,3.482,3.278,3.055,2.173,2.967,2.833,63.433,26.814,3.973,3.758,3.311,3.125,2.923,man,first,stem,reading,vocal,yes,no,campus,morning,no,73.468,72.783,74.152
T22_0150,23.017,22.0,7.456,3.069,2.634,54.785,2.972,2.438,2.153,2.798,3.226,2.927,3.263,2.837,49.52,25.366,2.173,3.117,2.584,2.453,3.403,man,second,arts_humanities,writing,instrumental,no,no,home,afternoon_evening,yes,70.351,70.708,69.994
T22_0151,0.0,21.0,8.375,2.774,3.358,48.337,2.748,4.372,3.062,3.085,2.523,2.185,2.906,2.813,57.025,3.01,1.91,2.155,2.782,2.945,2.295,man,third,stem,reading,vocal,yes,no,home,afternoon_evening,no,71.839,69.105,74.573
T22_0152,46.136,18.0,6.103,2.383,2.188,51.822,2.164,2.04,1.931,2.635,4.418,4.465,3.552,3.311,75.748,12.241,3.38,1.288,2.872,3.029,3.042,woman,first,stem,reading,vocal,no,no,campus,afternoon_evening,no,69.723,68.104,71.342
T22_0153,53.09,18.0,5.656,2.231,3.094,51.298,2.855,3.943,2.851,2.067,5.616,2.998,2.996,3.75,73.14,28.209,2.411,2.98,2.406,4.442,3.514,woman,first,stem,memorizing,instrumental,no,no,home,afternoon_evening,yes,74.761,75.721,73.801
T22_0154,27.442,21.0,7.796,2.568,2.294,57.4,3.21,2.151,2.567,4.077,4.49,2.845,3.324,3.323,93.385,7.422,2.562,2.061,2.302,2.724,3.344,man,third,stem,writing,instrumental,no,yes,home,morning,no,53.083,52.95,53.216
T22_0155,58.779,21.0,5.176,3.364,2.636,62.183,2.927,2.885,2.572,3.032,3.181,3.066,3.007,3.602,82.696,6.913,2.959,2.68,2.831,2.583,3.045,woman,second,stem,memorizing,vocal,no,no,home,morning,no,55.362,52.837,57.888
T22_0156,41.784,22.0,6.824,2.471,2.888,52.132,3.068,2.432,2.154,2.81,2.619,2.496,1.925,2.072,59.659,15.901,2.651,2.211,3.769,2.929,3.088,woman,first,stem,critical_thinking,instrumental,no,yes,home,afternoon_evening,yes,69.733,65.827,73.64
T22_0157,52.767,22.0,6.564,3.162,2.791,45.155,3.203,2.761,3.619,3.486,3.953,3.288,2.249,3.573,54.485,26.302,3.073,2.648,3.268,2.718,2.264,man,second,social_science,critical_thinking,vocal,no,yes,campus,afternoon_evening,no,64.928,67.541,62.315
T22_0158,77.515,19.0,7.788,3.528,3.224,52.904,3.532,3.388,2.74,3.452,5.085,3.647,2.727,2.942,73.974,18.541,2.96,1.803,3.593,3.27,3.127,man,fourth_plus,other,memorizing,instrumental,yes,no,home,afternoon_evening,no,70.45,67.925,72.975
T22_0159,9.006,23.0,7.102,2.564,2.144,57.805,2.819,2.887,2.925,3.03,3.115,2.118,3.426,3.802,51.728,8.747,1.93,2.546,2.478,2.965,2.701,man,second,social_science,memorizing,instrumental,yes,no,home,morning,no,69.3,65.749,72.851
T22_0160,23.574,21.0,6.724,4.072,3.295,45.318,3.336,2.583,3.412,2.935,3.089,2.259,2.384,4.103,57.25,26.721,3.022,3.091,3.267,3.203,3.084,man,third,arts_humanities,memorizing,vocal,no,no,home,morning,no,66.336,66.007,66.666
T22_0161,45.739,25.0,5.153,2.489,2.999,61.827,2.563,4.696,3.722,2.194,6.458,2.469,2.951,3.682,51.985,18.762,3.16,3.274,3.47,3.319,3.039,woman,first,social_science,writing,instrumental,no,no,home,morning,yes,73.886,74.073,73.7
T22_0162,30.706,21.0,6.434,3.192,3.714,48.221,2.985,2.646,2.705,2.618,6.957,2.79,3.275,1.775,29.898,19.429,2.581,3.109,2.461,3.799,2.564,woman,second,other,critical_thinking,vocal,no,no,home,afternoon_evening,no,65.891,63.391,68.391
T22_0163,53.286,19.0,8.129,2.414,3.106,57.611,2.254,3.805,3.029,4.903,1.317,2.189,3.574,1.71,36.014,11.053,2.041,3.278,3.71,2.45,3.612,woman,fourth_plus,other,memorizing,vocal,yes,no,campus,afternoon_evening,yes,75.345,73.076,77.614
T22_0164,5.527,22.0,6.737,1.974,2.566,32.593,3.289,2.78,2.599,2.932,5.694,2.458,2.701,3.682,71.425,17.076,2.936,3.57,2.83,2.446,2.599,woman,third,arts_humanities,critical_thinking,vocal,yes,no,home,morning,no,59.338,58.781,59.894
T22_0165,56.048,20.0,7.105,2.05,2.662,54.037,3.075,3.801,2.167,1.941,0.217,2.489,3.387,3.114,72.563,8.256,3.317,3.921,2.473,3.114,3.109,man,fourth_plus,stem,writing,instrumental,no,no,campus,morning,no,54.264,55.129,53.4
T22_0166,32.123,22.0,6.538,2.726,1.67,41.277,2.621,2.956,2.668,2.697,5.787,3.514,3.486,3.057,90.904,14.243,3.822,3.831,2.168,3.156,3.613,woman,second,social_science,reading,instrumental,no,no,home,morning,no,55.632,59.382,51.881
T22_0167,73.176,21.0,6.249,3.164,3.62,48.914,3.638,4.457,3.285,3.598,3.838,3.584,2.692,2.258,15.984,7.216,2.132,2.79,2.043,2.217,3.495,man,third,social_science,writing,vocal,no,no,campus,afternoon_evening,no,67.0,67.767,66.232
T22_0168,70.783,19.0,6.022,4.001,3.805,40.341,2.73,2.997,3.875,3.232,6.659,3.277,2.77,2.307,64.837,22.875,2.914,2.676,3.482,2.967,2.665,man,second,other,writing,instrumental,no,no,campus,morning,no,55.51,51.743,59.278
T22_0169,41.759,20.0,5.515,3.591,3.107,44.396,3.231,2.135,2.924,2.956,5.16,3.316,2.957,2.039,57.969,15.97,4.043,2.644,2.606,2.621,2.943,woman,first,other,writing,vocal,no,no,home,morning,no,69.709,65.79,73.628
T22_0170,15.574,21.0,6.804,3.105,2.936,58.555,2.74,2.208,2.834,3.101,11.219,3.398,2.091,2.447,87.353,17.809,2.35,2.327,2.555,3.362,2.365,man,first,other,reading,instrumental,no,no,home,morning,yes,70.378,73.198,67.558
T22_0171,64.092,20.0,7.216,3.193,2.758,61.612,3.272,2.313,2.724,2.301,7.524,3.663,1.547,3.522,52.619,7.759,3.667,3.65,3.904,4.211,2.07,woman,first,stem,memorizing,instrumental,no,no,home,afternoon_evening,no,59.306,55.498,63.115
T22_0172,11.821,20.0,6.281,3.107,4.059,67.568,2.771,2.672,3.172,2.788,2.763,3.079,2.221,2.821,16.692,28.987,2.799,2.307,1.988,3.615,2.671,man,second,stem,writing,instrumental,no,no,home,afternoon_evening,yes,71.198,68.138,74.259
T22_0173,0.0,20.0,8.355,3.424,3.467,39.351,2.815,3.537,3.163,3.443,1.7,3.786,3.453,3.574,55.413,23.155,3.869,2.435,2.62,4.05,2.593,woman,third,stem,memorizing,vocal,no,no,campus,morning,no,68.767,65.694,71.84
T22_0174,37.068,21.0,7.212,4.333,3.022,49.979,2.868,2.532,2.912,3.026,3.727,2.814,3.851,3.65,65.847,12.443,3.167,3.362,2.57,3.123,4.912,woman,second,social_science,reading,vocal,yes,no,home,afternoon_evening,no,73.339,69.723,76.955
T22_0175,47.991,21.0,7.115,1.927,2.587,21.409,3.694,3.461,3.094,2.671,2.062,1.581,2.997,3.171,38.719,19.55,3.162,3.065,2.253,1.4,2.711,man,third,arts_humanities,reading,instrumental,yes,no,campus,morning,no,53.441,53.872,53.01
T22_0176,20.072,22.0,5.662,3.736,2.287,55.029,2.702,2.729,2.695,2.741,0.506,3.414,2.931,2.005,34.457,9.286,2.032,3.988,3.909,2.061,3.539,woman,third,social_science,memorizing,instrumental,no,no,campus,morning,no,70.258,72.74,67.777
T22_0177,50.999,20.0,7.018,3.197,4.588,34.375,3.107,3.549,2.744,3.663,4.454,2.208,3.267,2.884,61.069,6.785,2.657,3.289,2.662,2.929,2.667,woman,first,other,memorizing,vocal,no,no,campus,morning,no,61.584,63.108,60.06
T22_0178,51.846,23.0,6.767,1.946,4.656,38.656,3.202,2.419,4.157,3.229,7.318,2.892,2.714,2.373,68.139,11.924,3.397,2.438,3.088,3.501,3.062,man,second,stem,writing,instrumental,no,no,campus,afternoon_evening,no,62.639,66.418,58.859
T22_0179,65.002,21.0,6.992,2.253,2.147,60.259,2.86,2.444,2.566,3.382,3.159,3.826,3.004,3.661,60.371,15.304,4.381,3.007,3.373,3.609,4.128,man,second,arts_humanities,critical_thinking,instrumental,yes,no,home,afternoon_evening,no,64.022,62.202,65.841
T22_0180,18.584,21.0,7.4,4.168,3.771,31.913,3.29,2.705,2.299,3.239,1.211,3.597,2.142,2.255,70.181,16.867,2.807,2.421,1.566,3.983,2.097,nonbinary_or_self_described,fourth_plus,social_science,reading,instrumental,yes,no,campus,morning,yes,58.996,56.703,61.29
T22_0181,77.455,24.0,6.811,4.622,2.785,51.649,3.357,2.705,2.353,2.091,6.327,2.896,3.173,2.976,85.971,17.927,3.977,3.424,2.69,2.27,2.108,man,fourth_plus,stem,critical_thinking,instrumental,no,yes,campus,afternoon_evening,yes,68.158,68.244,68.073
T22_0182,9.27,24.0,5.143,3.138,2.981,49.904,2.987,2.888,3.145,3.91,6.055,3.472,3.268,2.932,34.179,15.088,3.176,3.527,3.097,2.825,3.515,woman,fourth_plus,social_science,writing,vocal,no,no,home,morning,no,81.827,81.011,82.643
T22_0183,68.863,20.0,7.297,2.05,2.938,62.03,2.784,2.808,3.244,3.621,0.847,2.645,2.117,3.246,84.936,7.89,2.299,3.875,3.079,2.621,2.822,woman,first,social_science,reading,vocal,no,no,campus,afternoon_evening,yes,68.446,66.235,70.656
T22_0184,40.861,23.0,6.902,3.63,3.325,45.867,3.215,2.487,3.533,2.886,1.967,2.73,3.427,2.999,88.741,11.591,3.274,3.642,3.104,2.117,3.034,man,second,arts_humanities,reading,vocal,yes,no,home,afternoon_evening,yes,65.926,69.025,62.827
T22_0185,25.112,24.0,6.522,4.322,2.759,57.992,3.129,3.72,2.376,3.856,9.386,2.693,3.367,3.564,108.979,20.243,4.784,2.65,2.733,3.618,3.189,woman,third,other,memorizing,vocal,yes,no,campus,morning,no,66.15,69.135,63.165
T22_0186,47.818,19.0,7.43,3.298,3.288,64.484,2.878,2.778,2.561,2.897,4.156,2.865,2.548,3.319,35.061,15.191,3.922,3.421,3.148,3.582,2.545,man,third,stem,writing,vocal,no,no,campus,morning,no,64.537,62.144,66.929
T22_0187,26.314,18.0,5.28,3.671,3.445,32.489,2.838,4.134,3.589,3.647,2.47,3.441,2.732,2.89,63.505,9.889,3.624,3.4,2.598,2.887,2.423,woman,second,stem,writing,vocal,no,no,campus,afternoon_evening,no,64.544,61.428,67.661
T22_0188,75.571,21.0,6.752,3.542,2.841,71.918,3.535,3.231,4.137,3.328,2.361,2.934,3.317,2.575,63.237,9.822,2.716,4.483,3.109,2.462,2.506,man,fourth_plus,social_science,memorizing,instrumental,yes,no,campus,afternoon_evening,no,69.21,73.053,65.368
T22_0189,0.0,21.0,7.546,2.28,2.947,60.102,3.698,2.388,2.712,3.207,5.341,3.207,4.123,4.164,56.43,18.781,4.824,2.631,2.721,3.31,2.32,man,second,other,reading,instrumental,no,no,campus,afternoon_evening,yes,61.786,59.058,64.513
T22_0190,53.103,22.0,6.612,2.809,2.207,42.994,2.597,2.649,3.955,3.477,6.88,2.873,4.537,3.43,71.383,6.449,3.682,2.536,3.499,3.064,3.44,woman,fourth_plus,other,critical_thinking,instrumental,yes,no,home,afternoon_evening,yes,59.619,59.247,59.991
T22_0191,74.196,22.0,6.76,2.968,2.932,55.283,2.714,3.788,3.239,2.937,5.403,3.379,2.585,3.603,66.533,8.425,3.77,3.293,3.161,2.648,2.167,man,fourth_plus,other,reading,vocal,yes,no,home,afternoon_evening,no,53.465,53.51,53.42
T22_0192,39.619,28.0,7.283,2.594,2.153,57.741,3.533,2.612,2.506,2.255,3.599,2.703,4.564,3.223,58.683,9.396,3.39,4.212,3.052,2.593,2.907,man,third,social_science,writing,instrumental,yes,no,campus,morning,no,71.494,75.188,67.801
T22_0193,98.104,23.0,6.177,3.398,2.563,49.14,2.59,3.926,3.534,4.439,2.935,3.575,3.078,2.673,60.909,7.283,2.974,2.479,3.114,3.282,3.495,man,third,other,reading,instrumental,no,no,campus,morning,no,64.116,60.495,67.736
T22_0194,39.009,23.0,8.045,2.586,3.12,42.496,3.506,2.689,3.027,1.476,2.701,2.616,3.105,3.202,67.301,15.09,3.663,2.986,3.876,3.009,3.325,man,first,stem,critical_thinking,instrumental,yes,no,home,morning,no,62.186,65.358,59.013
T22_0195,28.131,24.0,6.439,3.002,2.132,78.195,3.261,2.143,3.324,3.657,1.492,2.395,3.334,2.983,69.476,3.978,2.93,2.886,3.544,3.611,3.261,man,second,stem,writing,vocal,no,no,campus,morning,no,55.2,55.719,54.681
T22_0196,0.0,23.0,6.555,3.336,3.333,48.461,3.37,4.017,3.347,2.641,5.38,3.253,3.402,2.347,30.936,18.718,2.477,2.699,2.365,3.226,3.139,woman,fourth_plus,social_science,memorizing,vocal,no,yes,campus,afternoon_evening,yes,52.888,54.726,51.051
T22_0197,15.285,22.0,7.563,2.979,4.269,27.354,2.577,3.093,3.414,2.665,1.071,3.098,2.97,3.403,58.006,17.762,4.189,3.597,3.052,2.637,2.505,man,third,arts_humanities,memorizing,vocal,no,no,campus,afternoon_evening,no,68.7,70.269,67.13
T22_0198,65.379,22.0,7.164,2.826,3.731,52.398,2.656,2.876,3.566,2.797,5.804,3.2,3.431,3.766,67.955,16.365,2.876,2.309,3.627,2.695,4.068,woman,third,arts_humanities,reading,instrumental,yes,no,campus,afternoon_evening,yes,39.628,39.28,39.976
T22_0199,20.859,22.0,7.385,3.49,4.195,47.326,3.327,3.438,2.274,4.319,4.03,2.242,1.72,3.161,75.699,17.282,3.296,3.006,3.229,2.528,2.73,woman,third,stem,memorizing,instrumental,yes,no,campus,afternoon_evening,yes,68.184,70.592,65.776
T22_0200,22.008,21.0,5.513,2.957,1.249,60.337,2.633,2.102,3.149,4.578,3.121,2.038,2.728,1.705,47.187,29.586,3.475,3.716,4.043,2.96,3.016,nonbinary_or_self_described,fourth_plus,arts_humanities,critical_thinking,vocal,no,no,home,morning,yes,72.904,76.02,69.788
T22_0201,52.436,22.0,7.306,1.503,1.756,35.895,2.532,3.017,3.666,3.302,3.726,2.666,2.924,3.42,93.165,20.377,3.575,3.1,3.669,3.597,3.299,man,fourth_plus,social_science,memorizing,vocal,yes,yes,home,morning,no,55.496,58.671,52.321
T22_0202,52.23,20.0,6.339,2.402,3.373,47.933,3.729,1.276,3.667,1.915,7.766,2.778,3.867,4.183,60.116,20.312,2.669,2.727,2.718,2.943,2.777,woman,second,arts_humanities,writing,vocal,yes,no,home,morning,yes,54.79,55.381,54.198
T22_0203,36.86,19.0,7.151,2.11,2.216,50.372,3.031,2.969,2.874,3.823,6.458,2.757,1.852,2.887,69.128,23.354,2.551,2.802,3.223,3.336,3.583,woman,first,arts_humanities,memorizing,instrumental,no,no,campus,afternoon_evening,no,78.062,77.241,78.884
T22_0204,84.214,20.0,8.804,3.025,2.762,47.125,2.914,3.0,3.482,2.92,5.038,3.325,2.565,3.255,43.418,15.532,4.756,2.432,3.225,3.173,2.901,woman,first,social_science,writing,vocal,yes,yes,campus,morning,yes,59.153,62.973,55.333
T22_0205,55.02,20.0,6.212,2.867,1.72,65.016,3.715,2.577,2.442,3.029,6.491,3.064,3.567,2.497,23.143,13.39,1.797,2.665,1.792,3.539,2.979,woman,second,social_science,reading,instrumental,no,no,home,morning,yes,79.154,79.796,78.511
T22_0206,0.0,24.0,6.953,1.692,2.908,48.079,3.023,2.321,3.054,3.442,4.767,3.332,4.655,2.464,62.74,10.335,3.391,2.013,1.838,4.379,3.059,man,third,social_science,critical_thinking,vocal,no,no,home,afternoon_evening,no,59.896,59.422,60.371
T22_0207,83.028,20.0,5.38,3.265,2.804,40.029,3.395,4.558,2.559,4.383,3.388,1.889,3.269,2.932,47.729,28.093,3.871,3.318,2.562,2.781,4.304,nonbinary_or_self_described,third,stem,reading,instrumental,yes,no,home,afternoon_evening,no,59.259,59.265,59.253
T22_0208,86.283,22.0,6.227,2.996,2.321,42.079,3.15,2.536,2.146,3.985,6.11,3.507,3.545,3.125,41.314,20.378,3.944,4.301,3.864,1.936,3.181,man,fourth_plus,social_science,critical_thinking,vocal,yes,no,home,afternoon_evening,no,64.036,64.04,64.032
T22_0209,28.522,22.0,6.721,2.811,3.099,53.986,3.36,3.06,3.222,2.991,1.995,4.216,3.169,2.951,56.507,5.76,2.657,4.955,2.808,3.461,3.285,man,fourth_plus,other,reading,instrumental,no,no,home,afternoon_evening,no,68.98,69.783,68.177
T22_0210,92.546,20.0,7.425,3.578,1.932,52.647,2.914,3.672,2.413,3.384,3.645,3.063,2.815,3.422,63.99,14.354,2.985,3.203,2.953,2.462,2.926,woman,fourth_plus,stem,reading,vocal,no,no,home,morning,no,71.522,69.173,73.87
T22_0211,42.562,22.0,6.654,2.042,2.65,27.152,2.709,2.613,2.593,3.362,4.04,2.45,3.802,2.331,18.88,16.456,2.694,3.382,2.797,2.955,3.762,woman,fourth_plus,social_science,reading,instrumental,no,no,home,afternoon_evening,no,58.301,61.01,55.592
T22_0212,39.963,20.0,5.428,3.874,2.768,58.296,3.683,3.849,2.574,3.942,2.76,3.138,4.196,2.541,50.707,22.831,2.02,3.815,2.45,2.963,3.811,woman,second,stem,writing,instrumental,yes,no,campus,morning,no,73.598,75.086,72.11
T22_0213,26.859,21.0,9.013,3.233,3.933,31.365,3.104,2.665,2.81,3.036,1.742,3.359,3.911,3.854,63.095,27.811,2.114,2.096,4.075,3.712,3.922,man,first,other,critical_thinking,vocal,no,no,campus,afternoon_evening,no,63.113,62.241,63.985
T22_0214,0.0,22.0,6.564,3.531,1.334,46.863,2.484,2.774,2.641,3.239,3.879,2.159,3.006,3.334,52.292,15.943,4.49,2.856,2.546,3.447,1.795,woman,third,stem,writing,vocal,no,yes,campus,morning,yes,55.928,53.045,58.81
T22_0215,37.789,21.0,8.514,3.291,1.585,47.96,2.834,2.156,2.963,2.821,12.977,2.534,3.539,3.299,82.012,14.455,2.519,2.414,2.116,3.601,4.059,woman,second,other,reading,vocal,yes,no,campus,morning,no,70.27,69.14,71.401
T22_0216,65.936,24.0,6.779,3.882,2.955,45.37,2.384,2.312,2.991,3.22,1.64,3.049,3.033,2.786,58.103,19.338,3.811,2.97,2.428,3.114,2.329,woman,second,social_science,memorizing,instrumental,no,no,home,afternoon_evening,no,57.619,55.737,59.501
T22_0217,55.397,20.0,5.95,2.297,3.28,39.78,3.687,3.446,2.682,2.768,2.428,2.081,3.239,3.807,29.355,12.715,2.828,2.301,2.82,2.136,3.762,woman,second,stem,reading,vocal,no,no,campus,morning,yes,54.382,55.944,52.819
T22_0218,40.968,20.0,6.852,3.076,3.153,44.225,3.004,3.673,3.087,2.652,8.963,3.305,3.17,3.12,91.047,15.799,2.912,3.649,1.647,2.561,1.993,woman,third,stem,memorizing,instrumental,yes,no,campus,morning,yes,71.397,74.416,68.378
T22_0219,0.0,19.0,6.644,2.58,4.073,37.914,3.576,3.063,1.43,2.182,1.026,3.454,2.637,2.373,39.215,26.295,3.817,3.347,3.159,2.49,2.198,woman,third,arts_humanities,memorizing,vocal,yes,no,campus,morning,yes,75.441,78.905,71.977
T22_0220,37.848,25.0,7.678,2.395,2.474,63.268,3.356,3.087,2.688,2.757,6.446,2.269,2.359,2.959,34.36,11.711,3.86,2.243,2.099,3.425,2.715,man,first,stem,writing,vocal,yes,no,home,afternoon_evening,yes,66.214,67.191,65.238
T22_0221,0.0,23.0,7.022,4.025,2.684,45.452,2.682,1.97,2.453,2.302,2.643,2.497,2.354,3.266,81.801,20.622,3.141,3.048,2.832,2.232,3.199,man,first,arts_humanities,critical_thinking,instrumental,no,no,campus,afternoon_evening,no,74.907,71.746,78.068
T22_0222,10.763,25.0,7.649,2.457,4.193,69.497,3.242,2.73,2.165,4.762,3.741,3.551,4.034,3.509,67.039,13.085,2.686,2.452,1.52,3.789,3.737,man,first,social_science,critical_thinking,vocal,no,no,campus,afternoon_evening,yes,80.43,79.727,81.133
T22_0223,13.358,21.0,8.091,2.585,2.954,52.038,2.747,2.871,3.361,3.505,4.243,3.153,3.53,3.347,90.658,3.583,4.218,2.729,2.966,2.739,2.969,woman,fourth_plus,stem,critical_thinking,instrumental,no,no,home,morning,no,62.348,63.841,60.854
T22_0224,45.969,21.0,5.714,2.372,3.847,52.651,3.236,2.791,1.292,3.207,1.134,2.782,4.131,2.836,83.872,10.174,4.212,1.696,2.861,3.325,2.948,woman,second,arts_humanities,reading,vocal,yes,no,campus,morning,yes,61.662,62.451,60.874
T22_0225,26.816,21.0,5.712,3.814,3.566,52.394,2.863,3.072,2.454,2.16,5.069,2.77,1.892,4.097,81.568,10.721,4.035,3.025,3.088,2.395,2.815,woman,third,stem,writing,instrumental,no,no,campus,afternoon_evening,no,59.782,61.575,57.988
T22_0226,57.52,22.0,6.861,2.731,2.419,48.548,2.75,3.802,2.595,3.064,2.326,2.562,3.012,2.657,78.33,21.379,3.81,3.014,3.257,2.28,3.197,woman,fourth_plus,stem,memorizing,instrumental,no,yes,home,morning,yes,62.957,63.692,62.222
T22_0227,39.049,21.0,6.191,1.547,3.383,33.182,2.249,2.827,4.067,2.846,2.378,3.462,1.045,2.318,71.449,4.674,3.693,2.469,2.494,3.107,3.994,man,fourth_plus,arts_humanities,writing,vocal,yes,no,campus,morning,no,68.961,72.354,65.568
T22_0228,0.0,23.0,6.862,3.245,3.879,60.583,3.652,3.192,2.954,3.541,3.837,2.94,2.782,2.423,59.748,14.955,3.965,3.732,2.816,3.88,2.868,man,fourth_plus,social_science,writing,vocal,no,no,home,morning,no,66.466,69.282,63.651
T22_0229,34.786,26.0,6.022,1.436,2.799,45.746,2.81,2.174,2.953,3.999,4.093,3.229,2.994,2.678,72.375,11.589,3.707,3.649,3.1,1.058,2.496,man,fourth_plus,other,reading,instrumental,yes,no,campus,morning,no,57.245,53.74,60.75
T22_0230,58.518,19.0,7.007,3.212,3.492,58.292,3.204,1.92,3.683,1.749,1.604,3.184,2.834,2.78,61.156,20.761,2.81,4.048,3.046,3.24,4.075,woman,first,social_science,reading,instrumental,no,no,campus,afternoon_evening,yes,74.748,72.733,76.764
T22_0231,59.23,23.0,7.311,2.525,2.902,56.911,3.286,2.728,2.584,3.673,2.838,2.652,2.717,2.625,61.816,18.807,3.205,4.042,2.133,3.298,3.673,man,second,other,writing,instrumental,no,no,home,morning,yes,68.063,67.672,68.454
T22_0232,68.28,19.0,7.677,4.369,3.573,50.901,2.652,4.017,2.827,3.365,7.337,3.116,4.004,1.632,57.516,9.329,1.707,2.182,2.263,2.768,2.984,man,first,social_science,critical_thinking,vocal,no,no,campus,morning,no,78.012,76.357,79.667
T22_0233,30.691,24.0,6.847,2.993,3.692,53.618,3.187,2.804,2.617,2.387,5.979,3.541,3.454,4.039,30.098,18.103,3.061,3.603,1.807,2.162,2.523,man,fourth_plus,arts_humanities,reading,instrumental,no,no,home,morning,no,64.427,68.364,60.49
T22_0234,0.0,21.0,6.291,2.825,4.038,29.464,3.157,3.287,2.357,2.879,7.045,1.876,4.198,2.86,46.743,6.268,2.908,2.906,1.954,2.27,4.285,woman,second,arts_humanities,writing,instrumental,no,no,campus,afternoon_evening,no,56.381,52.539,60.223
T22_0235,57.05,18.0,7.826,3.766,2.735,54.593,3.074,2.713,2.902,2.211,0.86,3.171,3.018,3.25,21.387,21.987,3.034,4.014,3.439,2.701,2.392,man,second,stem,reading,vocal,yes,no,campus,afternoon_evening,no,79.444,78.077,80.81
T22_0236,6.52,19.0,7.19,3.017,3.482,52.593,3.184,3.497,3.997,2.835,4.27,2.442,4.106,3.181,82.025,22.182,3.29,3.265,3.523,3.483,2.819,woman,third,other,writing,vocal,no,no,campus,afternoon_evening,yes,76.819,79.702,73.936
T22_0237,40.028,22.0,8.694,2.526,2.951,65.91,3.514,3.866,2.868,3.095,1.812,3.42,2.975,3.447,50.257,12.651,2.353,2.551,2.869,3.54,2.284,man,third,arts_humanities,reading,instrumental,no,no,home,afternoon_evening,no,68.912,69.435,68.388
T22_0238,35.564,23.0,6.943,2.723,2.967,44.464,2.716,2.442,2.935,3.014,3.966,3.373,1.77,3.658,83.467,18.452,3.842,2.163,3.643,2.439,3.611,man,third,arts_humanities,writing,instrumental,no,no,campus,afternoon_evening,yes,63.88,61.716,66.045
T22_0239,55.524,19.0,6.94,3.587,2.966,33.779,3.022,3.678,3.154,3.608,0.826,1.832,2.689,2.784,28.801,21.829,3.125,2.023,4.094,3.25,3.138,man,second,social_science,writing,vocal,no,no,campus,morning,no,68.987,72.551,65.423
T22_0240,0.0,23.0,6.852,2.395,2.774,40.448,2.686,2.93,3.01,2.766,3.006,3.712,3.318,2.706,68.422,15.989,4.616,2.666,4.086,2.721,3.002,man,fourth_plus,social_science,reading,vocal,no,no,campus,afternoon_evening,yes,67.435,67.506,67.365
T22_0241,23.937,20.0,6.063,2.3,3.54,43.893,3.352,3.167,3.019,2.329,7.382,1.888,2.881,3.262,31.996,14.061,3.645,2.814,2.586,2.971,3.487,man,fourth_plus,stem,memorizing,instrumental,yes,no,campus,morning,no,60.129,56.209,64.049
T22_0242,25.814,21.0,7.18,2.089,3.308,63.72,3.393,3.331,3.344,2.561,5.705,2.788,3.323,2.669,66.583,13.711,4.387,2.777,3.609,2.541,2.843,woman,first,other,writing,vocal,no,no,campus,afternoon_evening,no,58.647,60.533,56.761
T22_0243,40.04,23.0,5.868,2.276,4.083,60.751,3.306,2.221,2.853,3.603,4.247,3.796,2.235,2.913,60.232,16.046,2.998,3.5,3.067,2.657,2.44,woman,first,social_science,writing,instrumental,no,no,campus,afternoon_evening,no,61.173,58.225,64.121
T22_0244,39.056,20.0,7.152,3.172,1.827,45.988,2.811,3.444,3.644,2.032,3.129,3.592,3.445,3.121,43.307,18.696,2.883,2.404,2.339,2.141,3.921,woman,first,arts_humanities,writing,vocal,no,no,campus,morning,yes,69.346,72.084,66.607
T22_0245,41.446,21.0,8.237,1.622,2.503,51.175,3.307,2.41,2.327,2.851,6.033,4.159,2.217,3.224,53.767,10.938,3.19,3.358,1.95,3.066,2.494,woman,first,other,critical_thinking,vocal,no,no,campus,morning,no,64.887,65.766,64.008
T22_0246,18.247,21.0,6.402,3.59,2.002,64.658,3.293,2.979,2.813,2.576,5.586,2.981,2.697,1.702,24.964,5.32,4.126,3.169,2.278,2.962,2.876,woman,fourth_plus,social_science,memorizing,vocal,yes,no,campus,afternoon_evening,no,63.404,67.157,59.651
T22_0247,23.291,19.0,6.484,3.614,2.304,33.178,2.641,2.678,3.601,3.72,7.043,4.081,2.788,2.509,39.22,26.818,3.622,1.864,2.094,3.099,2.736,woman,fourth_plus,other,reading,instrumental,yes,yes,campus,afternoon_evening,yes,61.4,57.548,65.253
T22_0248,64.346,21.0,6.088,2.518,2.772,46.489,2.903,3.573,2.338,3.331,2.288,2.684,3.106,3.241,78.521,13.758,3.097,2.878,2.485,3.148,2.634,man,fourth_plus,other,memorizing,vocal,yes,yes,campus,afternoon_evening,no,73.348,73.981,72.716
T22_0249,49.777,19.0,6.37,2.937,2.5,59.554,2.479,2.268,3.198,3.304,10.189,3.992,2.381,2.588,44.105,21.484,2.82,2.832,2.462,3.546,2.213,woman,third,social_science,writing,instrumental,yes,no,campus,morning,no,65.24,66.706,63.775
T22_0250,0.0,20.0,6.883,3.365,2.734,35.897,3.033,1.568,4.154,3.828,1.701,3.051,2.513,3.059,52.066,20.886,2.333,3.444,4.163,3.538,3.235,woman,third,stem,writing,vocal,no,no,home,afternoon_evening,no,58.43,57.19,59.67
T22_0251,0.0,23.0,5.771,3.058,2.948,53.135,2.954,3.228,2.427,3.273,5.01,3.144,3.811,3.149,73.476,18.53,4.672,2.025,3.58,3.262,2.15,man,fourth_plus,other,reading,vocal,no,no,campus,morning,no,64.852,63.868,65.835
T22_0252,88.547,18.0,6.363,2.71,2.816,51.864,2.39,3.777,2.439,2.999,4.615,2.672,2.437,2.883,43.292,19.664,3.082,3.973,3.144,3.814,3.077,woman,first,arts_humanities,memorizing,vocal,no,no,home,afternoon_evening,no,64.168,63.589,64.747
T22_0253,8.674,22.0,6.089,2.688,3.767,55.537,2.648,1.31,3.269,2.194,9.358,3.492,2.618,3.231,67.614,17.97,3.648,3.646,2.978,2.964,3.465,man,first,social_science,critical_thinking,vocal,no,no,home,morning,yes,57.359,58.134,56.584
T22_0254,30.242,22.0,8.082,2.632,1.943,39.509,3.338,3.828,3.328,3.366,4.122,3.359,1.84,3.611,36.756,15.85,4.034,3.033,2.237,3.031,2.988,woman,second,arts_humanities,critical_thinking,vocal,yes,no,home,afternoon_evening,no,69.886,73.752,66.02
T22_0255,62.23,23.0,7.422,1.709,2.398,60.894,2.905,1.712,2.861,2.047,3.148,2.553,3.44,3.663,41.672,10.668,4.335,2.721,4.15,3.338,2.28,woman,third,arts_humanities,memorizing,instrumental,no,no,home,morning,no,45.108,41.775,48.442
T22_0256,0.0,22.0,8.082,3.463,3.036,52.071,2.964,3.899,3.445,3.509,0.42,2.633,2.977,3.087,20.263,15.745,3.228,3.099,2.732,1.637,2.356,woman,first,other,critical_thinking,vocal,yes,no,home,morning,no,66.574,66.083,67.064
T22_0257,5.764,22.0,7.1,3.706,1.525,43.673,2.717,3.836,3.681,4.101,5.32,2.946,1.943,1.548,35.066,15.041,4.052,3.696,3.106,2.734,2.712,woman,second,social_science,memorizing,instrumental,yes,no,campus,afternoon_evening,no,63.744,66.254,61.234
T22_0258,32.315,20.0,7.535,2.172,3.699,47.711,2.425,3.239,3.507,3.475,2.807,3.136,2.231,3.588,84.2,13.355,3.182,3.521,2.938,3.036,3.894,man,third,stem,writing,instrumental,no,no,campus,morning,no,58.937,57.669,60.205
T22_0259,43.08,22.0,7.787,3.743,2.241,62.575,2.51,2.885,1.671,3.597,8.824,2.728,1.952,3.973,76.769,15.685,3.95,3.556,2.24,3.403,1.979,woman,third,other,memorizing,vocal,yes,no,home,morning,no,70.352,71.797,68.906
T22_0260,9.443,22.0,8.253,2.736,3.849,50.159,2.906,2.33,2.644,2.765,3.215,4.221,2.161,3.245,83.934,11.182,4.209,2.7,2.47,2.545,3.389,woman,second,stem,memorizing,vocal,yes,no,campus,afternoon_evening,no,71.389,70.221,72.557
T22_0261,47.237,22.0,8.164,2.668,2.78,54.724,3.042,2.665,3.113,3.838,8.273,2.194,3.148,3.912,71.994,11.422,2.131,3.564,3.048,2.65,3.02,man,fourth_plus,stem,memorizing,instrumental,yes,no,campus,afternoon_evening,no,63.496,61.851,65.141
T22_0262,66.484,20.0,6.842,2.144,2.675,61.202,2.81,3.324,3.712,2.089,6.674,3.04,2.579,2.674,64.088,15.796,2.479,3.565,2.631,3.554,2.834,woman,fourth_plus,social_science,reading,instrumental,yes,no,campus,afternoon_evening,no,58.887,55.849,61.925
T22_0263,57.389,22.0,6.854,3.531,2.734,47.561,3.216,4.048,3.143,3.577,5.037,2.304,2.676,2.786,50.806,15.848,3.193,3.073,4.173,3.359,2.637,woman,fourth_plus,social_science,writing,instrumental,no,no,campus,afternoon_evening,no,61.222,62.526,59.917
T22_0264,15.516,21.0,7.147,2.333,2.144,29.257,2.438,2.481,2.941,3.26,5.749,3.363,3.391,3.96,51.608,24.126,3.85,4.073,3.516,3.08,3.359,woman,first,social_science,memorizing,instrumental,no,no,campus,afternoon_evening,no,58.862,57.833,59.892
T22_0265,54.546,19.0,8.197,2.681,3.789,37.937,3.54,2.886,2.009,2.156,4.636,2.996,3.075,2.608,72.708,17.895,3.906,3.014,4.115,2.352,1.939,woman,first,social_science,writing,instrumental,yes,no,campus,afternoon_evening,yes,78.116,76.219,80.012
T22_0266,8.627,20.0,7.424,1.543,4.417,44.627,2.772,3.208,2.781,3.21,7.718,3.064,3.715,3.05,47.762,3.922,2.333,3.233,3.676,3.537,2.721,woman,first,social_science,reading,vocal,no,no,campus,afternoon_evening,yes,58.36,58.913,57.807
T22_0267,57.975,23.0,7.035,2.813,1.908,38.367,2.517,2.295,3.207,2.701,8.859,2.885,2.969,3.997,70.634,15.205,2.403,1.832,2.052,3.815,2.96,woman,fourth_plus,social_science,reading,instrumental,yes,no,campus,afternoon_evening,yes,59.393,57.048,61.738
T22_0268,39.604,21.0,6.675,2.974,2.115,45.793,3.027,3.236,2.523,1.978,7.304,2.905,2.787,2.638,78.97,18.427,2.393,4.091,2.634,3.048,2.772,man,second,other,writing,vocal,yes,no,campus,morning,no,68.579,72.517,64.641
T22_0269,34.746,24.0,8.334,2.773,2.91,48.824,3.193,1.618,2.934,2.091,2.282,2.76,2.901,3.286,49.986,3.325,2.296,2.985,2.851,3.343,4.094,woman,second,social_science,critical_thinking,vocal,yes,yes,campus,afternoon_evening,yes,70.884,72.007,69.76
T22_0270,40.679,22.0,7.643,3.111,2.971,53.848,3.147,1.676,2.759,3.369,8.471,2.863,3.284,3.287,59.043,5.356,2.493,3.704,3.01,2.385,3.321,woman,second,arts_humanities,writing,instrumental,no,no,home,morning,yes,74.49,72.159,76.822
T22_0271,44.418,26.0,5.888,3.588,2.751,49.516,2.369,2.998,2.87,2.591,8.284,2.743,4.472,3.127,45.893,10.228,2.34,3.8,3.381,3.198,2.329,woman,third,arts_humanities,memorizing,vocal,no,yes,campus,morning,no,49.246,52.193,46.298
T22_0272,72.756,22.0,6.658,2.992,4.004,55.736,3.014,3.569,2.854,3.242,5.321,2.666,2.937,2.24,66.32,13.043,3.412,3.498,4.113,2.254,1.958,man,first,stem,reading,vocal,no,no,campus,afternoon_evening,no,67.707,69.027,66.387
T22_0273,43.25,25.0,8.475,2.755,2.831,44.424,2.644,2.683,2.91,3.4,0.252,3.621,3.974,3.009,38.769,25.17,3.042,2.032,2.78,2.677,2.806,woman,first,arts_humanities,critical_thinking,vocal,no,no,campus,morning,yes,69.05,69.532,68.567
T22_0274,16.841,23.0,7.945,3.86,2.803,40.403,2.99,3.166,3.354,3.647,7.072,2.799,2.273,3.005,63.627,3.964,2.628,3.16,2.699,2.743,2.916,woman,first,other,critical_thinking,instrumental,no,no,campus,afternoon_evening,yes,74.316,77.857,70.774
T22_0275,15.499,24.0,6.586,2.982,2.996,58.877,3.518,3.004,2.239,3.01,2.91,2.821,3.457,3.08,16.602,16.831,2.328,3.386,3.308,3.139,2.987,man,second,social_science,writing,instrumental,yes,no,home,afternoon_evening,yes,66.622,64.249,68.994
T22_0276,0.0,20.0,8.156,3.158,3.114,38.58,3.316,2.004,2.765,3.847,9.018,2.497,2.386,2.533,58.344,23.334,2.641,2.344,2.766,2.52,2.138,woman,fourth_plus,arts_humanities,memorizing,instrumental,no,no,campus,morning,no,72.288,68.587,75.99
T22_0277,24.18,22.0,6.838,2.71,3.466,54.926,2.645,2.58,4.583,3.39,3.236,4.516,2.441,2.91,50.926,7.714,3.094,2.221,3.406,2.387,3.005,woman,third,other,memorizing,instrumental,no,no,home,afternoon_evening,no,65.255,62.442,68.068
T22_0278,80.938,20.0,6.254,2.566,2.55,49.652,3.124,3.426,4.059,3.291,7.795,2.588,4.029,3.253,64.817,10.174,3.022,3.465,3.545,2.825,1.796,woman,third,stem,reading,vocal,no,no,campus,morning,yes,40.429,36.575,44.283
T22_0279,67.612,21.0,8.61,3.01,3.006,54.719,2.976,2.691,3.187,2.586,3.444,3.117,3.113,3.471,32.913,11.406,1.497,3.646,3.704,2.443,2.731,man,first,stem,reading,instrumental,no,no,campus,afternoon_evening,yes,73.718,72.76,74.675
T22_0280,56.397,19.0,6.676,2.95,2.902,63.154,3.781,3.83,3.405,2.132,0.353,2.067,3.591,2.892,60.173,12.557,2.712,3.169,3.477,3.836,2.125,man,first,stem,reading,instrumental,no,no,campus,morning,no,72.462,72.483,72.44
T22_0281,57.03,19.0,6.681,3.195,2.54,37.66,2.384,3.665,3.129,3.291,5.345,4.169,3.197,3.617,76.539,20.015,2.776,2.958,2.759,4.664,4.077,man,second,social_science,critical_thinking,vocal,yes,no,home,afternoon_evening,yes,67.434,69.655,65.212
T22_0282,18.742,21.0,7.667,1.172,3.55,43.086,2.89,1.966,3.398,3.657,2.809,2.657,2.773,2.676,45.298,15.295,3.936,3.313,2.701,2.347,2.736,woman,fourth_plus,arts_humanities,critical_thinking,instrumental,no,no,campus,afternoon_evening,no,62.579,66.167,58.992
T22_0283,35.475,21.0,7.934,3.785,2.063,51.53,2.573,3.855,2.173,2.97,2.847,3.471,3.824,2.493,73.524,7.646,3.484,2.949,2.841,3.905,2.997,woman,second,stem,reading,vocal,no,no,home,afternoon_evening,yes,61.067,61.893,60.241
T22_0284,65.647,22.0,6.536,3.737,3.041,48.731,3.441,2.404,3.116,2.008,4.552,2.639,3.627,3.799,67.34,21.186,2.68,4.24,3.76,2.111,3.259,nonbinary_or_self_described,second,stem,critical_thinking,instrumental,yes,no,campus,morning,no,69.028,68.809,69.247
T22_0285,2.656,22.0,7.151,2.156,2.666,61.899,2.647,4.218,3.283,2.361,3.891,3.755,1.792,3.343,72.768,24.64,2.839,2.961,3.413,4.06,3.095,woman,third,other,memorizing,vocal,no,no,campus,afternoon_evening,no,75.244,77.855,72.633
T22_0286,18.101,22.0,5.536,1.948,2.522,45.972,2.678,3.731,2.359,3.495,5.858,3.462,3.444,3.137,85.277,15.876,1.511,2.024,4.069,3.416,2.489,woman,fourth_plus,social_science,memorizing,vocal,yes,no,campus,afternoon_evening,yes,71.408,74.269,68.548
T22_0287,0.0,21.0,9.189,3.104,2.748,45.962,3.35,2.595,3.344,2.801,3.973,4.155,4.105,2.873,102.806,11.385,3.889,3.438,4.247,4.318,3.476,woman,second,arts_humanities,memorizing,vocal,no,no,campus,afternoon_evening,yes,70.916,70.576,71.256
T22_0288,2.997,19.0,7.749,3.495,3.162,58.262,3.036,2.091,3.213,3.246,6.4,3.397,3.422,4.427,67.008,3.463,2.487,3.359,3.054,2.66,2.889,man,fourth_plus,social_science,reading,instrumental,no,no,home,morning,no,61.78,59.379,64.181
T22_0289,64.756,22.0,7.892,3.317,4.036,61.358,3.373,3.332,4.25,3.885,10.11,3.858,3.289,3.096,39.309,33.35,3.747,2.346,2.115,3.176,3.311,woman,fourth_plus,social_science,memorizing,instrumental,no,no,home,afternoon_evening,yes,67.376,70.864,63.889
T22_0290,21.397,23.0,8.443,3.525,3.307,49.838,2.973,2.852,4.008,2.53,6.692,2.431,3.56,2.228,64.953,21.432,2.518,2.975,2.578,2.674,4.157,woman,third,other,reading,vocal,yes,no,home,morning,no,71.79,68.63,74.95
T22_0291,1.112,18.0,5.965,2.657,2.791,62.29,2.549,2.772,1.837,3.391,1.135,2.127,2.192,3.415,48.009,14.196,2.404,3.779,2.983,2.526,2.354,woman,third,social_science,memorizing,instrumental,no,no,home,morning,no,72.039,72.27,71.808
T22_0292,33.723,19.0,6.173,3.46,3.631,59.245,3.561,3.107,4.679,2.3,9.839,2.877,3.024,2.112,102.771,21.441,2.137,2.818,4.112,2.298,1.815,man,third,arts_humanities,critical_thinking,vocal,no,no,home,morning,yes,76.758,73.521,79.995
T22_0293,30.943,20.0,7.368,3.119,3.825,29.818,3.064,2.668,3.659,3.017,6.004,2.358,3.096,2.119,48.654,8.3,3.818,3.598,3.509,2.306,1.798,man,fourth_plus,arts_humanities,reading,instrumental,no,no,home,morning,yes,59.358,62.599,56.117
T22_0294,89.438,21.0,7.011,3.286,2.229,62.382,2.283,3.14,1.701,3.104,4.119,4.248,4.521,3.005,31.544,19.309,3.412,3.013,3.179,2.917,2.569,woman,fourth_plus,stem,writing,vocal,yes,no,home,afternoon_evening,no,64.274,63.522,65.025
T22_0295,0.0,21.0,6.464,3.404,3.163,51.579,2.789,2.521,2.393,2.753,2.415,4.163,3.214,3.658,48.687,6.699,1.284,2.301,3.734,2.997,3.535,woman,third,social_science,reading,vocal,no,no,campus,morning,yes,75.428,72.661,78.196
T22_0296,55.105,21.0,7.154,2.668,3.31,45.275,2.86,3.011,1.898,2.466,5.729,3.28,3.775,3.705,51.792,18.392,2.462,3.386,2.909,2.606,2.65,woman,first,stem,reading,instrumental,no,no,home,afternoon_evening,yes,54.512,55.927,53.097
T22_0297,69.186,23.0,6.392,4.232,2.494,53.017,3.199,2.541,2.604,3.079,5.736,4.357,2.955,3.566,79.249,13.94,3.953,2.535,2.653,2.525,2.836,woman,second,stem,writing,vocal,no,no,home,morning,yes,64.671,65.023,64.318
T22_0298,45.773,20.0,6.554,1.931,2.927,41.843,3.235,2.363,2.863,2.326,6.206,2.043,3.272,2.378,70.162,19.066,2.251,2.193,2.672,2.615,3.069,man,first,social_science,reading,vocal,yes,no,home,morning,yes,58.154,55.22,61.088
T22_0299,34.298,22.0,6.49,2.684,2.495,65.95,3.078,2.399,2.432,2.975,5.366,2.365,3.905,2.854,58.806,5.264,2.895,1.595,2.13,4.01,2.339,man,third,arts_humanities,reading,instrumental,no,no,home,afternoon_evening,no,64.022,63.905,64.138
T22_0300,35.886,20.0,6.627,3.391,3.248,47.135,3.563,1.648,2.932,2.554,5.275,3.204,2.518,2.888,59.097,17.328,2.178,2.825,2.444,2.846,1.67,woman,first,social_science,critical_thinking,vocal,no,no,campus,afternoon_evening,no,71.571,74.758,68.384
