participant_id,weekly_time_in_nature,screen_time,weekly_exercise,sleep_hours,age,sleep_quality,academic_stress,social_support,financial_strain,loneliness,baseline_worry,neighborhood_safety,green_space_distance,study_hours,work_hours,time_management,commute_minutes,chronic_pain,mindfulness,nature_connectedness,caffeine_mg,gender,race_ethnicity,college_year,food_insecurity,in_person_classes,housing,chronic_condition,mental_health_history,current_counseling,recruitment_channel,anxiety
T24_0001,1.826,5.67,77.315,6.63,19.0,3.391,2.138,3.922,3.78,3.041,1.911,1.868,18.162,17.051,3.997,3.393,16.793,3.24,3.319,2.682,218.005,man,white,fourth_plus,no,yes,off_campus,no,no,no,campus_notice,13.583
T24_0002,3.513,9.555,165.54,5.392,20.0,2.65,2.715,3.984,4.166,3.326,2.515,3.351,4.212,8.52,22.623,2.81,17.995,3.552,2.778,2.971,211.743,man,white,fourth_plus,no,yes,on_campus,no,no,no,campus_notice,10.902
T24_0003,7.62,5.068,241.511,7.444,22.0,3.056,2.742,3.111,3.532,3.534,2.697,2.53,16.313,17.099,29.538,2.728,34.067,4.063,3.106,3.141,103.317,woman,white,first,no,yes,on_campus,no,yes,no,course_notice,10.003
T24_0004,1.227,9.451,2.265,5.092,21.0,1.984,3.304,2.979,3.042,3.637,3.144,1.933,27.978,10.16,25.858,3.58,9.849,3.124,1.655,3.366,385.031,woman,white,first,no,yes,on_campus,yes,no,no,campus_notice,14.009
T24_0005,6.012,8.22,221.954,6.614,18.0,3.792,2.626,2.03,1.987,2.61,4.035,2.47,17.639,24.443,14.432,2.091,24.76,3.616,2.396,2.665,139.512,man,white,first,no,no,on_campus,no,yes,no,course_notice,11.629
T24_0006,3.91,8.566,68.008,6.558,22.0,2.566,2.738,2.918,2.582,3.313,2.281,3.181,6.13,16.096,10.414,2.261,40.495,3.467,2.751,2.501,104.458,man,white,first,no,no,off_campus,no,no,no,campus_notice,11.291
T24_0007,0.546,5.754,109.457,6.6,20.0,3.53,3.266,3.852,2.956,2.992,1.116,3.333,11.735,18.606,14.956,4.127,27.998,4.412,2.6,2.284,267.64,woman,hispanic_latino,third,no,yes,off_campus,no,no,no,course_notice,8.834
T24_0008,1.129,5.742,187.992,6.769,20.0,3.579,4.473,2.68,4.247,4.253,2.569,3.38,10.159,21.337,8.835,3.365,10.793,2.651,4.773,2.711,213.977,woman,white,second,no,yes,on_campus,no,no,no,campus_notice,9.153
T24_0009,7.997,2.89,196.594,6.009,19.0,3.071,3.126,2.975,2.288,3.729,2.134,2.794,25.256,23.328,8.841,2.808,11.573,2.84,2.833,3.309,297.657,woman,white,first,no,yes,off_campus,no,no,yes,campus_notice,14.01
T24_0010,4.41,9.642,56.356,6.502,20.0,1.075,3.848,2.242,3.782,3.166,3.102,3.818,7.723,12.649,15.251,2.816,41.705,2.146,4.161,2.327,80.505,man,hispanic_latino,third,no,no,off_campus,yes,yes,no,campus_notice,10.451
T24_0011,0.081,6.188,119.728,6.454,21.0,2.676,2.528,2.595,3.499,2.6,2.95,3.605,7.374,15.086,20.271,3.102,35.821,1.692,1.85,2.84,137.52,man,hispanic_latino,third,no,no,on_campus,no,no,yes,campus_notice,10.906
T24_0012,4.586,6.184,164.788,7.108,19.0,2.429,1.571,2.503,2.577,3.562,3.037,3.936,10.072,10.441,9.66,3.677,31.4,2.592,2.214,3.435,105.19,man,white,second,yes,yes,off_campus,no,no,yes,course_notice,7.867
T24_0013,0.242,9.765,82.969,8.958,23.0,2.364,2.841,2.95,2.566,2.699,3.834,3.144,8.567,16.958,7.085,2.894,22.669,4.393,3.794,4.914,46.031,woman,white,fourth_plus,no,yes,on_campus,no,no,no,campus_notice,13.731
T24_0014,2.907,4.213,106.481,6.46,20.0,4.296,2.751,3.539,2.636,3.67,3.115,2.34,9.975,27.357,16.41,3.368,29.875,3.974,3.621,2.942,134.499,man,white,third,no,no,off_campus,no,no,no,course_notice,15.267
T24_0015,7.53,6.966,57.844,7.867,20.0,1.876,3.905,2.486,3.76,3.38,2.556,3.409,18.482,25.26,3.34,3.205,9.468,3.39,3.76,3.85,243.538,nonbinary_or_self_described,asian,third,no,no,off_campus,no,no,yes,course_notice,12.927
T24_0016,2.102,5.776,262.177,6.583,21.0,1.934,3.304,3.717,2.162,4.225,3.091,3.059,14.893,21.229,27.265,2.803,21.325,3.375,2.34,2.984,242.777,woman,hispanic_latino,second,no,yes,off_campus,no,no,yes,course_notice,13.159
T24_0017,0.672,7.849,26.651,7.128,19.0,1.436,3.719,3.131,2.96,3.012,3.554,2.768,15.833,15.592,13.108,4.009,36.357,3.29,3.608,2.993,291.261,man,black,first,no,yes,on_campus,no,no,no,course_notice,11.56
T24_0018,2.017,1.845,190.291,6.811,20.0,3.17,3.46,2.96,2.038,2.345,3.676,2.087,22.522,21.866,0.939,3.981,43.101,2.39,1.652,2.543,232.51,man,asian,second,no,yes,on_campus,no,no,no,campus_notice,3.884
T24_0019,6.534,6.691,31.4,7.043,20.0,2.501,1.566,2.223,3.807,4.087,1.621,2.938,8.99,11.619,8.763,3.19,17.394,2.922,2.596,2.523,132.15,man,asian,third,no,yes,on_campus,no,no,no,campus_notice,5.258
T24_0020,3.578,9.517,132.296,8.431,18.0,1.782,3.266,1.938,2.679,2.669,3.197,2.767,23.663,21.029,15.01,2.515,43.201,3.021,2.696,3.193,337.994,woman,hispanic_latino,first,yes,yes,off_campus,no,no,no,campus_notice,10.513
T24_0021,3.012,3.085,3.408,7.841,19.0,2.538,2.978,2.819,3.041,1.809,3.493,3.736,9.289,23.693,20.655,1.828,41.257,2.199,2.984,3.684,117.869,woman,multiracial_or_other,third,no,yes,off_campus,no,no,yes,campus_notice,9.236
T24_0022,3.935,2.746,81.158,6.102,20.0,2.353,3.615,3.289,2.812,2.352,2.317,3.402,19.846,3.756,19.263,3.345,4.894,3.282,2.726,3.29,29.581,woman,hispanic_latino,first,no,yes,on_campus,yes,no,no,course_notice,11.37
T24_0023,0.48,4.558,181.72,5.738,21.0,2.147,3.507,2.994,2.815,2.718,2.133,2.155,5.305,13.752,10.647,2.342,35.728,3.019,2.234,2.981,125.211,man,hispanic_latino,third,no,yes,on_campus,no,no,no,campus_notice,16.266
T24_0024,1.046,7.989,62.845,7.677,19.0,2.454,2.839,2.906,1.871,2.93,3.09,3.917,20.16,13.079,8.582,3.472,49.546,3.792,3.045,3.567,157.992,man,asian,fourth_plus,no,no,off_campus,no,yes,no,course_notice,11.845
T24_0025,1.248,9.731,132.409,7.769,20.0,1.884,3.249,2.702,2.482,2.504,3.099,3.346,1.995,14.182,11.7,2.75,25.061,3.16,2.777,2.658,180.4,man,hispanic_latino,fourth_plus,no,yes,off_campus,no,no,no,campus_notice,12.802
T24_0026,6.376,5.904,134.397,7.621,21.0,3.164,4.199,2.507,3.232,4.685,2.492,2.44,9.27,10.408,12.415,2.181,4.356,2.864,2.532,2.438,309.716,man,black,third,yes,yes,on_campus,no,no,no,campus_notice,11.987
T24_0027,0.959,7.451,114.172,7.129,19.0,3.562,1.91,4.73,3.003,2.479,3.298,3.111,24.532,11.892,20.941,2.807,18.157,2.877,4.607,2.655,97.592,man,white,third,no,yes,on_campus,no,yes,no,course_notice,9.391
T24_0028,2.438,11.233,12.238,7.925,22.0,1.736,3.963,3.144,3.627,3.329,2.263,2.209,3.464,17.2,20.715,3.044,4.437,3.137,2.666,4.025,135.298,nonbinary_or_self_described,white,first,no,yes,on_campus,no,yes,no,course_notice,8.939
T24_0029,6.869,11.504,152.732,6.751,19.0,2.541,3.075,2.651,3.7,2.883,2.986,3.383,25.767,14.274,8.691,3.059,16.292,3.52,3.028,3.858,162.226,woman,white,first,no,no,off_campus,yes,no,no,campus_notice,14.747
T24_0030,3.983,8.541,156.068,7.982,20.0,3.066,2.782,2.743,2.687,3.04,2.958,2.411,23.809,35.151,2.236,3.229,25.33,2.967,2.534,2.394,187.162,man,white,third,no,yes,on_campus,yes,no,no,campus_notice,12.006
T24_0031,2.298,5.101,161.25,7.194,19.0,2.986,1.861,3.71,2.804,1.996,2.48,2.966,8.48,11.428,23.592,2.795,45.358,2.656,2.126,1.918,172.698,man,asian,fourth_plus,no,yes,off_campus,no,no,no,course_notice,9.487
T24_0032,0.989,6.958,83.684,7.942,20.0,3.004,3.308,3.339,3.405,2.698,4.865,3.948,11.575,15.533,16.651,2.771,29.233,3.349,2.616,3.603,317.612,woman,white,fourth_plus,no,yes,off_campus,no,no,yes,course_notice,16.564
T24_0033,0.449,6.088,149.189,7.179,21.0,3.541,2.194,3.027,4.532,4.271,3.202,2.856,6.604,10.768,14.293,3.407,33.947,2.045,3.106,3.353,322.538,woman,hispanic_latino,third,no,yes,on_campus,yes,no,no,campus_notice,8.332
T24_0034,0.07,8.254,181.609,6.614,20.0,4.251,3.157,2.782,3.646,3.43,2.44,2.476,23.341,19.259,27.757,2.896,18.221,2.363,3.034,2.611,157.338,woman,white,second,no,yes,off_campus,yes,no,no,campus_notice,12.12
T24_0035,0.483,8.539,110.847,7.011,19.0,3.549,2.631,3.064,3.978,3.863,3.832,3.859,7.346,19.83,19.919,3.627,42.2,3.1,3.005,2.707,466.479,woman,white,fourth_plus,no,yes,off_campus,no,no,no,campus_notice,12.946
T24_0036,0.333,9.325,136.837,7.361,20.0,3.714,2.144,3.324,3.738,3.151,3.099,3.223,9.748,13.952,12.759,2.329,44.506,2.729,3.369,3.065,379.43,woman,hispanic_latino,first,no,yes,on_campus,no,no,no,course_notice,11.126
T24_0037,6.592,5.486,209.917,5.727,20.0,2.884,2.266,2.76,2.335,4.161,3.574,3.449,9.208,17.397,18.382,1.984,19.163,2.935,2.316,3.716,119.922,man,asian,second,no,yes,on_campus,yes,no,yes,campus_notice,11.977
T24_0038,4.064,9.085,162.129,5.779,21.0,3.489,1.832,4.287,2.636,2.231,3.303,2.083,23.754,17.913,3.994,1.697,35.586,2.832,3.541,3.032,276.243,man,black,first,no,no,on_campus,no,no,yes,course_notice,9.239
T24_0039,2.748,7.331,301.585,7.232,20.0,2.196,3.64,2.437,1.332,1.14,2.884,4.099,19.657,20.628,16.353,2.403,32.678,2.813,2.995,2.98,277.967,man,black,first,no,yes,off_campus,no,no,no,campus_notice,7.771
T24_0040,4.535,7.34,206.392,7.397,19.0,2.28,3.543,2.251,3.462,2.852,2.178,2.693,0.754,10.32,14.755,2.836,13.394,2.787,3.117,1.875,399.414,woman,white,third,no,yes,off_campus,no,no,no,course_notice,12.291
T24_0041,0.33,7.246,181.76,6.137,21.0,3.906,1.289,3.109,3.754,2.966,3.633,1.932,7.753,18.729,5.706,3.711,5.747,2.299,2.783,2.937,67.945,man,multiracial_or_other,second,no,yes,off_campus,yes,no,no,course_notice,8.936
T24_0042,6.028,4.076,133.365,7.015,20.0,4.377,3.641,2.689,2.521,2.129,3.273,2.068,16.013,16.683,0.929,3.005,27.413,2.784,1.792,2.474,107.997,woman,white,second,no,yes,on_campus,no,no,no,campus_notice,11.314
T24_0043,7.884,8.914,52.674,7.896,22.0,1.981,3.226,2.038,2.907,2.489,2.65,2.01,4.841,18.71,3.551,3.067,35.57,2.802,2.973,3.23,299.822,nonbinary_or_self_described,hispanic_latino,third,no,no,on_campus,no,yes,no,course_notice,9.56
T24_0044,5.084,4.862,130.333,6.519,19.0,3.624,3.546,3.061,3.606,2.725,2.578,3.568,20.089,18.192,14.883,4.263,41.192,2.783,3.67,3.076,317.376,woman,asian,third,no,yes,off_campus,no,no,yes,course_notice,6.408
T24_0045,8.138,8.172,208.152,7.712,18.0,2.768,3.426,2.361,1.631,3.37,3.341,2.675,11.721,18.719,13.7,3.107,12.191,2.138,3.66,3.031,180.896,man,white,fourth_plus,no,yes,on_campus,no,no,no,campus_notice,7.441
T24_0046,4.169,2.102,158.895,8.116,21.0,3.818,2.925,3.57,2.196,2.352,3.938,3.372,17.804,18.803,3.127,2.113,8.99,3.071,2.597,2.932,70.79,man,hispanic_latino,second,no,no,on_campus,no,no,no,campus_notice,7.195
T24_0047,1.174,5.411,278.674,7.323,22.0,3.849,3.072,2.136,3.947,2.615,2.328,2.762,30.869,27.477,0.771,3.113,31.385,2.7,2.489,2.086,272.792,man,white,second,no,yes,off_campus,no,no,no,course_notice,11.08
T24_0048,5.539,4.542,138.752,7.184,21.0,2.101,2.853,1.367,3.097,2.034,4.243,4.781,15.258,10.961,14.057,2.418,28.406,2.193,2.542,2.576,402.11,man,multiracial_or_other,third,no,no,on_campus,no,no,no,campus_notice,7.332
T24_0049,2.316,6.061,321.325,7.756,19.0,4.788,4.115,2.296,3.799,2.981,3.636,2.688,14.647,13.497,13.055,2.66,8.139,2.259,2.766,3.286,159.178,man,white,fourth_plus,no,yes,on_campus,yes,no,yes,course_notice,10.945
T24_0050,4.097,6.727,174.452,8.536,19.0,2.465,3.263,3.671,3.104,2.778,3.595,3.031,8.557,12.396,16.5,2.926,36.589,2.273,2.348,2.82,274.129,woman,black,third,no,yes,on_campus,no,no,yes,campus_notice,13.427
T24_0051,0.433,1.836,124.469,6.721,20.0,2.768,2.362,3.154,2.43,2.3,2.118,3.382,9.79,18.512,25.358,3.392,27.706,3.517,2.945,3.169,211.35,woman,black,third,no,yes,on_campus,no,no,no,campus_notice,7.617
T24_0052,1.304,6.263,184.958,7.4,21.0,3.104,3.216,3.095,3.277,2.951,3.173,2.391,14.897,16.135,18.994,3.354,36.337,3.795,2.407,2.552,167.99,man,hispanic_latino,third,yes,yes,off_campus,no,no,no,campus_notice,12.044
T24_0053,3.806,4.979,176.331,6.362,20.0,2.119,2.47,3.005,3.755,2.657,2.684,2.305,18.452,9.309,11.207,3.717,21.421,4.605,3.932,2.117,178.591,man,white,second,no,no,on_campus,no,no,no,course_notice,13.885
T24_0054,6.245,7.296,9.568,7.298,19.0,2.576,3.207,3.189,3.826,2.765,2.858,3.082,6.348,9.344,4.552,3.48,34.695,3.646,3.265,2.98,17.976,woman,hispanic_latino,first,no,yes,off_campus,no,no,no,course_notice,11.638
T24_0055,2.134,13.419,141.963,6.454,22.0,3.093,2.55,2.352,2.306,1.951,3.125,3.433,17.84,16.984,12.249,3.07,33.165,2.552,3.643,3.307,357.324,woman,white,first,no,yes,on_campus,no,no,no,course_notice,10.073
T24_0056,5.339,6.94,213.167,6.631,21.0,3.424,3.383,3.062,1.932,1.275,3.671,3.355,23.884,18.12,15.712,3.864,21.78,3.068,2.282,3.425,164.791,man,multiracial_or_other,first,no,yes,on_campus,no,no,no,campus_notice,6.985
T24_0057,0.094,3.659,173.923,7.493,19.0,3.84,2.958,2.351,2.902,3.038,3.698,2.551,10.855,14.472,19.112,2.844,28.312,1.138,4.554,2.061,280.361,woman,hispanic_latino,fourth_plus,no,yes,off_campus,no,no,no,course_notice,10.359
T24_0058,1.194,4.888,150.405,6.724,21.0,2.599,2.613,1.98,3.198,4.001,2.396,3.128,16.356,13.219,9.846,3.183,22.235,3.835,3.334,3.385,84.97,woman,multiracial_or_other,fourth_plus,yes,yes,on_campus,no,no,no,course_notice,12.114
T24_0059,8.802,5.493,31.829,6.358,18.0,3.946,3.128,2.192,2.343,3.495,3.352,1.431,8.721,24.295,3.804,3.123,45.553,3.768,3.5,2.822,159.206,man,hispanic_latino,first,yes,yes,on_campus,no,no,no,campus_notice,12.105
T24_0060,5.142,6.903,117.733,6.733,21.0,3.483,3.144,4.073,2.998,3.179,2.475,2.578,12.85,13.433,20.184,2.923,38.577,3.48,4.443,3.404,124.746,woman,multiracial_or_other,fourth_plus,no,yes,on_campus,no,no,no,course_notice,7.286
T24_0061,9.921,1.98,257.276,7.065,23.0,3.848,2.132,2.501,2.386,3.674,2.814,3.155,0.111,21.29,9.011,3.401,28.106,1.55,3.527,3.618,280.386,man,white,first,no,no,off_campus,no,no,no,course_notice,8.879
T24_0062,0.245,5.703,7.016,6.702,20.0,2.554,2.23,2.766,3.575,3.972,3.457,2.627,11.522,12.95,16.431,3.674,41.407,1.691,3.586,2.953,196.122,woman,white,fourth_plus,no,no,off_campus,no,yes,no,course_notice,11.649
T24_0063,5.319,9.143,232.851,7.724,19.0,3.504,2.338,3.389,2.768,2.521,2.976,3.797,18.445,9.623,0.708,2.661,30.299,2.865,3.258,3.084,20.77,man,white,first,no,yes,off_campus,no,no,no,course_notice,12.123
T24_0064,3.423,4.133,155.716,6.412,20.0,2.567,2.33,2.866,2.51,2.482,2.686,4.505,10.24,23.223,19.924,4.274,22.658,1.406,3.616,2.759,143.706,woman,asian,fourth_plus,yes,yes,on_campus,no,no,no,course_notice,5.964
T24_0065,4.815,6.223,73.458,6.736,19.0,2.697,2.55,2.725,4.188,2.978,2.646,3.154,2.969,4.057,7.345,3.077,21.458,3.297,3.111,3.472,294.171,woman,black,first,no,yes,on_campus,yes,no,no,campus_notice,10.057
T24_0066,2.611,3.691,151.668,7.775,21.0,2.549,3.827,2.363,2.51,2.521,3.317,4.419,20.959,30.54,18.383,3.864,30.681,2.719,2.756,3.122,293.66,man,white,third,no,yes,on_campus,no,no,no,campus_notice,12.663
T24_0067,1.624,0.632,172.519,7.078,21.0,3.106,2.956,2.956,3.728,2.848,4.023,2.609,12.247,27.487,6.691,3.512,31.597,3.452,2.312,3.682,291.699,woman,white,second,no,yes,off_campus,no,no,no,campus_notice,13.897
T24_0068,1.907,3.38,130.926,7.294,21.0,3.332,3.607,2.947,3.288,3.477,3.829,3.077,17.057,10.09,0.889,3.379,18.779,4.182,2.658,2.758,353.179,man,white,first,no,yes,off_campus,no,no,no,campus_notice,13.431
T24_0069,8.747,4.449,161.893,7.954,21.0,3.176,2.62,4.002,3.998,2.715,3.428,2.31,4.86,13.354,3.163,3.906,32.699,3.944,3.195,2.517,252.831,man,hispanic_latino,second,no,yes,off_campus,no,no,no,course_notice,5.116
T24_0070,0.77,4.713,43.485,6.354,21.0,2.915,3.038,2.775,3.416,1.982,3.028,3.441,16.137,19.237,2.667,2.632,14.691,3.109,3.055,2.848,192.791,woman,asian,second,no,yes,off_campus,no,no,no,campus_notice,10.735
T24_0071,2.428,7.373,122.371,5.622,19.0,3.841,3.087,2.919,3.557,4.425,3.887,2.301,5.401,16.771,11.117,2.46,2.762,3.69,1.786,3.038,202.698,woman,multiracial_or_other,first,no,no,on_campus,yes,yes,no,campus_notice,15.038
T24_0072,8.483,2.001,157.666,7.026,20.0,1.848,3.147,1.792,3.748,3.661,2.923,3.564,17.242,22.613,11.627,2.605,50.054,2.306,2.536,2.44,368.973,woman,hispanic_latino,fourth_plus,no,yes,on_campus,no,no,no,campus_notice,10.473
T24_0073,1.249,1.036,204.063,7.022,19.0,3.01,2.704,3.48,2.758,4.063,3.715,2.188,11.427,27.611,21.31,3.349,11.223,4.236,2.597,2.873,201.696,woman,white,fourth_plus,no,no,off_campus,no,no,no,campus_notice,12.765
T24_0074,1.045,4.157,121.476,7.479,18.0,2.939,3.436,2.331,3.081,2.353,3.262,3.872,21.741,16.277,19.192,2.547,41.713,2.241,3.293,3.216,92.14,man,white,third,no,no,on_campus,no,yes,no,course_notice,10.307
T24_0075,2.112,3.778,100.099,7.526,19.0,2.39,2.545,3.334,2.326,2.674,3.132,2.692,12.461,23.561,14.145,1.857,25.483,2.694,4.413,2.496,206.875,woman,multiracial_or_other,first,no,yes,on_campus,yes,no,no,campus_notice,8.61
T24_0076,0.694,9.655,172.83,6.666,19.0,1.957,3.432,3.596,2.867,3.41,3.727,3.182,6.24,13.664,14.636,3.257,29.428,2.997,3.556,3.326,205.435,man,white,first,no,yes,off_campus,no,no,no,campus_notice,14.874
T24_0077,8.854,7.17,91.548,7.106,23.0,2.892,3.894,3.402,2.254,2.754,2.439,2.799,12.146,15.31,18.155,2.529,47.058,3.323,2.104,3.35,259.195,woman,asian,third,no,yes,off_campus,no,no,no,campus_notice,11.061
T24_0078,5.996,8.597,163.311,6.063,19.0,2.242,3.181,3.083,3.091,2.411,3.396,3.567,1.882,5.594,3.032,2.402,28.575,2.601,3.27,2.899,218.825,man,black,third,no,yes,off_campus,yes,yes,no,course_notice,16.519
T24_0079,0.764,4.937,326.286,8.043,20.0,2.101,3.547,3.835,4.035,4.545,2.154,1.61,7.12,9.889,7.167,2.069,9.013,3.14,3.335,3.312,242.558,woman,white,third,yes,yes,on_campus,no,yes,no,campus_notice,10.683
T24_0080,1.537,7.307,46.187,6.877,22.0,3.83,3.325,3.279,2.194,2.574,3.528,4.345,13.957,16.202,8.143,3.763,21.772,1.91,2.696,2.858,227.833,man,hispanic_latino,first,no,no,on_campus,no,yes,no,campus_notice,6.95
T24_0081,0.842,5.6,102.246,6.809,19.0,2.06,3.176,2.736,3.666,2.638,3.016,2.38,2.582,18.996,7.725,2.297,20.663,3.503,2.839,1.221,179.929,woman,white,first,no,yes,on_campus,no,no,yes,campus_notice,16.931
T24_0082,2.169,4.672,125.985,6.985,20.0,2.707,3.388,3.803,3.046,2.503,1.645,3.732,14.451,8.353,9.831,3.112,27.409,3.661,3.704,3.192,203.475,woman,hispanic_latino,fourth_plus,no,yes,off_campus,yes,no,no,course_notice,9.521
T24_0083,3.298,10.003,166.105,7.71,18.0,1.966,2.607,2.789,2.519,2.782,3.186,2.273,2.936,16.988,4.246,2.373,16.965,3.147,3.531,3.797,343.919,nonbinary_or_self_described,white,first,no,yes,on_campus,yes,no,no,campus_notice,16.507
T24_0084,5.343,4.137,215.826,8.158,21.0,3.025,2.809,2.841,2.493,3.591,2.777,3.122,10.895,21.976,13.641,3.622,41.845,2.044,2.264,2.818,268.718,woman,hispanic_latino,fourth_plus,no,yes,on_campus,no,no,no,course_notice,6.849
T24_0085,5.577,4.234,223.496,7.089,21.0,2.128,3.884,1.438,2.879,2.896,2.614,4.246,3.151,21.223,5.617,1.739,10.162,2.49,2.933,3.936,223.376,woman,hispanic_latino,third,no,yes,off_campus,no,no,no,course_notice,9.881
T24_0086,4.463,0.901,205.767,7.717,22.0,2.449,2.663,2.522,2.462,4.945,3.632,2.642,20.967,26.945,8.58,2.834,18.615,2.837,2.992,2.497,103.225,man,black,first,no,yes,on_campus,no,no,no,course_notice,10.285
T24_0087,0.849,5.828,207.615,7.437,22.0,3.658,3.969,3.464,3.467,2.021,3.318,3.655,16.417,31.254,14.357,2.706,21.692,2.947,3.389,1.813,176.045,man,hispanic_latino,third,no,yes,on_campus,no,no,no,course_notice,9.732
T24_0088,0.65,3.067,116.879,6.981,20.0,3.137,2.184,3.59,2.957,3.757,3.498,2.481,10.105,6.978,7.267,3.108,20.92,3.656,3.053,2.854,291.224,woman,hispanic_latino,third,no,yes,off_campus,no,no,no,course_notice,9.081
T24_0089,5.053,2.492,240.651,8.331,20.0,3.249,2.635,3.717,1.724,2.019,3.051,4.331,5.15,18.467,5.489,3.421,32.082,3.517,3.474,4.152,272.0,woman,asian,fourth_plus,no,no,on_campus,yes,no,no,campus_notice,2.986
T24_0090,3.476,1.801,104.74,7.12,22.0,3.885,3.686,3.03,2.531,2.639,1.215,3.719,8.337,17.61,14.21,3.382,11.31,3.22,1.789,3.405,256.005,woman,hispanic_latino,first,no,yes,off_campus,no,no,no,course_notice,10.559
T24_0091,0.768,7.748,250.62,6.911,21.0,1.855,3.394,3.145,2.421,2.272,3.135,3.39,1.985,25.221,0.735,2.665,41.726,3.51,3.219,3.535,96.718,woman,white,first,no,yes,on_campus,yes,no,no,campus_notice,14.009
T24_0092,7.484,7.038,135.519,6.641,20.0,3.553,3.168,3.403,2.656,4.018,3.095,2.761,12.526,11.068,13.422,1.726,8.618,3.605,2.025,3.046,144.491,man,asian,third,no,yes,off_campus,no,no,no,course_notice,12.986
T24_0093,0.312,9.434,174.922,6.502,20.0,3.859,4.527,2.917,2.122,3.014,1.627,3.637,12.259,13.064,19.879,1.625,35.901,3.858,3.905,2.754,238.908,nonbinary_or_self_described,hispanic_latino,third,yes,yes,on_campus,no,no,yes,course_notice,9.885
T24_0094,3.818,5.1,164.952,7.161,20.0,2.757,1.569,3.376,3.296,3.818,2.591,2.827,6.313,18.666,9.265,2.36,30.509,2.332,2.395,2.359,174.844,nonbinary_or_self_described,asian,fourth_plus,no,yes,on_campus,no,no,no,campus_notice,10.111
T24_0095,4.238,3.386,186.612,5.714,20.0,3.416,3.408,2.474,3.185,2.092,1.747,3.218,28.401,9.525,4.046,2.436,32.147,3.409,1.994,3.889,70.563,woman,hispanic_latino,third,no,yes,on_campus,no,yes,no,course_notice,9.843
T24_0096,2.011,6.647,55.664,7.408,22.0,3.393,1.431,3.427,2.115,3.552,3.365,2.482,1.09,3.838,13.061,2.347,27.283,3.32,1.267,3.092,104.103,man,white,second,no,yes,on_campus,no,yes,no,course_notice,8.185
T24_0097,1.722,5.781,135.488,6.841,19.0,2.529,2.544,2.569,2.01,3.199,3.585,3.67,4.65,7.954,8.699,2.727,38.184,3.564,3.004,3.104,217.638,woman,black,second,no,yes,off_campus,no,yes,no,campus_notice,10.904
T24_0098,10.321,4.224,165.649,6.027,19.0,3.998,3.127,2.931,1.8,2.06,2.867,3.178,13.89,19.716,16.83,3.083,39.981,2.003,2.552,4.79,89.509,woman,white,fourth_plus,no,yes,off_campus,no,yes,no,campus_notice,6.756
T24_0099,5.446,9.231,208.191,6.506,20.0,2.609,2.781,2.852,2.132,2.666,2.835,2.836,9.477,16.213,17.453,2.5,20.754,2.733,3.308,2.603,120.433,man,white,fourth_plus,no,yes,off_campus,no,no,no,course_notice,7.068
T24_0100,7.05,2.51,42.252,6.249,19.0,2.683,4.88,2.146,3.863,2.761,2.921,2.566,14.896,17.982,8.235,3.125,63.109,3.047,3.464,3.48,19.105,man,white,second,no,yes,off_campus,yes,no,no,campus_notice,9.381
T24_0101,4.094,7.73,15.091,5.841,21.0,3.123,3.762,3.124,2.485,2.731,3.594,3.173,16.096,12.619,12.015,2.964,11.752,3.108,2.374,2.612,101.404,woman,hispanic_latino,second,no,no,off_campus,no,no,no,course_notice,10.286
T24_0102,2.355,2.082,26.848,6.344,18.0,1.67,3.676,4.015,3.062,3.004,2.495,2.789,13.748,19.601,5.025,3.464,8.654,3.852,2.913,2.945,72.855,man,hispanic_latino,second,yes,yes,on_campus,no,no,no,course_notice,10.889
T24_0103,2.897,5.268,244.529,8.372,19.0,4.21,2.706,2.532,2.306,3.345,3.026,3.63,15.648,12.602,8.729,2.813,7.749,2.557,2.483,2.781,114.667,woman,white,third,no,no,off_campus,no,yes,no,course_notice,9.539
T24_0104,9.639,6.871,248.298,7.503,21.0,3.677,2.892,2.806,2.586,2.608,2.092,3.54,18.636,13.421,17.339,3.16,26.849,2.734,2.332,4.12,356.097,woman,white,fourth_plus,no,no,on_campus,no,no,no,course_notice,11.513
T24_0105,1.815,7.816,129.41,7.933,19.0,2.89,3.11,2.866,2.992,2.643,4.42,3.29,18.132,24.63,6.733,4.103,18.076,4.262,3.755,3.11,55.353,woman,multiracial_or_other,first,yes,yes,off_campus,no,yes,yes,course_notice,12.986
T24_0106,1.251,6.25,107.908,8.014,19.0,2.24,3.177,3.11,2.34,3.136,2.422,2.58,12.037,21.229,28.365,2.389,8.331,2.561,2.973,1.779,419.758,man,black,fourth_plus,no,yes,off_campus,no,no,no,course_notice,11.475
T24_0107,0.61,9.04,159.169,8.014,20.0,3.507,3.794,2.213,2.574,3.446,4.062,2.817,2.096,11.364,17.718,2.59,14.13,2.829,3.175,2.641,116.92,woman,hispanic_latino,first,no,no,off_campus,no,no,no,course_notice,12.128
T24_0108,3.513,2.568,154.214,7.891,20.0,3.719,2.664,3.365,2.029,1.941,3.497,2.136,14.086,13.389,2.668,3.068,19.374,2.67,2.586,1.939,82.86,woman,hispanic_latino,fourth_plus,no,no,off_campus,no,no,no,course_notice,5.759
T24_0109,0.411,9.012,130.684,7.356,20.0,3.527,2.284,2.714,4.036,3.928,3.105,3.061,19.415,14.584,19.98,4.256,39.422,3.89,2.191,2.691,138.932,man,white,third,no,no,on_campus,no,no,no,campus_notice,8.436
T24_0110,2.72,0.446,130.618,7.929,21.0,2.582,1.358,2.701,2.067,1.932,2.465,3.305,19.558,8.995,13.574,3.578,14.402,2.544,3.902,2.426,58.831,man,hispanic_latino,third,no,yes,on_campus,no,no,no,course_notice,7.977
T24_0111,12.125,7.42,102.654,7.802,21.0,2.949,3.708,3.385,3.672,2.828,3.141,3.27,12.888,28.046,22.084,3.942,18.574,3.571,3.295,3.324,314.876,man,hispanic_latino,first,no,yes,on_campus,no,yes,no,course_notice,10.208
T24_0112,2.753,5.349,169.643,8.544,19.0,2.014,1.426,3.144,2.509,3.643,3.371,3.811,4.404,18.67,11.613,3.237,3.723,3.092,3.451,3.303,108.408,man,asian,fourth_plus,no,yes,off_campus,no,no,no,campus_notice,4.984
T24_0113,4.639,10.637,220.024,6.627,22.0,2.301,2.882,2.713,2.153,2.378,3.753,2.144,1.02,29.808,15.831,2.141,43.294,2.263,3.998,2.219,122.565,woman,white,fourth_plus,no,no,on_campus,yes,no,no,course_notice,12.88
T24_0114,2.61,3.044,92.338,5.788,20.0,3.762,2.89,3.228,2.581,2.831,2.588,1.598,9.07,26.616,9.949,3.876,41.415,3.148,3.428,2.662,267.894,man,white,first,no,yes,off_campus,no,no,no,course_notice,14.276
T24_0115,3.325,7.705,128.758,6.457,20.0,3.545,4.376,2.117,3.072,3.175,3.566,1.475,9.498,16.434,16.728,3.239,34.312,1.826,3.595,2.299,285.42,woman,hispanic_latino,fourth_plus,no,yes,on_campus,yes,no,no,campus_notice,10.064
T24_0116,5.268,0.996,258.16,5.89,19.0,2.08,2.43,1.82,3.479,2.54,2.982,1.383,24.772,15.192,19.468,3.444,33.301,2.818,4.222,2.459,268.29,man,hispanic_latino,fourth_plus,no,yes,on_campus,no,no,no,campus_notice,14.107
T24_0117,4.96,8.075,255.788,7.771,18.0,4.145,2.304,3.669,3.484,3.551,3.298,3.351,7.254,7.553,13.663,3.528,5.079,3.599,2.233,3.768,138.083,man,multiracial_or_other,second,no,no,on_campus,no,no,no,course_notice,11.501
T24_0118,2.06,8.983,147.213,7.198,20.0,4.071,3.91,2.654,2.97,2.539,2.723,3.334,7.092,14.133,16.112,2.127,24.258,2.904,2.956,3.461,117.689,woman,black,first,no,yes,on_campus,yes,no,no,campus_notice,6.03
T24_0119,0.23,6.683,161.257,6.821,20.0,2.063,2.542,2.017,3.96,3.397,2.306,3.057,4.147,18.849,12.623,3.012,13.968,2.94,4.027,3.607,328.244,man,hispanic_latino,third,no,no,on_campus,no,yes,no,campus_notice,6.553
T24_0120,1.196,9.265,225.545,6.255,21.0,2.608,3.279,2.516,2.843,2.985,2.848,3.342,20.356,6.956,5.929,3.948,21.81,1.978,2.871,2.726,12.025,woman,black,first,no,yes,on_campus,no,no,no,campus_notice,10.78
T24_0121,0.874,6.221,220.968,6.848,20.0,3.351,2.415,3.947,3.349,2.162,3.159,2.397,12.219,11.34,11.343,3.874,16.848,3.069,3.08,3.743,119.863,woman,black,second,no,yes,on_campus,yes,no,yes,course_notice,10.157
T24_0122,3.983,2.817,91.707,6.159,19.0,1.941,2.32,3.405,3.002,3.429,3.683,2.122,14.227,12.432,6.403,3.045,43.297,3.307,2.267,2.131,467.045,man,black,third,yes,no,on_campus,no,no,no,campus_notice,5.053
T24_0123,8.444,6.369,201.87,8.403,20.0,2.534,3.273,3.322,1.84,2.502,2.803,2.506,10.602,15.234,16.378,3.179,36.019,3.219,3.043,2.596,246.203,woman,hispanic_latino,fourth_plus,no,yes,off_campus,no,yes,yes,course_notice,9.381
T24_0124,0.529,9.125,16.095,7.563,21.0,2.329,2.415,4.084,3.082,2.999,3.03,2.653,12.805,12.774,22.911,2.436,20.231,2.738,2.75,2.297,148.784,man,white,second,yes,yes,on_campus,no,no,no,campus_notice,11.97
T24_0125,4.698,6.46,182.625,7.71,19.0,3.664,2.933,4.251,4.555,1.969,3.242,3.202,15.96,15.85,8.389,3.198,28.735,2.099,2.713,4.176,218.636,man,asian,fourth_plus,no,yes,off_campus,no,no,no,course_notice,9.559
T24_0126,12.942,8.665,228.0,8.316,21.0,2.405,2.849,3.503,3.414,3.066,3.69,1.357,10.438,14.772,4.603,2.402,21.351,4.039,2.493,2.641,270.704,woman,white,third,no,no,on_campus,no,no,no,campus_notice,9.759
T24_0127,3.475,8.039,206.353,7.704,20.0,2.182,2.803,3.234,3.812,2.995,2.942,2.502,20.18,22.198,8.189,3.372,26.654,4.088,4.241,1.806,277.299,woman,white,fourth_plus,no,yes,on_campus,no,no,no,course_notice,13.478
T24_0128,3.038,4.39,175.463,8.258,20.0,3.18,2.767,2.983,3.029,2.61,3.013,3.608,12.274,22.437,8.069,2.78,21.087,3.446,2.825,2.921,282.315,man,asian,fourth_plus,no,no,off_campus,no,no,yes,campus_notice,7.082
T24_0129,1.455,7.583,287.018,8.456,19.0,3.364,2.912,2.479,2.571,3.747,3.097,2.953,16.085,15.694,7.692,2.625,45.176,2.701,4.269,3.268,408.325,woman,white,second,no,yes,on_campus,yes,no,no,campus_notice,8.904
T24_0130,0.027,7.96,154.715,7.824,19.0,3.121,2.977,2.244,4.315,2.597,3.501,3.395,3.6,17.776,2.26,2.451,22.273,3.541,3.074,2.06,377.176,man,white,third,no,yes,off_campus,no,no,no,course_notice,7.505
T24_0131,4.619,4.563,122.564,5.818,22.0,2.586,2.314,3.581,2.569,2.988,3.374,2.265,4.314,16.056,17.833,4.414,10.074,3.521,3.538,3.192,282.172,nonbinary_or_self_described,multiracial_or_other,fourth_plus,no,yes,on_campus,no,no,no,course_notice,7.192
T24_0132,2.513,0.66,175.463,6.461,20.0,2.766,2.552,2.894,1.679,2.66,3.376,2.88,6.601,16.476,12.813,1.805,41.922,3.564,3.45,3.014,232.858,man,hispanic_latino,third,yes,no,on_campus,no,no,no,campus_notice,8.389
T24_0133,0.97,5.115,75.976,7.223,22.0,3.123,1.931,4.185,3.292,2.073,3.39,2.884,10.274,13.962,3.809,3.753,3.977,2.017,3.934,3.172,242.958,woman,black,third,no,yes,on_campus,no,no,no,campus_notice,4.443
T24_0134,0.389,5.079,183.322,8.655,22.0,3.453,2.691,2.983,3.415,4.131,3.454,2.713,13.318,18.388,19.919,2.822,17.812,3.509,3.082,3.257,344.541,woman,multiracial_or_other,second,no,yes,off_campus,no,no,no,campus_notice,8.844
T24_0135,0.356,2.716,273.538,6.425,18.0,3.516,3.274,2.732,2.856,3.028,2.628,2.727,15.306,7.036,4.682,2.675,31.719,2.572,3.322,1.897,386.842,man,asian,second,no,yes,off_campus,no,no,no,course_notice,9.619
T24_0136,0.011,8.916,113.844,8.582,20.0,1.941,1.677,1.376,3.585,2.706,2.694,3.425,24.033,31.971,23.769,4.05,27.319,2.503,2.872,1.719,234.897,woman,hispanic_latino,fourth_plus,no,yes,off_campus,yes,no,no,campus_notice,12.252
T24_0137,0.412,8.396,235.674,6.269,22.0,3.041,2.39,3.557,2.291,4.092,3.201,2.626,23.106,8.749,5.42,3.563,5.176,2.79,2.631,3.979,329.96,man,black,first,no,yes,off_campus,no,no,no,course_notice,10.594
T24_0138,0.152,5.949,298.351,7.744,20.0,2.201,2.814,2.534,2.443,2.048,3.516,4.109,28.83,22.104,24.947,3.37,44.089,2.362,2.433,3.4,204.957,man,white,fourth_plus,no,yes,on_campus,no,yes,no,campus_notice,7.584
T24_0139,0.218,8.616,195.736,7.215,20.0,3.277,3.864,3.973,3.379,3.564,3.579,2.004,13.883,12.644,24.944,4.084,35.069,3.419,2.025,1.362,171.034,man,white,second,no,yes,on_campus,no,no,no,campus_notice,11.327
T24_0140,3.893,9.824,173.104,6.711,21.0,2.486,2.97,3.149,2.904,1.882,3.056,3.71,14.936,21.909,3.611,3.692,30.656,2.798,2.529,1.799,127.205,woman,white,third,yes,no,on_campus,no,no,no,course_notice,11.107
T24_0141,0.645,1.13,69.609,7.06,20.0,2.664,2.388,3.833,4.153,2.846,2.563,3.012,11.006,21.488,7.413,2.994,32.774,2.952,3.359,2.913,92.114,woman,white,third,no,yes,on_campus,no,no,no,campus_notice,9.518
T24_0142,9.146,1.456,52.834,8.391,18.0,2.263,3.521,3.634,2.847,4.361,2.948,3.512,13.197,18.682,20.637,3.213,40.439,4.162,3.683,3.628,431.671,woman,asian,fourth_plus,no,yes,off_campus,yes,no,no,campus_notice,9.932
T24_0143,0.272,0.807,125.489,6.396,20.0,3.449,3.461,4.178,3.949,2.696,3.857,3.856,9.516,23.988,20.436,3.111,21.54,1.52,2.929,2.577,141.519,woman,white,fourth_plus,no,yes,on_campus,no,no,no,campus_notice,11.596
T24_0144,0.668,10.673,19.475,6.479,20.0,3.222,2.421,2.97,3.852,3.296,3.024,4.004,14.242,17.915,9.174,3.354,27.443,3.647,2.888,2.031,177.169,woman,white,second,no,yes,on_campus,yes,no,no,course_notice,10.048
T24_0145,3.241,9.69,131.366,6.773,20.0,3.715,2.927,1.972,3.848,2.764,3.22,3.433,2.931,18.602,8.499,2.969,28.53,3.146,3.116,1.839,114.718,woman,asian,fourth_plus,yes,no,on_campus,no,no,no,course_notice,11.099
T24_0146,2.327,10.433,200.111,5.913,20.0,3.619,2.276,2.603,3.25,3.627,3.134,2.203,14.175,14.805,11.349,2.2,56.219,3.322,2.981,2.981,393.436,man,white,second,no,yes,on_campus,no,no,no,course_notice,16.108
T24_0147,0.066,5.528,90.003,7.338,21.0,3.19,3.244,2.5,3.015,2.79,3.472,1.905,6.068,13.587,22.183,2.621,38.623,3.079,4.569,3.218,376.015,man,hispanic_latino,fourth_plus,no,yes,off_campus,no,no,no,campus_notice,11.266
T24_0148,0.286,8.218,369.602,6.983,19.0,4.22,3.419,2.152,3.184,3.671,3.742,4.198,10.821,22.694,19.809,2.415,19.584,3.138,2.772,3.048,309.816,man,white,first,no,no,off_campus,no,no,no,campus_notice,9.73
T24_0149,0.243,5.799,165.297,6.157,21.0,3.086,2.72,3.364,2.773,2.55,2.179,4.285,11.677,17.413,10.72,3.183,34.916,2.735,3.39,2.23,61.571,woman,asian,fourth_plus,yes,no,off_campus,no,no,no,course_notice,6.954
T24_0150,4.662,5.75,84.866,6.906,21.0,2.443,3.731,3.377,3.568,3.292,2.303,2.494,5.232,27.768,3.573,3.214,24.396,3.069,2.405,1.014,204.101,woman,hispanic_latino,fourth_plus,no,yes,on_campus,no,no,no,course_notice,6.417
T24_0151,5.345,9.952,62.583,6.756,24.0,4.557,3.249,4.183,4.134,2.705,1.51,2.536,18.742,3.729,26.061,3.302,19.345,2.924,4.627,3.3,73.638,woman,white,third,no,yes,off_campus,no,no,no,campus_notice,5.611
T24_0152,0.828,1.408,275.13,7.137,19.0,2.589,4.702,2.727,3.853,3.493,3.48,3.014,8.989,6.016,11.932,2.166,38.965,3.321,3.243,2.592,10.884,woman,hispanic_latino,third,no,yes,off_campus,no,no,no,campus_notice,10.752
T24_0153,1.039,7.872,48.428,6.197,22.0,3.89,3.111,2.812,2.405,4.565,3.112,3.267,18.791,20.257,16.637,2.625,16.528,3.15,3.392,2.426,34.54,nonbinary_or_self_described,asian,fourth_plus,no,yes,off_campus,yes,no,no,campus_notice,13.955
T24_0154,1.52,2.841,196.557,7.748,19.0,2.467,2.681,2.259,3.087,2.075,2.681,2.256,3.299,8.481,15.747,2.209,24.476,3.272,3.216,2.466,206.686,woman,multiracial_or_other,first,no,yes,off_campus,no,no,yes,campus_notice,11.122
T24_0155,11.205,6.825,132.806,5.7,21.0,3.19,3.258,3.453,2.435,1.951,3.743,3.201,24.371,11.149,25.378,3.728,27.54,3.141,1.482,3.572,201.682,woman,hispanic_latino,second,yes,no,on_campus,no,no,no,campus_notice,10.447
T24_0156,1.329,10.41,206.856,6.254,22.0,3.122,3.252,2.714,2.943,3.378,2.832,2.537,12.361,14.856,8.674,3.183,26.854,2.699,3.61,2.843,222.255,woman,hispanic_latino,first,no,yes,off_campus,yes,yes,no,campus_notice,11.486
T24_0157,2.497,2.317,79.778,6.922,20.0,2.742,3.011,3.099,3.111,1.984,4.305,1.922,5.756,25.144,10.258,1.984,16.505,3.306,3.075,3.76,183.279,man,asian,third,no,no,on_campus,no,no,yes,course_notice,12.338
T24_0158,8.316,8.654,109.251,7.029,20.0,3.29,1.899,2.85,2.749,3.58,2.19,2.509,23.99,10.346,8.584,2.555,23.592,3.139,4.29,3.401,174.462,nonbinary_or_self_described,hispanic_latino,third,yes,yes,on_campus,no,yes,no,campus_notice,8.25
T24_0159,5.545,5.74,160.143,7.662,20.0,4.164,2.262,3.357,2.161,2.794,3.299,2.451,25.973,18.337,25.43,2.327,19.824,2.855,2.522,2.256,258.511,woman,white,fourth_plus,no,no,off_campus,no,yes,yes,campus_notice,9.964
T24_0160,1.251,5.743,139.297,7.179,23.0,3.8,3.637,3.483,2.211,4.13,3.004,3.753,8.614,19.325,15.648,2.409,11.022,2.76,2.109,2.191,192.136,nonbinary_or_self_described,white,second,no,no,on_campus,yes,yes,no,course_notice,11.52
T24_0161,0.578,8.373,136.201,6.633,22.0,3.684,1.588,3.757,3.167,3.838,3.757,1.807,11.461,22.719,7.742,3.48,18.62,2.952,3.577,2.979,238.434,man,hispanic_latino,fourth_plus,no,no,on_campus,no,no,no,course_notice,6.144
T24_0162,0.546,7.167,175.343,6.25,18.0,2.244,3.053,3.153,2.958,1.891,3.479,3.239,2.122,8.319,9.136,2.087,20.466,2.262,3.029,4.147,190.479,woman,hispanic_latino,first,no,yes,on_campus,no,no,no,course_notice,5.664
T24_0163,3.471,1.511,157.308,7.195,22.0,2.934,2.4,3.328,3.663,2.821,2.98,2.825,30.736,11.231,14.608,1.992,39.321,2.339,3.424,3.129,222.329,woman,hispanic_latino,third,no,yes,off_campus,no,no,no,course_notice,10.383
T24_0164,5.86,2.774,52.941,6.882,20.0,2.733,2.62,3.166,3.208,1.756,3.929,3.552,11.77,20.378,12.293,2.804,31.044,2.865,3.178,3.624,148.467,man,white,second,no,yes,on_campus,no,no,no,campus_notice,10.623
T24_0165,1.35,0.414,123.786,6.971,21.0,3.505,3.386,3.8,3.431,1.593,3.472,2.601,7.117,11.65,3.497,2.944,21.174,2.209,2.261,4.29,40.214,man,hispanic_latino,first,no,yes,off_campus,no,no,no,course_notice,6.325
T24_0166,5.079,10.073,120.564,6.879,22.0,2.575,3.001,3.406,2.681,2.729,3.693,3.269,10.777,17.701,8.333,4.178,14.22,2.628,2.104,2.622,123.131,woman,white,first,no,yes,off_campus,no,yes,no,campus_notice,6.808
T24_0167,6.321,9.013,150.23,6.299,21.0,3.704,3.499,2.521,3.356,2.486,2.467,3.883,6.731,12.523,29.941,3.092,20.47,3.57,1.841,3.366,243.736,woman,hispanic_latino,third,no,yes,on_campus,no,no,no,course_notice,9.82
T24_0168,4.983,7.845,266.467,6.394,19.0,1.917,2.982,3.304,3.037,3.608,2.907,3.104,20.446,12.428,14.068,3.693,26.302,1.88,3.076,2.067,223.471,woman,white,first,no,yes,on_campus,no,no,no,campus_notice,10.563
T24_0169,3.001,8.236,117.719,7.709,21.0,2.387,2.755,4.289,3.499,3.203,3.351,2.254,2.491,16.267,3.777,3.546,23.134,2.803,3.085,3.291,197.265,man,asian,third,no,yes,on_campus,no,no,no,course_notice,10.084
T24_0170,2.044,6.546,105.033,6.681,20.0,2.422,3.202,2.554,3.101,3.301,3.527,3.084,11.226,18.519,18.661,2.107,54.424,3.19,3.641,1.989,265.551,nonbinary_or_self_described,white,second,no,yes,on_campus,no,no,yes,course_notice,14.196
T24_0171,10.085,7.318,25.452,5.777,20.0,2.43,3.297,3.546,2.853,2.368,1.686,4.229,16.492,7.565,18.764,3.251,30.59,2.321,2.949,4.011,445.965,nonbinary_or_self_described,hispanic_latino,first,no,yes,off_campus,no,no,no,course_notice,12.831
T24_0172,0.223,5.758,97.397,6.279,20.0,2.918,3.253,2.976,3.367,2.824,2.727,3.335,18.267,16.715,18.342,1.84,27.755,2.264,2.842,3.349,246.305,woman,white,first,no,yes,on_campus,no,yes,no,course_notice,14.868
T24_0173,1.353,7.466,192.256,8.087,19.0,3.099,2.697,3.134,4.622,3.306,3.307,2.878,7.341,19.55,12.614,2.553,15.52,2.366,3.816,3.3,95.62,woman,white,fourth_plus,no,yes,off_campus,no,no,no,course_notice,11.049
T24_0174,0.418,6.825,88.18,6.78,19.0,3.008,3.356,2.288,3.311,3.113,2.976,3.608,11.429,12.165,16.158,2.884,43.514,3.147,2.774,2.465,192.014,woman,hispanic_latino,first,no,no,on_campus,yes,no,yes,course_notice,14.503
T24_0175,0.29,9.319,143.816,8.098,19.0,2.865,3.522,2.69,2.818,3.351,4.509,2.859,9.9,15.83,0.442,1.766,8.661,3.77,3.092,4.276,356.495,woman,white,third,no,yes,on_campus,yes,no,no,course_notice,12.109
T24_0176,8.323,4.654,270.874,6.023,22.0,2.956,2.916,3.737,3.146,2.318,2.634,2.764,22.071,11.761,10.148,2.568,15.663,3.705,2.066,3.749,350.13,woman,black,fourth_plus,no,yes,off_campus,no,no,no,campus_notice,6.66
T24_0177,2.356,4.714,214.106,6.728,20.0,2.861,1.914,3.184,3.217,3.03,3.697,3.534,7.497,13.441,14.153,2.522,36.268,3.213,2.832,2.186,295.688,man,black,second,no,yes,off_campus,no,no,yes,campus_notice,8.951
T24_0178,5.697,6.622,42.355,7.451,18.0,3.423,3.286,3.65,2.943,3.206,1.898,4.444,1.229,11.566,2.914,3.083,17.572,2.981,2.92,2.488,238.134,woman,white,third,no,yes,on_campus,no,no,no,campus_notice,6.58
T24_0179,0.211,8.081,180.836,6.05,21.0,2.623,4.043,3.733,4.014,2.231,1.949,3.182,4.525,18.589,27.848,2.357,8.737,2.377,2.56,3.515,31.902,woman,white,second,no,yes,on_campus,no,no,no,course_notice,6.696
T24_0180,0.745,2.848,116.663,6.099,18.0,3.498,3.242,3.165,2.906,3.288,3.601,2.659,8.444,14.37,6.596,3.288,46.45,2.804,3.138,2.906,65.799,man,hispanic_latino,second,no,yes,off_campus,no,no,no,course_notice,13.228
T24_0181,7.603,5.264,208.851,7.713,20.0,2.936,2.854,3.442,2.564,3.282,2.972,2.031,1.945,12.137,7.326,2.431,24.239,2.339,3.036,2.599,286.789,man,white,first,no,yes,off_campus,no,no,no,course_notice,10.237
T24_0182,2.033,7.94,160.623,7.063,20.0,4.26,3.865,3.145,2.944,2.144,2.773,4.383,5.178,9.278,27.867,2.678,33.775,2.733,3.322,1.379,39.927,man,white,first,no,yes,off_campus,no,no,no,campus_notice,11.683
T24_0183,6.63,7.917,183.435,8.533,21.0,2.442,3.273,1.637,3.767,3.167,2.104,3.317,7.839,6.935,16.942,3.983,24.481,3.371,3.074,4.408,62.446,woman,hispanic_latino,first,no,yes,off_campus,no,no,no,course_notice,11.22
T24_0184,1.52,6.353,164.345,7.043,19.0,2.207,3.218,2.622,4.34,2.626,2.46,3.7,6.798,17.415,24.087,3.631,35.395,3.147,3.045,2.895,183.021,man,hispanic_latino,fourth_plus,no,yes,off_campus,no,no,no,course_notice,13.495
T24_0185,6.753,5.706,276.113,7.016,18.0,2.037,3.015,3.239,2.477,2.43,3.315,2.955,9.489,23.218,19.796,2.831,52.839,4.247,3.179,3.142,316.336,man,white,fourth_plus,no,yes,off_campus,no,no,no,course_notice,7.891
T24_0186,2.502,7.094,40.862,6.379,20.0,2.222,2.361,3.074,4.683,3.197,2.468,3.501,18.141,17.535,24.495,2.806,28.289,2.673,3.411,3.141,158.048,woman,multiracial_or_other,second,no,yes,on_campus,no,no,no,course_notice,12.685
T24_0187,1.534,1.908,157.845,6.474,20.0,3.019,2.189,4.266,3.179,3.76,3.075,3.653,8.465,17.496,20.526,1.832,34.501,2.37,3.141,2.432,87.521,man,white,first,no,yes,on_campus,no,no,no,course_notice,10.247
T24_0188,0.135,8.85,182.903,6.872,21.0,2.473,2.783,1.827,3.004,4.189,4.393,3.429,24.143,12.264,10.716,2.886,9.863,3.555,3.857,2.75,15.535,man,white,first,no,yes,on_campus,yes,yes,no,course_notice,11.444
T24_0189,0.303,4.728,155.322,6.732,22.0,3.012,3.462,3.643,3.592,3.785,2.232,2.861,8.814,24.855,0.736,3.125,8.88,2.955,3.442,4.131,226.957,woman,asian,second,no,yes,off_campus,no,no,no,course_notice,6.943
T24_0190,10.238,9.608,148.142,5.88,20.0,3.59,2.811,3.526,3.56,3.162,3.329,2.698,12.63,9.165,18.362,2.851,22.699,2.623,4.177,4.105,334.039,woman,white,fourth_plus,no,no,off_campus,no,no,no,campus_notice,10.327
T24_0191,0.757,2.751,186.619,7.339,19.0,2.869,2.849,3.238,2.68,3.341,1.886,2.322,3.684,14.068,2.546,2.999,28.115,2.289,2.608,2.623,50.953,woman,multiracial_or_other,second,yes,yes,off_campus,no,no,no,course_notice,10.187
T24_0192,3.598,4.513,293.801,6.39,18.0,3.132,2.504,2.26,2.604,2.76,2.739,3.055,15.748,14.94,18.855,3.19,31.521,2.622,2.636,2.587,265.73,man,black,third,no,no,off_campus,no,no,no,course_notice,10.798
T24_0193,4.433,9.0,62.893,7.391,18.0,2.731,3.299,2.993,4.567,3.48,2.483,1.896,12.136,4.191,21.404,3.356,44.026,1.24,3.125,2.363,59.953,woman,asian,fourth_plus,no,no,off_campus,no,no,no,course_notice,9.145
T24_0194,3.616,5.93,166.046,7.484,22.0,3.341,3.603,4.018,2.075,2.074,3.165,3.745,8.155,5.068,6.631,2.866,40.873,2.888,2.886,3.053,358.036,woman,asian,third,no,no,off_campus,no,yes,no,campus_notice,8.971
T24_0195,7.686,5.84,92.986,8.025,20.0,3.27,3.458,3.46,4.568,3.091,3.083,2.336,22.945,16.512,11.819,3.552,31.243,3.432,2.481,3.385,105.43,woman,multiracial_or_other,third,no,yes,on_campus,no,no,no,course_notice,7.467
T24_0196,0.849,7.556,183.658,7.177,19.0,2.03,3.12,3.598,3.38,4.633,2.854,3.102,4.917,17.385,0.201,3.026,36.98,3.619,3.142,2.893,368.241,woman,white,second,no,yes,off_campus,no,no,no,course_notice,11.105
T24_0197,0.564,2.029,186.244,6.779,22.0,3.26,3.934,2.981,3.213,3.808,2.287,2.472,12.081,21.398,3.019,2.888,16.223,3.488,2.865,1.189,252.136,man,black,fourth_plus,no,yes,off_campus,no,yes,no,course_notice,7.771
T24_0198,2.737,6.069,53.627,6.986,19.0,2.899,2.724,2.612,3.256,3.389,2.987,2.723,19.356,6.548,8.357,3.487,37.86,3.904,2.046,3.146,87.036,man,white,fourth_plus,no,yes,off_campus,yes,no,no,campus_notice,15.634
T24_0199,6.266,4.824,88.536,5.899,21.0,2.81,1.216,2.666,3.11,2.707,1.564,2.786,13.541,9.169,9.155,2.017,3.118,2.403,3.297,4.608,395.089,woman,asian,fourth_plus,no,yes,on_campus,no,yes,no,campus_notice,6.716
T24_0200,5.342,1.733,115.527,7.074,19.0,3.902,2.397,2.29,3.022,3.32,2.453,2.677,0.434,20.962,1.192,2.434,52.082,3.064,2.982,3.471,192.902,man,hispanic_latino,first,no,no,off_campus,no,no,no,course_notice,3.637
T24_0201,2.021,9.216,197.995,4.796,18.0,3.609,4.309,2.06,4.332,2.725,3.37,2.577,11.024,31.893,13.677,2.833,48.029,4.359,2.02,2.326,234.256,man,asian,second,no,yes,on_campus,yes,no,no,course_notice,15.188
T24_0202,1.702,3.239,253.215,7.116,20.0,4.208,2.414,3.149,3.499,2.871,3.18,3.204,16.212,17.05,2.401,2.816,24.748,3.88,3.574,2.707,523.86,man,hispanic_latino,second,no,no,off_campus,no,no,no,course_notice,11.115
T24_0203,3.491,4.08,174.791,6.097,20.0,2.904,3.244,2.236,3.279,4.55,3.889,2.669,6.739,15.921,10.078,3.494,39.905,2.548,2.967,3.238,240.418,man,white,fourth_plus,no,yes,on_campus,no,no,no,course_notice,10.072
T24_0204,2.985,7.209,139.875,6.997,20.0,2.331,2.685,2.395,3.959,3.646,3.375,2.218,15.616,28.568,10.46,3.785,17.312,3.22,3.463,2.806,361.175,woman,hispanic_latino,third,no,yes,off_campus,no,no,no,campus_notice,9.974
T24_0205,1.664,8.312,154.489,6.31,19.0,3.031,2.864,3.566,2.835,2.62,2.454,4.083,21.587,26.412,10.423,3.499,0.365,3.41,3.717,2.547,397.091,man,hispanic_latino,third,no,yes,on_campus,no,no,no,course_notice,14.347
T24_0206,0.337,5.406,229.016,7.396,19.0,1.733,2.766,3.656,3.246,3.797,3.315,3.738,1.8,12.038,2.483,3.582,18.299,2.45,3.397,3.353,139.728,woman,multiracial_or_other,second,no,yes,on_campus,no,no,no,campus_notice,11.624
T24_0207,0.679,11.425,129.089,7.033,19.0,2.741,1.967,3.388,2.839,2.632,4.856,3.456,13.797,11.411,21.713,2.161,33.982,3.034,2.995,3.154,181.576,man,hispanic_latino,fourth_plus,yes,yes,off_campus,no,no,no,course_notice,13.634
T24_0208,0.41,5.552,224.373,7.025,19.0,2.204,2.165,3.269,3.888,2.98,2.856,2.889,8.812,19.835,3.505,3.503,33.083,2.608,2.804,3.864,24.991,man,black,fourth_plus,no,yes,off_campus,no,yes,no,course_notice,12.909
T24_0209,2.419,6.24,280.807,7.12,21.0,3.71,3.846,3.443,2.152,2.874,2.497,3.656,6.081,15.407,12.39,3.015,16.444,2.215,3.773,2.132,170.208,woman,hispanic_latino,third,no,yes,off_campus,no,no,no,campus_notice,11.409
T24_0210,0.729,9.087,195.603,6.921,18.0,2.622,2.137,3.536,3.067,2.08,3.543,1.537,7.264,16.8,12.979,3.396,8.928,2.984,2.379,2.91,264.127,nonbinary_or_self_described,asian,first,no,yes,on_campus,no,no,yes,course_notice,16.413
T24_0211,15.538,7.985,116.893,9.207,19.0,2.485,3.416,3.021,4.261,3.346,2.017,3.848,1.536,18.455,9.902,1.292,14.725,2.427,2.694,2.387,106.951,man,asian,second,no,yes,off_campus,no,no,no,campus_notice,9.67
T24_0212,10.548,5.781,86.037,7.718,22.0,2.135,2.888,3.868,3.931,3.342,3.42,3.799,9.574,30.844,9.775,3.044,25.687,3.241,3.792,2.506,97.032,man,hispanic_latino,second,yes,yes,off_campus,no,yes,no,course_notice,14.022
T24_0213,6.18,9.592,246.576,8.38,22.0,2.63,3.545,2.153,2.596,2.498,4.334,3.434,13.392,16.288,10.671,3.058,0.313,3.333,3.586,2.294,295.239,man,black,first,no,yes,off_campus,no,yes,no,campus_notice,13.122
T24_0214,0.539,7.964,91.029,7.423,21.0,3.017,2.2,1.799,2.638,2.667,2.94,3.41,3.212,19.953,9.925,3.494,25.808,2.347,4.271,2.924,379.955,man,hispanic_latino,fourth_plus,no,no,on_campus,yes,yes,no,campus_notice,10.18
T24_0215,7.859,1.748,107.758,7.737,21.0,4.641,2.581,3.129,2.067,2.613,3.223,2.426,7.12,18.27,15.355,2.624,39.368,2.475,4.335,2.774,375.729,man,white,fourth_plus,no,yes,off_campus,no,no,no,course_notice,9.199
T24_0216,0.196,4.403,217.768,7.827,19.0,3.196,2.207,2.836,3.991,3.489,3.337,3.946,12.66,14.099,16.094,2.938,8.192,3.962,3.476,2.155,39.649,woman,black,first,yes,yes,on_campus,no,no,yes,course_notice,12.735
T24_0217,0.282,7.299,61.692,7.647,19.0,2.709,2.677,2.718,2.56,3.591,2.526,2.28,12.951,10.391,10.7,2.977,16.419,2.708,3.853,1.926,279.48,man,white,fourth_plus,no,yes,off_campus,yes,no,no,campus_notice,11.117
T24_0218,1.041,12.808,148.628,7.635,21.0,2.01,3.935,4.193,3.026,3.028,2.552,3.565,11.832,19.144,6.14,2.349,51.713,4.498,1.891,2.829,209.586,woman,asian,first,no,yes,on_campus,no,no,no,campus_notice,13.782
T24_0219,2.362,7.836,151.938,6.792,19.0,3.007,1.176,2.7,3.72,3.824,2.449,2.513,17.817,19.3,16.041,2.657,56.093,3.872,2.971,2.416,362.254,woman,white,first,no,yes,off_campus,yes,yes,no,course_notice,12.014
T24_0220,4.305,6.46,97.459,7.822,19.0,1.872,2.235,3.024,4.477,3.966,2.443,3.478,3.675,10.972,14.325,3.377,36.114,3.109,3.181,3.316,213.527,man,asian,second,no,yes,off_campus,no,no,no,course_notice,12.767
T24_0221,0.403,10.063,182.652,7.521,22.0,3.095,3.056,2.39,3.126,2.201,3.733,3.551,12.19,11.083,14.781,2.795,43.407,2.516,3.258,2.793,223.309,man,multiracial_or_other,first,no,no,on_campus,no,yes,yes,campus_notice,12.647
T24_0222,0.259,7.249,68.247,8.071,23.0,2.915,2.958,2.372,3.365,4.022,4.026,3.503,8.581,18.556,12.484,3.357,31.383,2.6,2.199,3.472,129.32,man,hispanic_latino,second,yes,yes,on_campus,no,no,no,campus_notice,11.212
T24_0223,0.718,10.525,310.445,6.869,19.0,3.697,1.912,3.445,2.877,2.403,2.633,3.235,4.482,27.134,1.356,2.658,27.913,2.143,2.891,2.236,64.812,woman,asian,fourth_plus,no,yes,on_campus,yes,no,no,course_notice,5.243
T24_0224,0.481,3.761,164.059,7.705,20.0,3.59,3.475,2.659,2.726,3.32,3.374,2.474,14.484,18.245,16.597,4.021,15.194,3.434,2.062,3.43,216.254,man,white,first,no,yes,off_campus,yes,no,no,course_notice,14.1
T24_0225,0.56,5.053,248.139,5.988,19.0,2.45,3.002,3.174,3.292,3.069,3.397,3.091,17.43,5.8,6.548,3.263,25.79,2.629,2.177,2.669,115.686,man,hispanic_latino,first,no,yes,on_campus,no,no,no,course_notice,14.387
T24_0226,2.151,6.327,165.633,7.78,20.0,2.85,3.755,3.644,3.85,2.782,3.794,3.525,7.19,19.859,9.532,3.557,19.712,3.016,3.091,3.062,54.967,woman,asian,fourth_plus,no,yes,off_campus,no,no,no,course_notice,11.649
T24_0227,6.478,6.786,231.267,6.536,20.0,3.898,3.065,2.613,2.749,3.283,2.212,4.202,11.919,17.18,2.394,3.35,1.536,1.559,3.347,3.652,186.944,man,white,third,no,yes,off_campus,no,yes,no,course_notice,11.329
T24_0228,6.565,3.113,42.38,6.006,23.0,3.659,3.103,2.501,3.745,2.485,2.746,3.085,6.451,22.276,11.242,3.08,3.21,3.1,1.977,2.743,181.635,woman,white,first,no,yes,off_campus,no,no,no,course_notice,9.601
T24_0229,2.373,5.344,224.406,7.391,19.0,3.396,2.976,3.054,3.837,3.932,4.237,2.72,22.42,8.497,15.241,2.45,36.778,2.891,2.297,3.359,65.285,man,white,second,no,yes,on_campus,no,yes,no,campus_notice,14.01
T24_0230,0.309,10.663,178.764,6.129,20.0,4.688,2.795,3.799,3.788,3.655,2.697,3.265,13.538,22.893,11.193,1.958,27.94,3.396,2.053,3.616,115.845,man,white,fourth_plus,yes,yes,off_campus,no,yes,no,course_notice,11.994
T24_0231,2.145,4.793,30.848,7.084,20.0,3.982,4.659,1.562,3.684,3.919,3.179,2.438,11.524,20.762,3.502,3.22,45.794,4.242,2.216,2.406,370.866,woman,white,first,no,no,off_campus,no,no,no,campus_notice,13.5
T24_0232,4.165,8.534,363.455,6.374,20.0,3.254,2.675,3.381,2.828,3.432,2.589,1.798,12.539,13.386,10.313,2.522,17.621,3.074,3.248,2.737,137.843,man,asian,fourth_plus,no,yes,off_campus,no,yes,no,campus_notice,13.272
T24_0233,10.506,7.332,264.437,6.83,22.0,2.696,3.017,3.71,2.758,1.492,2.723,3.137,16.264,18.303,6.773,2.68,33.872,4.049,4.323,2.774,259.097,woman,white,third,yes,yes,off_campus,no,no,no,course_notice,10.08
T24_0234,0.677,4.809,156.764,6.965,20.0,3.579,3.105,2.887,3.078,2.534,3.127,3.102,26.069,18.522,18.287,3.162,36.465,2.651,3.058,2.645,299.488,woman,hispanic_latino,second,no,yes,on_campus,no,no,no,course_notice,13.669
T24_0235,6.565,7.656,64.164,6.321,20.0,2.826,2.632,2.868,3.104,3.257,2.02,3.822,11.13,21.393,4.225,3.495,45.866,2.847,3.167,3.113,81.612,man,white,second,no,yes,on_campus,no,no,no,course_notice,14.027
T24_0236,2.258,6.202,121.695,8.108,21.0,3.458,2.271,3.567,3.568,3.31,2.94,3.248,17.743,21.159,11.786,2.296,45.692,2.985,2.467,3.12,130.621,man,asian,first,no,yes,on_campus,no,no,no,campus_notice,12.902
T24_0237,1.726,5.073,67.816,7.187,20.0,2.789,3.302,2.47,3.509,2.905,2.598,3.252,12.832,24.819,21.685,2.188,10.753,3.301,3.287,2.786,283.849,man,asian,first,no,yes,on_campus,no,no,no,campus_notice,6.829
T24_0238,6.963,8.926,181.941,5.529,20.0,2.681,3.093,2.561,2.744,3.285,2.463,2.682,15.627,20.906,10.379,2.996,25.584,3.48,2.892,3.469,375.055,man,white,second,no,no,off_campus,yes,no,no,campus_notice,9.354
T24_0239,4.73,7.493,105.562,7.519,22.0,3.69,2.985,2.59,2.832,3.23,3.626,3.434,18.375,10.697,4.065,3.489,11.399,2.774,2.847,3.261,194.428,nonbinary_or_self_described,hispanic_latino,third,no,yes,off_campus,yes,no,no,course_notice,10.516
T24_0240,0.444,3.91,49.82,6.683,20.0,2.758,3.161,2.85,1.353,3.298,3.027,3.658,7.239,19.465,11.17,2.677,46.107,3.359,2.787,3.216,293.549,woman,hispanic_latino,second,no,yes,on_campus,no,no,yes,campus_notice,8.032
T24_0241,1.339,6.79,252.855,6.357,20.0,2.246,3.771,3.328,3.223,2.542,2.688,3.588,25.984,4.13,4.515,3.279,15.978,3.892,4.067,2.282,135.763,woman,hispanic_latino,third,yes,yes,off_campus,no,no,no,course_notice,11.222
T24_0242,1.581,3.529,159.482,6.777,21.0,3.589,3.093,3.361,3.011,4.154,3.316,2.716,10.775,15.929,28.131,4.689,25.59,2.459,2.76,3.712,72.536,woman,white,fourth_plus,no,yes,off_campus,no,no,yes,campus_notice,6.993
T24_0243,3.317,4.204,113.207,5.695,21.0,2.449,2.772,3.191,2.44,4.143,2.572,2.802,6.546,12.166,12.002,3.523,31.515,2.953,2.041,3.718,168.453,man,asian,second,yes,no,off_campus,no,no,no,campus_notice,10.037
T24_0244,1.403,0.019,206.417,5.842,22.0,2.243,1.664,3.523,3.726,1.494,2.274,2.46,12.36,26.898,4.49,2.174,13.654,2.35,2.515,3.527,198.499,man,black,second,no,no,off_campus,no,yes,no,campus_notice,6.981
T24_0245,3.398,5.264,67.447,5.688,18.0,1.08,3.142,2.61,2.791,3.943,2.645,3.53,10.934,19.991,7.765,3.631,16.745,2.569,3.344,3.205,196.22,woman,hispanic_latino,third,yes,yes,on_campus,no,no,no,course_notice,8.927
T24_0246,11.743,5.211,248.998,6.682,20.0,2.68,3.137,3.639,3.595,3.707,2.598,2.892,4.418,27.497,0.243,3.206,37.26,2.258,2.924,3.649,99.65,woman,asian,first,no,yes,on_campus,no,no,no,campus_notice,9.631
T24_0247,7.352,9.975,263.451,7.005,21.0,3.79,3.893,3.59,2.643,3.86,2.323,3.653,16.255,23.098,28.702,3.331,7.075,3.505,2.845,3.08,1.568,woman,multiracial_or_other,fourth_plus,no,yes,off_campus,yes,no,no,course_notice,7.7
T24_0248,3.382,10.43,106.364,6.4,20.0,3.031,2.325,2.631,2.558,2.0,1.747,2.142,12.951,15.023,21.629,3.097,41.228,2.743,2.631,2.353,219.115,woman,multiracial_or_other,third,yes,yes,off_campus,yes,no,no,campus_notice,10.692
T24_0249,0.771,5.933,254.135,6.547,18.0,3.934,4.201,1.228,2.252,3.185,3.452,2.169,12.449,29.101,8.734,3.405,18.375,2.228,2.975,3.492,161.979,man,multiracial_or_other,first,no,yes,off_campus,yes,yes,no,course_notice,17.573
T24_0250,0.424,9.208,67.206,5.777,18.0,2.799,2.606,2.254,2.841,3.885,2.48,3.008,9.903,16.645,2.835,2.831,54.762,3.394,2.934,3.335,281.003,man,hispanic_latino,fourth_plus,no,no,off_campus,no,no,no,campus_notice,10.165
T24_0251,1.731,7.269,55.774,6.621,19.0,2.088,3.025,3.815,2.047,2.046,3.443,3.689,1.064,23.56,17.889,2.275,47.518,2.465,2.396,3.171,11.712,man,black,fourth_plus,no,yes,off_campus,yes,yes,no,campus_notice,12.908
T24_0252,2.948,7.03,90.498,6.598,24.0,2.837,1.911,3.674,3.621,3.48,2.031,3.174,13.416,24.493,4.103,3.685,26.559,3.214,2.727,4.245,186.394,woman,white,third,yes,yes,off_campus,yes,no,no,course_notice,7.603
T24_0253,0.87,9.495,388.134,5.853,21.0,3.013,3.362,3.779,3.932,3.936,3.068,2.808,7.141,26.107,3.958,4.366,22.135,2.571,2.793,2.789,208.36,man,white,first,no,no,off_campus,no,no,no,course_notice,8.617
T24_0254,1.681,8.673,133.235,5.445,21.0,1.746,3.471,3.581,2.825,3.009,3.224,1.347,8.235,26.651,4.58,2.992,31.277,3.759,3.773,3.387,59.954,woman,asian,third,no,yes,on_campus,yes,no,no,course_notice,11.133
T24_0255,0.459,4.318,227.281,7.996,19.0,3.485,3.066,2.488,2.6,3.138,2.881,3.09,23.444,20.779,11.816,3.802,43.299,2.768,2.607,3.422,186.503,man,white,second,no,no,off_campus,no,no,no,course_notice,13.509
T24_0256,4.831,5.949,64.316,5.7,22.0,3.139,3.124,4.541,3.763,2.992,3.727,3.326,17.034,11.31,17.42,1.984,16.971,2.841,2.86,2.464,337.238,woman,asian,fourth_plus,no,yes,off_campus,no,yes,no,campus_notice,8.398
T24_0257,0.69,8.883,249.203,6.931,19.0,3.468,3.41,3.004,2.635,2.848,3.026,2.745,13.764,27.697,20.031,2.761,49.96,3.29,2.586,4.017,153.886,woman,asian,fourth_plus,no,yes,off_campus,no,no,no,campus_notice,10.02
T24_0258,0.646,3.149,10.449,8.401,20.0,4.128,3.496,2.619,3.229,2.665,2.708,3.264,18.505,22.254,2.277,3.415,27.789,2.872,2.599,2.431,340.981,woman,white,second,no,yes,on_campus,yes,no,no,course_notice,11.203
T24_0259,2.432,6.475,142.736,8.213,23.0,3.571,2.725,2.339,2.094,3.735,2.157,2.319,7.577,18.02,5.32,3.551,26.191,3.398,2.219,3.023,327.23,nonbinary_or_self_described,black,second,yes,yes,on_campus,no,no,no,campus_notice,9.094
T24_0260,2.808,5.292,270.599,8.035,22.0,3.686,2.791,3.669,3.191,2.082,2.809,1.365,14.982,16.848,8.708,3.006,17.421,3.044,2.717,2.515,7.911,man,hispanic_latino,first,yes,yes,on_campus,no,no,no,course_notice,9.665
T24_0261,0.681,13.308,217.918,7.284,18.0,2.612,2.387,3.119,2.524,3.23,3.219,2.526,18.874,27.871,28.24,3.564,22.587,2.426,3.973,4.306,197.862,woman,white,third,no,yes,on_campus,yes,yes,no,course_notice,8.288
T24_0262,11.072,5.805,134.376,6.119,21.0,1.688,3.661,2.096,2.348,2.041,1.819,3.02,27.199,18.589,18.169,2.819,40.164,3.508,3.43,3.961,366.438,woman,white,first,no,yes,on_campus,no,no,no,course_notice,13.45
T24_0263,0.116,3.198,158.376,8.016,21.0,1.666,3.277,3.801,3.699,2.878,2.915,3.276,10.129,12.339,20.971,2.506,35.63,1.885,3.486,3.357,269.712,man,white,second,no,yes,on_campus,no,no,no,course_notice,5.724
T24_0264,3.256,3.282,227.226,5.273,22.0,3.541,3.397,2.627,3.245,3.707,2.41,3.166,3.819,16.224,11.73,1.867,7.432,1.865,2.734,2.775,321.562,woman,hispanic_latino,third,no,yes,off_campus,no,yes,no,course_notice,11.923
T24_0265,0.705,1.692,238.496,6.306,18.0,1.692,1.916,3.173,3.144,4.454,3.051,2.937,4.476,25.501,9.356,2.999,56.649,3.513,3.865,2.226,429.869,woman,asian,fourth_plus,no,yes,on_campus,no,no,no,campus_notice,13.712
T24_0266,1.197,3.043,179.68,7.463,22.0,3.252,2.204,1.936,3.519,2.914,2.514,3.327,25.012,9.453,8.566,1.847,34.968,3.161,2.912,3.166,273.252,woman,multiracial_or_other,first,yes,yes,on_campus,yes,no,no,campus_notice,10.799
T24_0267,1.797,6.857,233.593,6.873,21.0,2.15,3.486,3.743,3.555,3.715,2.896,2.818,21.511,10.269,10.76,2.428,0.311,2.915,2.692,3.694,189.503,man,asian,first,no,yes,off_campus,yes,no,no,campus_notice,11.363
T24_0268,8.064,3.068,303.796,6.615,21.0,1.762,2.997,1.64,3.382,3.299,3.22,3.233,26.922,17.732,17.206,3.759,39.868,3.054,3.536,2.995,169.007,man,white,fourth_plus,no,yes,on_campus,no,no,no,course_notice,10.948
T24_0269,2.425,5.708,80.639,6.775,19.0,3.202,2.769,2.524,2.439,3.333,3.521,2.838,19.353,9.729,18.697,3.563,20.944,2.438,2.999,3.271,468.874,man,white,fourth_plus,no,yes,off_campus,no,no,no,campus_notice,12.831
T24_0270,1.647,5.855,115.404,7.743,18.0,3.05,3.187,2.651,3.143,3.341,1.694,2.294,18.829,22.755,7.217,2.935,40.49,3.094,2.311,3.137,135.172,woman,hispanic_latino,second,no,no,on_campus,yes,no,yes,course_notice,11.406
T24_0271,0.652,1.575,32.188,5.907,20.0,3.434,3.253,3.389,1.711,2.134,2.178,3.105,8.967,23.045,6.263,3.664,23.736,2.681,3.361,2.758,46.068,woman,hispanic_latino,first,no,yes,on_campus,yes,no,yes,campus_notice,7.895
T24_0272,3.106,7.928,355.134,6.837,19.0,4.528,2.253,2.826,3.373,2.983,2.237,2.842,13.361,6.032,6.548,3.295,30.036,2.571,2.782,3.009,271.546,woman,asian,first,no,yes,off_campus,no,yes,no,course_notice,8.749
T24_0273,2.204,6.25,104.832,7.603,20.0,3.003,1.985,3.031,2.385,2.43,2.462,3.062,17.436,6.843,10.587,2.312,41.491,3.692,3.894,2.776,162.047,woman,asian,fourth_plus,no,yes,on_campus,no,no,no,campus_notice,7.167
T24_0274,2.784,2.297,290.299,8.146,19.0,3.476,3.046,3.247,2.077,2.56,4.043,3.127,17.207,9.112,1.012,2.689,46.839,2.542,3.101,3.583,195.371,woman,hispanic_latino,first,no,yes,on_campus,yes,no,yes,course_notice,11.349
T24_0275,2.543,6.238,160.352,7.537,20.0,2.229,3.35,2.998,3.349,2.661,2.233,2.238,13.969,17.074,7.966,2.694,41.915,2.998,3.814,3.423,231.186,woman,white,second,no,yes,on_campus,no,no,no,course_notice,8.355
T24_0276,0.202,0.754,197.784,7.36,18.0,3.017,2.732,3.097,2.02,3.557,2.022,3.322,21.197,21.294,13.708,2.337,32.509,3.183,3.331,4.29,75.386,man,black,first,no,no,off_campus,no,yes,no,campus_notice,10.797
T24_0277,5.63,3.624,238.355,7.095,22.0,2.853,3.372,4.08,2.448,2.685,3.203,3.51,16.738,9.012,9.345,3.829,15.366,2.634,2.442,3.51,262.234,woman,hispanic_latino,first,no,yes,off_campus,no,no,yes,campus_notice,8.056
T24_0278,0.225,11.765,92.963,7.776,20.0,2.307,3.063,2.846,3.398,3.532,4.194,3.183,3.361,6.779,22.122,2.978,15.177,1.409,3.561,2.325,227.674,man,black,third,no,yes,off_campus,no,no,no,campus_notice,12.281
T24_0279,2.072,7.984,95.529,6.663,20.0,2.696,1.284,2.592,3.665,2.967,3.879,3.34,5.861,14.798,4.877,2.602,27.325,4.038,3.319,3.047,171.504,woman,white,fourth_plus,yes,yes,on_campus,no,no,no,campus_notice,7.721
T24_0280,2.869,7.28,102.543,7.201,19.0,2.574,4.581,3.258,3.1,3.954,3.207,3.414,18.932,9.623,5.392,2.907,8.504,2.455,3.256,3.842,235.183,woman,hispanic_latino,fourth_plus,no,yes,on_campus,no,no,no,course_notice,4.951
T24_0281,0.132,5.215,222.633,5.223,19.0,3.555,3.297,3.09,2.617,4.016,3.117,3.253,7.387,14.166,8.83,2.868,21.839,3.12,4.145,2.562,26.523,man,asian,third,yes,yes,off_campus,no,no,no,campus_notice,10.969
T24_0282,0.308,6.565,165.72,6.547,20.0,2.351,2.48,3.493,2.497,4.032,4.001,2.867,9.285,20.783,0.423,3.212,21.268,2.718,1.668,2.144,4.614,man,multiracial_or_other,first,no,yes,on_campus,no,no,no,course_notice,11.481
T24_0283,10.548,10.477,63.925,8.159,20.0,3.509,2.989,3.112,3.59,1.731,3.419,4.212,12.982,11.262,22.852,2.371,33.728,3.255,2.774,3.788,271.664,man,white,second,no,yes,off_campus,no,no,no,campus_notice,13.113
T24_0284,3.969,0.081,249.916,8.607,19.0,4.322,3.18,2.436,1.921,3.853,2.883,3.352,12.306,20.095,13.597,2.924,17.476,3.729,2.234,3.441,232.536,man,asian,third,no,yes,on_campus,no,no,no,course_notice,8.01
T24_0285,1.048,4.583,179.476,6.163,21.0,3.507,3.727,3.497,3.757,3.988,1.924,2.074,5.61,12.63,22.411,2.933,39.745,3.116,2.721,1.83,261.083,woman,white,fourth_plus,no,yes,off_campus,no,yes,no,course_notice,11.056
T24_0286,4.657,5.762,81.822,7.5,19.0,3.784,2.6,4.176,3.889,1.235,3.035,2.289,13.114,16.754,10.122,2.187,42.7,4.032,2.309,3.188,312.828,nonbinary_or_self_described,hispanic_latino,fourth_plus,no,yes,off_campus,yes,no,no,course_notice,8.013
T24_0287,2.406,9.12,157.614,8.243,19.0,3.934,2.881,3.059,2.621,2.945,2.805,3.113,10.786,25.666,19.595,3.537,42.747,2.894,4.089,2.62,135.146,woman,hispanic_latino,first,no,yes,on_campus,no,no,no,course_notice,8.42
T24_0288,0.841,1.27,28.435,6.986,20.0,2.781,3.535,4.108,4.651,3.809,2.756,2.424,17.511,12.746,22.937,2.733,36.075,2.932,3.782,1.668,178.707,man,hispanic_latino,fourth_plus,no,yes,off_campus,no,no,no,course_notice,14.818
T24_0289,4.912,6.535,44.87,6.976,20.0,1.86,3.486,3.707,3.131,3.451,1.728,2.828,18.292,26.239,5.923,3.433,22.971,3.464,2.592,2.492,244.036,woman,hispanic_latino,fourth_plus,no,yes,on_campus,no,yes,no,campus_notice,14.935
T24_0290,8.731,6.118,169.714,5.046,19.0,3.434,2.58,3.151,1.916,2.939,3.608,2.308,9.487,8.805,14.683,3.696,19.168,3.601,3.608,2.897,128.239,woman,white,second,no,no,off_campus,no,yes,yes,campus_notice,9.765
T24_0291,1.276,6.551,135.169,7.376,20.0,3.018,3.396,2.753,3.697,2.635,3.03,3.366,7.475,25.455,18.396,2.05,53.957,1.922,4.087,4.171,335.891,woman,white,third,no,no,on_campus,yes,yes,no,course_notice,13.946
T24_0292,0.076,6.516,270.353,7.097,19.0,2.442,2.234,3.872,2.875,3.618,2.212,4.17,16.346,8.129,11.181,1.935,3.086,2.658,4.145,2.625,90.687,man,white,second,no,yes,off_campus,no,no,no,course_notice,7.827
T24_0293,0.307,8.421,116.444,7.069,20.0,2.777,3.019,3.355,2.912,4.271,3.161,2.955,15.476,15.498,2.947,2.37,14.464,2.318,2.552,2.432,248.333,woman,hispanic_latino,first,no,yes,on_campus,no,yes,no,course_notice,8.184
T24_0294,1.498,4.43,152.559,6.053,19.0,2.895,2.86,2.911,2.496,2.749,3.521,3.738,17.588,15.46,25.821,3.064,21.588,3.2,3.286,3.326,165.101,man,asian,first,no,no,off_campus,no,no,no,course_notice,11.219
T24_0295,1.517,6.791,119.408,6.468,22.0,4.08,2.23,3.252,2.679,2.87,2.57,3.793,13.082,15.182,17.398,3.856,47.498,2.241,3.389,3.375,414.116,man,white,third,no,no,off_campus,yes,no,no,course_notice,14.998
T24_0296,2.14,2.24,29.833,7.972,19.0,2.653,2.493,2.891,2.887,2.247,3.329,2.668,4.674,9.992,2.858,3.894,20.528,3.125,2.884,3.139,372.538,man,white,second,no,yes,on_campus,yes,no,no,campus_notice,7.54
T24_0297,2.978,9.049,92.502,7.326,19.0,2.953,2.844,3.461,2.57,3.779,4.096,3.736,10.246,24.279,4.808,2.464,34.553,3.284,3.394,2.283,55.53,woman,black,first,yes,yes,off_campus,no,no,yes,campus_notice,13.013
T24_0298,9.879,5.068,249.487,7.21,22.0,2.967,1.93,2.755,2.351,1.084,3.519,2.602,16.926,21.217,21.603,3.268,25.018,1.746,1.601,3.144,184.992,woman,white,fourth_plus,no,yes,off_campus,no,no,no,campus_notice,9.334
T24_0299,0.209,0.406,154.86,7.717,21.0,3.767,2.374,3.438,3.006,2.728,4.385,2.922,22.568,24.199,4.504,2.211,40.623,3.189,3.831,3.072,332.768,woman,multiracial_or_other,second,no,yes,on_campus,no,no,no,campus_notice,11.641
T24_0300,4.298,7.699,273.934,6.074,19.0,2.582,1.859,2.652,2.575,3.524,3.667,2.002,20.062,20.979,14.438,3.311,61.008,2.965,3.437,3.642,241.824,man,asian,first,yes,yes,off_campus,no,no,no,course_notice,16.631
T24_0301,10.355,9.321,15.584,7.299,20.0,3.787,3.85,2.561,3.847,3.002,3.184,2.734,0.917,13.766,24.546,3.431,6.494,2.968,2.672,3.702,267.037,man,white,fourth_plus,no,yes,off_campus,no,no,no,course_notice,17.042
T24_0302,4.201,6.365,213.71,6.964,19.0,3.673,1.829,2.855,1.975,3.798,2.148,2.847,22.514,11.978,22.613,2.642,34.515,3.349,3.046,3.589,208.014,man,hispanic_latino,third,yes,yes,off_campus,no,no,yes,campus_notice,11.227
T24_0303,2.78,9.629,301.611,6.455,19.0,3.558,2.994,3.562,3.208,4.152,3.256,3.702,10.691,7.234,10.09,2.834,9.335,3.652,3.124,2.881,187.829,woman,white,second,no,yes,off_campus,no,no,no,campus_notice,7.04
T24_0304,5.46,7.823,108.055,7.769,21.0,2.873,3.01,2.341,4.098,3.858,3.396,2.616,1.404,14.65,4.743,2.332,14.753,2.563,4.019,3.16,20.545,man,hispanic_latino,first,yes,yes,off_campus,no,yes,no,campus_notice,14.92
T24_0305,1.259,10.129,102.172,8.43,19.0,2.563,2.173,2.751,2.807,3.858,4.328,4.62,6.104,17.052,13.558,3.866,20.237,3.351,4.073,4.293,245.481,man,black,first,no,yes,on_campus,no,no,no,campus_notice,9.03
T24_0306,3.924,1.793,255.052,7.548,18.0,2.87,2.121,2.01,3.4,3.816,3.504,2.535,3.104,10.821,20.001,2.4,3.961,2.968,3.193,3.796,22.461,nonbinary_or_self_described,hispanic_latino,second,no,no,off_campus,no,no,no,campus_notice,5.768
T24_0307,12.431,6.629,255.737,6.909,19.0,1.791,2.893,2.551,3.301,2.451,1.583,2.883,4.8,17.285,7.661,2.258,4.447,3.67,2.296,3.788,162.16,woman,black,first,no,yes,on_campus,yes,no,no,course_notice,9.718
T24_0308,1.397,7.236,133.334,6.222,19.0,2.957,3.531,2.802,3.649,2.962,2.593,2.41,3.636,16.248,2.649,2.209,34.608,2.229,2.124,2.551,237.024,nonbinary_or_self_described,asian,fourth_plus,no,no,on_campus,yes,no,no,campus_notice,12.856
T24_0309,9.76,5.995,166.338,6.277,19.0,2.715,3.133,2.898,2.429,4.008,2.289,2.881,15.944,13.971,12.761,3.35,16.598,2.321,3.195,4.766,274.676,man,white,second,no,yes,off_campus,no,no,no,course_notice,9.488
T24_0310,4.209,2.499,247.588,7.064,19.0,1.854,2.722,4.232,2.433,2.457,3.446,2.931,12.268,14.692,18.259,2.838,23.879,2.386,4.297,1.203,122.033,woman,white,third,no,yes,on_campus,no,no,no,campus_notice,8.996
T24_0311,2.936,7.767,207.531,6.046,21.0,2.583,2.499,2.446,1.708,2.424,2.685,2.803,12.779,23.005,5.594,3.105,45.811,2.256,2.947,3.087,218.64,woman,white,third,no,no,off_campus,yes,no,no,course_notice,9.635
T24_0312,2.318,7.665,42.672,6.76,22.0,3.165,3.669,2.705,3.443,3.549,2.74,2.818,12.329,17.704,2.857,3.908,13.938,3.181,3.858,3.274,149.386,man,hispanic_latino,third,no,yes,on_campus,no,yes,no,campus_notice,10.495
T24_0313,6.057,11.074,47.579,7.279,21.0,2.87,3.025,3.071,2.299,4.091,2.767,3.357,6.089,14.673,15.878,3.352,42.909,1.016,3.375,3.129,213.397,woman,white,third,yes,yes,on_campus,no,no,no,campus_notice,13.563
T24_0314,0.363,9.17,76.882,6.168,22.0,2.611,3.014,3.742,4.186,2.894,3.843,3.529,1.26,20.568,8.475,2.83,34.207,1.748,3.031,1.956,112.046,man,white,second,no,yes,off_campus,no,no,no,campus_notice,12.071
T24_0315,6.822,5.509,121.903,7.565,21.0,2.395,3.123,3.802,3.158,1.272,2.731,3.596,5.933,16.001,9.492,3.621,54.47,2.681,2.971,3.576,55.387,man,black,first,yes,no,on_campus,no,no,no,course_notice,9.637
T24_0316,1.784,7.37,156.029,7.059,19.0,3.002,3.221,2.944,2.919,2.123,2.999,3.023,13.021,21.693,1.442,2.249,20.266,2.876,3.758,3.794,15.504,woman,hispanic_latino,third,no,yes,off_campus,no,yes,no,campus_notice,6.373
T24_0317,0.522,6.104,95.971,6.134,23.0,2.945,3.058,3.075,3.794,3.339,2.395,2.955,11.351,9.3,7.032,2.687,16.46,3.552,3.655,2.937,172.088,woman,white,first,no,no,off_campus,no,yes,no,course_notice,12.261
T24_0318,2.805,4.567,142.983,7.405,19.0,2.704,3.762,3.236,3.596,2.442,3.17,2.53,19.716,23.41,17.954,3.299,56.153,3.437,3.082,4.094,149.297,man,hispanic_latino,fourth_plus,yes,no,on_campus,no,no,no,course_notice,15.24
T24_0319,0.335,5.991,261.422,6.992,18.0,3.706,3.351,2.522,2.689,1.975,3.349,1.774,24.503,25.771,8.155,3.458,10.814,2.101,3.232,2.623,82.628,man,black,first,no,yes,off_campus,no,no,yes,campus_notice,14.849
T24_0320,6.632,5.82,156.62,6.576,19.0,3.374,2.338,3.047,3.864,3.267,3.451,2.935,13.011,18.47,7.136,3.391,29.46,3.179,3.082,3.455,7.122,man,hispanic_latino,second,no,yes,off_campus,no,no,no,course_notice,5.901
T24_0321,2.907,1.959,183.631,6.171,20.0,2.587,3.638,2.95,2.645,3.642,1.479,3.489,1.437,18.263,14.423,2.961,13.023,3.179,3.167,4.368,34.482,woman,asian,second,no,yes,off_campus,no,no,no,campus_notice,8.729
T24_0322,2.454,9.07,36.979,5.855,20.0,3.351,3.631,3.574,3.579,2.215,3.096,4.235,11.864,13.683,3.353,3.0,17.045,3.286,1.678,3.421,66.334,man,hispanic_latino,fourth_plus,no,no,on_campus,yes,no,yes,course_notice,12.94
T24_0323,1.73,3.299,20.326,7.577,23.0,3.364,2.73,1.956,3.223,2.686,4.055,3.056,10.939,20.265,11.163,3.13,14.883,2.449,3.683,3.459,103.751,man,hispanic_latino,third,yes,yes,on_campus,yes,no,no,campus_notice,9.35
T24_0324,0.987,0.525,207.866,6.083,21.0,2.302,2.26,4.174,3.379,3.542,3.304,3.638,4.783,22.014,12.906,1.5,38.523,2.71,2.729,3.814,259.431,woman,hispanic_latino,third,no,yes,off_campus,no,no,no,course_notice,9.706
T24_0325,0.26,0.351,248.287,7.276,20.0,3.953,3.524,2.64,3.01,2.565,3.211,2.913,10.541,24.423,12.89,2.719,25.633,2.69,2.796,2.209,257.069,man,white,first,no,yes,on_campus,no,no,no,course_notice,9.645
T24_0326,1.574,6.746,232.743,6.431,19.0,4.32,1.459,3.168,2.925,3.89,3.261,2.988,8.432,5.396,6.137,3.845,26.432,3.239,2.91,2.837,189.203,man,multiracial_or_other,fourth_plus,no,yes,on_campus,no,no,yes,campus_notice,5.202
T24_0327,1.874,11.232,122.104,7.108,21.0,3.926,2.846,2.256,2.587,2.495,3.41,3.998,14.746,21.587,6.152,2.345,43.383,3.76,3.169,3.497,256.556,woman,asian,fourth_plus,no,yes,off_campus,no,no,no,course_notice,8.441
T24_0328,1.461,4.431,189.768,7.05,22.0,4.832,2.972,2.661,2.91,3.303,3.097,2.495,2.752,3.367,3.99,2.691,26.781,2.972,3.332,2.93,274.549,woman,white,first,yes,yes,on_campus,no,yes,yes,campus_notice,7.649
T24_0329,1.165,4.586,183.893,5.926,23.0,3.643,1.826,2.436,2.768,3.398,3.048,1.863,24.174,8.99,6.705,2.481,31.266,2.547,2.722,1.696,115.73,man,white,fourth_plus,no,yes,off_campus,yes,no,no,campus_notice,13.284
T24_0330,2.277,6.68,155.566,7.996,19.0,1.798,2.237,3.14,3.484,2.746,2.153,3.21,33.751,19.669,24.396,1.567,28.355,2.065,2.821,2.445,72.032,woman,hispanic_latino,second,no,no,off_campus,no,no,no,campus_notice,10.432
T24_0331,0.863,9.115,264.255,8.274,20.0,2.205,2.206,3.196,2.676,3.473,1.063,2.921,8.369,15.008,14.54,3.608,34.003,3.548,3.656,3.126,321.031,woman,white,third,no,no,on_campus,no,yes,no,campus_notice,11.501
T24_0332,3.507,7.003,94.095,6.487,20.0,2.874,3.307,3.86,3.18,3.515,3.263,3.584,10.033,13.933,10.841,4.736,13.262,2.176,2.978,3.919,132.623,woman,white,third,no,no,off_campus,no,no,no,campus_notice,6.587
T24_0333,2.149,11.108,135.062,8.636,24.0,2.278,3.432,1.673,2.729,2.614,3.648,1.64,7.754,19.959,12.037,1.957,18.133,2.702,3.591,3.867,179.919,man,black,second,no,no,on_campus,no,no,no,campus_notice,13.019
T24_0334,7.277,4.713,90.977,7.632,19.0,2.906,3.248,2.562,3.273,2.425,3.382,4.322,17.047,26.496,12.802,4.353,26.324,3.088,2.191,4.061,241.974,woman,hispanic_latino,first,no,yes,off_campus,no,no,no,course_notice,10.566
T24_0335,1.368,3.321,86.864,7.38,22.0,2.645,2.257,4.219,3.082,3.126,2.488,3.595,26.999,13.226,14.338,3.28,57.126,2.634,3.425,3.366,185.616,man,white,first,no,yes,on_campus,no,no,no,course_notice,9.166
T24_0336,0.199,0.688,200.784,5.994,19.0,4.05,3.655,2.418,2.097,2.286,3.309,3.291,7.39,13.845,12.219,3.465,35.226,3.872,2.577,2.935,148.883,woman,hispanic_latino,second,no,yes,off_campus,no,yes,no,course_notice,10.64
T24_0337,1.573,5.842,106.049,5.775,20.0,3.377,1.276,3.006,3.384,3.708,4.189,3.148,17.993,17.885,7.689,3.479,9.464,3.051,1.838,3.354,362.8,woman,white,first,no,yes,on_campus,no,no,no,campus_notice,14.27
T24_0338,1.858,11.541,161.983,7.383,19.0,3.168,2.327,3.643,3.129,2.646,3.245,4.105,17.255,10.128,25.541,2.961,3.808,3.194,2.927,2.14,158.059,man,hispanic_latino,second,no,yes,on_campus,yes,yes,no,course_notice,13.548
T24_0339,1.374,4.529,55.933,6.228,18.0,2.99,2.58,3.562,3.424,2.934,3.857,2.344,9.688,22.932,5.759,3.285,2.682,2.478,2.565,2.224,233.72,woman,asian,fourth_plus,yes,yes,off_campus,no,no,no,course_notice,12.594
T24_0340,1.599,11.441,19.228,8.086,21.0,1.302,2.33,2.877,2.798,3.244,4.16,2.238,17.461,11.97,3.768,3.592,20.407,2.136,3.717,3.095,52.739,man,hispanic_latino,second,no,yes,off_campus,no,no,no,campus_notice,9.133
T24_0341,2.471,5.807,56.143,8.567,22.0,1.819,2.793,2.559,2.545,3.184,3.094,3.231,11.094,14.025,14.304,3.591,27.548,2.655,3.334,1.072,429.218,woman,white,second,yes,yes,on_campus,no,yes,no,course_notice,17.444
T24_0342,2.857,2.487,152.859,6.218,21.0,2.552,4.273,3.754,2.992,2.498,4.135,3.124,5.638,14.527,7.285,3.423,37.783,3.103,2.416,2.971,250.278,nonbinary_or_self_described,white,second,no,yes,off_campus,no,no,no,course_notice,10.054
T24_0343,8.762,0.166,157.511,6.037,20.0,2.927,2.641,2.997,2.936,3.057,3.967,2.391,12.061,13.514,18.632,2.812,10.082,3.302,2.25,2.899,54.265,woman,black,fourth_plus,no,no,off_campus,no,no,no,course_notice,5.783
T24_0344,0.219,4.505,245.624,8.318,20.0,2.484,3.474,2.816,3.362,2.648,3.047,3.378,19.166,10.56,2.283,2.533,48.19,2.525,3.21,3.672,297.219,man,multiracial_or_other,second,no,yes,off_campus,yes,no,yes,course_notice,9.937
T24_0345,6.778,5.381,337.656,7.053,23.0,3.448,3.196,2.943,3.501,2.512,3.769,1.911,17.344,14.319,4.139,2.315,20.12,3.244,2.984,2.99,167.854,woman,white,fourth_plus,no,yes,on_campus,no,no,no,course_notice,8.299
T24_0346,7.289,5.022,174.402,8.155,21.0,2.37,2.355,2.523,3.132,2.743,3.455,2.684,17.581,10.481,23.852,1.215,34.134,2.06,3.836,3.687,27.498,man,black,fourth_plus,no,yes,on_campus,no,yes,no,campus_notice,9.965
T24_0347,6.384,7.462,227.797,7.62,21.0,4.134,3.022,3.038,2.251,2.699,2.637,2.679,4.382,14.378,5.157,3.482,2.977,2.249,2.157,3.101,203.337,woman,black,third,no,yes,off_campus,no,yes,no,campus_notice,7.479
T24_0348,0.908,0.761,270.814,5.995,22.0,2.119,3.093,3.53,1.929,3.197,2.497,2.952,6.871,17.542,13.675,3.838,5.279,2.573,3.375,4.662,267.687,nonbinary_or_self_described,hispanic_latino,second,no,yes,on_campus,no,no,yes,course_notice,8.131
T24_0349,3.473,4.03,81.058,6.335,18.0,3.036,2.747,3.8,2.132,2.198,3.707,3.136,24.673,10.183,6.225,2.771,19.37,3.735,3.789,3.087,229.7,man,white,first,no,yes,on_campus,no,no,no,course_notice,11.302
T24_0350,6.457,5.042,111.519,6.979,18.0,4.156,2.011,3.162,3.533,2.813,3.589,2.799,7.452,15.07,3.736,3.939,41.256,2.993,1.866,2.071,273.694,man,white,second,no,yes,on_campus,no,no,no,campus_notice,12.269
T24_0351,0.122,5.309,133.311,8.343,18.0,2.711,1.595,4.59,2.953,3.846,2.83,3.038,26.079,19.463,26.343,4.81,27.606,3.516,2.001,2.852,203.034,woman,asian,first,yes,no,on_campus,no,no,no,course_notice,8.994
T24_0352,3.245,4.372,138.401,8.488,20.0,2.458,2.298,2.803,2.918,2.715,3.462,2.362,5.608,20.135,12.024,3.648,4.484,2.829,2.306,1.914,213.654,woman,hispanic_latino,fourth_plus,no,yes,off_campus,no,yes,no,campus_notice,14.387
T24_0353,4.692,11.094,256.488,8.085,18.0,2.94,3.311,3.311,3.087,2.924,2.408,2.791,15.898,17.763,19.85,3.105,19.183,1.932,1.965,3.135,191.815,woman,hispanic_latino,second,no,no,off_campus,yes,no,yes,campus_notice,9.683
T24_0354,7.552,4.325,256.28,7.602,21.0,2.71,3.212,2.764,2.957,3.471,2.089,2.637,11.293,19.59,9.618,3.211,58.6,2.851,2.649,3.544,266.341,man,white,fourth_plus,no,no,on_campus,yes,yes,no,campus_notice,9.301
T24_0355,11.413,4.472,209.634,6.722,19.0,2.803,3.34,3.18,2.815,3.243,2.865,3.704,5.409,12.889,25.706,3.015,34.723,4.477,1.706,4.089,378.874,man,hispanic_latino,second,no,yes,off_campus,yes,no,no,campus_notice,9.191
T24_0356,0.355,3.134,94.599,6.324,21.0,2.795,3.408,2.444,2.909,3.327,3.076,3.85,21.567,7.553,14.194,4.326,24.765,2.695,2.353,2.191,251.484,woman,white,first,no,yes,off_campus,no,no,yes,course_notice,10.292
T24_0357,2.002,9.765,58.151,6.243,20.0,3.042,1.892,3.097,3.126,2.523,3.163,3.379,5.941,20.155,7.693,2.862,25.256,4.309,2.737,2.073,232.402,woman,white,third,yes,yes,off_campus,no,no,yes,course_notice,14.614
T24_0358,0.229,6.518,168.933,6.019,19.0,3.647,4.259,3.261,3.669,2.115,2.24,3.448,17.873,16.639,9.816,3.263,24.17,1.905,2.304,2.235,326.712,woman,multiracial_or_other,third,no,yes,on_campus,no,no,no,course_notice,9.077
T24_0359,2.346,7.806,108.321,7.848,18.0,2.435,3.093,1.554,2.624,3.977,2.899,3.142,14.893,12.774,6.224,3.106,16.854,3.099,3.244,2.459,393.877,woman,black,third,no,no,off_campus,no,no,no,campus_notice,10.257
T24_0360,0.43,4.708,125.33,6.297,20.0,3.162,2.042,1.863,2.196,2.196,2.228,2.796,20.851,21.773,4.487,2.35,27.65,3.373,1.793,2.286,100.678,man,white,second,yes,yes,off_campus,no,no,no,campus_notice,14.025
T24_0361,1.027,6.653,204.151,7.18,21.0,2.443,2.442,1.148,2.271,2.716,3.557,3.322,17.658,11.955,0.714,3.498,5.244,3.181,3.916,2.706,4.161,woman,hispanic_latino,first,no,yes,off_campus,no,no,no,campus_notice,4.644
T24_0362,2.98,5.008,50.686,6.846,19.0,3.488,1.988,3.136,3.98,3.678,2.362,2.39,6.521,20.211,14.148,2.737,58.837,2.661,2.135,2.333,245.026,woman,multiracial_or_other,first,no,yes,on_campus,no,no,no,campus_notice,12.56
T24_0363,4.471,2.518,170.323,8.308,20.0,2.828,2.985,3.286,2.399,1.68,3.429,3.636,4.978,19.803,11.219,3.296,19.938,2.675,2.407,2.978,37.466,man,white,third,no,no,off_campus,no,no,no,campus_notice,3.201
T24_0364,6.956,4.71,162.3,5.092,19.0,2.562,3.485,2.803,2.569,3.157,2.719,2.885,5.639,15.197,10.004,2.635,37.466,3.792,3.343,2.97,22.027,man,hispanic_latino,second,no,no,on_campus,yes,yes,yes,campus_notice,8.235
T24_0365,10.706,6.693,131.216,6.494,18.0,3.876,3.635,2.852,2.58,2.006,3.148,3.378,11.631,15.837,27.68,4.405,32.308,2.217,3.066,2.48,73.85,woman,white,third,no,yes,on_campus,no,yes,no,course_notice,12.32
T24_0366,10.999,6.539,208.123,6.489,19.0,3.645,3.657,2.436,3.392,3.406,3.773,3.739,19.84,23.361,3.545,2.099,1.386,2.677,3.294,2.56,366.241,man,hispanic_latino,fourth_plus,no,yes,on_campus,no,no,no,course_notice,12.64
T24_0367,1.438,11.914,204.036,7.0,23.0,2.807,3.058,3.937,3.467,2.889,2.817,3.787,8.435,22.631,11.161,3.829,40.232,2.513,3.283,3.151,180.663,woman,multiracial_or_other,first,no,no,on_campus,no,yes,no,campus_notice,9.021
T24_0368,0.395,5.968,3.453,6.631,20.0,3.385,2.145,2.64,4.135,2.636,2.567,1.377,7.478,13.934,13.115,2.241,45.025,2.122,3.4,2.803,347.795,woman,white,fourth_plus,no,yes,off_campus,no,no,no,course_notice,9.761
T24_0369,6.507,7.323,207.361,7.259,20.0,3.167,4.027,2.253,2.216,3.345,2.319,3.049,13.683,14.475,13.705,3.249,15.198,4.025,2.953,3.937,218.784,woman,white,first,no,yes,on_campus,no,no,no,campus_notice,9.571
T24_0370,0.467,8.53,237.411,7.394,20.0,2.931,3.241,3.228,1.656,2.646,3.503,3.288,12.504,15.433,14.271,3.112,4.037,3.181,2.812,2.488,192.349,man,hispanic_latino,first,no,yes,off_campus,no,no,no,campus_notice,7.294
T24_0371,0.738,7.858,182.304,7.305,20.0,1.674,3.346,1.753,2.921,3.366,3.87,3.536,11.725,2.993,14.328,2.313,29.03,3.135,2.221,2.133,290.366,man,hispanic_latino,third,no,no,off_campus,yes,no,no,campus_notice,14.293
T24_0372,1.546,3.693,292.565,6.779,19.0,3.139,2.311,3.422,2.62,3.401,2.55,3.565,21.96,28.576,3.921,2.691,49.382,2.973,2.553,2.978,203.157,man,black,first,no,yes,off_campus,no,no,no,campus_notice,10.325
