participant_id,sleep_deprivation,prior_restricted_nights,baseline_task_score,sleep_quality,chronic_stress,schedule_irregularity_hours,task_motivation,age_years,education_years,caffeine_mg,exercise_minutes_week,screen_hours_evening,weekly_obligation_hours,commute_minutes,bedroom_noise,chronotype_eveningness,wake_to_test_hours,nap_minutes_prior_day,physical_discomfort,computer_familiarity,sleep_environment_quality,setting,gender,schedule,caregiving,habitual_napper,alcohol_previous_evening,quiet_test_room,breakfast,first_session,sedating_medication,cognitive_performance,sleep_hours_last_night,emotional_regulation
T10_0001,0.1,2,77,5.1,5.2,1.2,5.2,30,18,147,164,2,30,34,2.6,7.7,2.6,35,2.5,4.1,5.3,occupational,nonbinary_or_self_described,rotating_or_night,no,yes,no,yes,yes,no,no,62,7.9,6.5
T10_0002,3,3,74,4.9,2.8,2.3,5.9,42,16,164,194,2.8,23,1,5.5,4.2,1.6,32,7,7.9,6.9,academic,woman,day,no,no,yes,yes,yes,yes,no,86,5,4
T10_0003,0.8,4,76,4.2,5.2,1.1,4,27,15,155,190,2.1,32,32,5.6,6.6,1.9,10,1.9,6.4,9.7,occupational,nonbinary_or_self_described,rotating_or_night,no,no,no,yes,yes,yes,no,77,7.2,5.75
T10_0004,2.9,5,82,3.9,4.6,1.4,2.4,39,15,185,100,4.3,24,58,6.6,5.4,0.9,76,5.7,4.7,6.3,academic,woman,day,no,no,no,no,yes,no,no,68,5.1,5.5
T10_0005,3.9,2,56,6.7,8.9,1.2,2.8,27,13,72,100,2.4,54,50,1.2,5.1,1.8,6,6.1,1.8,3,occupational,man,day,no,no,no,yes,yes,no,yes,73,4.1,5.5
T10_0006,3.6,4,91,4.6,7.9,0.2,2.8,26,16,55,164,3.8,18,34,6.5,5.6,2.4,2,4.8,7,3.4,occupational,woman,day,yes,no,yes,yes,yes,yes,no,73,4.4,5.5
T10_0007,0.4,4,71,6.4,4.7,0.9,7.4,28,14,113,75,0.5,42,44,3.5,4,1.7,22,5.4,3.8,0.1,academic,woman,day,yes,yes,no,yes,yes,no,no,89,7.6,6.5
T10_0008,1.6,3,83,3.1,4.3,0.4,6.1,21,16,255,63,0.5,55,34,3.5,5.8,2.2,22,3.1,4.6,4,academic,man,day,no,no,no,yes,no,no,no,70,6.4,5.75
T10_0009,3,2,77,4.6,3.7,1.1,4.3,25,13,161,174,3.2,21,55,5.4,3.3,1,10,4.7,2.3,5.3,occupational,woman,rotating_or_night,no,no,yes,no,yes,no,no,74,5,7
T10_0010,2,2,75,4.4,3.3,1.5,5,25,15,0,178,2.3,42,42,2.3,1.8,2.3,41,5.2,4.9,6.6,occupational,man,rotating_or_night,yes,no,yes,yes,yes,yes,no,72,6,6.75
T10_0011,2.1,1,75,4.3,3.1,1.6,6,47,15,26,164,2.6,38,14,7,7.1,0.9,1,7.3,5.8,3.5,academic,man,day,yes,yes,no,yes,yes,no,no,73,5.9,5.75
T10_0012,1.4,6,76,4.6,3.9,1.1,9.3,30,15,175,77,3.5,53,55,5.5,6.3,1.7,36,6.4,4.4,4,academic,nonbinary_or_self_described,day,no,yes,no,yes,yes,no,no,75,6.6,6
T10_0013,1.6,1,71,4.9,5.9,1.8,3.4,26,13,125,119,2.8,40,38,3.5,3,2.1,19,5.4,4.5,4,academic,man,day,no,yes,yes,no,yes,no,no,81,6.4,7
T10_0014,2.5,2,79,3.7,5.7,1.9,7.8,34,17,248,60,3.6,38,31,3.1,8.4,1.6,33,2.3,4.2,4.7,academic,man,day,no,yes,no,yes,no,no,no,78,5.5,5.5
T10_0015,1.9,2,61,2.6,4.6,0.9,3.6,19,16,83,153,1,50,20,4.5,4,1.1,7,5.5,5.3,3,occupational,woman,day,yes,yes,no,yes,yes,yes,no,75,6.1,5.75
T10_0016,0.4,1,69,5.1,3.2,1.7,6,32,14,64,129,1.2,57,40,8.2,3.9,1.5,5,4.6,4,3,academic,woman,day,no,no,no,yes,yes,no,yes,83,7.6,5.25
T10_0017,1.5,2,67,6,4.4,2.6,2.6,22,17,109,147,2.8,19,30,5.3,4.7,3.9,18,3.6,3.5,6.1,occupational,man,rotating_or_night,yes,yes,no,yes,yes,yes,no,72,6.5,6.5
T10_0018,1.9,3,82,6.9,6.9,0.2,6.4,40,16,13,230,2.3,31,26,2.6,3.3,2.5,16,4.1,5.4,6.9,occupational,man,day,no,no,no,yes,yes,yes,no,76,6.1,4.75
T10_0019,1.9,2,83,5.6,5.9,1.6,4.3,56,16,133,107,2.4,45,28,4.1,1.7,3.1,22,1.7,7.4,6,academic,nonbinary_or_self_described,rotating_or_night,no,yes,no,yes,yes,no,no,85,6.1,5.25
T10_0020,1.6,3,74,3.3,2.4,1.2,4.3,20,17,195,121,4.7,32,18,6.4,4.8,2.6,39,5.3,4.1,4.4,academic,man,day,yes,no,yes,yes,no,yes,no,76,6.4,6
T10_0021,0.9,2,81,4.3,3,1.7,7.2,31,12,155,203,3.7,41,38,2.8,7.6,1,4,5.1,5.4,4,occupational,woman,day,yes,yes,no,yes,yes,yes,no,78,7.1,5
T10_0022,2.5,3,85,3.9,6.7,0.7,6.4,28,13,90,177,1.3,45,21,3.2,2.4,2.7,27,3.5,4.4,7.3,academic,woman,day,no,no,no,yes,no,yes,yes,82,5.5,6.25
T10_0023,2.2,2,69,5,5.9,1.8,4.4,30,12,90,185,2,37,13,6.4,3.3,1.6,13,6.4,6.4,1.5,occupational,man,day,no,yes,yes,no,no,yes,no,68,5.8,6
T10_0024,2.2,3,69,3,6.4,1.1,5.9,43,16,80,216,0.9,38,24,4.9,4.9,1.9,6,3.7,5.6,4.2,academic,man,day,no,yes,no,no,yes,yes,no,82,5.8,6.25
T10_0025,1.5,0,74,4.3,5.7,2.3,6.5,53,15,29,63,1.6,32,31,6.7,6.6,1.9,5,4.7,4.5,7.3,academic,woman,day,no,yes,no,no,yes,yes,no,68,6.5,6.5
T10_0026,2,4,66,4.7,4.9,1.6,2,30,16,203,152,3,31,70,2.5,6.7,0.6,8,3.3,6.5,2.9,occupational,man,rotating_or_night,no,yes,no,yes,yes,no,no,72,6,5.25
T10_0027,3,1,68,4.8,3.1,1.7,7.3,24,17,168,243,4.2,49,28,4.7,4.6,1.7,5,3.4,7.2,8.3,occupational,woman,day,no,no,no,yes,yes,no,yes,83,5,6.75
T10_0028,1.9,4,83,2.3,2.5,1.2,2.1,42,13,39,38,4.9,49,25,2.1,4.8,1.2,38,3.9,6,4.7,occupational,man,day,yes,no,no,no,yes,no,no,79,6.1,5.75
T10_0029,0.6,2,70,5.9,3.5,1,4.3,24,15,48,250,3.4,23,12,10,7.3,1.2,32,4.1,7,3.3,occupational,woman,rotating_or_night,yes,yes,no,yes,yes,yes,yes,96,7.4,6
T10_0030,2.4,4,73,4.8,4.2,0.3,3.9,31,14,39,74,2.5,21,16,8,6.8,3.5,28,5.3,5.8,5.1,academic,man,rotating_or_night,yes,yes,no,yes,yes,yes,no,71,5.6,5.5
T10_0031,0.5,2,80,5,6.7,1,4.1,30,13,131,90,1.4,48,28,4.4,4.9,0.9,8,5,5.1,4.9,occupational,man,day,yes,yes,no,yes,no,no,no,86,7.5,5.75
T10_0032,2.8,1,71,4,3.7,0.4,6,35,15,22,167,1.5,22,46,5.2,8.4,2.5,9,3.4,4.7,2.9,occupational,woman,day,yes,no,no,yes,yes,no,no,89,5.2,7.25
T10_0033,1,1,84,6.6,3.9,1.7,6.2,45,12,106,132,3.6,31,35,5.2,6.2,3.2,13,6.3,6.7,3.4,academic,man,day,yes,no,yes,yes,no,no,yes,71,7,5.75
T10_0034,1.2,2,66,6.4,5.1,0.3,4.5,39,16,36,206,4.1,30,82,4.5,4.2,2.1,40,1.7,4.8,3.4,occupational,man,day,yes,no,no,yes,yes,no,no,72,6.8,5.75
T10_0035,1.6,1,69,6.7,5.3,1.9,9.2,30,16,182,177,4,39,35,5,7.3,1.6,14,4.9,1.2,6.4,academic,woman,day,yes,no,no,yes,yes,no,no,78,6.4,5.25
T10_0036,2.6,2,81,4.5,4.4,1,5.6,31,15,84,148,3.3,56,17,5.4,7,1.6,19,4.6,3.1,5.9,occupational,woman,day,yes,no,yes,no,no,yes,no,68,5.4,5.5
T10_0037,2.1,3,53,3.7,5.7,1.6,2.3,24,16,210,237,0.6,40,16,3.7,5.9,2.8,3,8.2,5.5,8.6,academic,woman,day,no,no,no,no,no,yes,no,66,5.9,5.25
T10_0038,2,1,70,4.4,7.3,0.3,3,29,15,65,133,2.6,57,13,4.7,3.4,0.7,42,4.8,4.9,4.3,academic,woman,day,yes,yes,yes,yes,no,yes,no,76,6,5.75
T10_0039,2.5,1,70,2.5,2.7,1.1,7.3,41,13,43,93,3.4,39,30,6.5,2.6,2.5,12,7.1,5.6,2.6,academic,man,day,no,no,no,yes,yes,no,no,76,5.5,6.25
T10_0040,2.2,3,82,6,4.4,1,7.3,25,14,61,123,2.6,54,50,8.7,5,2.3,11,4.4,7.1,6.2,occupational,woman,day,no,yes,no,yes,no,yes,no,72,5.8,8.25
T10_0041,0.2,4,85,4.3,6.7,1.5,7.7,43,17,194,197,5,50,40,4.5,4.2,2.3,6,6.1,5.9,7.4,academic,man,day,yes,yes,yes,yes,no,no,no,75,7.8,6
T10_0042,1.5,3,69,2.3,4.9,1.1,5.8,29,15,124,158,4.1,50,45,3.7,4.4,1.9,12,5.3,2.4,5.4,academic,woman,day,yes,no,no,yes,yes,yes,no,73,6.5,6.5
T10_0043,1.4,3,74,6.4,3.7,1.8,2.3,38,15,95,180,0.3,42,49,4.3,5,1.7,27,3.4,6.7,5,occupational,woman,day,no,yes,yes,yes,no,no,no,63,6.6,8
T10_0044,1.7,2,83,6.5,2.7,0.5,3.9,44,19,126,100,2.8,43,43,3.9,4,1.5,43,7,6.1,6.1,academic,woman,day,no,no,no,no,yes,no,no,79,6.3,4.75
T10_0045,1.4,0,82,1.9,4.1,1.8,7,19,16,124,191,2.8,39,47,6,2.3,1.3,30,5.8,3.3,6,academic,woman,day,no,no,yes,yes,no,no,no,72,6.6,7
T10_0046,2.8,2,85,5.5,3.5,1.9,3.9,37,14,122,78,2.7,34,1,6.1,4.4,2.6,10,5.2,4.1,8.2,occupational,man,rotating_or_night,yes,yes,no,yes,no,yes,no,58,5.2,6.25
T10_0047,2.8,2,76,5.4,5.2,1.8,9.4,35,12,80,152,0.8,35,1,4.8,3.1,2.3,20,5.5,4.6,4.7,academic,nonbinary_or_self_described,rotating_or_night,no,yes,no,yes,no,no,no,87,5.2,4.5
T10_0048,1.3,1,75,5.1,2,1.3,6,39,13,167,106,1.3,34,13,8.4,3,2.5,34,3.6,7,7.1,occupational,man,day,no,no,yes,no,yes,no,no,87,6.7,5.75
T10_0049,1.9,5,76,5.2,3.2,0.6,7,27,15,186,28,3.9,22,31,4.8,5.5,3.1,23,6.2,2.2,4.7,academic,man,day,no,no,no,yes,no,no,no,72,6.1,6.75
T10_0050,1.6,1,79,2.9,6,1.7,5.8,31,11,224,153,4,43,7,2.9,6,1.5,5,5,5.4,7.4,academic,man,day,no,no,no,no,yes,yes,yes,77,6.4,6.75
T10_0051,2.1,4,72,4,2.7,1.4,3.8,40,15,89,130,1.2,47,22,4.3,5,3.8,9,7.4,6,5.8,academic,man,day,no,no,no,no,yes,yes,no,74,5.9,4.25
T10_0052,2.3,2,81,6.1,5,1,3.5,31,15,117,263,3.3,40,37,9.1,5.5,3.1,55,0.8,8.6,5.7,academic,woman,day,no,no,yes,yes,yes,yes,no,78,5.7,4.75
T10_0053,1.9,3,74,4.1,4.2,1.4,2.5,41,16,150,81,2.7,41,0,4.8,3.8,3.4,25,0.7,5.5,3.5,academic,woman,rotating_or_night,no,yes,no,no,yes,yes,no,75,6.1,6.75
T10_0054,2.8,3,68,3.4,5,0.9,7.6,22,15,87,186,0.8,31,12,3.6,5.2,2.1,18,4,5.2,5.9,occupational,man,day,no,no,no,yes,yes,no,yes,79,5.2,6
T10_0055,2.5,3,70,5.9,6.8,0.7,5.6,37,19,190,109,3.7,37,38,5.1,3.6,1.7,36,5.9,7.1,2.3,academic,man,day,no,no,yes,no,yes,yes,no,78,5.5,4.75
T10_0056,2.5,3,64,5.6,3.3,1.3,4.7,34,15,77,70,2.3,40,69,7.6,3.1,2.6,47,7.2,5.9,5.8,occupational,man,day,no,yes,no,yes,yes,yes,no,77,5.5,5
T10_0057,1,2,72,4.8,6.3,0.9,5.7,21,14,110,180,0.5,49,15,5,5.7,1.6,10,4.9,6.1,2.4,occupational,woman,day,no,no,no,no,yes,no,no,74,7,4.5
T10_0058,2.1,3,75,6.1,5.1,0.9,4.3,31,16,104,282,2,33,36,5.3,6.7,1.2,11,4.1,4.7,3.3,academic,nonbinary_or_self_described,rotating_or_night,yes,yes,yes,yes,no,yes,no,63,5.9,6.5
T10_0059,2.6,3,74,8.5,7.9,0.6,8.5,36,14,239,288,0.1,20,14,6,3.5,3.7,12,4.8,3.8,6.5,occupational,man,day,yes,yes,no,yes,yes,no,no,81,5.4,4.25
T10_0060,2.7,3,91,5.8,6.3,0.4,1.1,26,16,134,110,0.1,28,33,5,4.8,2.3,41,5.2,4.9,5.4,occupational,man,rotating_or_night,no,no,no,yes,yes,yes,no,89,5.3,7
T10_0061,1.4,2,76,5.1,3.6,2,5.1,34,17,125,224,1.8,29,35,6.8,7.8,1.8,37,5.9,1.9,3.9,academic,woman,day,yes,yes,yes,yes,no,no,no,72,6.6,5.75
T10_0062,2.3,2,78,6.4,4.1,1.6,6.4,40,15,105,201,2.9,46,3,7.5,2.6,2.2,7,5.6,2.2,8.2,academic,man,rotating_or_night,no,no,no,yes,yes,no,no,66,5.7,6.5
T10_0063,2.6,2,86,4.6,6.9,0.7,4.1,24,13,258,88,0.2,54,23,5.4,6.7,1.3,31,6.8,4,4.5,occupational,man,day,no,no,yes,yes,yes,no,no,75,5.4,5.5
T10_0064,2.4,1,65,6.2,5.2,1.8,5,41,18,37,74,3,49,26,3,3.7,1.6,14,6.4,7.4,4.5,academic,woman,day,yes,no,no,no,no,no,yes,72,5.6,5.5
T10_0065,1,4,85,4.2,6.1,1.8,8.2,29,16,185,164,3.5,37,26,7,8.3,1.3,6,4,6.9,4.4,occupational,man,rotating_or_night,no,no,no,no,yes,no,no,83,7,6.25
T10_0066,1.6,3,74,7.2,5.9,0.5,2.6,42,15,70,13,3,33,47,5.6,3.8,1.8,7,1.1,7.4,6.8,academic,woman,day,no,no,no,yes,no,yes,no,78,6.4,6
T10_0067,1.1,1,69,4.6,5.4,1.1,5.4,23,14,44,86,3.3,32,32,4.1,3.4,2.3,43,4.6,2.2,2.1,academic,woman,day,no,yes,no,yes,yes,no,no,83,6.9,5
T10_0068,1.3,3,69,4.7,3.3,1.5,4.6,26,15,225,190,4.6,42,13,7.3,4.1,2.2,36,6.9,5.3,6.9,occupational,man,day,no,yes,yes,yes,yes,yes,no,80,6.7,4.5
T10_0069,1.9,1,77,5.9,6.1,2.2,1.7,34,14,21,55,3.6,47,1,4.1,5.5,3.2,39,5.8,3.5,5.5,academic,man,day,no,no,no,yes,yes,yes,no,62,6.1,5.75
T10_0070,0.2,4,59,1.7,5.9,1.4,3.3,32,16,45,194,1.8,34,53,7.3,4.5,2,41,2.3,2.5,1.5,occupational,man,day,no,yes,no,no,yes,yes,no,82,7.8,5.75
T10_0071,2,4,57,3.9,4.6,0.1,5.3,24,15,112,116,4.9,41,25,5.8,4.8,1.6,26,4.6,1.1,4.1,academic,woman,day,yes,yes,no,yes,yes,yes,no,64,6,6
T10_0072,1.2,2,66,6.2,3.8,1.1,6.9,35,16,54,48,3.2,35,22,3.6,5.3,3,47,3.5,5.6,7.3,occupational,man,day,yes,no,no,yes,yes,yes,no,74,6.8,6.25
T10_0073,1.6,1,91,3.6,4.3,0,5.4,33,16,229,193,3.5,25,33,2.2,2.8,2.7,22,2.9,0.8,3.5,academic,man,rotating_or_night,no,no,yes,yes,yes,no,yes,77,6.4,4.25
T10_0074,2.2,3,55,3.6,6.3,2.5,3.5,39,15,64,158,2,45,41,6.2,8.5,4.3,13,3.7,3.1,6.5,occupational,man,day,no,no,no,yes,no,no,yes,65,5.8,5.75
T10_0075,1.1,2,70,5.8,6.3,1.3,6.9,24,16,32,142,1.2,33,40,4.1,5.6,0.7,45,5.3,4.9,3.1,occupational,woman,day,yes,yes,yes,yes,yes,no,no,65,6.9,5.25
T10_0076,1.1,3,73,6,7.3,1.7,1.7,36,16,161,261,2.1,43,12,5,8.5,2.3,10,8.4,5.5,3.6,occupational,woman,day,no,no,no,yes,yes,no,yes,56,6.9,6.25
T10_0077,1.7,3,80,0.7,6.8,0.4,6.8,27,17,165,6,2,26,40,8.8,4.9,2,27,5.8,7.7,3.8,occupational,man,day,no,yes,no,no,yes,no,yes,74,6.3,6.75
T10_0078,1.5,4,78,2.8,5.8,1.2,5.6,34,14,149,204,1.3,47,31,6,4.6,1.1,16,4.4,5.4,5.7,academic,woman,day,no,yes,no,yes,yes,yes,no,64,6.5,6.75
T10_0079,1.9,1,73,2.6,4.6,2.4,2.8,37,12,207,229,0.8,39,29,3.3,6.2,1,16,3.9,4.9,5.4,occupational,woman,day,no,yes,no,no,yes,no,no,76,6.1,7
T10_0080,2,6,76,5.9,5.2,1.4,5.1,22,16,145,196,1.9,23,39,2.5,6.6,2.2,24,7.4,6.9,3.5,occupational,man,day,no,no,no,yes,no,no,no,68,6,7
T10_0081,2.4,5,72,6.9,1.2,1.4,6.4,23,15,170,211,2,42,22,4.8,6.9,2.2,13,4.8,6.5,4.9,occupational,man,rotating_or_night,yes,no,no,no,no,yes,yes,79,5.6,4.5
T10_0082,1.5,2,68,3,5.3,1.2,3.1,18,15,88,150,2.8,54,3,2.8,6.4,1.3,28,3,6.6,4.4,academic,woman,day,no,yes,no,yes,no,no,no,72,6.5,6.75
T10_0083,1.2,3,59,5.3,3.9,1.5,7.6,20,14,47,198,3.2,35,20,7.9,3.7,3,42,5.4,2.9,2.3,occupational,woman,day,yes,no,no,yes,no,yes,yes,71,6.8,5.25
T10_0084,1,3,75,5,6.2,1.4,5.8,26,17,258,33,1.3,39,26,4.9,6.4,3.2,14,4.2,5.9,3.5,occupational,man,day,no,no,no,no,no,yes,yes,74,7,6
T10_0085,1.5,4,88,7.4,6.2,1.6,6.1,24,19,137,253,1.2,25,13,3.5,3,2.8,1,2.4,5.1,3.7,occupational,woman,day,no,yes,yes,yes,yes,no,yes,76,6.5,7.25
T10_0086,0.6,2,82,5.3,7.5,0.9,6,26,16,52,232,2,43,15,5.2,2.9,1.9,11,7,3.1,6.3,occupational,man,rotating_or_night,no,no,no,no,yes,yes,no,78,7.4,7.5
T10_0087,2,2,74,4,0.6,1.6,1.3,31,14,14,213,2.5,34,13,6.5,3.9,1.3,45,2.3,3.9,6.7,academic,woman,day,yes,yes,yes,yes,no,yes,no,66,6,5.5
T10_0088,1.7,4,74,7.4,4.3,1,7.2,40,15,161,317,2.7,42,35,6.6,7.8,2.5,43,5,3.9,4.6,academic,man,day,no,no,no,yes,yes,no,no,77,6.3,4.75
T10_0089,1.5,0,78,6,6.5,1.8,6.7,48,15,94,266,2.5,15,43,7.6,4.9,2.3,17,8.4,2.6,3.8,occupational,woman,day,no,yes,yes,no,yes,yes,no,76,6.5,5.5
T10_0090,0.5,3,74,8.5,4.7,1,7.9,29,18,49,136,3.6,13,15,2.9,2.2,1.7,42,4,5.8,5.3,occupational,woman,day,yes,no,no,yes,yes,no,no,72,7.5,5.75
T10_0091,1.8,3,76,2.7,4.3,1.6,4,39,14,183,131,2.7,23,28,3.6,3.1,2.3,20,3.5,3.4,3.7,occupational,woman,day,yes,no,no,yes,yes,yes,yes,76,6.2,5
T10_0092,0.3,3,68,2.8,7.8,1.5,3,22,15,143,96,3,23,27,4.3,8,2,48,4.5,3.7,2.8,academic,woman,day,no,no,no,yes,no,no,no,74,7.7,5.75
T10_0093,2.8,3,79,5.8,8.5,1.4,7.2,36,14,61,140,2.2,39,24,6.5,5.3,1.7,9,5.4,4,8.6,academic,man,day,no,no,no,no,yes,no,no,69,5.2,5
T10_0094,1.3,0,90,3,6.7,1.1,7.3,25,16,75,88,1.2,42,25,3.8,5.1,1.5,44,0.3,3.1,3.8,occupational,woman,day,no,no,no,yes,no,yes,no,76,6.7,5.5
T10_0095,1.8,4,79,7.8,3.6,0.5,4.6,27,15,67,160,4.1,39,20,4.9,1.3,3.1,16,4.9,5.4,3.4,occupational,woman,day,yes,no,no,no,no,no,no,72,6.2,7
T10_0096,1.1,1,71,4.5,5,2,5.9,35,17,171,162,0.5,37,24,4.2,6.6,2,53,2.2,6.1,3.5,occupational,woman,rotating_or_night,yes,no,yes,yes,yes,yes,yes,73,6.9,5.25
T10_0097,2.3,3,69,3.3,6.6,0.4,4.4,21,17,133,203,2.3,19,7,3,3.8,2.5,40,4.2,7.9,1.4,academic,man,day,no,no,yes,yes,yes,yes,no,79,5.7,4.75
T10_0098,2.9,4,63,7.4,6.7,2,3.7,30,17,71,144,2.4,27,31,3.8,4.5,3.2,15,3.7,7.4,2.5,occupational,woman,day,yes,no,yes,yes,yes,yes,no,68,5.1,5.25
T10_0099,2.2,6,68,3.1,5.7,2.6,3,33,17,166,80,3.8,54,35,5.2,4.4,1.2,23,5.2,1.7,5,occupational,woman,rotating_or_night,yes,yes,no,yes,yes,no,no,70,5.8,4.25
T10_0100,3.7,3,84,5,2.2,0.1,3.9,41,15,98,280,1.7,29,57,3.9,1.2,2.9,45,4.5,4.1,6.7,academic,woman,day,yes,no,no,yes,yes,no,no,69,4.3,6
T10_0101,1.7,4,69,3.5,3.1,1.8,9.8,34,17,141,137,2.9,58,5,2.5,5.9,2,21,4.1,3.3,5.4,academic,man,rotating_or_night,no,no,no,no,yes,yes,no,75,6.3,5.75
T10_0102,2.5,1,75,8.3,4.7,1.5,8.9,26,17,58,145,1,29,0,5.4,5.2,1.5,29,5.7,5.3,6.5,occupational,nonbinary_or_self_described,day,no,yes,no,yes,no,yes,yes,78,5.5,5
T10_0103,1.9,4,73,4.9,3.3,0.6,5.3,28,13,23,117,2.6,40,20,7,5.3,3.2,48,6,4.4,5,occupational,man,day,no,no,no,yes,no,no,no,74,6.1,4.75
T10_0104,0.6,3,72,3.9,7.2,1.5,5.2,33,14,83,123,4.1,38,19,5,5,1.4,30,6.1,6.8,5.1,academic,woman,rotating_or_night,no,yes,no,yes,no,no,no,72,7.4,5.5
T10_0105,3,3,71,2,4.6,0.3,6.1,31,17,166,92,3.9,33,13,2,3.2,4.2,10,4.8,9.4,5.2,academic,woman,day,no,no,no,yes,yes,yes,no,73,5,5.25
T10_0106,0.9,2,69,5.6,5,1.7,4.4,28,12,129,81,3.4,24,30,3.1,4.9,1.5,18,6.6,6.8,9.6,academic,nonbinary_or_self_described,day,no,yes,no,yes,yes,yes,no,71,7.1,4.75
T10_0107,3,2,70,5.2,5.2,2.2,6,47,14,18,111,4,46,23,3.9,6.3,1.6,17,6.7,8.3,4.6,occupational,man,day,no,yes,no,yes,yes,no,no,68,5,7
T10_0108,3.5,5,76,4.6,2.4,0.9,5.4,25,13,93,191,1.2,33,70,2.8,4,1.4,10,4.3,5.8,3.2,academic,man,day,yes,no,no,yes,yes,yes,no,81,4.5,6.5
T10_0109,1.7,1,67,2,3.2,1,5.1,48,16,103,88,2.3,19,58,8.2,5.8,0.7,22,4.1,5.6,4,academic,woman,day,no,no,yes,yes,yes,yes,no,69,6.3,4.75
T10_0110,1.4,1,59,5,4.6,1.2,4.6,18,13,26,151,1.8,28,16,4.7,4.6,2.6,47,3.7,5.5,2.5,occupational,woman,day,no,no,no,yes,yes,yes,no,79,6.6,5
T10_0111,1.3,3,67,5,4.2,1,6,44,17,193,130,2,41,26,6,7.5,1.7,42,6.4,6.5,3.3,academic,woman,day,no,yes,yes,yes,no,no,no,72,6.7,5.75
T10_0112,1.7,2,90,5.7,5.1,1.8,7.4,27,15,0,101,0.3,19,47,7.2,3.8,1.2,40,6.2,6.1,4,occupational,woman,day,no,no,no,yes,yes,no,no,72,6.3,6.5
T10_0113,0.9,3,79,6.2,4,1.7,8.5,37,20,69,301,0.9,42,13,5.9,4.6,2.1,45,4.6,5.1,2.6,academic,woman,day,yes,yes,no,yes,yes,yes,no,90,7.1,7.25
T10_0114,2.6,4,87,6.4,5.4,1.4,5.7,37,16,8,99,2.2,42,54,4.3,6.2,1.5,18,5.9,2.5,5.9,academic,man,day,no,no,no,no,no,no,yes,82,5.4,5.75
T10_0115,0.9,1,91,5.8,7.3,1.1,4.5,38,15,57,105,4.8,55,37,5.4,3.1,3.1,38,1.7,3.4,4.5,occupational,man,day,no,no,no,yes,yes,yes,no,84,7.1,5.75
T10_0116,2.3,1,81,6.5,3.8,1.7,7.5,32,17,207,170,1.3,46,72,5.1,6.5,2.4,37,5.8,2.9,4.1,academic,woman,rotating_or_night,no,no,yes,yes,yes,yes,no,72,5.7,6.75
T10_0117,0.4,4,66,1.5,2.5,1.3,6.6,30,13,108,184,4.8,50,36,5.6,5,2.9,49,6.9,5.9,7,occupational,woman,rotating_or_night,no,no,no,no,no,yes,no,80,7.6,6.25
T10_0118,2.9,2,71,7.8,5.7,1.4,1.4,28,13,105,174,1,54,15,8.1,7.6,2.6,2,5.6,4.6,9.4,occupational,woman,day,no,no,no,no,yes,yes,no,70,5.1,6.25
T10_0119,0.3,2,70,3.1,3.5,1.4,6.3,27,13,179,219,1.2,31,44,6.7,7.8,2.8,17,5.6,5.8,5.4,occupational,woman,rotating_or_night,no,no,no,yes,yes,no,no,78,7.7,7
T10_0120,1,0,84,6,6.9,0.5,5.5,27,15,136,80,2.7,32,12,3.1,3.7,4.1,11,7.1,5.4,2.9,academic,woman,day,yes,no,no,yes,no,yes,no,79,7,6
T10_0121,1,1,78,3,2.7,1.5,7,37,17,89,200,3.1,25,75,5.1,4.3,2.9,34,1.4,8.5,4.3,academic,nonbinary_or_self_described,day,yes,yes,no,yes,no,no,no,78,7,5.75
T10_0122,1.6,1,86,5.5,6.5,0.2,6.9,35,15,206,139,4.2,66,25,5.3,3.8,1.9,25,7.1,3.2,3.2,academic,woman,rotating_or_night,yes,no,no,yes,yes,no,no,75,6.4,6.25
T10_0123,2,3,72,1.5,3.8,1.1,5.1,21,13,114,21,1.3,32,50,3.4,2.9,3.5,35,3.8,8.7,5.5,academic,man,day,no,no,no,yes,yes,no,no,73,6,5.25
T10_0124,0.9,2,90,4.9,7.5,0.4,4.3,33,15,166,183,1.9,39,62,6.1,6.7,2.3,30,8.4,5.7,5.8,academic,man,day,no,yes,yes,yes,yes,yes,no,76,7.1,7.5
T10_0125,2,4,74,5.3,3.2,1.4,5.3,41,15,72,124,2.9,51,47,5.2,3.9,3.7,1,8.3,3.3,3,occupational,man,day,no,no,no,yes,yes,yes,no,77,6,3.75
T10_0126,1.2,3,85,4.7,4.3,0.8,8.4,35,18,125,184,2.2,36,46,4.6,5.8,1.2,38,6.8,4.1,1.7,academic,woman,day,no,no,no,yes,no,no,yes,80,6.8,8.25
T10_0127,1,1,66,2.8,2.1,0.7,4,28,15,212,20,2.2,45,15,5.9,6.7,0.5,12,6.2,3.2,3.6,occupational,man,day,yes,no,yes,yes,yes,no,no,77,7,7.5
T10_0128,2,1,80,3.9,8.9,1.5,6.3,25,13,83,70,1.2,43,54,5.4,6.2,4,23,4.9,7,4.4,academic,woman,day,no,no,no,yes,yes,no,no,77,6,7
T10_0129,1.2,0,67,2.2,6.8,1.3,5,22,15,226,189,3.1,64,26,6.3,7.4,2.6,11,5.2,1.9,3.8,occupational,man,rotating_or_night,no,no,no,no,no,no,no,69,6.8,7.25
T10_0130,3.2,3,59,5.4,2.6,1.2,4.7,39,13,104,150,1.3,37,65,5.3,5.1,2.1,38,6.5,4.5,3.1,occupational,man,day,yes,yes,no,yes,yes,yes,yes,58,4.8,5.25
T10_0131,3.4,3,73,8.1,7.6,1.3,6.2,50,17,95,2,2.1,22,15,5.4,4.9,1.9,17,3.6,5.3,2.5,academic,man,day,yes,no,no,no,yes,yes,no,65,4.6,5.75
T10_0132,2.4,5,74,5.1,4.6,1.4,4.8,25,16,80,40,5.1,27,18,3.4,4.9,2.1,13,6.7,6.6,2.3,occupational,woman,day,no,no,no,no,no,no,no,69,5.6,5
T10_0133,1.9,4,73,5,1.5,0.5,4.7,35,15,93,41,2.9,49,17,6.8,0.8,2.6,21,6.3,7.4,4.2,occupational,nonbinary_or_self_described,day,no,yes,no,no,yes,yes,yes,71,6.1,6
T10_0134,2.3,1,78,9,5,2,5.9,22,13,93,213,5.1,41,49,5,2,3.2,7,6.3,2.7,6.4,academic,woman,day,no,no,no,no,no,no,no,81,5.7,8
T10_0135,2,3,76,5.2,5.9,0.9,6.4,36,15,37,16,1.8,18,7,3.5,4,2.2,7,7.2,4.1,7.8,occupational,woman,rotating_or_night,yes,no,no,yes,no,yes,no,67,6,5.5
T10_0136,1.4,2,72,6,1.7,2,5.4,28,15,147,205,4.2,14,8,3.9,4.4,2.9,50,6.5,4.4,4.8,occupational,man,day,no,no,no,no,no,yes,no,93,6.6,5.75
T10_0137,2.4,3,77,5,2.4,0.4,1.2,31,14,91,57,2.5,27,53,5.2,3.6,3.1,50,3.8,4.2,3.9,academic,man,day,no,yes,yes,yes,yes,yes,no,77,5.6,6
T10_0138,1.3,2,69,7,4.7,1.1,5.2,33,15,146,161,2,37,67,4.7,7.3,2.6,53,3.2,5.7,8,occupational,man,day,no,no,yes,no,yes,no,no,63,6.7,6
T10_0139,3.9,1,78,6.4,5.8,0.6,3.4,35,15,171,179,2.2,31,19,4.4,6,1.2,52,3.7,6.6,4,academic,woman,day,no,yes,no,yes,no,no,no,87,4.1,7.75
T10_0140,2.8,2,80,4.5,4.5,1.2,4.8,29,16,84,260,0.3,23,68,1.6,2.8,4.1,42,5.4,5.2,7.8,occupational,woman,day,yes,yes,no,yes,yes,yes,yes,64,5.2,6.5
T10_0141,2.9,2,73,3.6,4.6,1.3,4.4,42,14,38,133,3,58,19,6.1,3.2,2.2,6,6.7,5.7,3.1,occupational,man,day,no,no,no,yes,yes,yes,no,71,5.1,5
T10_0142,1.4,1,75,5.7,7.3,0.7,5.8,50,17,81,147,5.1,40,54,3.1,4.4,2.5,2,4,4.1,5.3,occupational,man,day,yes,no,yes,no,yes,no,no,80,6.6,5.5
T10_0143,2.7,0,84,2.7,4,1.7,6.9,38,15,179,294,3.4,39,10,8.1,3.6,0.6,33,3.5,4.7,7.3,occupational,woman,day,no,no,no,yes,yes,no,no,74,5.3,7.5
T10_0144,0.9,0,78,2.7,4.5,1.2,3.8,27,15,211,291,0.6,35,12,5.7,8.7,2.1,30,1.1,2.4,6.8,academic,man,day,yes,yes,yes,no,yes,no,no,75,7.1,6.25
T10_0145,2.4,1,81,2,6.6,2.5,5.1,32,13,121,69,1.1,37,54,4.5,5.4,2,6,3.4,5.3,4.6,academic,woman,rotating_or_night,no,no,no,yes,yes,yes,no,68,5.6,5.5
T10_0146,0.9,2,76,1.2,5.8,1.7,8,27,15,170,213,2.2,48,11,4.8,5.7,1.5,30,6.7,7,5.4,academic,nonbinary_or_self_described,day,yes,no,yes,no,yes,no,no,81,7.1,6.5
T10_0147,1.4,2,82,3,8.4,1,6.1,35,15,95,37,2.2,40,27,2.3,3.9,1.8,9,4.3,4.7,5.2,occupational,man,day,no,yes,no,yes,no,yes,no,72,6.6,7.75
T10_0148,4,3,78,5.7,5.3,1.7,6,29,14,182,113,5.2,35,11,4.6,5.3,2.7,23,6.5,6.3,2,academic,woman,day,yes,yes,no,no,yes,no,no,61,4,5.75
T10_0149,2.5,2,68,6,3.7,0.3,6.9,37,16,103,188,2.1,25,6,3.4,2.4,2.2,30,5.7,2.5,5.6,occupational,man,rotating_or_night,no,no,no,no,yes,yes,no,71,5.5,7.25
T10_0150,2.2,2,68,2.1,5.5,1.5,7.4,32,13,28,216,0.5,45,36,3,4.7,1.6,14,2.6,6.2,4.1,occupational,nonbinary_or_self_described,rotating_or_night,no,no,yes,yes,no,yes,no,70,5.8,5.5
T10_0151,4,1,65,7.3,5.6,0.9,1.6,28,17,43,147,3,43,60,3.6,6,2.3,51,6,4.2,6.5,academic,woman,day,no,no,yes,no,yes,yes,yes,72,4,5.25
T10_0152,1,3,85,6.4,4.7,1.1,8.1,45,19,221,245,1.5,28,51,5.9,3.9,3.1,23,7.4,4.9,6.3,occupational,woman,rotating_or_night,yes,no,no,yes,yes,no,no,84,7,5.5
T10_0153,1.3,2,78,2.4,6.3,1.2,4.1,35,16,172,132,2.8,23,40,4,4.6,2,41,5.1,3.3,5.5,academic,man,rotating_or_night,yes,no,no,no,no,yes,no,77,6.7,6.25
T10_0154,2.3,5,73,4.5,6.8,0.8,3.8,55,14,214,184,3.6,43,26,5.1,5.3,1.3,4,1.2,4.2,5.8,academic,woman,rotating_or_night,no,yes,no,yes,yes,no,no,69,5.7,5.75
T10_0155,2.1,3,68,6.2,3.4,0.7,8.6,33,18,155,23,2.1,49,45,3.3,1,0.9,27,5.3,5.7,5.6,occupational,man,day,no,yes,no,no,yes,yes,no,77,5.9,6
T10_0156,2.4,1,68,2.6,5.9,0.4,5.8,38,16,52,164,1.4,41,17,4.6,6.1,2.4,5,5.2,3.8,6.1,occupational,man,day,yes,no,no,yes,yes,yes,no,65,5.6,6.25
T10_0157,0.5,2,62,5.3,3.9,1.2,3.1,34,15,177,110,1.7,51,64,5.3,2,1.9,5,6.7,8.1,4.6,occupational,man,day,yes,yes,no,yes,yes,no,no,74,7.5,6.75
T10_0158,0.3,4,84,4.1,4.4,0.8,6.1,34,16,232,171,0.9,51,44,5.1,4,2.4,34,5.2,6.7,5.4,occupational,man,day,no,no,no,yes,yes,no,no,80,7.7,4.5
T10_0159,2.5,2,71,5,6.2,0.1,5.9,31,14,110,140,1.4,35,43,8.5,3.6,2.1,28,2.2,9.5,8,academic,man,day,no,no,no,yes,yes,yes,no,79,5.5,6.25
T10_0160,3.6,1,72,4.9,6.9,1.6,5.6,19,17,63,212,2.5,20,31,5.2,1.6,1,20,3.4,6.2,1,academic,man,day,yes,no,no,yes,no,no,yes,67,4.4,6
T10_0161,1.4,4,85,4.2,3.6,2.4,5.3,39,16,40,137,2.6,21,27,2.2,2.4,2.2,19,5.9,0.8,2.9,academic,man,day,yes,no,no,no,no,no,no,83,6.6,6.75
T10_0162,1.2,0,86,3.4,3.2,0.9,5.2,22,16,178,8,3.2,44,17,4.3,3.5,1.7,9,3.3,8.2,3.8,academic,man,day,no,yes,no,yes,yes,yes,no,66,6.8,6.75
T10_0163,1.3,2,75,8.1,5.9,0.7,5.6,36,16,128,214,2.9,56,14,6.1,7.8,2.8,6,4.5,1.3,6.2,occupational,woman,day,yes,no,yes,yes,no,yes,no,80,6.7,5
T10_0164,3.1,1,68,4.1,4.1,1.6,2.9,25,13,125,208,1.7,31,34,7,1.4,1,11,5.5,3.3,1.8,occupational,man,day,no,yes,no,yes,yes,no,no,76,4.9,3
T10_0165,3,2,76,3.6,7.9,1.1,5.9,30,12,151,85,2.4,51,31,4.3,3.7,1.6,6,5.4,0.3,0.9,academic,man,day,no,no,no,yes,yes,yes,no,70,5,5.75
T10_0166,2.1,1,71,8.6,5.2,0.6,4,21,13,103,174,0.7,15,26,3.1,2.9,3.3,32,4.4,6.6,4.7,academic,man,rotating_or_night,no,no,yes,yes,yes,no,no,76,5.9,5.25
T10_0167,1.6,3,86,3.8,4.8,1.7,8,34,12,124,159,1.2,47,61,2.1,6.3,2.3,57,3.2,7.6,6.6,occupational,man,day,no,no,no,yes,yes,no,no,78,6.4,6.5
T10_0168,2.2,2,79,5.9,5.6,2.5,8.1,45,12,111,244,1.6,30,6,7,4.9,1.3,27,4.2,5.5,4.8,academic,man,day,yes,no,no,no,yes,yes,no,73,5.8,5.25
T10_0169,1.3,3,79,7.9,4.9,1.5,4,28,17,254,142,4.4,47,31,2.4,7.8,3.1,8,4.1,4.8,2.5,academic,woman,rotating_or_night,no,yes,no,yes,yes,yes,no,65,6.7,6.5
T10_0170,2.2,4,63,5.3,2.5,0.9,4.7,35,14,33,252,3.4,52,74,5.7,5.1,1.9,9,6.2,5,7.9,academic,man,day,no,no,no,yes,no,no,no,56,5.8,5.75
T10_0171,1,0,81,5.8,7.8,0.5,5.3,36,16,52,186,4.1,29,59,4.5,4.4,1.2,18,6.4,7.8,4.6,academic,woman,rotating_or_night,yes,yes,no,yes,yes,yes,no,81,7,6.5
T10_0172,2.4,3,82,4.6,6.1,0.9,4.8,45,13,191,68,3.5,24,57,2.9,3.5,1.3,53,2.5,3.9,7.7,academic,woman,day,yes,yes,no,no,yes,no,no,78,5.6,6
T10_0173,2.8,3,78,4.8,4.8,1.9,5.1,36,18,143,213,3.9,25,26,4.7,5.7,1,0,3.8,2.9,5.6,academic,man,rotating_or_night,no,no,no,yes,no,yes,no,71,5.2,5.25
T10_0174,1.6,1,75,7.6,5.7,1.6,8,47,14,104,143,4.6,39,40,4.4,4,1.1,19,4.6,4.4,6.3,occupational,man,day,yes,yes,no,yes,yes,no,no,90,6.4,8.25
T10_0175,2.6,3,86,5.6,3.9,2,2.3,46,15,85,185,2.4,58,11,4.7,3.7,1.4,19,4.2,4.4,4.3,academic,woman,day,no,yes,no,yes,yes,no,yes,74,5.4,5.5
T10_0176,1.2,1,75,7.3,4.6,1.2,5.4,33,14,67,57,2.9,24,8,4.2,4.9,2.7,21,6.2,6.3,6,academic,woman,day,no,yes,no,yes,yes,yes,no,69,6.8,7
T10_0177,0.7,3,73,3.9,4.5,1.2,5.5,24,11,112,279,2.2,53,5,1.3,9.3,1.8,34,4.4,5.1,3.1,occupational,man,day,no,no,no,yes,no,yes,no,85,7.3,6.25
T10_0178,2.3,3,80,3.8,1.6,2,4.5,20,17,138,67,2.9,31,29,3.7,3.5,2,24,4.1,4.8,4.8,occupational,woman,rotating_or_night,no,no,no,yes,no,no,no,65,5.7,7.5
T10_0179,2.8,1,75,5.5,1.5,0.8,8,37,17,100,39,2.7,39,24,4.3,4.7,1.7,28,5.5,4.9,0.1,occupational,man,rotating_or_night,yes,yes,yes,no,yes,yes,no,74,5.2,4.25
T10_0180,1,1,73,4.3,3.5,1.3,5.4,47,15,24,180,4,39,9,7,4.7,2.8,0,4.9,5.6,5,occupational,man,day,yes,yes,no,yes,yes,yes,no,64,7,5
T10_0181,1,1,77,6,5.7,0.6,5.3,31,15,125,47,1.7,22,35,4.5,5.8,2.4,16,2.3,3.8,6.1,academic,woman,day,no,no,no,no,yes,yes,no,81,7,5
T10_0182,1.8,1,92,5.8,8.8,1.5,4.7,19,17,56,64,1,49,28,5.2,7.5,2.3,38,2.6,1.9,8.6,academic,woman,day,no,yes,no,yes,no,yes,no,89,6.2,4.25
T10_0183,3.7,0,74,7.6,8.5,1,7.8,26,10,112,59,0.1,29,37,5.4,2.6,3.4,23,3.3,4.2,5.6,academic,woman,day,no,no,yes,yes,no,no,no,78,4.3,7.5
T10_0184,0.3,1,80,4.4,1.4,1.2,4,60,15,132,142,1.8,23,8,5.9,4.9,0.8,1,2.3,6.4,3.6,occupational,man,rotating_or_night,no,no,yes,no,yes,no,no,69,7.7,5.5
T10_0185,2,1,62,4.4,4.7,1.1,6.6,23,15,14,91,1.6,47,29,3.1,6.9,2.2,6,4.5,5.7,3.8,academic,man,day,no,no,yes,yes,yes,yes,no,80,6,6
T10_0186,1.2,1,67,5.2,7.9,0.8,5.2,33,14,108,146,2.1,52,23,4.8,6.2,4,28,3.4,3.4,7.8,occupational,man,day,no,no,no,yes,yes,no,yes,61,6.8,5
T10_0187,2.6,1,85,4,5.9,1.3,5.9,34,12,101,259,5.7,37,10,8.6,6.2,2.7,20,5.8,3,6.6,academic,woman,rotating_or_night,yes,no,no,yes,yes,no,no,73,5.4,6.25
T10_0188,1.4,2,76,4.6,5.6,0.6,5.3,43,16,130,58,2.3,33,38,6.5,4.8,1.5,17,4.1,4.6,1.6,occupational,woman,day,no,no,no,yes,no,no,no,66,6.6,5.5
T10_0189,2.6,5,67,3.8,2.3,0.2,4,40,14,178,138,1.8,49,12,1.8,7.7,0.9,11,6.6,3.9,1.8,academic,man,day,no,no,no,yes,yes,no,yes,71,5.4,5.5
T10_0190,0.7,2,85,8.9,5.3,1.4,2.7,27,13,73,146,3.6,53,29,3,6.6,2,3,4.7,3.8,3,academic,man,day,no,yes,no,yes,yes,no,no,79,7.3,6.75
T10_0191,2.3,1,69,4.7,5.9,1.2,8.7,45,17,34,158,4,40,44,5.4,5,1.5,12,5.5,4.2,4.7,academic,woman,day,no,no,yes,no,no,no,no,66,5.7,5.25
T10_0192,1,3,83,4.9,7.6,1.2,4.7,34,15,78,49,0.2,32,19,7.5,3.9,0.8,40,4.6,5.1,3.2,occupational,woman,day,yes,no,no,yes,yes,no,no,66,7,4.25
T10_0193,1.5,2,83,4.2,9.5,0.4,3.3,39,17,65,171,3.2,26,3,4.8,4.4,1.3,6,6.6,1.7,6.8,academic,man,day,no,no,no,yes,yes,no,yes,69,6.5,4.5
T10_0194,2,1,80,4.3,8.2,1.7,7,27,16,122,197,5.8,29,64,3.1,5.2,3.5,66,6.4,6.8,5.1,academic,woman,day,yes,no,no,no,no,no,no,82,6,6
T10_0195,2.2,4,93,4.5,3.2,2.1,5.1,27,14,36,182,2.5,34,28,6.3,1.9,2.7,34,6.3,2.9,4.1,academic,woman,day,yes,no,no,no,no,yes,no,71,5.8,3.5
T10_0196,1.8,4,80,6.6,5.4,0.7,3.2,28,16,217,64,2.2,41,30,2.5,3.8,2.4,13,6.7,4.8,3.6,academic,woman,day,no,no,no,yes,yes,no,no,77,6.2,5.5
T10_0197,1.7,2,78,2.6,6.1,1.8,5.5,42,13,139,250,3.1,43,36,5.5,3.3,2,40,5.6,6.3,3.2,occupational,woman,day,no,no,no,yes,yes,yes,no,73,6.3,6
T10_0198,2.1,4,77,0.8,6.6,1.1,4.5,40,15,28,192,1.4,66,60,2.4,4.5,2.7,12,3.3,0.3,4.1,academic,man,day,no,no,yes,no,yes,no,no,69,5.9,4
T10_0199,2,2,77,6.2,1.4,2,4.4,30,15,24,220,3.5,43,37,6,4.1,1.4,12,4.3,2.9,5.4,academic,woman,day,no,no,yes,yes,yes,yes,no,79,6,5.25
T10_0200,2.3,1,84,5.8,3.1,1.9,5.5,34,11,162,122,2.6,10,36,3.8,5.5,2.9,32,3.6,3.2,5.8,occupational,nonbinary_or_self_described,day,no,yes,yes,yes,no,no,no,65,5.7,7.25
T10_0201,3,2,78,6.6,4.2,0.5,3.9,24,14,91,240,1.9,25,47,5.4,4.6,0.8,13,3.1,5.8,3.5,occupational,man,day,yes,no,no,yes,yes,yes,no,87,5,6
T10_0202,2,1,88,5.3,6.9,0.4,4.3,42,14,66,109,3.2,49,42,1.7,2.6,2.2,6,5.8,5.8,7.4,occupational,woman,day,yes,no,no,yes,yes,yes,no,69,6,5
T10_0203,1.4,3,75,5,4.7,1.4,7.3,34,17,238,286,1.5,22,39,3.6,4.2,0.9,45,7.5,4.8,3.6,occupational,man,day,no,yes,no,no,yes,no,no,75,6.6,4.5
T10_0204,2.2,1,84,6.5,4,2.1,6.3,29,15,115,39,2.7,11,33,5.8,4.6,1.8,7,3.9,5.2,4.8,academic,woman,day,yes,no,no,no,no,yes,no,78,5.8,7
T10_0205,2.8,2,67,4.9,6.5,1.9,5.7,35,15,60,150,4.9,59,28,5.5,5.8,2.5,15,6.2,0.3,3.3,academic,man,day,yes,no,no,yes,yes,no,no,68,5.2,3.75
T10_0206,2.1,3,73,0.7,7.9,1.7,3,33,13,69,150,3,24,13,5.7,1.6,3.1,45,5.3,6,6.6,occupational,man,day,no,no,no,yes,yes,no,no,65,5.9,7
T10_0207,3.1,2,82,3.4,4.8,1.9,2.2,33,17,130,34,0.6,29,51,2.8,5,0.9,6,3,5.4,3.8,academic,woman,day,yes,no,no,yes,yes,yes,yes,66,4.9,6.5
T10_0208,1.6,4,87,6,3.9,0.7,3.9,30,16,153,150,0.8,20,21,7.5,5.3,3.2,21,3.7,6.2,3.4,occupational,man,day,no,no,no,no,no,yes,no,90,6.4,5.75
T10_0209,2.8,3,71,5.7,6.8,1,9,27,14,153,162,3.8,36,35,5.3,3.3,1.6,12,6.6,5.1,4.7,occupational,man,day,yes,yes,no,no,yes,no,yes,68,5.2,4.5
T10_0210,3.1,1,67,5.4,3.7,0.9,6.8,50,13,218,85,2.2,18,20,4.4,7.9,1.5,10,5.8,6.9,7.2,academic,woman,day,no,yes,no,no,no,no,yes,76,4.9,4.5
T10_0211,1.4,4,80,1.5,3.6,0.6,3,41,18,91,78,2.4,36,14,4.6,6.3,2.3,36,7.3,6.9,5.2,academic,man,day,no,no,no,no,no,no,no,65,6.6,6
T10_0212,1,3,80,4.4,6,2.3,5.1,36,16,145,154,1.9,42,47,0.1,1.6,2.9,33,3.9,4.5,3.7,academic,woman,day,no,yes,yes,yes,yes,no,no,82,7,5.75
T10_0213,2.2,0,64,8.5,7,2.4,6.9,22,14,42,72,3.1,55,42,4.9,5.8,1.1,7,4.3,1.1,4.9,occupational,woman,day,no,no,no,no,no,no,yes,65,5.8,5
T10_0214,0.1,4,70,4.1,8.8,0.6,8,27,15,39,75,3.4,50,52,4.5,3.8,1.6,63,3.5,6.7,4.4,academic,man,day,no,no,no,no,yes,no,yes,77,7.9,5.75
T10_0215,1.9,1,73,3.4,7.7,0.8,3.6,29,18,78,165,3,29,39,6.3,3.5,1.2,37,4.9,7.3,1.4,academic,woman,day,no,no,no,yes,yes,no,no,80,6.1,4.5
T10_0216,0.3,1,61,2.9,3.3,0.4,3.8,46,16,59,48,3.5,44,17,1.1,3.5,3.4,15,6.3,8.8,7.9,occupational,man,day,no,yes,no,yes,yes,no,no,81,7.7,7.75
T10_0217,2.1,1,80,4.4,5.6,1.7,2.3,28,15,63,215,3.4,37,36,2.3,2.8,2.4,26,6.6,3.5,4.3,academic,woman,day,no,yes,no,yes,yes,yes,no,65,5.9,5.25
T10_0218,1.4,1,75,5.3,7.2,1.1,7.8,27,15,94,76,2.9,35,10,6.3,5.4,1.5,31,4.6,4.3,5.2,occupational,woman,rotating_or_night,no,yes,yes,no,yes,yes,no,73,6.6,6.75
T10_0219,2.6,2,76,3.5,6.1,1.7,5.4,25,15,191,15,2,26,42,7.4,3.8,2.2,8,5.4,4.8,4.6,occupational,woman,day,yes,yes,no,yes,yes,yes,no,77,5.4,5
T10_0220,1.8,2,75,6.6,2.5,2.2,3.1,35,13,2,238,3.1,32,39,4.9,4.6,1.4,5,7,6.7,2.5,occupational,woman,day,no,no,yes,yes,yes,no,yes,81,6.2,6.5
T10_0221,2.4,2,66,4,4.9,0.6,2.7,23,10,65,152,2.1,46,15,4.3,5,2,60,3.2,6.6,6.9,occupational,woman,day,no,yes,no,yes,no,yes,no,74,5.6,5.75
T10_0222,1.1,1,62,6.1,7.2,1.6,6.8,43,17,158,143,1.4,26,16,3.7,3.4,3.6,55,5.4,2.9,2.7,academic,woman,day,no,no,no,no,yes,yes,no,76,6.9,8.5
T10_0223,2.1,3,64,2.7,4,1.5,3.7,30,16,157,120,1.4,35,36,7.3,6.6,2.5,13,4.9,2,3.3,academic,woman,rotating_or_night,no,no,no,yes,yes,yes,yes,58,5.9,6.75
T10_0224,2.1,1,65,4.3,5.5,1.3,5,28,15,71,143,3.8,60,21,4.3,5.7,2.7,40,5.4,5.7,0.9,academic,man,day,no,yes,no,yes,yes,no,no,77,5.9,5
T10_0225,3.7,2,74,4.6,5.5,0.7,3,31,15,58,55,4.4,25,26,3.4,6.1,4.2,29,5.9,1.8,8.4,occupational,woman,day,no,yes,no,yes,yes,yes,no,78,4.3,5.75
T10_0226,1.8,1,88,5,5,2.1,3.4,33,14,176,138,2.3,30,29,7.3,6.9,1.2,15,2.6,6.9,5.1,occupational,man,day,no,yes,no,yes,yes,no,yes,79,6.2,6
T10_0227,0.1,3,82,6.3,2.6,0,3.9,24,14,29,55,2.7,38,20,7.3,3.4,2.5,50,4.8,6.6,3.9,academic,woman,day,yes,no,yes,no,no,no,no,80,7.9,7.5
T10_0228,1.3,3,82,0,3.7,1.4,6.6,30,17,232,232,1.5,54,15,1.3,5.6,2.8,30,6.1,4.2,4.7,occupational,man,day,no,no,no,yes,yes,yes,yes,73,6.7,8.25
T10_0229,2.4,3,84,6.2,4.8,2.8,5.2,35,14,153,172,1.9,60,28,6.4,2.1,2.7,26,6.1,5.2,5.8,academic,woman,rotating_or_night,yes,yes,no,yes,yes,no,no,73,5.6,6.5
T10_0230,1,1,59,3.1,5.1,0.7,4.8,22,20,124,31,4,38,32,5.4,3.7,1.6,58,4.9,6.5,6.6,academic,woman,day,yes,yes,no,yes,yes,yes,no,79,7,8.25
T10_0231,2.3,4,74,5.4,4.4,0.5,3.9,32,10,97,207,3,50,21,5.9,4,2.9,22,4.6,7.6,3.1,academic,man,rotating_or_night,no,yes,no,yes,yes,no,no,70,5.7,7.75
T10_0232,2.9,3,74,3.3,3.3,0.6,4.6,27,15,159,77,4.8,33,33,7.7,7.8,2.3,11,5.1,6.2,8.2,academic,man,day,no,no,no,yes,yes,yes,no,82,5.1,6
T10_0233,2.4,1,69,4.4,5.7,1.8,5.1,40,17,113,129,1.1,37,25,4.5,4.4,3,16,4.6,2.7,9.6,occupational,man,day,yes,yes,yes,yes,yes,yes,no,71,5.6,8.5
T10_0234,0.3,2,76,3.3,4.4,2,1,30,16,222,170,0.4,52,31,7.6,6.9,1.7,11,1.9,4.7,5.5,academic,man,rotating_or_night,no,no,no,yes,no,no,no,80,7.7,6.75
T10_0235,1.8,3,79,3.8,3.2,0.9,3,32,14,45,193,3.2,31,12,7.2,1.6,2.1,39,4.3,4.2,6.4,occupational,man,day,no,no,yes,no,no,yes,no,70,6.2,5.75
T10_0236,2.3,1,83,0.6,4.5,2.1,5,34,12,106,75,2,42,63,3.8,4.9,2.1,51,4.4,6.1,1.8,academic,woman,day,yes,no,yes,yes,yes,no,no,84,5.7,5
T10_0237,1.1,1,79,7.2,7.9,0.6,4.4,28,15,266,137,3.1,52,48,6.4,6.2,1.8,15,3.4,3.6,6,academic,man,day,no,yes,no,yes,yes,no,no,90,6.9,6.75
T10_0238,1.8,4,80,0,3.8,1,5,32,18,102,201,2.8,38,45,5.7,3.6,1.8,30,6.5,8.5,5,occupational,man,day,no,no,no,yes,no,no,no,74,6.2,7.5
T10_0239,1.7,2,78,6.2,6.5,1.3,4.9,27,14,206,219,2.9,43,22,6.8,8,1,12,3.5,3,5.2,occupational,woman,day,yes,yes,no,yes,yes,no,yes,76,6.3,6
T10_0240,2.5,2,65,6.5,5.1,0.1,6.8,38,15,103,87,1,21,17,6.7,3.6,2.6,35,6.8,7.2,3.5,academic,man,rotating_or_night,no,no,yes,yes,yes,yes,no,80,5.5,6.25
T10_0241,1.6,2,73,5,4,2,5.9,44,17,42,181,3.2,41,64,7.2,6,2.2,14,5.2,5,2,occupational,man,day,no,no,yes,yes,yes,no,no,68,6.4,6
T10_0242,2.4,2,65,6.4,5.2,1.2,6.5,27,16,192,184,1.8,51,19,4.1,3.3,1.5,5,5.6,7.3,5,academic,man,rotating_or_night,no,no,no,yes,yes,no,no,73,5.6,6.5
T10_0243,1.3,2,76,3.2,5.7,1.1,5.2,31,13,115,30,0.4,36,12,1.7,4.2,0.8,20,1.3,6.9,2.1,academic,woman,day,no,no,no,yes,no,no,no,82,6.7,5.25
T10_0244,3.3,3,70,3.8,3,1.3,3.8,37,16,168,52,1.9,49,31,6.1,3.5,2.2,3,4.9,6.3,7.2,academic,man,day,no,no,no,no,yes,yes,no,76,4.7,7
T10_0245,0.1,4,87,7.6,3.7,2.1,6.7,19,14,97,136,1.4,34,28,7.2,5.9,2.1,14,4.7,3.1,4.3,academic,woman,day,yes,yes,no,no,yes,yes,no,90,7.9,8
T10_0246,0.9,6,66,7.2,2.4,1.2,3.8,26,15,195,156,2.1,50,12,7.2,8.4,1.4,21,4.1,1.2,5.1,academic,man,day,yes,no,no,yes,yes,yes,no,65,7.1,4.75
T10_0247,2.6,2,74,3.4,5.1,2.8,3.9,35,13,140,94,2.5,46,17,2.9,5.7,1.8,11,6,3.8,8.1,occupational,man,day,yes,no,no,no,yes,no,no,74,5.4,5.25
T10_0248,0.7,1,69,2.7,3.2,0.9,6.1,27,19,219,272,1.3,42,22,8.5,6.4,1.7,38,2.4,4.8,4.7,occupational,man,day,no,yes,no,no,yes,no,yes,78,7.3,5
T10_0249,3.8,3,78,6.3,6,1.3,6.9,39,15,31,260,1.6,27,27,4.4,5.6,3.6,25,6.9,4.7,6.7,academic,man,day,yes,no,no,yes,yes,no,no,75,4.2,6.75
T10_0250,2,4,77,5.5,3.5,1.8,6.1,46,16,52,159,2.1,40,41,7.8,5.5,1.8,27,5.3,7.4,3.7,academic,man,day,no,no,no,no,yes,yes,no,73,6,7.25
T10_0251,0.9,3,70,5.6,4.8,0.9,3.5,27,16,109,77,3.8,30,27,2.7,3.3,2.3,2,5.7,4.2,3.1,occupational,man,day,no,no,no,yes,yes,yes,no,77,7.1,4.5
T10_0252,2.1,0,64,6.7,5.5,1.8,7,32,11,252,36,4.2,48,3,5.3,2.1,2.7,2,5.8,5.4,6,academic,man,day,no,no,no,yes,no,yes,no,69,5.9,4.25
T10_0253,2.3,2,52,3,5.4,0.3,5,22,17,191,152,3.8,56,3,6.1,5.1,2.6,18,7.7,4.5,4.9,academic,man,rotating_or_night,yes,yes,yes,no,no,no,no,70,5.7,6.5
T10_0254,1.4,0,78,5.8,6.6,1.2,5.9,50,16,173,111,1.3,57,42,5,7.8,1.8,4,5.1,7,4,academic,woman,day,no,yes,yes,yes,yes,no,yes,74,6.6,6
T10_0255,2,1,74,4.4,4.2,1.5,5,23,13,24,98,2.7,29,17,1.9,4,1.5,13,6.1,4.6,3.4,academic,woman,rotating_or_night,no,no,no,yes,yes,no,no,80,6,6.25
T10_0256,2.2,2,74,5.5,7.9,2,2.7,46,14,92,95,3.1,15,36,5.9,5.1,1.6,24,5.8,6.5,2.8,occupational,woman,day,no,yes,no,yes,yes,yes,no,62,5.8,8.5
T10_0257,1.3,3,83,3.7,1.6,0.5,6.1,37,14,175,145,3.6,25,21,6,6.3,1.2,39,2.3,2.2,8.7,academic,man,day,no,no,yes,no,yes,yes,no,81,6.7,5.75
T10_0258,4,6,73,5.8,3.9,1.9,2.3,26,16,101,159,2.3,44,4,2.8,5.2,2.2,17,4.1,7.6,5.5,academic,man,day,yes,no,no,no,yes,yes,no,67,4,6
T10_0259,0.8,3,70,3.3,7.4,0.4,3.7,27,16,100,138,3.6,29,33,6.9,2.9,2.5,35,4.9,4.6,3.4,occupational,woman,rotating_or_night,no,no,yes,yes,yes,yes,no,75,7.2,7
T10_0260,0.8,3,73,7,6.4,2,6.8,25,15,71,271,3.8,51,30,8.4,7.9,0.7,23,2.8,1.6,5.2,academic,woman,day,no,no,no,no,yes,no,yes,81,7.2,6
T10_0261,1.2,2,65,6.4,3.7,0.4,5.8,29,13,70,82,3.2,28,34,5.2,4.9,3,22,2.5,4.7,5.3,academic,woman,rotating_or_night,no,no,no,yes,yes,no,yes,82,6.8,6.25
T10_0262,0.5,2,55,3.4,7.2,0.5,5,32,12,131,149,1.4,47,16,4,4.7,3.4,56,3.4,7.3,6.7,occupational,woman,day,no,yes,no,yes,yes,yes,no,78,7.5,6
T10_0263,1.7,4,67,3.7,2.7,2.6,5.2,37,15,44,220,1.6,52,54,4.1,4.1,1.2,32,5.2,4.2,5.2,academic,man,day,no,yes,yes,yes,yes,yes,yes,79,6.3,6.25
T10_0264,2.5,1,72,4,5.9,1.1,2.7,48,14,1,129,2.9,49,22,4,4.5,2.6,35,7.4,5,7.8,academic,man,day,no,no,no,no,no,no,yes,70,5.5,6.75
T10_0265,2.6,2,68,1.8,6.1,2.1,1.7,31,16,128,246,3.4,49,33,7.8,3.7,3.4,10,7.1,3.7,6.9,occupational,man,rotating_or_night,no,no,yes,no,yes,no,yes,73,5.4,6.75
T10_0266,2.5,4,81,6.3,4.1,1.2,1.6,19,16,204,80,3.4,31,32,5.1,1.6,3.2,37,1.8,5.8,2.9,occupational,man,rotating_or_night,no,no,no,yes,yes,no,no,68,5.5,5.5
T10_0267,1.2,1,81,4.3,4,2.2,0.7,32,12,204,90,2.3,33,76,4.9,4.9,3.1,55,3.4,7.3,7.3,academic,nonbinary_or_self_described,rotating_or_night,no,no,no,yes,no,no,no,66,6.8,6.5
T10_0268,1.6,3,67,7.3,6.9,1.8,5.7,49,17,227,223,0.7,40,32,3.5,3.7,3.2,33,5.2,3.9,2.3,academic,man,day,yes,yes,no,yes,yes,yes,yes,66,6.4,6.75
T10_0269,1.4,4,86,5.4,5.6,1,7.7,31,14,245,198,3.9,39,22,4.8,6.9,0.6,5,5.6,3.9,5.3,academic,woman,day,no,no,no,yes,yes,yes,no,74,6.6,5.25
T10_0270,2.6,6,87,4.1,6.6,2,7.7,23,17,168,126,2.2,20,25,5,5.6,1.9,45,6,4.6,5.3,academic,man,day,no,yes,yes,yes,yes,no,no,62,5.4,6
T10_0271,1.8,3,85,4.5,7.1,1,3.6,34,16,13,115,3.6,28,18,0.6,3.5,1.8,9,3.2,6.2,5.8,academic,woman,rotating_or_night,no,no,no,no,yes,yes,no,72,6.2,5.25
T10_0272,1.4,2,78,6.1,5.4,1.6,4.2,31,13,111,213,1.9,19,42,6.3,4.3,0.7,26,4.9,1.8,6.5,academic,man,day,no,no,no,yes,no,yes,no,76,6.6,5.25
T10_0273,1.7,4,67,2,5.3,1.6,0.5,37,16,36,110,3.2,54,70,6.3,6.7,2.6,19,6.2,4.2,5.7,occupational,man,rotating_or_night,no,no,no,no,no,no,no,59,6.3,7.5
T10_0274,1.5,2,85,4.6,1.9,1.2,5,31,14,162,166,0.6,19,26,3.9,6.7,2.5,28,3.9,8.3,4.5,academic,woman,rotating_or_night,no,no,no,no,yes,yes,no,73,6.5,6.25
T10_0275,1.3,4,78,5.6,6.2,2.2,5.9,49,16,233,159,3.1,46,8,4.1,3.5,3.8,34,5,5.5,4.7,academic,woman,day,yes,yes,no,yes,yes,yes,no,51,6.7,5.25
T10_0276,1.5,3,71,3.8,5.7,0.7,5.1,47,18,104,74,1.5,42,38,7.4,7.5,2.7,21,1.5,3.5,6,academic,man,rotating_or_night,no,no,no,yes,yes,no,no,72,6.5,6.5
T10_0277,3.7,4,73,4.1,3.8,0.8,7.3,27,17,178,269,1.2,46,35,5.4,3.7,1.3,34,3.8,5,7.6,occupational,woman,day,yes,no,no,yes,yes,no,no,80,4.3,5.25
T10_0278,1.3,5,80,7,4.4,1.5,9.1,39,10,187,113,2.7,25,60,4.4,6.2,1.7,24,5.8,5.5,4.1,academic,woman,day,yes,yes,no,yes,yes,yes,yes,79,6.7,6
T10_0279,1.2,1,76,3.2,5.9,1.1,3.3,25,13,93,200,2,33,12,5.2,6.5,2.3,53,4.8,4.5,4.1,occupational,man,day,yes,no,no,no,no,no,no,76,6.8,7
T10_0280,0.9,2,64,4.8,6.6,2,6.9,38,15,63,315,3,37,47,4,3.3,1.1,13,3.7,7,6,academic,woman,day,no,no,no,no,no,no,no,75,7.1,4.75
T10_0281,2.1,0,76,8.9,6.4,0.3,5.2,40,17,47,151,1.3,42,55,3.9,4.4,2.1,19,2,7.2,6.1,academic,woman,day,no,no,no,no,no,yes,no,83,5.9,3.75
T10_0282,1.2,3,75,5.2,6.7,1.2,5.2,35,16,114,152,2.6,47,56,2.6,6.1,2.8,47,6.7,8,8.4,occupational,woman,day,yes,yes,no,yes,no,yes,no,80,6.8,5.25
T10_0283,1.4,3,72,7.9,5.8,0.8,6.4,20,15,52,25,3.3,35,40,5.1,4,0.9,19,6.7,3.9,5.5,academic,woman,day,yes,no,no,yes,no,yes,no,68,6.6,7.25
T10_0284,2.2,2,74,1.1,1.9,0.9,6.6,28,14,102,182,1.8,18,18,7.9,5.5,1.1,22,2.1,6,2.8,academic,woman,day,no,no,no,yes,yes,no,no,79,5.8,8
T10_0285,0.5,1,73,7.7,4.8,1.4,4.9,20,14,134,116,2,25,51,2.6,5.8,2.7,28,3,4.7,5.9,occupational,woman,rotating_or_night,no,no,no,no,no,no,no,75,7.5,4.5
T10_0286,2.4,4,74,4.4,1.9,1.7,5.3,37,12,159,105,2,29,33,3.5,6.3,2,9,5.4,5.4,3.7,occupational,man,day,no,no,no,no,yes,yes,no,65,5.6,6.5
T10_0287,2.6,2,82,5,4.6,0.6,5,38,17,45,222,2.2,43,35,2.6,5.7,2.9,77,4.8,7.8,5.5,academic,woman,day,no,yes,no,yes,yes,yes,yes,73,5.4,5.5
T10_0288,2.2,1,83,2.3,3.7,1.8,6.3,32,15,5,174,2.6,18,22,4.6,8.4,2.6,17,3.1,3,5,academic,man,day,yes,no,yes,yes,yes,no,no,77,5.8,5
T10_0289,2.9,3,76,7.2,3.6,1.6,4.8,31,14,82,55,1.8,47,26,3.9,6.8,1.7,36,5.4,4.7,5.6,occupational,woman,day,yes,yes,no,yes,no,no,no,74,5.1,6
T10_0290,1,0,75,4.4,6.2,1,2,21,15,95,155,4.5,26,51,5.5,6.4,1.8,25,2.7,6,3.2,academic,man,day,no,no,no,no,yes,yes,no,57,7,4.75
T10_0291,1,5,73,2.1,7.1,0.8,4.7,35,17,70,110,1,32,47,7.4,8.1,0.6,13,5.3,4.7,6.2,academic,man,rotating_or_night,yes,no,no,no,yes,yes,no,58,7,7.25
T10_0292,3,0,61,3.2,7.4,0.7,7.1,22,14,198,241,2.8,15,38,6.2,4.2,2.4,19,5.6,4.7,5,occupational,man,day,no,yes,no,no,no,no,yes,72,5,4.5
T10_0293,2.9,4,95,5.7,7.2,1.1,6,33,16,126,155,3.3,46,0,3.6,3.8,3.2,17,3.9,4.5,5.7,academic,woman,day,no,no,no,yes,yes,yes,no,77,5.1,4.75
T10_0294,2.5,0,69,4.7,3.5,1.3,6.9,26,15,136,61,4.5,55,37,2.2,6.6,3.6,35,6.4,3.3,5.1,occupational,man,rotating_or_night,no,no,yes,yes,yes,no,yes,69,5.5,6.25
T10_0295,2.3,3,76,2.6,2.8,1.1,8.5,38,14,40,170,4.3,34,8,4.4,3.7,1.3,21,6.6,2.1,2.5,academic,man,day,no,yes,yes,yes,yes,no,yes,67,5.7,7.75
T10_0296,2.2,3,96,5.4,4.7,1.6,4.5,35,16,159,96,1.6,43,14,3.5,7,3,29,7.1,5.8,4.6,academic,woman,day,no,no,no,no,yes,no,no,85,5.8,6.5
T10_0297,1.6,1,76,5.9,2.5,1.8,1.8,39,18,43,161,3.7,47,46,7,3.1,0.6,21,4.9,5,0.8,academic,woman,day,yes,no,no,yes,yes,yes,yes,73,6.4,6.25
T10_0298,1,5,80,2.7,5.5,1.7,6.9,34,15,17,215,3.9,56,20,3.3,6.1,0.9,4,6.2,0.6,3.5,academic,woman,rotating_or_night,no,no,yes,yes,no,no,no,73,7,6
T10_0299,1.7,2,80,3.5,3.8,0.5,5.7,24,13,49,35,2,21,13,7.1,5.6,2.9,31,4.7,5.6,3.9,occupational,man,rotating_or_night,no,yes,no,no,yes,yes,no,71,6.3,6.5
T10_0300,2.3,2,97,5.6,5.5,1.8,2.5,28,13,90,242,3.1,24,45,4.5,5.3,0.9,20,6.1,4.2,4.8,occupational,man,day,no,no,yes,yes,no,no,no,76,5.7,7.25
T10_0301,0.8,0,68,3.6,4.3,2.7,1.4,41,15,10,24,1,48,61,6.3,1.1,3.5,37,6.9,2.3,2.6,occupational,man,day,yes,yes,no,no,yes,no,yes,84,7.2,5
T10_0302,2.3,2,70,2.9,5.5,0.8,6.9,40,17,139,85,4.1,37,32,2.1,5.5,2.9,10,3.9,3.1,7.5,occupational,woman,day,no,no,no,no,yes,yes,yes,72,5.7,6.5
T10_0303,2.4,1,88,4.9,3.6,1.9,4.5,52,14,54,190,2.9,21,34,8.6,5.2,3,4,4.5,1.7,3.9,academic,woman,day,no,no,no,yes,yes,no,no,71,5.6,7
T10_0304,2,2,67,5.3,6.3,1.9,4.8,33,13,192,281,2.3,20,26,7.9,4.5,0.9,21,2.8,3.7,2.3,academic,man,day,yes,no,no,yes,yes,no,yes,76,6,4
T10_0305,2.5,1,68,4.2,5.5,1.8,4,26,14,168,144,1.5,36,28,3.5,4.6,3,9,2.7,5.8,3,academic,woman,day,no,no,yes,no,yes,no,yes,60,5.5,6.25
T10_0306,3,2,74,8.1,8.5,2.3,4,22,15,54,145,1.6,39,13,5.5,5.6,2.7,27,6.6,4.3,7.3,occupational,nonbinary_or_self_described,day,no,yes,yes,yes,yes,yes,no,71,5,7.5
T10_0307,2.2,3,87,6.2,3.6,0.3,5.6,19,18,213,126,2.2,39,44,3.4,1.2,1.2,5,7.8,3.2,4.3,academic,man,day,no,no,no,yes,no,no,no,84,5.8,7
T10_0308,0.8,2,74,8.5,2.7,1.8,7.7,43,11,28,115,2.8,29,44,4,5.6,2.1,16,5.6,8.6,7.4,academic,woman,day,no,yes,yes,yes,yes,no,no,74,7.2,3.75
T10_0309,2,3,68,5.2,5,0.7,5.5,30,13,29,52,3.7,63,20,4.5,7.7,2,9,3.9,5.5,6.9,academic,woman,day,no,no,no,yes,yes,yes,no,67,6,6.25
T10_0310,2.9,3,75,4.6,3.1,2.4,5.7,36,13,149,199,3.3,26,39,4,3.7,2.2,18,7.8,6.4,4.3,occupational,woman,rotating_or_night,no,yes,no,yes,no,no,no,75,5.1,4.25
T10_0311,3.7,2,77,3.3,1.3,0.7,5.9,19,14,101,222,1.7,34,73,7.1,4.5,1.9,11,6.8,6.4,5.4,occupational,woman,rotating_or_night,yes,no,no,no,yes,yes,no,54,4.3,6
T10_0312,1.8,3,77,7.3,7.5,0.9,5.9,23,16,36,129,3.9,52,14,5.6,3.6,1.9,5,5.6,5.7,4.6,occupational,woman,rotating_or_night,yes,yes,no,no,no,yes,no,77,6.2,6.5
T10_0313,0.7,4,67,4.3,9.5,0.4,7.6,29,18,219,173,1.2,30,14,4.3,4.3,0.9,7,0.6,6.2,4,occupational,man,day,yes,no,no,yes,yes,no,no,78,7.3,6.5
T10_0314,1.2,3,77,3.9,8.6,1.2,5.2,50,17,310,98,3.4,30,36,4.6,5.5,1.7,3,5.1,1.9,3.1,academic,man,day,yes,no,no,no,yes,no,no,73,6.8,7
T10_0315,1.8,0,73,7.2,7.3,1.6,3.6,22,15,225,143,2.7,50,20,3.1,5.8,1.5,30,3.1,5.9,5.2,academic,woman,day,no,no,no,no,yes,no,no,74,6.2,6.25
T10_0316,3.9,0,68,2,3.1,2.1,6.7,42,19,127,125,1.7,34,30,3.6,7.7,2.6,22,5.9,5.6,6.1,occupational,nonbinary_or_self_described,day,no,yes,no,yes,yes,yes,no,77,4.1,7
T10_0317,2.2,1,83,5.9,4.5,1.5,9,20,14,91,354,0.9,44,17,6.4,3.1,2.5,24,8.3,4.6,4.9,occupational,woman,day,no,no,yes,yes,no,yes,no,86,5.8,6
T10_0318,1.8,0,75,6.3,6.6,1.5,7.6,26,17,114,161,0.4,36,61,6.5,3.8,1.5,24,6.6,4.5,9.6,academic,man,day,no,no,no,yes,no,yes,no,84,6.2,5.75
T10_0319,2.8,5,80,4.9,7.1,1.6,6.8,21,16,55,170,4.3,37,14,5.3,4.1,3,1,5.4,5.8,2,academic,woman,day,no,yes,yes,no,yes,yes,no,61,5.2,7
T10_0320,1.5,3,79,5.3,4.6,1.4,6.8,33,13,141,255,3.4,27,31,3.6,1.5,1.5,29,8.1,5.3,1.9,occupational,woman,day,yes,yes,no,yes,yes,no,no,68,6.5,6.5
T10_0321,3.2,2,65,7.3,4.2,1.7,4.8,41,15,212,145,0.3,30,22,3.8,7.9,1.8,28,6.5,6,7.1,academic,woman,day,yes,yes,no,yes,yes,no,no,73,4.8,6
T10_0322,2.5,1,78,3.9,3.7,1.8,3,31,12,223,63,1.3,47,49,4.4,5.6,2.7,9,2,2.7,2.5,academic,woman,day,yes,no,no,yes,no,yes,no,64,5.5,5
T10_0323,3,3,78,4.9,2,1.2,4.6,31,13,98,11,1.7,54,26,2.6,4.7,1,32,2.7,7.9,3.9,occupational,woman,day,no,no,no,yes,yes,no,no,81,5,4.5
T10_0324,3.2,2,73,4.5,7.1,0.3,5.4,23,15,193,47,4,45,24,8.1,3.5,1.9,13,4.1,6.3,2.7,academic,nonbinary_or_self_described,day,no,no,no,no,no,yes,no,66,4.8,4.5
T10_0325,1.6,3,62,4.4,5.9,1.3,4.6,32,12,149,93,3.5,22,13,3.1,4.1,2.6,2,4.6,8.3,6.1,occupational,woman,day,no,no,no,yes,yes,no,no,72,6.4,6.5
T10_0326,2.1,3,68,3.8,4.3,2,6.8,31,12,73,224,2.3,17,54,3.7,0.5,0.7,8,7,5.5,6,academic,woman,day,no,yes,no,yes,yes,yes,no,67,5.9,4.75
T10_0327,1.8,0,81,5.4,7.8,1.7,8.3,38,17,76,197,1.6,55,69,6.3,5.3,2.1,33,5.4,5.7,5.6,occupational,woman,day,no,yes,no,yes,no,yes,no,71,6.2,7
T10_0328,2.1,4,75,1.6,7,1.7,6.3,43,13,107,68,5.1,51,39,4.6,4.9,2.2,14,3.2,1.5,7.5,occupational,woman,day,yes,yes,no,no,yes,yes,no,62,5.9,3.5
T10_0329,2.3,1,73,6.8,7.6,0.6,5.2,27,16,175,110,2.2,18,24,5.4,2.4,2.1,49,5.3,1.8,5,occupational,nonbinary_or_self_described,rotating_or_night,no,no,no,yes,yes,yes,no,65,5.7,6
T10_0330,3.1,4,84,3.1,6.7,1.6,7,45,14,116,364,3.4,60,8,2.3,9,1.9,26,4.3,4.6,3.9,occupational,man,rotating_or_night,no,yes,no,yes,yes,yes,yes,74,4.9,6
T10_0331,0.9,2,80,4.1,3,0.3,5.9,47,16,234,120,2.1,32,26,4.3,4.9,2.8,5,9.9,6.4,4.4,occupational,man,day,no,yes,no,yes,yes,no,no,75,7.1,6.5
T10_0332,3.1,2,64,5.1,6,0.7,5.1,25,15,107,15,4.8,17,24,7.8,5.8,0.9,22,8,5.1,2.8,occupational,woman,rotating_or_night,no,no,no,no,yes,yes,no,72,4.9,7.75
T10_0333,1.5,2,81,6.5,4.3,1.4,0.3,35,17,143,201,3.2,21,6,1.2,5.9,4.5,58,1.3,6.2,8.3,occupational,man,day,no,no,no,yes,yes,no,yes,76,6.5,6
T10_0334,1.2,1,69,3.1,5.5,1.1,3.3,33,14,98,177,3.3,33,23,6.7,5.3,1.9,55,4.4,3,7.6,occupational,woman,day,yes,no,no,yes,yes,yes,yes,75,6.8,7
T10_0335,0.6,1,74,3.5,6.8,2.2,6.1,35,15,68,72,2.2,55,54,7,3.8,1.9,29,2.7,6.8,5.6,occupational,woman,day,yes,yes,no,yes,no,no,no,70,7.4,6.25
T10_0336,1.5,1,87,3.1,6.1,1.6,5.1,40,17,168,83,2.3,44,27,8.2,6.4,2.5,10,2.8,8.1,6.2,occupational,man,day,no,no,no,no,yes,no,no,79,6.5,5.75
T10_0337,2.9,2,90,7.1,7.3,2.2,4.1,31,14,38,160,5,57,23,7.8,4.1,2.8,22,4.4,2.7,8.8,academic,woman,rotating_or_night,no,no,no,yes,yes,yes,no,63,5.1,6.25
T10_0338,1,4,64,2.8,3.5,1.5,6.8,42,11,83,52,3.5,21,56,5.4,6.8,1.7,7,4.2,5.7,9.2,occupational,man,rotating_or_night,no,no,no,yes,yes,no,yes,66,7,8.25
T10_0339,1.9,2,84,6.3,4.5,2,6.7,34,14,92,281,3.6,31,13,5.8,2.3,1.4,56,4.3,3.4,7.2,occupational,man,rotating_or_night,yes,no,yes,yes,yes,no,no,69,6.1,5.25
T10_0340,1.8,1,68,4,7,1.5,2.7,44,17,22,102,4.9,38,54,7.2,5.3,1.8,38,7.8,3.9,8.3,academic,woman,day,no,yes,no,yes,yes,no,no,87,6.2,6.5
T10_0341,0.9,1,64,7.5,5.4,1.2,5.7,39,13,85,150,3.6,35,71,5.1,3.8,2.7,28,3.2,5.7,2,occupational,woman,day,no,no,no,yes,yes,yes,no,64,7.1,7.75
T10_0342,0.5,2,88,3.8,2.8,0.9,3.1,39,16,62,151,1.2,45,40,3.2,1.8,1.9,45,7.5,1.2,3.6,academic,woman,day,no,no,no,yes,yes,yes,no,66,7.5,6.5
T10_0343,2.6,4,71,5.7,4.8,0.1,5,37,17,35,156,3,48,4,3.2,3,4.3,18,6,6.1,4.3,occupational,man,rotating_or_night,no,no,no,yes,yes,yes,no,78,5.4,6.25
T10_0344,1.5,3,75,8.3,5.6,2.2,5.8,19,15,23,76,1.2,47,27,2.8,5.1,2.7,51,5.9,6.5,7.1,academic,woman,day,no,yes,no,yes,no,no,yes,70,6.5,5.5
T10_0345,2.8,1,75,6.4,3.2,0.3,4.3,28,15,134,153,0.9,43,48,4.1,3.3,3,9,5.9,6.8,7.2,occupational,woman,rotating_or_night,no,no,no,yes,no,yes,yes,84,5.2,6.25
T10_0346,2.1,2,84,0.1,6.3,1.5,0.1,19,21,32,105,2.9,43,38,7.7,3.3,1.3,5,6.6,5.3,6.9,academic,woman,day,no,no,no,yes,no,no,yes,69,5.9,5
T10_0347,2.7,1,72,3.8,5.8,1.1,3.4,24,17,26,225,0.9,22,32,4.1,2.9,2.5,3,5.1,3.3,7.2,occupational,man,day,no,no,no,yes,yes,no,no,80,5.3,6.75
T10_0348,1.5,5,71,6.5,2,2.2,7.1,30,14,17,162,2.4,33,16,2.8,4.1,3.2,10,5.6,3.1,5.8,occupational,man,day,no,no,no,no,yes,yes,no,69,6.5,6.5
T10_0349,0.6,1,64,5.2,4.3,1.8,8.6,42,13,180,109,1,31,34,2.6,7,1.4,29,5.5,5.4,4.2,academic,woman,day,no,no,no,yes,no,yes,no,72,7.4,5.5
T10_0350,2.7,2,67,3.4,5.2,0.1,5.6,20,14,64,65,2.2,47,8,5.5,5.2,1,26,3.5,3.8,2,academic,man,day,yes,no,yes,no,yes,yes,yes,71,5.3,5.25
T10_0351,0.5,3,71,5.3,7.7,0.8,7.7,48,16,162,160,4.4,26,18,7,6.3,1.1,17,6.2,6.2,6.8,occupational,woman,day,no,no,no,no,yes,yes,no,61,7.5,5.25
T10_0352,1.2,4,90,5.2,5.8,1.7,3.8,27,14,128,128,0.6,35,32,7.2,5.8,1.9,6,6.9,6,4.3,academic,woman,day,no,no,no,yes,yes,no,no,66,6.8,5.25
T10_0353,2.5,2,79,3.2,6.2,0.2,7.4,34,14,41,114,1.3,47,41,2.8,3.3,1.6,13,2.9,1,3.8,occupational,man,day,no,no,yes,yes,yes,no,no,77,5.5,4.5
T10_0354,1.5,4,67,5.5,3.4,1.5,8.1,26,14,93,99,4.4,62,10,3.6,6.6,1.5,23,5.2,0.8,5.7,occupational,woman,day,yes,no,yes,yes,yes,no,no,74,6.5,5.25
T10_0355,3,2,77,8.8,2.4,0.6,7.1,38,13,86,169,2.4,52,32,3.7,4.7,3,2,1.9,5.4,8.6,occupational,woman,rotating_or_night,no,no,yes,yes,no,no,yes,77,5,4.75
T10_0356,2,3,79,5.3,4.9,2.6,5.6,41,16,168,163,2.1,31,29,7.4,3.6,1.6,13,6.4,4.4,4.3,academic,woman,day,yes,yes,no,yes,no,no,no,76,6,6.5
T10_0357,2.7,1,70,6.7,4.5,1.6,3.8,30,14,56,123,0.8,33,24,7.3,2.6,2.7,24,2.3,5.8,6.7,academic,woman,day,yes,no,no,yes,yes,no,no,73,5.3,6.25
T10_0358,0.3,1,92,5.5,5.6,1.9,7.6,33,13,94,155,1,45,28,5.3,4.4,3,3,5.9,3.7,4.6,academic,woman,day,no,no,no,yes,yes,no,no,76,7.7,7.5
T10_0359,0.9,1,78,6.1,2.3,1.6,6.9,38,15,6,115,3.9,25,24,5.5,8.2,2,22,7,8.3,8.6,academic,man,day,yes,yes,no,yes,no,yes,no,86,7.1,6.75
T10_0360,1.1,1,66,2.9,6.6,2,3.9,40,15,43,273,2.6,42,6,9.5,3.3,2.4,57,5.6,2.8,5.3,academic,woman,day,no,no,yes,no,no,yes,no,69,6.9,4.25
T10_0361,0.8,4,70,6.3,2.5,0.8,3.3,37,17,192,221,1.5,34,40,7.8,6.7,1.7,25,5.5,4.5,6,academic,man,day,no,no,no,yes,yes,no,no,77,7.2,7
T10_0362,1.5,2,83,2.6,6.5,1.2,2,39,17,62,209,1.9,47,10,4.9,7.6,3.5,67,2.8,3,5.3,academic,man,day,yes,no,no,yes,yes,yes,no,65,6.5,6.5
T10_0363,3.3,2,78,2.8,7.2,0.7,5.2,25,18,68,171,3.2,41,53,7.1,4.2,1.5,21,4.8,6.4,2,occupational,man,day,no,no,no,yes,yes,yes,no,63,4.7,6
T10_0364,2,0,73,4.1,2.8,0.8,5.2,23,14,24,99,2.2,31,19,6.3,7.6,4.1,26,6.4,5.1,4.8,academic,woman,day,no,no,yes,yes,yes,no,no,89,6,5.75
T10_0365,0.8,3,58,3,5,0.7,3,40,13,137,43,4.1,37,36,5.9,5.6,2,14,7.4,5.7,2.5,occupational,woman,day,no,no,no,yes,yes,yes,no,57,7.2,7
T10_0366,2.1,3,75,4.2,2.1,0.4,4.9,22,14,57,194,1,36,64,3.7,6.1,1.9,12,7.2,5,2.2,academic,man,day,yes,yes,no,yes,no,yes,no,68,5.9,5.75
T10_0367,4.2,1,77,5.7,9.4,0.6,6.8,43,14,176,202,4.5,54,46,4.5,5.7,2.9,13,5.1,3,4.6,occupational,man,day,no,yes,no,no,yes,yes,no,74,3.8,6
T10_0368,1.3,1,63,3.4,6.2,0.7,3,39,17,153,169,2.4,36,9,3.3,6.5,1.6,20,3.4,4.4,6.1,academic,woman,day,no,yes,no,yes,yes,no,no,77,6.7,7.75
T10_0369,3.5,1,76,2.1,3.4,1.3,4.8,32,12,167,78,3.1,19,38,5,5.5,0.7,3,6.6,4,6.1,academic,man,day,no,no,yes,yes,yes,yes,no,86,4.5,7
T10_0370,1,2,75,5.9,2.4,0.8,4,46,14,40,188,3.7,57,55,5.7,7.4,1.5,17,7.2,1,7.4,occupational,man,rotating_or_night,yes,yes,yes,yes,yes,yes,no,80,7,5.5
T10_0371,2.2,1,77,4.7,3.4,1.2,4.1,37,15,102,128,3.3,27,65,7.3,7,2.2,15,5.5,7.4,7.5,occupational,woman,day,no,no,no,yes,yes,no,no,67,5.8,4.75
T10_0372,2.6,1,74,4.4,6.4,0.6,5.9,35,11,157,48,3.6,47,24,3.9,4.6,2.9,42,6.6,5.5,5.5,occupational,man,day,no,no,no,yes,yes,no,yes,76,5.4,6.5
T10_0373,1,4,78,5.8,4.4,2,6.5,29,16,25,171,2.3,24,14,5.6,3.8,2.7,8,5.2,5.3,4.4,occupational,man,day,no,no,no,yes,no,no,no,81,7,6.25
T10_0374,1.2,2,79,4.8,0.1,0.7,6.7,23,15,89,140,3.6,20,38,8.5,5.2,2.6,34,4.8,4,6.3,academic,man,day,no,no,no,yes,no,yes,no,75,6.8,6.75
T10_0375,2.9,4,85,2.7,4.4,1.2,7.5,26,16,112,295,2.5,21,5,3.9,7.2,3.5,20,5.2,4.6,4.3,occupational,woman,day,no,no,no,yes,no,no,yes,84,5.1,4.5
T10_0376,1.6,2,68,4.2,1.1,2,7.9,31,15,5,62,1.5,46,30,7.6,2.1,3,21,3.1,5,2.7,academic,woman,day,yes,yes,no,no,yes,yes,no,68,6.4,4.25
T10_0377,2.3,5,63,3.6,5.2,1.9,5.8,39,17,115,95,1.1,43,5,4.9,6.1,1,25,7.7,6.5,4.7,occupational,nonbinary_or_self_described,day,no,yes,yes,yes,yes,yes,no,66,5.7,6.25
T10_0378,2.5,3,60,6.4,6.3,0.5,7.9,33,15,159,43,2.6,40,11,7.9,5.9,1.4,29,6.2,7.7,7.5,academic,woman,day,no,no,no,no,no,no,no,67,5.5,7
T10_0379,2,2,76,2.9,4.1,1.5,4.3,42,14,52,106,2.9,47,22,9.3,6.1,2,13,6.6,2.5,6.1,occupational,man,day,yes,yes,no,yes,yes,yes,no,61,6,6.5
T10_0380,0.9,1,79,4.8,5.2,1,6.8,29,15,200,130,0.7,42,39,2.8,2.7,3,22,6.6,4.3,5,occupational,man,day,yes,no,no,yes,no,no,no,69,7.1,8.75
T10_0381,0.7,1,80,4.5,6.5,0.9,5.4,33,15,24,187,2.9,49,33,5.4,5.1,2,28,5.5,3.9,4.9,academic,woman,day,no,yes,no,yes,yes,yes,no,67,7.3,6.25
T10_0382,0.9,3,72,5.7,5.5,0.4,8,31,13,132,17,2.9,58,30,6.5,6.6,0.9,31,6.1,5.8,7.9,academic,man,rotating_or_night,no,no,no,yes,yes,no,no,64,7.1,6.5
T10_0383,1,0,85,6.6,6.2,1.7,2.5,44,14,219,212,0.8,44,26,5.9,4.3,2.8,32,5.4,3.9,3.8,academic,woman,day,yes,yes,no,yes,no,yes,no,85,7,7
T10_0384,0.1,1,77,3.3,4.3,0.9,6.2,41,14,197,160,3.6,17,51,5.2,2.7,0.8,28,6.1,7.4,4,academic,man,day,no,yes,no,no,yes,no,yes,78,7.9,8.25
T10_0385,1.8,0,73,3.1,7.7,0.8,6.8,52,14,16,46,3.4,43,24,4.1,2.7,0.7,59,6.5,5.6,3,academic,man,day,no,no,no,yes,yes,no,no,67,6.2,6
T10_0386,1.5,2,77,6.5,8.4,1.2,7.1,39,16,32,193,1.6,39,17,3.3,5.2,0.8,61,3.9,2.1,4.5,occupational,woman,day,no,no,yes,yes,yes,yes,no,72,6.5,5.5
T10_0387,0.7,2,88,6.7,6.3,1.1,3.2,26,19,148,144,2.8,42,27,5.4,2.8,1.4,41,5.6,8.9,4.7,academic,man,day,yes,no,no,no,no,no,yes,65,7.3,5.5
T10_0388,3.1,3,71,3.8,4.2,1.5,3.7,38,13,143,58,2.6,26,3,3.7,2.2,1.8,16,6.9,6.4,1.2,academic,man,day,no,yes,yes,no,yes,yes,no,67,4.9,6.25
T10_0389,1.5,2,72,5,3.6,0.5,8.5,34,14,103,144,2.6,29,15,2.7,4.7,0.6,7,7.3,4.4,6.6,academic,woman,day,yes,yes,no,no,yes,yes,no,79,6.5,4
T10_0390,0.5,1,47,3.9,4.7,1.3,6.3,47,15,116,112,1.6,28,52,4.1,4.2,1.2,46,5.6,3.7,0.7,academic,nonbinary_or_self_described,day,yes,yes,no,yes,yes,yes,no,73,7.5,6.75
T10_0391,1.8,3,79,4.4,3.2,3.2,3,39,12,33,142,2.2,60,15,5.9,7,1.5,33,3.7,2.9,5.9,occupational,woman,day,no,no,no,yes,no,no,no,63,6.2,5.25
T10_0392,2.2,3,79,2,7,1.9,3.1,27,18,41,205,3.7,43,10,2,4.5,2.6,31,3.8,4.6,4.9,occupational,woman,rotating_or_night,no,no,no,no,yes,no,no,76,5.8,6.75
T10_0393,1.3,2,85,5.2,4.4,2.2,0.4,55,12,42,10,0.4,41,22,9,6.5,1.6,20,4.4,4.6,4,academic,woman,day,no,no,no,yes,yes,yes,no,74,6.7,7
T10_0394,2.2,0,74,5.7,6.1,0.8,3.1,48,13,141,189,3.7,49,18,4.7,5.2,1.5,38,3.7,4.8,7.3,academic,man,day,yes,yes,no,yes,no,no,no,83,5.8,5.75
T10_0395,1.7,3,63,4.8,6.9,2.1,2.9,30,13,63,126,1.5,37,41,5.1,7.5,1,31,3.1,4.8,4.9,occupational,woman,day,yes,yes,no,yes,yes,yes,no,79,6.3,6.25
T10_0396,0.5,4,68,3.1,9.7,0.8,4.8,35,15,67,81,2.8,13,16,2.5,6.4,2.4,5,6.1,4,7.7,occupational,woman,rotating_or_night,no,no,no,yes,yes,no,no,83,7.5,8.25
T10_0397,0.8,3,83,3.4,6.6,1.4,4.9,30,14,170,162,3.5,26,27,8.1,1.8,1.2,17,6,7.7,5.2,occupational,woman,rotating_or_night,no,no,no,no,yes,no,no,85,7.2,6
T10_0398,1.2,4,79,4,6.4,1.4,7,26,16,257,67,2.8,49,30,3.6,6.6,2.4,6,6,3,4.8,occupational,woman,day,no,yes,no,no,yes,yes,no,71,6.8,6.25
T10_0399,2.4,1,69,5.5,6,0.7,4.3,28,15,49,242,2.3,28,46,6.4,4.7,0.8,21,5.6,4.4,6.7,academic,man,rotating_or_night,yes,no,yes,yes,yes,no,no,77,5.6,6
T10_0400,2,2,75,4.7,5.1,2.2,3.1,38,15,122,226,1.7,45,19,6.7,7,2.8,8,3.6,3,3.6,occupational,woman,rotating_or_night,no,no,no,yes,yes,yes,no,74,6,5.5
T10_0401,3,3,80,5.1,7.8,1.4,5.2,30,15,114,151,3,36,11,5.9,6.2,2.4,11,6.8,6,6.4,academic,woman,day,no,yes,no,no,no,yes,no,61,5,6.5
T10_0402,2.5,4,75,5,7.2,1.8,5.1,38,15,207,182,3.6,51,38,6,5.9,2.3,11,6.7,5.4,5.6,occupational,man,day,no,no,no,no,yes,yes,no,62,5.5,6.75
T10_0403,1.7,2,84,3.2,6.4,2.1,4.4,28,13,17,82,2.6,57,16,4.7,7.2,2,34,3.9,3.9,5.2,occupational,man,day,no,yes,no,no,no,no,no,77,6.3,5.75
T10_0404,2.6,1,70,5.1,4.3,0.8,3.5,23,14,1,74,2.4,41,33,4.5,2.1,2.8,7,4.7,7.7,4.1,academic,man,day,yes,no,no,no,no,no,no,76,5.4,6.25
T10_0405,2.9,1,71,5.5,3.9,2.2,3.6,33,17,101,157,3.4,41,56,6.5,7.1,4.2,32,2.3,5.4,5.9,academic,woman,rotating_or_night,no,no,yes,yes,yes,no,no,62,5.1,6
T10_0406,1.4,3,74,5.8,3.7,1.4,5.6,31,14,100,150,2,58,43,6.1,4.7,0.9,37,6.2,4.2,3.2,academic,nonbinary_or_self_described,day,yes,no,yes,yes,yes,yes,no,75,6.6,5.5
T10_0407,0.2,2,69,7.9,5.1,1.3,3.8,29,19,19,308,2.3,42,42,6.5,3.1,2.3,5,5.6,3.1,6.4,academic,woman,day,yes,no,no,yes,no,no,yes,81,7.8,5.75
T10_0408,1.1,3,68,4.3,4.1,0.6,6.1,25,16,107,32,3.5,32,44,5.3,5.6,1.2,36,4.7,5.1,7.3,academic,man,day,no,no,no,no,yes,yes,yes,84,6.9,6.25
T10_0409,2.7,5,78,9.8,6.6,1.4,4.4,27,16,106,198,0.5,44,7,4.1,2.1,2.7,35,3.5,6.2,5.5,academic,woman,rotating_or_night,no,no,no,yes,no,yes,no,70,5.3,6.5
T10_0410,3,3,77,4.5,8.3,0.6,3.3,41,18,168,66,1.4,46,15,5.6,5.6,2.6,50,5.3,3.5,2.3,occupational,woman,rotating_or_night,no,yes,no,yes,yes,no,no,72,5,6.5
T10_0411,1.6,1,85,7.8,6.9,1.8,5.9,47,17,78,146,2.1,23,27,5.4,6.7,0.7,7,6.1,1.5,5,occupational,woman,day,no,yes,no,yes,no,no,no,75,6.4,6.75
T10_0412,1.3,1,72,3.6,7.3,1.1,3.6,22,12,234,185,3.1,36,2,5.5,3.4,2.7,62,4.7,4.8,6.2,academic,woman,day,yes,yes,yes,yes,yes,no,yes,74,6.7,5.5
T10_0413,0,4,88,4.1,4.1,1.3,5.6,54,15,59,145,4,42,29,5.7,4.5,2.4,4,6.1,9.9,4,academic,woman,day,yes,yes,yes,no,no,no,no,76,8,7.25
T10_0414,2.2,1,65,8.4,6.6,2.1,3.6,27,15,205,211,2.4,62,30,3.9,4.6,1,12,2.4,3.5,6.5,occupational,woman,rotating_or_night,no,no,no,yes,yes,yes,no,87,5.8,6
T10_0415,2.2,2,67,5.4,2.1,1.4,6.8,19,16,123,110,0.8,17,25,3.8,7.8,2.7,2,8.4,2.9,7.6,academic,woman,day,no,no,no,yes,yes,no,no,75,5.8,5.75
T10_0416,1.3,1,68,4.1,7,1.2,4.6,45,15,77,80,3.1,52,16,3.9,5.2,2.8,37,1.8,7.5,5.3,occupational,man,day,no,no,no,yes,yes,yes,no,85,6.7,5.5
T10_0417,1.2,2,74,3.3,5.2,1.8,4.6,29,17,171,249,4.6,39,34,4.4,8,1.3,2,5.3,3,6.1,academic,woman,rotating_or_night,no,no,no,yes,no,no,yes,66,6.8,7.25
T10_0418,1.4,2,73,3.6,4.4,1.7,5.4,40,14,5,92,3.8,28,23,6.5,3.4,4.2,4,5.5,5.6,4.6,occupational,man,day,no,no,no,no,no,yes,no,62,6.6,6.25
T10_0419,0.9,3,84,6.1,3.2,1.1,4.6,55,15,46,174,2.4,57,54,2.8,5.9,0.6,23,5,1.7,4.5,academic,man,day,no,yes,yes,yes,yes,no,no,91,7.1,6
T10_0420,0.7,3,87,5.6,6.4,1.1,2.8,22,15,188,258,3.1,16,76,4.5,6.2,2.4,6,4.2,0.8,2.9,academic,man,rotating_or_night,yes,yes,no,no,yes,yes,no,80,7.3,8.25
T10_0421,0.6,2,91,4.5,5.2,1.6,6.9,19,16,47,70,1.9,43,53,7.3,6.6,1.6,23,6,6.7,2.3,academic,woman,day,no,no,no,yes,no,yes,no,75,7.4,6.75
T10_0422,2,3,93,4.1,4.6,1.5,8.2,45,16,52,108,3.3,43,19,3.6,3.4,1.2,38,4.4,4.1,4.8,occupational,woman,day,no,no,no,no,yes,no,no,67,6,6.75
T10_0423,3.3,4,64,5.3,6,1.8,6.3,34,19,110,67,1.5,37,48,4.6,7.9,3.2,7,5.4,6.9,7.2,academic,woman,rotating_or_night,no,no,no,yes,yes,yes,yes,79,4.7,4.5
T10_0424,1.8,3,77,6,5.2,0.9,6.9,23,15,216,84,2.6,37,24,4.6,6,0.9,22,5,5.3,4.4,occupational,woman,day,no,yes,no,yes,yes,no,no,86,6.2,6.5
T10_0425,2,1,70,6.7,5.6,0.6,4.5,38,20,171,77,3.6,39,33,3.5,4.9,2.4,23,5.9,3,3.8,academic,woman,day,no,no,yes,yes,no,yes,yes,82,6,3.75
T10_0426,0.9,1,67,5.8,3.7,1.2,3.8,35,12,195,92,2.9,45,15,2.5,3.7,1.3,34,3.4,6.1,3.8,academic,woman,day,no,yes,no,no,no,yes,yes,66,7.1,7.75
T10_0427,3,5,86,3.6,5.5,1.7,4.7,20,18,174,160,2.5,37,58,6.2,4.2,2.4,25,4.9,6.9,4.1,academic,woman,day,no,yes,no,yes,yes,no,no,63,5,4.75
T10_0428,3.2,1,78,7.4,7.2,1.1,2.4,32,13,105,212,2.5,42,14,4.1,5.7,1.6,9,6.5,5.5,3.8,academic,man,rotating_or_night,yes,yes,yes,yes,no,yes,no,67,4.8,7.5
T10_0429,1.7,3,76,8.1,5.9,1.8,7.3,31,17,6,172,3,19,35,4.1,3.8,1.5,9,6.7,7.9,4.8,occupational,man,day,no,no,yes,yes,yes,no,no,64,6.3,6.75
T10_0430,0.5,3,76,8.2,6,1.4,4.4,37,10,185,292,3.2,53,26,7,4.3,2,9,9,4.5,7.1,academic,man,day,yes,no,no,yes,yes,yes,yes,79,7.5,4.25
T10_0431,1.5,4,83,3.6,5,0.9,6.3,33,13,28,171,2.4,41,29,2.2,5.3,1.9,19,7.6,5.9,1.3,academic,man,day,yes,no,yes,no,yes,no,yes,71,6.5,6
T10_0432,2.1,1,60,7.2,8.7,1,5.2,27,16,27,96,1.7,35,55,3.5,8.8,2.3,32,3.8,1.8,4.9,academic,woman,day,yes,no,no,yes,no,yes,no,65,5.9,7
T10_0433,1.6,2,60,7.5,5.6,0.2,4,21,15,63,178,5.1,44,20,5.8,5.5,2.5,14,7.3,5.6,4.6,academic,man,rotating_or_night,no,no,yes,yes,yes,yes,yes,71,6.4,5.25
T10_0434,1.8,3,69,9.9,5.4,0.2,5.5,24,17,47,91,3.1,45,6,4.2,4.1,0.8,42,5.7,6.5,4.2,occupational,man,rotating_or_night,no,no,no,yes,no,no,no,79,6.2,5
T10_0435,1.1,2,68,4.9,4.8,0.5,4.7,37,17,136,190,3.7,27,20,3.7,3.7,2.9,2,4.1,7.5,6.9,academic,man,day,no,yes,no,no,yes,no,no,82,6.9,5
T10_0436,3.6,2,71,5.9,5.6,1.5,2.1,25,16,116,33,3.9,34,8,5,3.8,3.4,47,6.6,5.1,3.7,academic,man,day,yes,no,yes,yes,yes,no,no,84,4.4,4.25
T10_0437,0.9,1,74,3.8,7,1.5,4.2,30,16,149,11,3,35,20,5.6,7,3,22,3.9,5.1,7.5,academic,woman,rotating_or_night,yes,no,no,yes,yes,no,no,69,7.1,5.75
T10_0438,0.7,3,75,5,4.1,0.3,6.5,32,15,24,58,3.7,16,17,6.2,4.8,1.9,20,4.4,3.4,5.5,academic,woman,day,yes,no,no,yes,no,no,no,74,7.3,7.25
T10_0439,1.8,1,75,5.7,5.2,1.7,5.5,28,13,9,24,1.2,41,66,7.3,4.6,3.3,12,6.7,6.9,3.8,academic,woman,day,no,yes,no,yes,no,yes,no,72,6.2,5.25
T10_0440,0.5,1,83,4.8,6.1,0.8,5.2,39,15,98,133,3.2,48,46,7.8,4.9,3.5,8,6,1.8,4.5,occupational,man,rotating_or_night,no,no,no,no,yes,no,no,78,7.5,5.25
T10_0441,0.9,2,74,4.4,6.2,1.7,6.6,46,14,161,27,0.8,42,34,3.2,3,1.6,16,2.1,4.5,3.8,occupational,woman,day,yes,no,no,yes,yes,no,no,76,7.1,7.75
T10_0442,1.1,5,94,6,4.3,0.3,6.9,26,15,136,149,2.8,51,23,8.4,4,4.2,24,4.5,6.4,4.7,academic,nonbinary_or_self_described,rotating_or_night,no,no,no,yes,yes,no,no,68,6.9,6.5
T10_0443,1.7,1,84,7.1,6,2.2,6.8,52,15,218,81,4,36,28,4.5,6.2,1.9,15,6.4,4.1,3.1,occupational,man,day,no,no,no,yes,no,no,no,87,6.3,5.75
T10_0444,2.9,5,81,5.8,7.3,1.7,6,41,17,113,37,3.4,34,27,6,4.5,2.2,6,8.1,5.7,2.5,academic,nonbinary_or_self_described,day,no,no,yes,yes,yes,yes,no,80,5.1,4.75
T10_0445,2.6,1,61,3.8,5.8,2.4,6.6,26,15,2,261,2.6,26,45,6,0.6,0.9,1,4.6,6.3,6.2,academic,woman,day,no,no,no,yes,no,no,no,80,5.4,5.5
T10_0446,2.2,3,76,4.1,5.4,0.9,5.4,40,14,90,237,3.6,21,52,5.9,3.5,1,8,5.2,2.2,5.9,academic,man,day,no,no,no,yes,no,no,yes,79,5.8,7.25
T10_0447,2,0,79,6.6,8.2,2,8,35,18,223,63,3,44,37,6.9,7.2,3,13,4.8,6.3,7.1,academic,woman,day,no,no,no,yes,yes,no,no,83,6,5.5
T10_0448,0.8,2,75,5.4,4.6,2,8.8,22,14,91,165,0.5,41,39,7.6,1.2,3.8,20,4.3,5.3,9,occupational,man,rotating_or_night,no,yes,yes,no,yes,yes,yes,67,7.2,6.75
T10_0449,0.3,3,73,5.7,4.3,1.3,4.3,32,13,69,35,1,48,11,4.3,5.8,1.4,14,7.9,1.1,5,academic,woman,rotating_or_night,yes,no,no,yes,no,yes,no,82,7.7,7.25
T10_0450,0.7,3,84,6.2,3.1,1.4,7.9,36,18,185,166,1.5,31,32,6.3,3.5,0.5,62,5.4,3.6,4.5,occupational,man,rotating_or_night,yes,no,yes,yes,yes,no,no,92,7.3,4.5
