dataset,model,term,estimate,std_error,statistic,p_value
42053_armstrong_homesickness_F26.csv,simple,childhood_adolescent_move_history,-0.13355849371512082,0.049021115231429824,-2.7245094911567818,0.006675704753827565
42053_armstrong_homesickness_F26.csv,adjusted,childhood_adolescent_move_history,-0.21888398164128856,0.09624351686542985,-2.2742724785019828,0.023411368286856506
42053_armstrong_homesickness_F26.csv,adjusted,number_of_moves,0.020898838011654604,0.025135813319140488,0.8314367132787582,0.40616022166243115
42053_armstrong_homesickness_F26.csv,adjusted,age_at_first_move,0.0029071573609603827,0.007355278362329711,0.3952477687111721,0.6928440630262561
42053_armstrong_homesickness_F26.csv,adjusted,previous_transitions,0.027392263627888703,0.02595469552324744,1.0553875927133742,0.2918044938790088
42053_armstrong_homesickness_F26.csv,adjusted,age_years,0.008486465344528064,0.015285551729145678,0.5551952258515159,0.5790321904328722
42053_armstrong_homesickness_F26.csv,adjusted,first_generation_college,0.015536677851406434,0.05009665504422125,0.3101340366475949,0.7566000994707501
42053_armstrong_homesickness_F26.csv,adjusted,living_on_campus,0.02800621593687486,0.05081126629074091,0.5511812237983585,0.5817782297155865
42053_armstrong_homesickness_F26.csv,adjusted,distance_home_miles,2.888778871043992e-4,2.3555882434699474e-4,1.2263513706404892,0.22069659598019942
42053_armstrong_homesickness_F26.csv,adjusted,parental_attachment,0.048941728727055586,0.0407169040236863,1.2020002478229839,0.22998454803139273
42053_armstrong_homesickness_F26.csv,adjusted,perceived_social_support,-0.05153485912950802,0.041422387105339256,-1.2441305953336834,0.2140878410075491
42053_armstrong_homesickness_F26.csv,adjusted,friendship_quality,-0.02431615984998817,0.04123051000324899,-0.5897613162697246,0.5556415072545837
42053_armstrong_homesickness_F26.csv,adjusted,campus_belonging,-0.1348670351789648,0.041743564166154705,-3.230846188460202,0.0013231470081800053
42053_armstrong_homesickness_F26.csv,adjusted,ego_resiliency,-0.048352826221726035,0.0408867621544109,-1.1826034558353917,0.2375799009621272
42053_armstrong_homesickness_F26.csv,adjusted,emotion_regulation,-0.049535157208352484,0.04166448307328102,-1.188906079099271,0.2350926787557597
42053_armstrong_homesickness_F26.csv,adjusted,coping_self_efficacy,-0.019307522711335366,0.04105858778474633,-0.47024322445177474,0.638405095751862
42053_armstrong_homesickness_F26.csv,adjusted,depressive_symptoms,0.10564109696730017,0.04120596516983761,2.5637331034931923,0.01067340385535233
42053_armstrong_homesickness_F26.csv,adjusted,anxiety_symptoms,0.03972168603584366,0.04053718617030026,0.9798826654856947,0.32766134971882654
42053_armstrong_homesickness_F26.csv,adjusted,loneliness,0.022665622916798144,0.04186141156065315,0.5414443056693834,0.5884646506501171
42053_armstrong_homesickness_F26.csv,adjusted,academic_stress,0.025337428962064184,0.04022123702483386,0.6299515091099773,0.5290404544209787
42053_armstrong_homesickness_F26.csv,adjusted,financial_stress,0.07884637355205681,0.0416233735907344,1.894281187472235,0.05881742878169104
42053_armstrong_homesickness_F26.csv,adjusted,parent_contact_days_week,0.014822116819286357,0.017784414500281655,0.8334329375336825,0.4050350312015666
42053_armstrong_homesickness_F26.csv,interaction,childhood_adolescent_move_history,-0.24000309889544558,0.096127262957164,-2.496722485507521,0.01288574451334965
42053_armstrong_homesickness_F26.csv,interaction,number_of_moves,0.025856550697887226,0.02508570887077361,1.0307283254814334,0.30321341964282494
42053_armstrong_homesickness_F26.csv,interaction,age_at_first_move,0.003802546099138773,0.007325552402152241,0.5190797758844218,0.6039563878193629
42053_armstrong_homesickness_F26.csv,interaction,previous_transitions,0.03062600058348395,0.02585135616254789,1.1846960906388855,0.23675336243954245
42053_armstrong_homesickness_F26.csv,interaction,age_years,0.007211472895291127,0.015213542445578323,0.47401668093331384,0.6357143978386495
42053_armstrong_homesickness_F26.csv,interaction,first_generation_college,0.019815132526501973,0.04986208818758623,0.39739877022308884,0.6912589643319529
42053_armstrong_homesickness_F26.csv,interaction,living_on_campus,0.02689742072349834,0.05054383567682429,0.532160259768958,0.5948736184572905
42053_armstrong_homesickness_F26.csv,interaction,distance_home_miles,2.8736075355694147e-4,2.343102994476303e-4,1.226411106273919,0.22067552653946454
42053_armstrong_homesickness_F26.csv,interaction,parental_attachment,0.04726658356153629,0.04050682352350678,1.1668795390511604,0.24386753747544776
42053_armstrong_homesickness_F26.csv,interaction,perceived_social_support,-0.04750110515143162,0.0412361597023327,-1.1519284408228858,0.24995273263235185
42053_armstrong_homesickness_F26.csv,interaction,friendship_quality,-0.0155859806320242,0.04116909523036288,-0.37858448296743924,0.7051722553776756
42053_armstrong_homesickness_F26.csv,interaction,campus_belonging,-0.13629006682998515,0.04152629925961959,-3.282018124897404,0.00110964998856877
42053_armstrong_homesickness_F26.csv,interaction,ego_resiliency,-0.037383001376601006,0.04092000828131136,-0.9135628986095357,0.3614282837970755
42053_armstrong_homesickness_F26.csv,interaction,emotion_regulation,-0.047379368397161406,0.04145300952634757,-1.1429657083654454,0.2536512368707452
42053_armstrong_homesickness_F26.csv,interaction,coping_self_efficacy,-0.022199220218900265,0.040858176802136784,-0.5433238082649664,0.5871717882734162
42053_armstrong_homesickness_F26.csv,interaction,depressive_symptoms,0.10355193059621869,0.040996444391322634,2.525875893230795,0.011877901171060835
42053_armstrong_homesickness_F26.csv,interaction,anxiety_symptoms,0.03795956078662421,0.040328713455041104,0.9412539487266794,0.34707200537891414
42053_armstrong_homesickness_F26.csv,interaction,loneliness,0.016312774650800076,0.04172148400171445,0.39099219601416235,0.695985218811922
42053_armstrong_homesickness_F26.csv,interaction,academic_stress,0.01998931201525834,0.04006848051379544,0.4988787136157082,0.6181048736320507
42053_armstrong_homesickness_F26.csv,interaction,financial_stress,0.08141835011097044,0.04141615575008391,1.965859666026717,0.04991981462360682
42053_armstrong_homesickness_F26.csv,interaction,parent_contact_days_week,0.014434189720934814,0.017690810704178668,0.8159145424310813,0.4149740717040199
42053_armstrong_homesickness_F26.csv,interaction,childhood_adolescent_move_history:perceived_social_support,0.19294984784515123,0.07945498071994041,2.4284172760075644,0.015549769865050914
42053_armstrong_homesickness_F26.csv,raw_interaction,childhood_adolescent_move_history,-0.8188727413733905,0.2649685704768026,-3.0904523502536727,0.002120554768124168
42053_armstrong_homesickness_F26.csv,raw_interaction,number_of_moves,0.025856550697886803,0.025085708870773604,1.0307283254814168,0.3032134196428328
42053_armstrong_homesickness_F26.csv,raw_interaction,age_at_first_move,0.003802546099138765,0.00732555240215224,0.5190797758844208,0.6039563878193636
42053_armstrong_homesickness_F26.csv,raw_interaction,previous_transitions,0.03062600058348407,0.025851356162547953,1.1846960906388875,0.23675336243954162
42053_armstrong_homesickness_F26.csv,raw_interaction,age_years,0.007211472895291075,0.015213542445578324,0.47401668093331034,0.6357143978386519
42053_armstrong_homesickness_F26.csv,raw_interaction,first_generation_college,0.01981513252650213,0.04986208818758623,0.397398770223092,0.6912589643319504
42053_armstrong_homesickness_F26.csv,raw_interaction,living_on_campus,0.02689742072349865,0.0505438356768243,0.5321602597689641,0.5948736184572863
42053_armstrong_homesickness_F26.csv,raw_interaction,distance_home_miles,2.873607535569428e-4,2.3431029944763026e-4,1.226411106273925,0.22067552653946226
42053_armstrong_homesickness_F26.csv,raw_interaction,parental_attachment,0.047266583561536075,0.04050682352350677,1.1668795390511553,0.2438675374754499
42053_armstrong_homesickness_F26.csv,raw_interaction,perceived_social_support,-0.14035821942691207,0.05509548808383278,-2.547544713885542,0.01117487353596936
42053_armstrong_homesickness_F26.csv,raw_interaction,friendship_quality,-0.015585980632023912,0.04116909523036287,-0.37858448296743236,0.7051722553776809
42053_armstrong_homesickness_F26.csv,raw_interaction,campus_belonging,-0.13629006682998498,0.041526299259619585,-3.2820181248974007,0.001109649988568783
42053_armstrong_homesickness_F26.csv,raw_interaction,ego_resiliency,-0.03738300137660064,0.04092000828131137,-0.9135628986095263,0.36142828379708036
42053_armstrong_homesickness_F26.csv,raw_interaction,emotion_regulation,-0.04737936839716125,0.041453009526347555,-1.142965708365442,0.25365123687074664
42053_armstrong_homesickness_F26.csv,raw_interaction,coping_self_efficacy,-0.02219922021890045,0.04085817680213677,-0.5433238082649711,0.587171788273413
42053_armstrong_homesickness_F26.csv,raw_interaction,depressive_symptoms,0.10355193059621864,0.04099644439132263,2.5258758932307948,0.011877901171060851
42053_armstrong_homesickness_F26.csv,raw_interaction,anxiety_symptoms,0.037959560786624096,0.04032871345504111,0.9412539487266766,0.3470720053789157
42053_armstrong_homesickness_F26.csv,raw_interaction,loneliness,0.016312774650799906,0.04172148400171445,0.3909921960141583,0.6959852188119249
42053_armstrong_homesickness_F26.csv,raw_interaction,academic_stress,0.01998931201525834,0.04006848051379543,0.49887871361570824,0.6181048736320507
42053_armstrong_homesickness_F26.csv,raw_interaction,financial_stress,0.0814183501109703,0.0414161557500839,1.9658596660267138,0.04991981462360719
42053_armstrong_homesickness_F26.csv,raw_interaction,parent_contact_days_week,0.014434189720934854,0.01769081070417867,0.8159145424310834,0.4149740717040188
42053_armstrong_homesickness_F26.csv,raw_interaction,childhood_adolescent_move_history:perceived_social_support,0.19294984784515318,0.07945498071994028,2.428417276007593,0.015549769865049712
42053_kerr_pain_catastrophizing_F26.csv,simple,pain_catastrophizing_score_0_52,0.0209160465824347,0.006117267657293687,3.419181202165686,6.708462474606054e-4
42053_kerr_pain_catastrophizing_F26.csv,adjusted,pain_catastrophizing_score_0_52,0.015916584319725546,0.007819349243290875,2.035538230164387,0.042253917245924436
42053_kerr_pain_catastrophizing_F26.csv,adjusted,chronic_pain_group,0.09719051888108386,0.14244712654316843,0.6822918878018251,0.49532868081514103
42053_kerr_pain_catastrophizing_F26.csv,adjusted,pain_duration_months,0.003645948216055625,0.007144752711098488,0.5102973277706444,0.6100386655271063
42053_kerr_pain_catastrophizing_F26.csv,adjusted,pain_locations,0.028114548615555193,0.04853612834442837,0.579249923192165,0.562647009649831
42053_kerr_pain_catastrophizing_F26.csv,adjusted,catastrophizing_rumination,0.03729078016893033,0.0786877269859169,0.4739084682876204,0.6357447607835497
42053_kerr_pain_catastrophizing_F26.csv,adjusted,catastrophizing_magnification,0.03126932231403425,0.08608797289424285,0.3632252132646673,0.7165699146762368
42053_kerr_pain_catastrophizing_F26.csv,adjusted,catastrophizing_helplessness,0.04186614142780412,0.08011875082605342,0.5225511006618175,0.601487596226278
42053_kerr_pain_catastrophizing_F26.csv,adjusted,fear_of_pain,0.07213183690501145,0.08541748321316886,0.8444622130225776,0.3987617667309249
42053_kerr_pain_catastrophizing_F26.csv,adjusted,pain_vigilance,0.0882641360213112,0.08583742238151211,1.028271045104469,0.3042539466774969
42053_kerr_pain_catastrophizing_F26.csv,adjusted,pain_disability,0.2775701702926845,0.08392834057825704,3.3072281470151386,0.0010009445807948236
42053_kerr_pain_catastrophizing_F26.csv,adjusted,depressive_symptoms,0.027496515755620444,0.08717822569852196,0.315405774037067,0.7525678214362866
42053_kerr_pain_catastrophizing_F26.csv,adjusted,anxiety_symptoms,0.04331690681178481,0.08616355628135869,0.5027288645136428,0.6153470685174789
42053_kerr_pain_catastrophizing_F26.csv,adjusted,sleep_quality,-0.2249603820646028,0.08612881598389976,-2.6119061256647846,0.009238698365450618
42053_kerr_pain_catastrophizing_F26.csv,adjusted,social_support,-0.17201725530402356,0.08750434105833658,-1.9658139610393122,0.04980003582435261
42053_kerr_pain_catastrophizing_F26.csv,adjusted,pain_self_efficacy,-0.09446415372732099,0.08573491289500683,-1.1018166408240737,0.27100157542743886
42053_kerr_pain_catastrophizing_F26.csv,adjusted,analgesic_use_days_week,0.01676293927482656,0.034801560203555695,0.48167206230926046,0.6302218735322842
42053_kerr_pain_catastrophizing_F26.csv,adjusted,physical_activity_days_week,-0.038514612211921935,0.037657943222329585,-1.0227486930057397,0.3068560255670689
42053_kerr_pain_catastrophizing_F26.csv,adjusted,injury_severity,0.05761700381552689,0.06254651733287478,0.9211864428659897,0.35733875006456095
42053_kerr_pain_catastrophizing_F26.csv,adjusted,pain_diagnosis_group2,0.18772549388526993,0.1283023343273797,1.4631494810239734,0.1439719289811403
42053_kerr_pain_catastrophizing_F26.csv,adjusted,pain_diagnosis_group3,0.11284921988366313,0.13826929108836739,0.8161553371351388,0.41474868498982465
42053_kerr_pain_catastrophizing_F26.csv,adjusted,pain_diagnosis_group4,0.05647389402405019,0.1295084347484406,0.43606344354131105,0.662954082821124
42053_kerr_pain_catastrophizing_F26.csv,adjusted,age_years,0.004627418538672791,0.0038708805693229782,1.1954433767203858,0.23240577809282995
42053_kerr_pain_catastrophizing_F26.csv,adjusted,work_limitation,0.028212798085187164,0.08257916573361693,0.34164547237248355,0.732742315158184
42053_kerr_pain_catastrophizing_F26.csv,interaction,pain_catastrophizing_score_0_52,0.014735499917699672,0.007810067926694101,1.8867313390879834,0.05970002821658314
42053_kerr_pain_catastrophizing_F26.csv,interaction,chronic_pain_group,0.0932537957258919,0.1419641454339122,0.6568827321917268,0.5115191401368475
42053_kerr_pain_catastrophizing_F26.csv,interaction,pain_duration_months,0.0028814693040796206,0.007128161020462667,0.40423740370171846,0.6861884614962122
42053_kerr_pain_catastrophizing_F26.csv,interaction,pain_locations,0.02501489002170965,0.04838765427632111,0.5169684374212554,0.6053769788543587
42053_kerr_pain_catastrophizing_F26.csv,interaction,catastrophizing_rumination,0.04036103897019942,0.07842690045970693,0.5146325907771345,0.6070075371975945
42053_kerr_pain_catastrophizing_F26.csv,interaction,catastrophizing_magnification,0.03188060942444629,0.08578993915755734,0.37161244940267435,0.7103183138849033
42053_kerr_pain_catastrophizing_F26.csv,interaction,catastrophizing_helplessness,0.03778490164899925,0.0798617757458056,0.4731287439596376,0.6363008856550965
42053_kerr_pain_catastrophizing_F26.csv,interaction,fear_of_pain,0.05849725743817627,0.08533881081857761,0.6854707357304991,0.49332317472066856
42053_kerr_pain_catastrophizing_F26.csv,interaction,pain_vigilance,0.09182969374310512,0.085554640012379,1.0733455687478572,0.28356633496207984
42053_kerr_pain_catastrophizing_F26.csv,interaction,pain_disability,0.27211797185061104,0.08367278927235589,3.252168049099737,0.0012123650758437022
42053_kerr_pain_catastrophizing_F26.csv,interaction,depressive_symptoms,0.03029894651898834,0.08688499053716442,0.34872474902357486,0.7274236135380999
42053_kerr_pain_catastrophizing_F26.csv,interaction,anxiety_symptoms,0.03411527581573394,0.08596308620247158,0.39685959779737495,0.691618251160504
42053_kerr_pain_catastrophizing_F26.csv,interaction,sleep_quality,-0.22222415855810831,0.08583890301282772,-2.5888513338165478,0.00987334631595822
42053_kerr_pain_catastrophizing_F26.csv,interaction,social_support,-0.17049584093282072,0.0872036090172128,-1.9551466143926126,0.0510498125437034
42053_kerr_pain_catastrophizing_F26.csv,interaction,pain_self_efficacy,-0.09364186074654297,0.08543845800989402,-1.096015341659127,0.2735308900441223
42053_kerr_pain_catastrophizing_F26.csv,interaction,analgesic_use_days_week,0.017686837849114668,0.03468335666732925,0.5099517332985009,0.610280955053917
42053_kerr_pain_catastrophizing_F26.csv,interaction,physical_activity_days_week,-0.03811932330950332,0.0375277978259979,-1.0157623286676214,0.31016978965496866
42053_kerr_pain_catastrophizing_F26.csv,interaction,injury_severity,0.05238682008655568,0.062373409707295886,0.8398902726722015,0.4013189885535219
42053_kerr_pain_catastrophizing_F26.csv,interaction,pain_diagnosis_group2,0.18271533183639938,0.12787708151265184,1.428835641813752,0.15359447439642485
42053_kerr_pain_catastrophizing_F26.csv,interaction,pain_diagnosis_group3,0.09819220412745244,0.1379452700069025,0.711820014724239,0.47686492911127754
42053_kerr_pain_catastrophizing_F26.csv,interaction,pain_diagnosis_group4,0.05508278174481868,0.12906092249036566,0.426796745923853,0.6696871277647826
42053_kerr_pain_catastrophizing_F26.csv,interaction,age_years,0.004233001202290796,0.003861478969374996,1.0962124190918314,0.2734447287684619
42053_kerr_pain_catastrophizing_F26.csv,interaction,work_limitation,0.03261861518460293,0.08231637749882854,0.3962591184854694,0.6920608865583151
42053_kerr_pain_catastrophizing_F26.csv,interaction,pain_catastrophizing_score_0_52:fear_of_pain,0.02138240231191048,0.009548318152671292,2.2393893846036557,0.025512105080961033
42053_kerr_pain_catastrophizing_F26.csv,raw_interaction,pain_catastrophizing_score_0_52,-0.04941919085884098,0.030198361673179474,-1.6364858264060196,0.10228512952694659
42053_kerr_pain_catastrophizing_F26.csv,raw_interaction,chronic_pain_group,0.09325379572589175,0.14196414543391225,0.6568827321917254,0.5115191401368482
42053_kerr_pain_catastrophizing_F26.csv,raw_interaction,pain_duration_months,0.002881469304079621,0.007128161020462667,0.4042374037017185,0.6861884614962122
42053_kerr_pain_catastrophizing_F26.csv,raw_interaction,pain_locations,0.025014890021709736,0.04838765427632112,0.5169684374212571,0.6053769788543576
42053_kerr_pain_catastrophizing_F26.csv,raw_interaction,catastrophizing_rumination,0.04036103897019942,0.07842690045970693,0.5146325907771345,0.6070075371975945
42053_kerr_pain_catastrophizing_F26.csv,raw_interaction,catastrophizing_magnification,0.031880609424446274,0.08578993915755732,0.37161244940267424,0.7103183138849033
42053_kerr_pain_catastrophizing_F26.csv,raw_interaction,catastrophizing_helplessness,0.03778490164899922,0.07986177574580561,0.4731287439596371,0.6363008856550968
42053_kerr_pain_catastrophizing_F26.csv,raw_interaction,fear_of_pain,-0.41188672718073277,0.23229625887268757,-1.7731096022793533,0.07673985128288377
42053_kerr_pain_catastrophizing_F26.csv,raw_interaction,pain_vigilance,0.09182969374310516,0.085554640012379,1.0733455687478577,0.2835663349620795
42053_kerr_pain_catastrophizing_F26.csv,raw_interaction,pain_disability,0.27211797185061104,0.08367278927235589,3.252168049099737,0.0012123650758437022
42053_kerr_pain_catastrophizing_F26.csv,raw_interaction,depressive_symptoms,0.030298946518988325,0.08688499053716443,0.34872474902357464,0.7274236135381003
42053_kerr_pain_catastrophizing_F26.csv,raw_interaction,anxiety_symptoms,0.03411527581573394,0.08596308620247159,0.39685959779737484,0.691618251160504
42053_kerr_pain_catastrophizing_F26.csv,raw_interaction,sleep_quality,-0.22222415855810834,0.08583890301282772,-2.588851333816548,0.009873346315958207
42053_kerr_pain_catastrophizing_F26.csv,raw_interaction,social_support,-0.17049584093282064,0.0872036090172128,-1.9551466143926117,0.05104981254370352
42053_kerr_pain_catastrophizing_F26.csv,raw_interaction,pain_self_efficacy,-0.09364186074654306,0.08543845800989402,-1.096015341659128,0.2735308900441218
42053_kerr_pain_catastrophizing_F26.csv,raw_interaction,analgesic_use_days_week,0.017686837849114716,0.03468335666732925,0.5099517332985022,0.610280955053916
42053_kerr_pain_catastrophizing_F26.csv,raw_interaction,physical_activity_days_week,-0.038119323309503406,0.03752779782599789,-1.0157623286676238,0.31016978965496755
42053_kerr_pain_catastrophizing_F26.csv,raw_interaction,injury_severity,0.052386820086555694,0.062373409707295886,0.8398902726722017,0.40131898855352166
42053_kerr_pain_catastrophizing_F26.csv,raw_interaction,pain_diagnosis_group2,0.1827153318363991,0.1278770815126518,1.4288356418137502,0.15359447439642543
42053_kerr_pain_catastrophizing_F26.csv,raw_interaction,pain_diagnosis_group3,0.09819220412745241,0.1379452700069025,0.7118200147242387,0.47686492911127754
42053_kerr_pain_catastrophizing_F26.csv,raw_interaction,pain_diagnosis_group4,0.05508278174481848,0.12906092249036563,0.4267967459238516,0.6696871277647837
42053_kerr_pain_catastrophizing_F26.csv,raw_interaction,age_years,0.004233001202290797,0.0038614789693749967,1.0962124190918314,0.2734447287684619
42053_kerr_pain_catastrophizing_F26.csv,raw_interaction,work_limitation,0.03261861518460298,0.08231637749882856,0.39625911848547,0.6920608865583144
42053_kerr_pain_catastrophizing_F26.csv,raw_interaction,pain_catastrophizing_score_0_52:fear_of_pain,0.02138240231191049,0.009548318152671289,2.2393893846036574,0.0255121050809609
42053_reyes_gym_culture_body_dysmorphia_F26.csv,simple,gym_content_hours_week,0.01687881312410303,0.005134093681705624,3.2875935209845313,0.0010697243779026785
42053_reyes_gym_culture_body_dysmorphia_F26.csv,adjusted,gym_content_hours_week,0.010856972526598646,0.006023459749045124,1.8024479251014769,0.071995773838143
42053_reyes_gym_culture_body_dysmorphia_F26.csv,adjusted,total_social_media_hours_day,0.00693508092190489,0.015248031543937758,0.4548181122213186,0.6494108704162799
42053_reyes_gym_culture_body_dysmorphia_F26.csv,adjusted,appearance_comparison,0.03733963505083895,0.04211506040430523,0.8866100319547894,0.375657629610999
42053_reyes_gym_culture_body_dysmorphia_F26.csv,adjusted,internalized_appearance_ideal,0.1385083662223301,0.04248929220368087,3.2598416927813885,0.0011802735415138244
42053_reyes_gym_culture_body_dysmorphia_F26.csv,adjusted,muscularity_ideal,0.021188344492589505,0.04355576306120918,0.48646477534588006,0.6268220682236024
42053_reyes_gym_culture_body_dysmorphia_F26.csv,adjusted,self_esteem,-0.1143943845467133,0.04280367632250731,-2.6725364355341994,0.0077405069922845855
42053_reyes_gym_culture_body_dysmorphia_F26.csv,adjusted,depressive_symptoms,0.03676422189725382,0.04279013590908252,0.8591751607278805,0.39060006352315757
42053_reyes_gym_culture_body_dysmorphia_F26.csv,adjusted,anxiety_symptoms,0.021747299625588898,0.043409402167069754,0.500981320633951,0.6165749944112973
42053_reyes_gym_culture_body_dysmorphia_F26.csv,adjusted,stress_level,0.04005263178968039,0.04295866610892666,0.9323527804173974,0.3515435230810994
42053_reyes_gym_culture_body_dysmorphia_F26.csv,adjusted,eating_concerns,0.06586947523814607,0.04249969774962937,1.5498810280061464,0.1217174150569557
42053_reyes_gym_culture_body_dysmorphia_F26.csv,adjusted,resistance_training_days_week,0.019558789712984623,0.016597156492197583,1.1784422061802768,0.23910527625987205
42053_reyes_gym_culture_body_dysmorphia_F26.csv,adjusted,exercise_minutes_week,6.034046130965468e-5,2.5713732973858485e-4,0.23466239371389205,0.814553881835085
42053_reyes_gym_culture_body_dysmorphia_F26.csv,adjusted,bmi,0.007199964329479898,0.006227736465660605,1.15611255697477,0.24811275579050374
42053_reyes_gym_culture_body_dysmorphia_F26.csv,adjusted,age_years,0.0028731094680340945,0.011031198898294637,0.2604530563290144,0.7946070807638881
42053_reyes_gym_culture_body_dysmorphia_F26.csv,adjusted,gender_woman,0.04084628751655887,0.04901680967847786,0.8333118329097114,0.405013096084913
42053_reyes_gym_culture_body_dysmorphia_F26.csv,adjusted,peer_appearance_pressure,0.035663209351591826,0.042671592716082486,0.8357599771088631,0.4036352950872698
42053_reyes_gym_culture_body_dysmorphia_F26.csv,adjusted,family_appearance_pressure,0.03174915303462981,0.0428102254732596,0.7416254570876103,0.4586155188707466
42053_reyes_gym_culture_body_dysmorphia_F26.csv,adjusted,fitness_influencer_following,0.005178243651471632,0.0035970268025735104,1.4395899546166384,0.15052479663879748
42053_reyes_gym_culture_body_dysmorphia_F26.csv,adjusted,photo_editing_frequency,0.06768631510205629,0.04314133811929486,1.5689433395619166,0.11720839808025356
42053_reyes_gym_culture_body_dysmorphia_F26.csv,adjusted,sleep_quality,-0.0780625987062455,0.04358446518844866,-1.791064737601385,0.07380602419007502
42053_reyes_gym_culture_body_dysmorphia_F26.csv,adjusted,body_appreciation,-0.029048245064638264,0.042991826821140965,-0.6756690099606089,0.49952104518697016
42053_reyes_gym_culture_body_dysmorphia_F26.csv,interaction,gym_content_hours_week,0.011289401723155222,0.006007300049907683,1.8792804803097378,0.060709966532263744
42053_reyes_gym_culture_body_dysmorphia_F26.csv,interaction,total_social_media_hours_day,0.007058271316498692,0.01519893012065224,0.46439264214445886,0.6425416303206443
42053_reyes_gym_culture_body_dysmorphia_F26.csv,interaction,appearance_comparison,0.038023892496677314,0.04198032625966018,0.9057550496746689,0.3654435762953093
42053_reyes_gym_culture_body_dysmorphia_F26.csv,interaction,internalized_appearance_ideal,0.14004260775297195,0.04235802773778625,3.306164503689684,0.0010045764973303118
42053_reyes_gym_culture_body_dysmorphia_F26.csv,interaction,muscularity_ideal,0.019439640710658176,0.04342262104497117,0.44768464553360965,0.6545488310469658
42053_reyes_gym_culture_body_dysmorphia_F26.csv,interaction,self_esteem,-0.11172944788948222,0.04268306860329554,-2.6176526558555735,0.009085996530178577
42053_reyes_gym_culture_body_dysmorphia_F26.csv,interaction,depressive_symptoms,0.03346128286230939,0.042678972001707914,0.7840227000071686,0.4333485180349921
42053_reyes_gym_culture_body_dysmorphia_F26.csv,interaction,anxiety_symptoms,0.019685515937007143,0.043279659936534806,0.4548445150880099,0.649392181260595
42053_reyes_gym_culture_body_dysmorphia_F26.csv,interaction,stress_level,0.04302516181156148,0.042841757059972466,1.0042809810842321,0.31566416658060714
42053_reyes_gym_culture_body_dysmorphia_F26.csv,interaction,eating_concerns,0.06594348092911294,0.042362561605992,1.556645264808196,0.12010302737621543
42053_reyes_gym_culture_body_dysmorphia_F26.csv,interaction,resistance_training_days_week,0.01900547858349133,0.01654554463450038,1.1486765170523037,0.2511653523839826
42053_reyes_gym_culture_body_dysmorphia_F26.csv,interaction,exercise_minutes_week,9.095594187323899e-5,2.566922934848678e-4,0.35433842067643107,0.7232147333149548
42053_reyes_gym_culture_body_dysmorphia_F26.csv,interaction,bmi,0.006986532077783817,0.006208411709705794,1.1253332421336628,0.2609157203350039
42053_reyes_gym_culture_body_dysmorphia_F26.csv,interaction,age_years,0.004828528832792219,0.011032154869480835,0.43767776014002296,0.6617836760548187
42053_reyes_gym_culture_body_dysmorphia_F26.csv,interaction,gender_woman,0.040900318023873436,0.04885863499746653,0.8371154459389675,0.40287425642523167
42053_reyes_gym_culture_body_dysmorphia_F26.csv,interaction,peer_appearance_pressure,0.0287663953616224,0.04265147628775827,0.6744525129105289,0.5002937938152805
42053_reyes_gym_culture_body_dysmorphia_F26.csv,interaction,family_appearance_pressure,0.03343581480739008,0.04267909265956755,0.7834237497524361,0.43369975961217977
42053_reyes_gym_culture_body_dysmorphia_F26.csv,interaction,fitness_influencer_following,0.005161732725314087,0.003585426929328033,1.4396424267057868,0.15051088636997523
42053_reyes_gym_culture_body_dysmorphia_F26.csv,interaction,photo_editing_frequency,0.0644951730208593,0.04302704518283434,1.4989449716289067,0.13443480546945807
42053_reyes_gym_culture_body_dysmorphia_F26.csv,interaction,sleep_quality,-0.08496769950537825,0.043559223030411945,-1.9506247723026637,0.05158543095903721
42053_reyes_gym_culture_body_dysmorphia_F26.csv,interaction,body_appreciation,-0.03541563925520143,0.04295259247411228,-0.8245285607975023,0.4099800087169747
42053_reyes_gym_culture_body_dysmorphia_F26.csv,interaction,gym_content_hours_week:appearance_comparison,0.019613435463476867,0.009000553924096459,2.1791364874741093,0.029725307295505665
42053_reyes_gym_culture_body_dysmorphia_F26.csv,raw_interaction,gym_content_hours_week,-0.047551885339048534,0.027467891508304802,-1.7311807615328398,0.08395408203719881
42053_reyes_gym_culture_body_dysmorphia_F26.csv,raw_interaction,total_social_media_hours_day,0.007058271316498674,0.01519893012065224,0.4643926421444577,0.6425416303206453
42053_reyes_gym_culture_body_dysmorphia_F26.csv,raw_interaction,appearance_comparison,-0.06557558118377146,0.06318772049493364,-1.0377899482705548,0.29980255774377024
42053_reyes_gym_culture_body_dysmorphia_F26.csv,raw_interaction,internalized_appearance_ideal,0.14004260775297203,0.04235802773778626,3.306164503689685,0.0010045764973303083
42053_reyes_gym_culture_body_dysmorphia_F26.csv,raw_interaction,muscularity_ideal,0.01943964071065815,0.04342262104497117,0.4476846455336091,0.6545488310469663
42053_reyes_gym_culture_body_dysmorphia_F26.csv,raw_interaction,self_esteem,-0.11172944788948219,0.04268306860329554,-2.6176526558555726,0.009085996530178593
42053_reyes_gym_culture_body_dysmorphia_F26.csv,raw_interaction,depressive_symptoms,0.03346128286230942,0.04267897200170792,0.7840227000071691,0.43334851803499197
42053_reyes_gym_culture_body_dysmorphia_F26.csv,raw_interaction,anxiety_symptoms,0.019685515937007205,0.043279659936534806,0.4548445150880113,0.6493921812605938
42053_reyes_gym_culture_body_dysmorphia_F26.csv,raw_interaction,stress_level,0.043025161811561484,0.042841757059972466,1.0042809810842324,0.315664166580607
42053_reyes_gym_culture_body_dysmorphia_F26.csv,raw_interaction,eating_concerns,0.0659434809291129,0.042362561605992,1.5566452648081952,0.12010302737621564
42053_reyes_gym_culture_body_dysmorphia_F26.csv,raw_interaction,resistance_training_days_week,0.019005478583491296,0.01654554463450038,1.1486765170523017,0.2511653523839833
42053_reyes_gym_culture_body_dysmorphia_F26.csv,raw_interaction,exercise_minutes_week,9.095594187323903e-5,2.566922934848678e-4,0.35433842067643123,0.7232147333149546
42053_reyes_gym_culture_body_dysmorphia_F26.csv,raw_interaction,bmi,0.00698653207778382,0.006208411709705794,1.1253332421336633,0.2609157203350037
42053_reyes_gym_culture_body_dysmorphia_F26.csv,raw_interaction,age_years,0.004828528832792204,0.011032154869480832,0.4376777601400217,0.6617836760548196
42053_reyes_gym_culture_body_dysmorphia_F26.csv,raw_interaction,gender_woman,0.040900318023873485,0.048858634997466524,0.8371154459389686,0.4028742564252311
42053_reyes_gym_culture_body_dysmorphia_F26.csv,raw_interaction,peer_appearance_pressure,0.02876639536162242,0.042651476287758276,0.6744525129105292,0.5002937938152803
42053_reyes_gym_culture_body_dysmorphia_F26.csv,raw_interaction,family_appearance_pressure,0.03343581480739013,0.04267909265956754,0.7834237497524373,0.433699759612179
42053_reyes_gym_culture_body_dysmorphia_F26.csv,raw_interaction,fitness_influencer_following,0.005161732725314082,0.003585426929328034,1.439642426705785,0.15051088636997573
42053_reyes_gym_culture_body_dysmorphia_F26.csv,raw_interaction,photo_editing_frequency,0.06449517302085928,0.04302704518283434,1.498944971628906,0.13443480546945819
42053_reyes_gym_culture_body_dysmorphia_F26.csv,raw_interaction,sleep_quality,-0.08496769950537833,0.04355922303041195,-1.9506247723026653,0.05158543095903705
42053_reyes_gym_culture_body_dysmorphia_F26.csv,raw_interaction,body_appreciation,-0.035415639255201393,0.04295259247411228,-0.8245285607975015,0.40998000871697515
42053_reyes_gym_culture_body_dysmorphia_F26.csv,raw_interaction,gym_content_hours_week:appearance_comparison,0.019613435463476877,0.009000553924096459,2.17913648747411,0.029725307295505606
42053_munoz_procrastination_test_anxiety_F26.csv,simple,academic_procrastination_score_0_100,0.005138655677175404,0.0016468900670692707,3.120217784979369,0.0019164587508776504
42053_munoz_procrastination_test_anxiety_F26.csv,adjusted,academic_procrastination_score_0_100,0.006491040993563984,0.002270602221887312,2.8587310146154383,0.004447427426558998
42053_munoz_procrastination_test_anxiety_F26.csv,adjusted,time_management,-0.1941890751939073,0.0566878889190644,-3.425583116548209,6.687340189767998e-4
42053_munoz_procrastination_test_anxiety_F26.csv,adjusted,fear_of_failure,0.14347029971759667,0.058843440308848347,2.438169810680204,0.015141011959349152
42053_munoz_procrastination_test_anxiety_F26.csv,adjusted,academic_self_efficacy,-0.04616198353942,0.0485476718776121,-0.950858851806398,0.3421775302484227
42053_munoz_procrastination_test_anxiety_F26.csv,adjusted,perfectionism,0.03898318225301751,0.0482791769050991,0.8074533318918331,0.4198244920794725
42053_munoz_procrastination_test_anxiety_F26.csv,adjusted,study_hours_week,-0.014116330957007739,0.010377735384110923,-1.3602515803805213,0.17441943739935728
42053_munoz_procrastination_test_anxiety_F26.csv,adjusted,work_hours_week,0.007531658189004442,0.004783577010727913,1.5744824787211602,0.11606643425373872
42053_munoz_procrastination_test_anxiety_F26.csv,adjusted,course_load_units,0.015461077156059277,0.010549662739728807,1.465551794166334,0.1434565926994547
42053_munoz_procrastination_test_anxiety_F26.csv,adjusted,year_in_school,0.016688177148071956,0.027637399859787987,0.6038258748194691,0.5462583641749322
42053_munoz_procrastination_test_anxiety_F26.csv,adjusted,age_years,0.012153422953234674,0.013591040037074252,0.8942231735085776,0.3716721605730944
42053_munoz_procrastination_test_anxiety_F26.csv,adjusted,first_generation_college,0.013021279211384983,0.05603527327944192,0.23237647376946402,0.8163494201005338
42053_munoz_procrastination_test_anxiety_F26.csv,adjusted,prior_exam_failure,0.012050505918509717,0.030542628242201844,0.3945471169982386,0.6933608055651455
42053_munoz_procrastination_test_anxiety_F26.csv,adjusted,gpa_0_4,-0.1134190389824546,0.058241799855116655,-1.9473821081181872,0.05209968296539356
42053_munoz_procrastination_test_anxiety_F26.csv,adjusted,test_preparation_hours_week,-0.013071944270818873,0.011490907733345433,-1.1375902212568842,0.25588640180312583
42053_munoz_procrastination_test_anxiety_F26.csv,adjusted,sleep_quality,-0.06795947585495635,0.048564562282998304,-1.3993635000546045,0.1623809071126976
42053_munoz_procrastination_test_anxiety_F26.csv,adjusted,general_anxiety,0.04434661162119519,0.04901406573091446,0.9047731699030348,0.3660612480484947
42053_munoz_procrastination_test_anxiety_F26.csv,adjusted,depressive_symptoms,0.04632594408434648,0.04850462731285549,0.9550829817852949,0.34003955677586695
42053_munoz_procrastination_test_anxiety_F26.csv,adjusted,academic_stress,0.037951229803914716,0.04890526153646252,0.7760152713960898,0.43814050413353545
42053_munoz_procrastination_test_anxiety_F26.csv,adjusted,social_support,-0.07558280723166202,0.04736962513967337,-1.5955964821085176,0.11126867098359297
42053_munoz_procrastination_test_anxiety_F26.csv,adjusted,attention_difficulties,0.01871126069733715,0.04776097474207468,0.3917688195934913,0.6954112540562338
42053_munoz_procrastination_test_anxiety_F26.csv,adjusted,instructor_support,-0.02588347406614713,0.04852992256013629,-0.5333508215281694,0.5940494718821787
42053_munoz_procrastination_test_anxiety_F26.csv,interaction,academic_procrastination_score_0_100,0.005916018276756388,0.002276627224962329,2.5985889178033,0.009663267995196383
42053_munoz_procrastination_test_anxiety_F26.csv,interaction,time_management,-0.18428390643346956,0.056638537247440404,-3.253684070765752,0.0012236554995052591
42053_munoz_procrastination_test_anxiety_F26.csv,interaction,fear_of_failure,0.15172961498906104,0.05872522240328761,2.583721419513377,0.01008346862338897
42053_munoz_procrastination_test_anxiety_F26.csv,interaction,academic_self_efficacy,-0.045741949173274996,0.048349818690143646,-0.9460624757751103,0.3446166615610867
42053_munoz_procrastination_test_anxiety_F26.csv,interaction,perfectionism,0.03891933286043902,0.048082045941632644,0.8094358735833257,0.4186857045564446
42053_munoz_procrastination_test_anxiety_F26.csv,interaction,study_hours_week,-0.01596789020613662,0.010370119351503311,-1.539798112721029,0.12430166547579226
42053_munoz_procrastination_test_anxiety_F26.csv,interaction,work_hours_week,0.006959714828372398,0.004771246165730912,1.4586786316664992,0.14534051034949927
42053_munoz_procrastination_test_anxiety_F26.csv,interaction,course_load_units,0.01677849060003808,0.010523910272117626,1.5943209478411775,0.11155549289255123
42053_munoz_procrastination_test_anxiety_F26.csv,interaction,year_in_school,0.020410178953374897,0.027577327623027937,0.7401072080795731,0.4596149853391549
42053_munoz_procrastination_test_anxiety_F26.csv,interaction,age_years,0.011844274696214178,0.013536284464013542,0.8750019052645057,0.3820324932807604
42053_munoz_procrastination_test_anxiety_F26.csv,interaction,first_generation_college,0.022939698843112373,0.05599119307401192,0.40970191174154025,0.6822165982205773
42053_munoz_procrastination_test_anxiety_F26.csv,interaction,prior_exam_failure,0.012834332112334226,0.03042003265325067,0.42190395581191975,0.6732935185944238
42053_munoz_procrastination_test_anxiety_F26.csv,interaction,gpa_0_4,-0.11423899497785031,0.05800519597938877,-1.969461408568352,0.049503713535302196
42053_munoz_procrastination_test_anxiety_F26.csv,interaction,test_preparation_hours_week,-0.010509365971628961,0.01150406166180624,-0.9135352609000965,0.3614427965105953
42053_munoz_procrastination_test_anxiety_F26.csv,interaction,sleep_quality,-0.06531011146240737,0.048381488102007285,-1.3498987737770252,0.1777166819306655
42053_munoz_procrastination_test_anxiety_F26.csv,interaction,general_anxiety,0.037821099744643136,0.048905406875686376,0.7733521130042194,0.4397138500358242
42053_munoz_procrastination_test_anxiety_F26.csv,interaction,depressive_symptoms,0.04363109105739004,0.04832234475773283,0.9029175069243289,0.3670453407103351
42053_munoz_procrastination_test_anxiety_F26.csv,interaction,academic_stress,0.03072889736731155,0.04881785283195312,0.6294602401521096,0.5293623341519544
42053_munoz_procrastination_test_anxiety_F26.csv,interaction,social_support,-0.0694426480422223,0.047260011381228,-1.4693743402229777,0.14241932745946775
42053_munoz_procrastination_test_anxiety_F26.csv,interaction,attention_difficulties,0.020226463123010154,0.047571017019641323,0.4251845848630683,0.6709022526335336
42053_munoz_procrastination_test_anxiety_F26.csv,interaction,instructor_support,-0.023277787552722206,0.04834650235109728,-0.48147821291551796,0.630407125149043
42053_munoz_procrastination_test_anxiety_F26.csv,interaction,academic_procrastination_score_0_100:time_management,-0.00518651694769908,0.0023763960303043214,-2.1825137231166365,0.029580021901735587
42053_munoz_procrastination_test_anxiety_F26.csv,raw_interaction,academic_procrastination_score_0_100,0.02147492080523504,0.007228253483576306,2.9709695231399027,0.003125093406998475
42053_munoz_procrastination_test_anxiety_F26.csv,raw_interaction,time_management,0.08081323768503468,0.138072341007772,0.5852963533115279,0.5586373539675146
42053_munoz_procrastination_test_anxiety_F26.csv,raw_interaction,fear_of_failure,0.15172961498906118,0.05872522240328759,2.58372141951338,0.010083468623388886
42053_munoz_procrastination_test_anxiety_F26.csv,raw_interaction,academic_self_efficacy,-0.04574194917327505,0.04834981869014363,-0.9460624757751117,0.34461666156108617
42053_munoz_procrastination_test_anxiety_F26.csv,raw_interaction,perfectionism,0.038919332860438964,0.04808204594163263,0.8094358735833248,0.41868570455644494
42053_munoz_procrastination_test_anxiety_F26.csv,raw_interaction,study_hours_week,-0.015967890206136603,0.010370119351503315,-1.5397981127210267,0.12430166547579277
42053_munoz_procrastination_test_anxiety_F26.csv,raw_interaction,work_hours_week,0.0069597148283723955,0.0047712461657309115,1.458678631666499,0.14534051034949935
42053_munoz_procrastination_test_anxiety_F26.csv,raw_interaction,course_load_units,0.016778490600038075,0.010523910272117626,1.5943209478411773,0.11155549289255129
42053_munoz_procrastination_test_anxiety_F26.csv,raw_interaction,year_in_school,0.020410178953374904,0.027577327623027927,0.7401072080795736,0.45961498533915446
42053_munoz_procrastination_test_anxiety_F26.csv,raw_interaction,age_years,0.01184427469621418,0.01353628446401354,0.875001905264506,0.38203249328076017
42053_munoz_procrastination_test_anxiety_F26.csv,raw_interaction,first_generation_college,0.022939698843112293,0.05599119307401192,0.4097019117415388,0.6822165982205785
42053_munoz_procrastination_test_anxiety_F26.csv,raw_interaction,prior_exam_failure,0.012834332112334127,0.030420032653250655,0.4219039558119167,0.6732935185944262
42053_munoz_procrastination_test_anxiety_F26.csv,raw_interaction,gpa_0_4,-0.11423899497785046,0.05800519597938877,-1.9694614085683546,0.049503713535301905
42053_munoz_procrastination_test_anxiety_F26.csv,raw_interaction,test_preparation_hours_week,-0.010509365971628989,0.011504061661806236,-0.9135352609000992,0.3614427965105942
42053_munoz_procrastination_test_anxiety_F26.csv,raw_interaction,sleep_quality,-0.06531011146240746,0.04838148810200728,-1.3498987737770274,0.17771668193066492
42053_munoz_procrastination_test_anxiety_F26.csv,raw_interaction,general_anxiety,0.037821099744643275,0.048905406875686376,0.7733521130042221,0.43971385003582264
42053_munoz_procrastination_test_anxiety_F26.csv,raw_interaction,depressive_symptoms,0.04363109105739007,0.04832234475773283,0.9029175069243295,0.3670453407103348
42053_munoz_procrastination_test_anxiety_F26.csv,raw_interaction,academic_stress,0.030728897367311537,0.04881785283195311,0.6294602401521093,0.5293623341519547
42053_munoz_procrastination_test_anxiety_F26.csv,raw_interaction,social_support,-0.06944264804222225,0.04726001138122799,-1.4693743402229766,0.1424193274594681
42053_munoz_procrastination_test_anxiety_F26.csv,raw_interaction,attention_difficulties,0.020226463123010418,0.047571017019641317,0.4251845848630739,0.6709022526335295
42053_munoz_procrastination_test_anxiety_F26.csv,raw_interaction,instructor_support,-0.023277787552722144,0.04834650235109729,-0.48147821291551657,0.6304071251490441
42053_munoz_procrastination_test_anxiety_F26.csv,raw_interaction,academic_procrastination_score_0_100:time_management,-0.005186516947699036,0.002376396030304323,-2.1825137231166165,0.02958002190173709
42053_pedrini_music_concentration_F26.csv,simple,music_conditionlight_classical,-2.097657142857156,1.2799656413823088,-1.6388386336618967,0.10200108393390547
42053_pedrini_music_concentration_F26.csv,simple,music_conditionhip_hop,-3.466535714285711,1.2799656413823073,-2.708303724889055,0.007041133785534002
42053_pedrini_music_concentration_F26.csv,adjusted,music_conditionlight_classical,-2.705982334160996,1.2368033348264509,-2.187884086309244,0.02926043636268936
42053_pedrini_music_concentration_F26.csv,adjusted,music_conditionhip_hop,-3.183499256166684,1.240349054043801,-2.5666156198433026,0.01063537943498751
42053_pedrini_music_concentration_F26.csv,adjusted,study_music_days_week,0.682294245492582,0.3020390132351392,2.258960649435746,0.02442763978849214
42053_pedrini_music_concentration_F26.csv,adjusted,reading_proficiency,2.9902019571130873,0.9116673708942937,3.2799264869816165,0.0011300151863406463
42053_pedrini_music_concentration_F26.csv,adjusted,working_memory,0.3355718814074612,0.8919127865493115,0.3762384467047982,0.7069406175210811
42053_pedrini_music_concentration_F26.csv,adjusted,sustained_attention,0.7530371750875936,0.9028722021569715,0.8340462507191821,0.4047564764636611
42053_pedrini_music_concentration_F26.csv,adjusted,attention_difficulties,-1.302221652319509,0.8760939691764116,-1.4863949509248267,0.13796838967951303
42053_pedrini_music_concentration_F26.csv,adjusted,music_training_years,0.32226448567033256,0.14778931817961377,2.1805668341921214,0.029801969031980957
42053_pedrini_music_concentration_F26.csv,adjusted,genre_preference,1.0360962727545935,0.9198437821784299,1.1263828628605255,0.2606838996929898
42053_pedrini_music_concentration_F26.csv,adjusted,lyrics_familiarity,1.2571010315838933,0.8893279771310483,1.4135404079373197,0.15828050511471944
42053_pedrini_music_concentration_F26.csv,adjusted,topic_familiarity,0.5664849419100039,0.8928234455911135,0.6344870810767632,0.5261284440331901
42053_pedrini_music_concentration_F26.csv,adjusted,perceived_task_difficulty,-2.0950312479835085,0.8841693620275509,-2.369490889369029,0.018290099649588797
42053_pedrini_music_concentration_F26.csv,adjusted,sleep_hours,0.3179006856006098,0.44079450123483926,0.7211992996964449,0.4712113934383173
42053_pedrini_music_concentration_F26.csv,adjusted,fatigue,-0.9031615475747636,0.8978173214597573,-1.005952464924955,0.31505116418868406
42053_pedrini_music_concentration_F26.csv,adjusted,stress_level,-0.34249266712804627,0.8985668506870464,-0.381154353586687,0.7032926097874334
42053_pedrini_music_concentration_F26.csv,adjusted,caffeine_mg_day,0.008644213564927273,0.006983005315212959,1.2378930238095707,0.21648729934458846
42053_pedrini_music_concentration_F26.csv,adjusted,language_proficiency,1.0928850583967582,0.8868731946267026,1.232290100792559,0.21857004395002583
42053_pedrini_music_concentration_F26.csv,adjusted,reading_time_minutes,0.11581893728264162,0.08686233350766409,1.3333620293820752,0.1831775825623051
42053_pedrini_music_concentration_F26.csv,adjusted,perceived_music_volume,0.3915981751131665,0.8909566682727016,0.43952550001377533,0.660519959209767
42053_pedrini_music_concentration_F26.csv,adjusted,music_arousal,1.3822939618511534,0.8920146657876007,1.5496314296925406,0.12202678044011464
42053_pedrini_music_concentration_F26.csv,adjusted,age_years,0.1374191196691646,0.09856048203212864,1.3942618464910597,0.16401833168924104
42053_pedrini_music_concentration_F26.csv,adjusted,paid_work_hours_week,0.05130780765801751,0.0627097445632666,0.8181791843571313,0.4137456809844827
42053_pedrini_music_concentration_F26.csv,interaction,music_conditionlight_classical,-2.6933324888697476,1.2311572646470648,-2.1876429325556908,0.02927962197449427
42053_pedrini_music_concentration_F26.csv,interaction,music_conditionhip_hop,-3.217828540896048,1.2347752466505484,-2.606003440403207,0.009506045304686938
42053_pedrini_music_concentration_F26.csv,interaction,study_music_days_week,0.23221547704258735,0.36589173943003744,0.6346562439598052,0.5260191228203854
42053_pedrini_music_concentration_F26.csv,interaction,reading_proficiency,2.983835177837604,0.9075000744173721,3.2879723781326065,0.0010992818845369033
42053_pedrini_music_concentration_F26.csv,interaction,working_memory,0.3613127174604061,0.8879111936377774,0.4069243861878864,0.6842833759365976
42053_pedrini_music_concentration_F26.csv,interaction,sustained_attention,0.9305904342888283,0.902497190003953,1.0311283454353495,0.3031099808838021
42053_pedrini_music_concentration_F26.csv,interaction,attention_difficulties,-1.257567396655356,0.8723300384259861,-1.441618815425047,0.15020025861462907
42053_pedrini_music_concentration_F26.csv,interaction,music_training_years,0.30148864199516395,0.14742754832907207,2.0449952903117747,0.0415158677726772
42053_pedrini_music_concentration_F26.csv,interaction,genre_preference,0.9843924069159358,0.9159475696955266,1.0747257151882188,0.28315193911996717
42053_pedrini_music_concentration_F26.csv,interaction,lyrics_familiarity,1.3265450513421932,0.8858425881530512,1.4974952311877332,0.13506107824728938
42053_pedrini_music_concentration_F26.csv,interaction,topic_familiarity,0.6622008104446315,0.8898432708963293,0.7441769040716619,0.4572108073988128
42053_pedrini_music_concentration_F26.csv,interaction,perceived_task_difficulty,-2.218763989278377,0.8819880780733218,-2.515639433727046,0.012276482918367833
42053_pedrini_music_concentration_F26.csv,interaction,sleep_hours,0.31275844188819096,0.4387837481526027,0.7127849269827972,0.4763986395638986
42053_pedrini_music_concentration_F26.csv,interaction,fatigue,-0.8587141561206478,0.893945829416814,-0.9605885813918386,0.3373452179144565
42053_pedrini_music_concentration_F26.csv,interaction,stress_level,-0.44570622029665835,0.8957320633629586,-0.4975887751782468,0.6190500986185553
42053_pedrini_music_concentration_F26.csv,interaction,caffeine_mg_day,0.008367027538261662,0.006952234987112933,1.203501831248695,0.22950113865126712
42053_pedrini_music_concentration_F26.csv,interaction,language_proficiency,1.1283937809987599,0.8829678442911506,1.2779556903395932,0.20201365037544644
42053_pedrini_music_concentration_F26.csv,interaction,reading_time_minutes,0.11509504259388988,0.08646547328008723,1.331109843359823,0.18391870171451288
42053_pedrini_music_concentration_F26.csv,interaction,perceived_music_volume,0.4504699287064572,0.8872986828324431,0.5076869124480867,0.6119555682039995
42053_pedrini_music_concentration_F26.csv,interaction,music_arousal,1.3389877260259908,0.8881591703131466,1.5075988300091427,0.13245456420530405
42053_pedrini_music_concentration_F26.csv,interaction,age_years,0.13422970577384738,0.09812056411080079,1.3680078889708687,0.172085354751383
42053_pedrini_music_concentration_F26.csv,interaction,paid_work_hours_week,0.050862834477047085,0.06242310452572685,0.8148078321879144,0.41567206123365086
42053_pedrini_music_concentration_F26.csv,interaction,study_music_days_week:music_hip_hop,1.2983680831838096,0.6015411995726363,2.1584025900573933,0.03149690435947191
42053_pedrini_music_concentration_F26.csv,raw_interaction,music_conditionlight_classical,-2.6933324888697494,1.2311572646470648,-2.1876429325556925,0.029279621974494137
42053_pedrini_music_concentration_F26.csv,raw_interaction,music_conditionhip_hop,-7.344784233873161,2.289409336746081,-3.208156844643712,0.001444579754784555
42053_pedrini_music_concentration_F26.csv,raw_interaction,study_music_days_week,0.2322154770425855,0.3658917394300379,0.6346562439597995,0.526019122820389
42053_pedrini_music_concentration_F26.csv,raw_interaction,reading_proficiency,2.983835177837601,0.9075000744173719,3.287972378132604,0.0010992818845369145
42053_pedrini_music_concentration_F26.csv,raw_interaction,working_memory,0.361312717460407,0.8879111936377772,0.4069243861878875,0.6842833759365967
42053_pedrini_music_concentration_F26.csv,raw_interaction,sustained_attention,0.9305904342888285,0.9024971900039526,1.0311283454353501,0.3031099808838019
42053_pedrini_music_concentration_F26.csv,raw_interaction,attention_difficulties,-1.2575673966553536,0.8723300384259861,-1.4416188154250444,0.15020025861462988
42053_pedrini_music_concentration_F26.csv,raw_interaction,music_training_years,0.3014886419951643,0.14742754832907204,2.0449952903117774,0.04151586777267694
42053_pedrini_music_concentration_F26.csv,raw_interaction,genre_preference,0.9843924069159358,0.9159475696955265,1.074725715188219,0.2831519391199671
42053_pedrini_music_concentration_F26.csv,raw_interaction,lyrics_familiarity,1.3265450513421906,0.885842588153051,1.4974952311877305,0.1350610782472901
42053_pedrini_music_concentration_F26.csv,raw_interaction,topic_familiarity,0.6622008104446275,0.8898432708963288,0.7441769040716579,0.45721080739881514
42053_pedrini_music_concentration_F26.csv,raw_interaction,perceived_task_difficulty,-2.2187639892783757,0.8819880780733214,-2.515639433727046,0.012276482918367833
42053_pedrini_music_concentration_F26.csv,raw_interaction,sleep_hours,0.31275844188819096,0.4387837481526028,0.7127849269827969,0.4763986395638987
42053_pedrini_music_concentration_F26.csv,raw_interaction,fatigue,-0.8587141561206472,0.8939458294168138,-0.960588581391838,0.3373452179144567
42053_pedrini_music_concentration_F26.csv,raw_interaction,stress_level,-0.44570622029665985,0.8957320633629584,-0.4975887751782486,0.6190500986185541
42053_pedrini_music_concentration_F26.csv,raw_interaction,caffeine_mg_day,0.008367027538261658,0.00695223498711293,1.203501831248695,0.22950113865126712
42053_pedrini_music_concentration_F26.csv,raw_interaction,language_proficiency,1.1283937809987596,0.8829678442911505,1.2779556903395932,0.20201365037544644
42053_pedrini_music_concentration_F26.csv,raw_interaction,reading_time_minutes,0.11509504259389002,0.08646547328008723,1.3311098433598245,0.18391870171451238
42053_pedrini_music_concentration_F26.csv,raw_interaction,perceived_music_volume,0.4504699287064575,0.8872986828324428,0.5076869124480872,0.6119555682039994
42053_pedrini_music_concentration_F26.csv,raw_interaction,music_arousal,1.33898772602599,0.8881591703131464,1.507598830009142,0.1324545642053042
42053_pedrini_music_concentration_F26.csv,raw_interaction,age_years,0.13422970577384719,0.09812056411080074,1.3680078889708676,0.17208535475138337
42053_pedrini_music_concentration_F26.csv,raw_interaction,paid_work_hours_week,0.050862834477047016,0.06242310452572684,0.8148078321879135,0.4156720612336514
42053_pedrini_music_concentration_F26.csv,raw_interaction,study_music_days_week:music_hip_hop,1.2983680831838156,0.6015411995726365,2.1584025900574026,0.03149690435947118
